run_id,stage,wp,cfg,fluid_hp,fluid_he,seed,scheduler_status,terminal_status,exit_code,elapsed_s,git_commit,git_dirty,config_sha256,start_time_utc,end_time_utc,evaluation_count,feasible_count,failure_count,pareto_size,completed_generations,stopping_reason,final_normalized_hypervolume,final_hv_relative_improvement,hv_converged,raw_archive_size,front_revalidation_solver_calls,revalidation_quarantined_count,run_dir,manifest_path,detail,canonical_source_batch,supersedes_run_id,supersedes_run_dir,accepted_for_s3,run_manifest_sha256,run_checksums_sha256
S2_DCA_SBVCHP-SBORC_Cyclopentane_R1234zeE_seed042_20260717T060425Z,S2,DC-A,SBVCHP_SBORC,Cyclopentane,R1234ze(E),42,FINISHED,COMPLETED,0,212.2938413619995,28632b8eecf359a056ddde69e35ae7338cf31be5,False,58316595e50d4ab2d69d17ea45335b5ce247feb742f7b2fedb72bb2959ea62b0,2026-07-17T06:15:05Z,2026-07-17T06:18:35Z,8112,7454,658,1149,185,hypervolume_converged,0.1006185640500296,0.0047267242903298,True,1149,2298,0,${CBSIM_RUNS_ROOT}/S2_FORMAL/BATCH_S2_20260717T060425Z/runs/S2_DCA_SBVCHP-SBORC_Cyclopentane_R1234zeE_seed042_20260717T060425Z,${CBSIM_RUNS_ROOT}/S2_FORMAL/BATCH_S2_20260717T060425Z/runs/S2_DCA_SBVCHP-SBORC_Cyclopentane_R1234zeE_seed042_20260717T060425Z/metadata/manifest.json,,BATCH_S2_20260717T060425Z,,,True,723735fa6eef9cf87bfc7afc036d76e5aa3efc14f5d939a0b31d6460bd3bf42a,ed2c6466d2c02f502293cd41c113000e8f72618957b7d822092968b60e7d8681
S2_DCA_SBVCHP-SBORC_Cyclopentane_R227EA_seed042_20260717T060425Z,S2,DC-A,SBVCHP_SBORC,Cyclopentane,R227EA,42,FINISHED,COMPLETED,0,243.852653503418,28632b8eecf359a056ddde69e35ae7338cf31be5,False,58316595e50d4ab2d69d17ea45335b5ce247feb742f7b2fedb72bb2959ea62b0,2026-07-17T06:17:06Z,2026-07-17T06:21:08Z,8794,8018,776,1124,201,hypervolume_converged,0.0944187830338608,0.0041341979726669,True,1126,2252,2,${CBSIM_RUNS_ROOT}/S2_FORMAL/BATCH_S2_20260717T060425Z/runs/S2_DCA_SBVCHP-SBORC_Cyclopentane_R227EA_seed042_20260717T060425Z,${CBSIM_RUNS_ROOT}/S2_FORMAL/BATCH_S2_20260717T060425Z/runs/S2_DCA_SBVCHP-SBORC_Cyclopentane_R227EA_seed042_20260717T060425Z/metadata/manifest.json,,BATCH_S2_20260717T060425Z,,,True,7ae5a91c148d922d4659d3769df8218205a196aaf4fcb3335a9c28e3b01fac45,cf1649d4d36e749bfc72f640cd55444d16b0829b9b7a499accc23ecd1e440f4c
S2_DCA_SBVCHP-SBORC_Cyclopentane_R236ea_seed042_20260717T060425Z,S2,DC-A,SBVCHP_SBORC,Cyclopentane,R236ea,42,FINISHED,COMPLETED,0,179.2869999408722,28632b8eecf359a056ddde69e35ae7338cf31be5,False,58316595e50d4ab2d69d17ea45335b5ce247feb742f7b2fedb72bb2959ea62b0,2026-07-17T06:04:29Z,2026-07-17T06:07:26Z,7251,7027,224,966,163,hypervolume_converged,0.1061739027708587,0.0036775859590454,True,966,1932,0,${CBSIM_RUNS_ROOT}/S2_FORMAL/BATCH_S2_20260717T060425Z/runs/S2_DCA_SBVCHP-SBORC_Cyclopentane_R236ea_seed042_20260717T060425Z,${CBSIM_RUNS_ROOT}/S2_FORMAL/BATCH_S2_20260717T060425Z/runs/S2_DCA_SBVCHP-SBORC_Cyclopentane_R236ea_seed042_20260717T060425Z/metadata/manifest.json,,BATCH_S2_20260717T060425Z,,,True,7c80379021f8a11ef867a82c79c2479bd579fff163edb4e08f6fef7c6119a18d,92422c5e44c5f01af1b23e95cf08b32f7adbac7c0bd4f3a5cc1ed4ca691962a8
S2_DCA_SBVCHP-SBORC_Cyclopentane_R236fa_seed042_20260717T060425Z,S2,DC-A,SBVCHP_SBORC,Cyclopentane,R236fa,42,FINISHED,COMPLETED,0,181.08423161506653,28632b8eecf359a056ddde69e35ae7338cf31be5,False,58316595e50d4ab2d69d17ea45335b5ce247feb742f7b2fedb72bb2959ea62b0,2026-07-17T06:04:29Z,2026-07-17T06:07:28Z,7084,6772,312,931,162,hypervolume_converged,0.1035287721718064,0.0042654827774359,True,931,1862,0,${CBSIM_RUNS_ROOT}/S2_FORMAL/BATCH_S2_20260717T060425Z/runs/S2_DCA_SBVCHP-SBORC_Cyclopentane_R236fa_seed042_20260717T060425Z,${CBSIM_RUNS_ROOT}/S2_FORMAL/BATCH_S2_20260717T060425Z/runs/S2_DCA_SBVCHP-SBORC_Cyclopentane_R236fa_seed042_20260717T060425Z/metadata/manifest.json,,BATCH_S2_20260717T060425Z,,,True,21061e57c5778fd836b4bacc059187792076e7fc04de10115dc29876efaed58c,c5e23eb7c010d4e88017b4d6a93cfdfaef008588dd10b1456ebcc614398baa1a
S2_DCA_SBVCHP-SBORC_Cyclopentane_R245fa_seed042_20260717T060425Z,S2,DC-A,SBVCHP_SBORC,Cyclopentane,R245fa,42,FINISHED,COMPLETED,0,170.82501864433289,28632b8eecf359a056ddde69e35ae7338cf31be5,False,58316595e50d4ab2d69d17ea45335b5ce247feb742f7b2fedb72bb2959ea62b0,2026-07-17T06:04:29Z,2026-07-17T06:07:18Z,6617,6442,175,1087,150,hypervolume_converged,0.1104219611405298,0.0037712982208983,True,1087,2174,0,${CBSIM_RUNS_ROOT}/S2_FORMAL/BATCH_S2_20260717T060425Z/runs/S2_DCA_SBVCHP-SBORC_Cyclopentane_R245fa_seed042_20260717T060425Z,${CBSIM_RUNS_ROOT}/S2_FORMAL/BATCH_S2_20260717T060425Z/runs/S2_DCA_SBVCHP-SBORC_Cyclopentane_R245fa_seed042_20260717T060425Z/metadata/manifest.json,,BATCH_S2_20260717T060425Z,,,True,ca62a5218def01804bdb3176a018e6571ec95594cbea0d145096878f3c96bbc6,1f251435b3da2feee3ce0d86df18d3075fc74f51f4ad434fcf846ffa6b478c98
S2_DCA_SBVCHP-SBORC_Cyclopentane_R600_seed042_20260717T060425Z,S2,DC-A,SBVCHP_SBORC,Cyclopentane,R600,42,FINISHED,COMPLETED,0,161.30420970916748,28632b8eecf359a056ddde69e35ae7338cf31be5,False,58316595e50d4ab2d69d17ea45335b5ce247feb742f7b2fedb72bb2959ea62b0,2026-07-17T06:04:29Z,2026-07-17T06:07:08Z,6577,6326,251,818,150,hypervolume_converged,0.1102862472784101,0.0043846118412969,True,818,1636,0,${CBSIM_RUNS_ROOT}/S2_FORMAL/BATCH_S2_20260717T060425Z/runs/S2_DCA_SBVCHP-SBORC_Cyclopentane_R600_seed042_20260717T060425Z,${CBSIM_RUNS_ROOT}/S2_FORMAL/BATCH_S2_20260717T060425Z/runs/S2_DCA_SBVCHP-SBORC_Cyclopentane_R600_seed042_20260717T060425Z/metadata/manifest.json,,BATCH_S2_20260717T060425Z,,,True,b6d4594808ae09dfc4e48669b3f454e4ae3ff635276a7d84f1aa7d848c6de0a4,2e6bd80a1fde39b4af88718d542a49da8b6b69d02dcd507f872f7e6ba4133fac
S2_DCA_SBVCHP-SBORC_Cyclopentane_R600a_seed042_20260717T060425Z,S2,DC-A,SBVCHP_SBORC,Cyclopentane,R600a,42,FINISHED,COMPLETED,0,182.74271297454837,28632b8eecf359a056ddde69e35ae7338cf31be5,False,58316595e50d4ab2d69d17ea45335b5ce247feb742f7b2fedb72bb2959ea62b0,2026-07-17T06:06:58Z,2026-07-17T06:09:59Z,6605,6392,213,1310,150,hypervolume_converged,0.1037268429093934,0.0034058185798488,True,1310,2620,0,${CBSIM_RUNS_ROOT}/S2_FORMAL/BATCH_S2_20260717T060425Z/runs/S2_DCA_SBVCHP-SBORC_Cyclopentane_R600a_seed042_20260717T060425Z,${CBSIM_RUNS_ROOT}/S2_FORMAL/BATCH_S2_20260717T060425Z/runs/S2_DCA_SBVCHP-SBORC_Cyclopentane_R600a_seed042_20260717T060425Z/metadata/manifest.json,,BATCH_S2_20260717T060425Z,,,True,685cf88d0bbfca7ddee4ccb31b6f236f1e2ef950b441f69b184936b28b11f56e,e6e74891ab65c02b4a51ededd5314100c5fcc8be0215a0760c62aec1d5f842c4
S2_DCA_SBVCHP-SBORC_R1233zdE_R1234zeE_seed042_20260717T060425Z,S2,DC-A,SBVCHP_SBORC,R1233zd(E),R1234ze(E),42,FINISHED,COMPLETED,0,205.236212015152,28632b8eecf359a056ddde69e35ae7338cf31be5,False,58316595e50d4ab2d69d17ea45335b5ce247feb742f7b2fedb72bb2959ea62b0,2026-07-17T06:17:43Z,2026-07-17T06:21:06Z,8170,7240,930,925,185,hypervolume_converged,0.08331357331299,0.0036538960258859,True,926,1852,1,${CBSIM_RUNS_ROOT}/S2_FORMAL/BATCH_S2_20260717T060425Z/runs/S2_DCA_SBVCHP-SBORC_R1233zdE_R1234zeE_seed042_20260717T060425Z,${CBSIM_RUNS_ROOT}/S2_FORMAL/BATCH_S2_20260717T060425Z/runs/S2_DCA_SBVCHP-SBORC_R1233zdE_R1234zeE_seed042_20260717T060425Z/metadata/manifest.json,,BATCH_S2_20260717T060425Z,,,True,cc72abe6f35224dec46759e04c3bd4dc318f684cff0e8dc5a468aa279818590a,9a75545f65d85c172ae3527183a6c1f56aa8fba882f5f9e33c9f8dbb5019c65d
S2_DCA_SBVCHP-SBORC_R1233zdE_R227EA_seed042_20260717T060425Z,S2,DC-A,SBVCHP_SBORC,R1233zd(E),R227EA,42,FINISHED,COMPLETED,0,191.36887407302856,28632b8eecf359a056ddde69e35ae7338cf31be5,False,58316595e50d4ab2d69d17ea45335b5ce247feb742f7b2fedb72bb2959ea62b0,2026-07-17T06:20:50Z,2026-07-17T06:23:59Z,6587,5716,871,749,151,hypervolume_converged,0.0807036477357797,0.0037404274242963,True,749,1498,0,${CBSIM_RUNS_ROOT}/S2_FORMAL/BATCH_S2_20260717T060425Z/runs/S2_DCA_SBVCHP-SBORC_R1233zdE_R227EA_seed042_20260717T060425Z,${CBSIM_RUNS_ROOT}/S2_FORMAL/BATCH_S2_20260717T060425Z/runs/S2_DCA_SBVCHP-SBORC_R1233zdE_R227EA_seed042_20260717T060425Z/metadata/manifest.json,,BATCH_S2_20260717T060425Z,,,True,5a243264b6dde5efd18acd59d533782bb369cb08ebfe94a7c5052ed3aa39d607,884abf9efdc55c5be428e3b08fc19b8bcb41671bd79021909e3d65bbf5d4ddba
S2_DCA_SBVCHP-SBORC_R1233zdE_R236ea_seed042_20260717T060425Z,S2,DC-A,SBVCHP_SBORC,R1233zd(E),R236ea,42,FINISHED,COMPLETED,0,165.54351997375488,28632b8eecf359a056ddde69e35ae7338cf31be5,False,58316595e50d4ab2d69d17ea45335b5ce247feb742f7b2fedb72bb2959ea62b0,2026-07-17T06:14:21Z,2026-07-17T06:17:04Z,6592,6034,558,872,150,hypervolume_converged,0.0858975594512712,0.0036344099152437,True,873,1746,1,${CBSIM_RUNS_ROOT}/S2_FORMAL/BATCH_S2_20260717T060425Z/runs/S2_DCA_SBVCHP-SBORC_R1233zdE_R236ea_seed042_20260717T060425Z,${CBSIM_RUNS_ROOT}/S2_FORMAL/BATCH_S2_20260717T060425Z/runs/S2_DCA_SBVCHP-SBORC_R1233zdE_R236ea_seed042_20260717T060425Z/metadata/manifest.json,,BATCH_S2_20260717T060425Z,,,True,8aa5e80d86225896b9525c19d44925cf450f28217413c28d51aff982e726c676,802e4ec5584bc93573adff3eeca580a4fc42c9cefa31a55ebd7b9479eb9a9ae1
S2_DCA_SBVCHP-SBORC_R1233zdE_R236fa_seed042_20260717T060425Z,S2,DC-A,SBVCHP_SBORC,R1233zd(E),R236fa,42,FINISHED,COMPLETED,0,174.40174865722656,28632b8eecf359a056ddde69e35ae7338cf31be5,False,58316595e50d4ab2d69d17ea45335b5ce247feb742f7b2fedb72bb2959ea62b0,2026-07-17T06:12:54Z,2026-07-17T06:15:46Z,6926,6203,723,871,157,hypervolume_converged,0.0862272668660927,0.0041975811113736,True,872,1744,0,${CBSIM_RUNS_ROOT}/S2_FORMAL/BATCH_S2_20260717T060425Z/runs/S2_DCA_SBVCHP-SBORC_R1233zdE_R236fa_seed042_20260717T060425Z,${CBSIM_RUNS_ROOT}/S2_FORMAL/BATCH_S2_20260717T060425Z/runs/S2_DCA_SBVCHP-SBORC_R1233zdE_R236fa_seed042_20260717T060425Z/metadata/manifest.json,,BATCH_S2_20260717T060425Z,,,True,63d8c859b141eb5b86a50d8d2550e8926d1b24dd9d3c095af9badbc676f8e3f3,59affdd9cd3201d9f9f3f468bb8b6e6263bb01fbbe8f7ab88e64c0326b2c2aaa
S2_DCA_SBVCHP-SBORC_R1233zdE_R245fa_seed042_20260717T060425Z,S2,DC-A,SBVCHP_SBORC,R1233zd(E),R245fa,42,FINISHED,COMPLETED,0,171.27917551994324,28632b8eecf359a056ddde69e35ae7338cf31be5,False,58316595e50d4ab2d69d17ea45335b5ce247feb742f7b2fedb72bb2959ea62b0,2026-07-17T06:12:06Z,2026-07-17T06:14:55Z,6626,5784,842,897,150,hypervolume_converged,0.0919083582524452,0.0026426542846935,True,897,1794,0,${CBSIM_RUNS_ROOT}/S2_FORMAL/BATCH_S2_20260717T060425Z/runs/S2_DCA_SBVCHP-SBORC_R1233zdE_R245fa_seed042_20260717T060425Z,${CBSIM_RUNS_ROOT}/S2_FORMAL/BATCH_S2_20260717T060425Z/runs/S2_DCA_SBVCHP-SBORC_R1233zdE_R245fa_seed042_20260717T060425Z/metadata/manifest.json,,BATCH_S2_20260717T060425Z,,,True,6a41ca8c4ea5f59c2b074ee0e38b0237b01e4c68334457b6a77e818bb74bf61c,f38dad3e8886ea63b261537f88c3e78b5bec1c1d9fb3b108195f158cdd653c96
S2_DCA_SBVCHP-SBORC_R1233zdE_R600_seed042_20260717T060425Z,S2,DC-A,SBVCHP_SBORC,R1233zd(E),R600,42,FINISHED,COMPLETED,0,164.74992609024048,28632b8eecf359a056ddde69e35ae7338cf31be5,False,58316595e50d4ab2d69d17ea45335b5ce247feb742f7b2fedb72bb2959ea62b0,2026-07-17T06:12:40Z,2026-07-17T06:15:23Z,6642,5871,771,839,150,hypervolume_converged,0.0903253709548084,0.0041019043418497,True,839,1678,0,${CBSIM_RUNS_ROOT}/S2_FORMAL/BATCH_S2_20260717T060425Z/runs/S2_DCA_SBVCHP-SBORC_R1233zdE_R600_seed042_20260717T060425Z,${CBSIM_RUNS_ROOT}/S2_FORMAL/BATCH_S2_20260717T060425Z/runs/S2_DCA_SBVCHP-SBORC_R1233zdE_R600_seed042_20260717T060425Z/metadata/manifest.json,,BATCH_S2_20260717T060425Z,,,True,d0e7d4cd671fe38db0e77c34ef73a029e6e96456c94ee539f8b1f3fe6aafc0aa,2d405eaa2db248b318b0112221604e88cec5a1150ff6c3f0d4a40cf88e9f75ba
S2_DCA_SBVCHP-SBORC_R1233zdE_R600a_seed042_20260717T060425Z,S2,DC-A,SBVCHP_SBORC,R1233zd(E),R600a,42,FINISHED,COMPLETED,0,161.09826278686523,28632b8eecf359a056ddde69e35ae7338cf31be5,False,58316595e50d4ab2d69d17ea45335b5ce247feb742f7b2fedb72bb2959ea62b0,2026-07-17T06:14:57Z,2026-07-17T06:17:37Z,6564,6020,544,848,150,hypervolume_converged,0.087540336612737,0.0037124382869334,True,849,1698,0,${CBSIM_RUNS_ROOT}/S2_FORMAL/BATCH_S2_20260717T060425Z/runs/S2_DCA_SBVCHP-SBORC_R1233zdE_R600a_seed042_20260717T060425Z,${CBSIM_RUNS_ROOT}/S2_FORMAL/BATCH_S2_20260717T060425Z/runs/S2_DCA_SBVCHP-SBORC_R1233zdE_R600a_seed042_20260717T060425Z/metadata/manifest.json,,BATCH_S2_20260717T060425Z,,,True,61273d9157d692b70124f99c9bdc557f23fd152624b43779ff43140ae2f52a8a,3831187e365f3d8c3b0685396960a95179f1705ee1178d2e3f1f5546b39dd0c7
S2_DCA_SBVCHP-SBORC_R1234zeZ_R1234zeE_seed042_20260717T060425Z,S2,DC-A,SBVCHP_SBORC,R1234ze(Z),R1234ze(E),42,FINISHED,COMPLETED,0,177.04159879684448,28632b8eecf359a056ddde69e35ae7338cf31be5,False,58316595e50d4ab2d69d17ea45335b5ce247feb742f7b2fedb72bb2959ea62b0,2026-07-17T06:15:47Z,2026-07-17T06:18:42Z,6718,6325,393,972,152,hypervolume_converged,0.088688891115719,0.004208631562976,True,972,1944,0,${CBSIM_RUNS_ROOT}/S2_FORMAL/BATCH_S2_20260717T060425Z/runs/S2_DCA_SBVCHP-SBORC_R1234zeZ_R1234zeE_seed042_20260717T060425Z,${CBSIM_RUNS_ROOT}/S2_FORMAL/BATCH_S2_20260717T060425Z/runs/S2_DCA_SBVCHP-SBORC_R1234zeZ_R1234zeE_seed042_20260717T060425Z/metadata/manifest.json,,BATCH_S2_20260717T060425Z,,,True,26219158791361c5cb4d77bee2943ed7842faa1476c69b4756e3e97842b8b0df,06e6ad097c2c3f8ad3e1cda17989f0f7a3b86bf5fe8f7c5b55e76255a4d14790
S2_DCA_SBVCHP-SBORC_R1234zeZ_R236ea_seed042_20260717T060425Z,S2,DC-A,SBVCHP_SBORC,R1234ze(Z),R236ea,42,FINISHED,COMPLETED,0,217.6742503643036,28632b8eecf359a056ddde69e35ae7338cf31be5,False,58316595e50d4ab2d69d17ea45335b5ce247feb742f7b2fedb72bb2959ea62b0,2026-07-17T06:09:31Z,2026-07-17T06:13:06Z,8592,8238,354,1138,196,hypervolume_converged,0.093491540149972,0.0038223399780029,True,1138,2276,0,${CBSIM_RUNS_ROOT}/S2_FORMAL/BATCH_S2_20260717T060425Z/runs/S2_DCA_SBVCHP-SBORC_R1234zeZ_R236ea_seed042_20260717T060425Z,${CBSIM_RUNS_ROOT}/S2_FORMAL/BATCH_S2_20260717T060425Z/runs/S2_DCA_SBVCHP-SBORC_R1234zeZ_R236ea_seed042_20260717T060425Z/metadata/manifest.json,,BATCH_S2_20260717T060425Z,,,True,79220c2e66adb810211980ba5f88ec51f8c1a256615920a7fb1424bd415986ce,7598b4a58816d9dd3a24e3aece7cdb76ea6a57d3c4198c9ac662d173639b7097
S2_DCA_SBVCHP-SBORC_R1234zeZ_R236fa_seed042_20260717T060425Z,S2,DC-A,SBVCHP_SBORC,R1234ze(Z),R236fa,42,FINISHED,COMPLETED,0,277.83840227127075,28632b8eecf359a056ddde69e35ae7338cf31be5,False,58316595e50d4ab2d69d17ea45335b5ce247feb742f7b2fedb72bb2959ea62b0,2026-07-17T06:07:28Z,2026-07-17T06:12:04Z,10742,10307,435,1272,245,hypervolume_converged,0.0905105547927456,0.0042093550792064,True,1272,2544,0,${CBSIM_RUNS_ROOT}/S2_FORMAL/BATCH_S2_20260717T060425Z/runs/S2_DCA_SBVCHP-SBORC_R1234zeZ_R236fa_seed042_20260717T060425Z,${CBSIM_RUNS_ROOT}/S2_FORMAL/BATCH_S2_20260717T060425Z/runs/S2_DCA_SBVCHP-SBORC_R1234zeZ_R236fa_seed042_20260717T060425Z/metadata/manifest.json,,BATCH_S2_20260717T060425Z,,,True,52222ee1603c97689fb66475028d7abc0ba4e93fe613529c00b90f2d27a7917a,51ee7f90d150d85ea994a41d5a3b5a62e81c276e7a7890b59ad4cd2fd4654fee
S2_DCA_SBVCHP-SBORC_R1234zeZ_R245fa_seed042_20260717T060425Z,S2,DC-A,SBVCHP_SBORC,R1234ze(Z),R245fa,42,FINISHED,COMPLETED,0,171.5014247894287,28632b8eecf359a056ddde69e35ae7338cf31be5,False,58316595e50d4ab2d69d17ea45335b5ce247feb742f7b2fedb72bb2959ea62b0,2026-07-17T06:07:15Z,2026-07-17T06:10:04Z,6851,6676,175,950,156,hypervolume_converged,0.0943129918547036,0.0042665330624172,True,950,1900,0,${CBSIM_RUNS_ROOT}/S2_FORMAL/BATCH_S2_20260717T060425Z/runs/S2_DCA_SBVCHP-SBORC_R1234zeZ_R245fa_seed042_20260717T060425Z,${CBSIM_RUNS_ROOT}/S2_FORMAL/BATCH_S2_20260717T060425Z/runs/S2_DCA_SBVCHP-SBORC_R1234zeZ_R245fa_seed042_20260717T060425Z/metadata/manifest.json,,BATCH_S2_20260717T060425Z,,,True,167351b3f085da541a07aed2d5c6a03271e07e07a8b015dc530073a9a109d10b,4375276145858763d0f67bbe76a4c09fa0e0ad61e89f37d2f55a6bffda560e1c
S2_DCA_SBVCHP-SBORC_R1234zeZ_R600_seed042_20260717T060425Z,S2,DC-A,SBVCHP_SBORC,R1234ze(Z),R600,42,FINISHED,COMPLETED,0,178.12321639060974,28632b8eecf359a056ddde69e35ae7338cf31be5,False,58316595e50d4ab2d69d17ea45335b5ce247feb742f7b2fedb72bb2959ea62b0,2026-07-17T06:09:56Z,2026-07-17T06:12:52Z,6669,6333,336,1066,153,hypervolume_converged,0.095973709846372,0.0044124977546345,True,1066,2132,0,${CBSIM_RUNS_ROOT}/S2_FORMAL/BATCH_S2_20260717T060425Z/runs/S2_DCA_SBVCHP-SBORC_R1234zeZ_R600_seed042_20260717T060425Z,${CBSIM_RUNS_ROOT}/S2_FORMAL/BATCH_S2_20260717T060425Z/runs/S2_DCA_SBVCHP-SBORC_R1234zeZ_R600_seed042_20260717T060425Z/metadata/manifest.json,,BATCH_S2_20260717T060425Z,,,True,1c3e3c2f6e28512bd504d53c2bbaa5a9276bcad5073e586f8dfeebc0f4c0c49e,1f2b4a7e8adbb254aeceda77457254e143bcc02fd35895b2d673bfc95677ad05
S2_DCA_SBVCHP-SBORC_R1234zeZ_R600a_seed042_20260717T060425Z,S2,DC-A,SBVCHP_SBORC,R1234ze(Z),R600a,42,FINISHED,COMPLETED,0,253.98844289779663,28632b8eecf359a056ddde69e35ae7338cf31be5,False,58316595e50d4ab2d69d17ea45335b5ce247feb742f7b2fedb72bb2959ea62b0,2026-07-17T06:10:07Z,2026-07-17T06:14:19Z,9980,9596,384,1370,227,hypervolume_converged,0.0929700931068718,0.0046418824638049,True,1370,2740,0,${CBSIM_RUNS_ROOT}/S2_FORMAL/BATCH_S2_20260717T060425Z/runs/S2_DCA_SBVCHP-SBORC_R1234zeZ_R600a_seed042_20260717T060425Z,${CBSIM_RUNS_ROOT}/S2_FORMAL/BATCH_S2_20260717T060425Z/runs/S2_DCA_SBVCHP-SBORC_R1234zeZ_R600a_seed042_20260717T060425Z/metadata/manifest.json,,BATCH_S2_20260717T060425Z,,,True,57d1f4eea33048cf76e80c9b5ba952260287f5bc0578d893a480bd65abe53c17,fae23c150829863dfd2a57df38041055bbc9512b7debd83ae09d961ac5730150
S2_DCA_SBVCHP-SBORC_R245fa_R1234zeE_seed042_20260717T060425Z,S2,DC-A,SBVCHP_SBORC,R245fa,R1234ze(E),42,FINISHED,COMPLETED,0,183.7311635017395,28632b8eecf359a056ddde69e35ae7338cf31be5,False,58316595e50d4ab2d69d17ea45335b5ce247feb742f7b2fedb72bb2959ea62b0,2026-07-17T06:21:09Z,2026-07-17T06:24:10Z,6995,6101,894,935,159,hypervolume_converged,0.076797578192789,0.0043821026894392,True,938,1876,0,${CBSIM_RUNS_ROOT}/S2_FORMAL/BATCH_S2_20260717T060425Z/runs/S2_DCA_SBVCHP-SBORC_R245fa_R1234zeE_seed042_20260717T060425Z,${CBSIM_RUNS_ROOT}/S2_FORMAL/BATCH_S2_20260717T060425Z/runs/S2_DCA_SBVCHP-SBORC_R245fa_R1234zeE_seed042_20260717T060425Z/metadata/manifest.json,,BATCH_S2_20260717T060425Z,,,True,c7d5e67d93e0325a2e50bd81bec2087651dbf9fb645b45e27dd3223e1a4368c0,327e979c710afcf3ade570f4dedf9fb57f7b6ea0875b08cc910b907af11b1609
S2_DCA_SBVCHP-SBORC_R245fa_R152A_seed042_20260717T060425Z,S2,DC-A,SBVCHP_SBORC,R245fa,R152A,42,FINISHED,COMPLETED,0,210.24836468696597,28632b8eecf359a056ddde69e35ae7338cf31be5,False,58316595e50d4ab2d69d17ea45335b5ce247feb742f7b2fedb72bb2959ea62b0,2026-07-17T06:24:12Z,2026-07-17T06:27:41Z,7687,4918,2769,700,174,hypervolume_converged,0.0395830551090291,0.0044005302880256,True,700,1400,0,${CBSIM_RUNS_ROOT}/S2_FORMAL/BATCH_S2_20260717T060425Z/runs/S2_DCA_SBVCHP-SBORC_R245fa_R152A_seed042_20260717T060425Z,${CBSIM_RUNS_ROOT}/S2_FORMAL/BATCH_S2_20260717T060425Z/runs/S2_DCA_SBVCHP-SBORC_R245fa_R152A_seed042_20260717T060425Z/metadata/manifest.json,,BATCH_S2_20260717T060425Z,,,True,2ade9ea298d7d3796f09214bf8cf569d58d4db4c3d7dc28c810274a883f05fd3,b8dc795a719771a6b10fcdfa58c079149d33bf73daf6e0d7f3b7069fbd0dba83
S2_DCA_SBVCHP-SBORC_R245fa_R245fa_seed042_20260717T060425Z,S2,DC-A,SBVCHP_SBORC,R245fa,R245fa,42,FINISHED,COMPLETED,0,228.4148726463318,28632b8eecf359a056ddde69e35ae7338cf31be5,False,58316595e50d4ab2d69d17ea45335b5ce247feb742f7b2fedb72bb2959ea62b0,2026-07-17T06:18:37Z,2026-07-17T06:22:24Z,9460,8377,1083,1082,216,hypervolume_converged,0.0841072705400537,0.0045880414219187,True,1082,2164,0,${CBSIM_RUNS_ROOT}/S2_FORMAL/BATCH_S2_20260717T060425Z/runs/S2_DCA_SBVCHP-SBORC_R245fa_R245fa_seed042_20260717T060425Z,${CBSIM_RUNS_ROOT}/S2_FORMAL/BATCH_S2_20260717T060425Z/runs/S2_DCA_SBVCHP-SBORC_R245fa_R245fa_seed042_20260717T060425Z/metadata/manifest.json,,BATCH_S2_20260717T060425Z,,,True,d11221ab26ac35e01fd260cee540ad972ffae7cae6c696352f1aec187fbaa699,f0acacd19ee32f06df5842b95e31296b6b2cb7f8d91596e6ec55dbef002877c6
S2_DCA_SBVCHP-SBORC_R245fa_R290_seed042_20260717T060425Z,S2,DC-A,SBVCHP_SBORC,R245fa,R290,42,FINISHED,COMPLETED,0,238.21925139427185,28632b8eecf359a056ddde69e35ae7338cf31be5,False,58316595e50d4ab2d69d17ea45335b5ce247feb742f7b2fedb72bb2959ea62b0,2026-07-17T06:22:59Z,2026-07-17T06:26:55Z,8534,6355,2179,881,196,hypervolume_converged,0.0689298659174828,0.0045509827112439,True,883,1766,1,${CBSIM_RUNS_ROOT}/S2_FORMAL/BATCH_S2_20260717T060425Z/runs/S2_DCA_SBVCHP-SBORC_R245fa_R290_seed042_20260717T060425Z,${CBSIM_RUNS_ROOT}/S2_FORMAL/BATCH_S2_20260717T060425Z/runs/S2_DCA_SBVCHP-SBORC_R245fa_R290_seed042_20260717T060425Z/metadata/manifest.json,,BATCH_S2_20260717T060425Z,,,True,e38dcc2e1c368c809ecaa77ac642ca7db9331146938f41c2bac2620fce63094b,5da96bf8b9a8e3f566de34456a82cfc7c15e9d9cc5d01b99df95eb37ceaa3287
S2_DCA_SBVCHP-SBORC_R245fa_R600_seed042_20260717T060425Z,S2,DC-A,SBVCHP_SBORC,R245fa,R600,42,FINISHED,COMPLETED,0,246.03243279457087,28632b8eecf359a056ddde69e35ae7338cf31be5,False,58316595e50d4ab2d69d17ea45335b5ce247feb742f7b2fedb72bb2959ea62b0,2026-07-17T06:18:44Z,2026-07-17T06:22:48Z,9895,8891,1004,1100,226,hypervolume_converged,0.0833142556907334,0.00380066721468,True,1100,2200,0,${CBSIM_RUNS_ROOT}/S2_FORMAL/BATCH_S2_20260717T060425Z/runs/S2_DCA_SBVCHP-SBORC_R245fa_R600_seed042_20260717T060425Z,${CBSIM_RUNS_ROOT}/S2_FORMAL/BATCH_S2_20260717T060425Z/runs/S2_DCA_SBVCHP-SBORC_R245fa_R600_seed042_20260717T060425Z/metadata/manifest.json,,BATCH_S2_20260717T060425Z,,,True,fcb2f95592d02e4643879445a979569b1c80364297f21bcca119e7d2aed64c36,bf4252f5edfa54744f189720c511dd6a114435cf2a00908829dcca8ddf9dfb90
S2_DCA_SBVCHP-SBORC_R600_R1234zeE_seed042_20260717T060425Z,S2,DC-A,SBVCHP_SBORC,R600,R1234ze(E),42,FINISHED,COMPLETED,0,235.44232273101807,28632b8eecf359a056ddde69e35ae7338cf31be5,False,58316595e50d4ab2d69d17ea45335b5ce247feb742f7b2fedb72bb2959ea62b0,2026-07-17T06:22:26Z,2026-07-17T06:26:20Z,9347,8055,1292,1048,214,hypervolume_converged,0.0761124321858844,0.0036389032678332,True,1048,2096,0,${CBSIM_RUNS_ROOT}/S2_FORMAL/BATCH_S2_20260717T060425Z/runs/S2_DCA_SBVCHP-SBORC_R600_R1234zeE_seed042_20260717T060425Z,${CBSIM_RUNS_ROOT}/S2_FORMAL/BATCH_S2_20260717T060425Z/runs/S2_DCA_SBVCHP-SBORC_R600_R1234zeE_seed042_20260717T060425Z/metadata/manifest.json,,BATCH_S2_20260717T060425Z,,,True,8298cef3618327e388720ca9e026209830755b3db5fa65f18f28715b722e146f,6c678cfcb9100fbbf256d262a5c788e41bce326db4bc4d093e841619a40266be
S2_DCA_SRVCHP-SRORC_Cyclopentane_R236ea_seed042_20260717T060425Z,S2,DC-A,SRVCHP_SRORC,Cyclopentane,R236ea,42,FINISHED,COMPLETED,0,175.10083603858948,28632b8eecf359a056ddde69e35ae7338cf31be5,False,58316595e50d4ab2d69d17ea45335b5ce247feb742f7b2fedb72bb2959ea62b0,2026-07-17T06:26:57Z,2026-07-17T06:29:50Z,6952,6591,361,891,158,hypervolume_converged,0.1442560072155947,0.0044824960561268,True,891,1782,0,${CBSIM_RUNS_ROOT}/S2_FORMAL/BATCH_S2_20260717T060425Z/runs/S2_DCA_SRVCHP-SRORC_Cyclopentane_R236ea_seed042_20260717T060425Z,${CBSIM_RUNS_ROOT}/S2_FORMAL/BATCH_S2_20260717T060425Z/runs/S2_DCA_SRVCHP-SRORC_Cyclopentane_R236ea_seed042_20260717T060425Z/metadata/manifest.json,,BATCH_S2_20260717T060425Z,,,True,893ba7e282a1d81132fa60399d4999cc0c23f72064b6b6ccc534d25795db7d2e,09995a9101cd25a304cf4350120a63c770068e2dfbf3adb0f2df0f004271d41d
S2_DCA_SRVCHP-SRORC_Cyclopentane_R245fa_seed042_20260717T060425Z,S2,DC-A,SRVCHP_SRORC,Cyclopentane,R245fa,42,FINISHED,COMPLETED,0,188.2452454566956,28632b8eecf359a056ddde69e35ae7338cf31be5,False,58316595e50d4ab2d69d17ea45335b5ce247feb742f7b2fedb72bb2959ea62b0,2026-07-17T06:30:11Z,2026-07-17T06:33:17Z,6558,6144,414,1122,150,hypervolume_converged,0.1461688490503516,0.0025715120481419,True,1122,2244,0,${CBSIM_RUNS_ROOT}/S2_FORMAL/BATCH_S2_20260717T060425Z/runs/S2_DCA_SRVCHP-SRORC_Cyclopentane_R245fa_seed042_20260717T060425Z,${CBSIM_RUNS_ROOT}/S2_FORMAL/BATCH_S2_20260717T060425Z/runs/S2_DCA_SRVCHP-SRORC_Cyclopentane_R245fa_seed042_20260717T060425Z/metadata/manifest.json,,BATCH_S2_20260717T060425Z,,,True,88dcf47fe8413dfd3bfd3e93471c6562bdf2f580898cf1779f51f12b74aa4db9,593eaf4020a034e0cff20b2e3b36fe00933e9d440f1cf73c1b11997378b7083b
S2_DCA_SRVCHP-SRORC_Cyclopentane_R600_seed042_20260717T060425Z,S2,DC-A,SRVCHP_SRORC,Cyclopentane,R600,42,FINISHED,COMPLETED,0,186.82820653915405,28632b8eecf359a056ddde69e35ae7338cf31be5,False,58316595e50d4ab2d69d17ea45335b5ce247feb742f7b2fedb72bb2959ea62b0,2026-07-17T06:31:06Z,2026-07-17T06:34:10Z,6613,6326,287,1058,150,hypervolume_converged,0.1438546766147315,0.0022331098544646,True,1058,2116,0,${CBSIM_RUNS_ROOT}/S2_FORMAL/BATCH_S2_20260717T060425Z/runs/S2_DCA_SRVCHP-SRORC_Cyclopentane_R600_seed042_20260717T060425Z,${CBSIM_RUNS_ROOT}/S2_FORMAL/BATCH_S2_20260717T060425Z/runs/S2_DCA_SRVCHP-SRORC_Cyclopentane_R600_seed042_20260717T060425Z/metadata/manifest.json,,BATCH_S2_20260717T060425Z,,,True,fe4cca79aa8cf57ba6cb019f8a2d51777a40126514f0e82666ae977d72ffbde0,ff00946a0778e2ffa7c02933f5dbc47547dfdc1ade432620b78b06e44c3fa488
S2_DCA_SRVCHP-SRORC_R1233zdE_R227EA_seed042_20260717T060425Z,S2,DC-A,SRVCHP_SRORC,R1233zd(E),R227EA,42,FINISHED,COMPLETED,0,809.7739269733429,28632b8eecf359a056ddde69e35ae7338cf31be5,False,58316595e50d4ab2d69d17ea45335b5ce247feb742f7b2fedb72bb2959ea62b0,2026-07-17T06:50:10Z,2026-07-17T07:03:37Z,6614,5593,1021,762,150,hypervolume_converged,0.119406247270505,0.0024520866653906,True,768,1536,5,${CBSIM_RUNS_ROOT}/S2_FORMAL/BATCH_S2_20260717T060425Z/runs/S2_DCA_SRVCHP-SRORC_R1233zdE_R227EA_seed042_20260717T060425Z,${CBSIM_RUNS_ROOT}/S2_FORMAL/BATCH_S2_20260717T060425Z/runs/S2_DCA_SRVCHP-SRORC_R1233zdE_R227EA_seed042_20260717T060425Z/metadata/manifest.json,,BATCH_S2_20260717T060425Z,,,True,eb0a841b28b96fd3f4e1f2e54994b6f7e3a47a809e6b84be0e4844367e0489ab,53df50fdbcd805e1b8f466985fcca35f3da29cf5965fe6f818e0c0793f0b202a
S2_DCA_SRVCHP-SRORC_R1233zdE_R236ea_seed042_20260717T060425Z,S2,DC-A,SRVCHP_SRORC,R1233zd(E),R236ea,42,FINISHED,COMPLETED,0,187.3888909816742,28632b8eecf359a056ddde69e35ae7338cf31be5,False,58316595e50d4ab2d69d17ea45335b5ce247feb742f7b2fedb72bb2959ea62b0,2026-07-17T06:42:41Z,2026-07-17T06:45:46Z,6946,6195,751,671,158,hypervolume_converged,0.1359398317614021,0.0045511064420778,True,681,1362,8,${CBSIM_RUNS_ROOT}/S2_FORMAL/BATCH_S2_20260717T060425Z/runs/S2_DCA_SRVCHP-SRORC_R1233zdE_R236ea_seed042_20260717T060425Z,${CBSIM_RUNS_ROOT}/S2_FORMAL/BATCH_S2_20260717T060425Z/runs/S2_DCA_SRVCHP-SRORC_R1233zdE_R236ea_seed042_20260717T060425Z/metadata/manifest.json,,BATCH_S2_20260717T060425Z,,,True,0fb035af2827dcfa40a5234ec7aeac5cdbaca2117a510ac376184af8c6b0e71b,de5a2ed6251f8d4d9af233b097b03b759e9c906b523297121186f76b8e368ccb
S2_DCA_SRVCHP-SRORC_R1234zeZ_R236ea_seed042_20260717T060425Z,S2,DC-A,SRVCHP_SRORC,R1234ze(Z),R236ea,42,FINISHED,COMPLETED,0,221.3290684223175,28632b8eecf359a056ddde69e35ae7338cf31be5,False,58316595e50d4ab2d69d17ea45335b5ce247feb742f7b2fedb72bb2959ea62b0,2026-07-17T06:36:00Z,2026-07-17T06:39:40Z,7585,6895,690,928,171,hypervolume_converged,0.1358024661185971,0.0042121319308297,True,928,1856,0,${CBSIM_RUNS_ROOT}/S2_FORMAL/BATCH_S2_20260717T060425Z/runs/S2_DCA_SRVCHP-SRORC_R1234zeZ_R236ea_seed042_20260717T060425Z,${CBSIM_RUNS_ROOT}/S2_FORMAL/BATCH_S2_20260717T060425Z/runs/S2_DCA_SRVCHP-SRORC_R1234zeZ_R236ea_seed042_20260717T060425Z/metadata/manifest.json,,BATCH_S2_20260717T060425Z,,,True,1ae0c13c8c039152f6ebe838711d6024331f353c7517bc6aff64ebf7ccbcd62c,fd0ee7b93e7bd33d84d83c421422ee985fa3f3e4dee4e3a761077dfe8b4034e7
S2_DCA_SRVCHP-SRORC_R245fa_R227EA_seed042_20260717T060425Z,S2,DC-A,SRVCHP_SRORC,R245fa,R227EA,42,FINISHED,COMPLETED,0,825.1872584819794,28632b8eecf359a056ddde69e35ae7338cf31be5,False,58316595e50d4ab2d69d17ea45335b5ce247feb742f7b2fedb72bb2959ea62b0,2026-07-17T06:48:44Z,2026-07-17T07:02:27Z,7856,6422,1434,763,178,hypervolume_converged,0.1211452479100346,0.0046541731603827,True,765,1530,2,${CBSIM_RUNS_ROOT}/S2_FORMAL/BATCH_S2_20260717T060425Z/runs/S2_DCA_SRVCHP-SRORC_R245fa_R227EA_seed042_20260717T060425Z,${CBSIM_RUNS_ROOT}/S2_FORMAL/BATCH_S2_20260717T060425Z/runs/S2_DCA_SRVCHP-SRORC_R245fa_R227EA_seed042_20260717T060425Z/metadata/manifest.json,,BATCH_S2_20260717T060425Z,,,True,7fe51a6a239a8eacac26f2bf1b728ad892131e579f30abfac4e666343ef4d8be,fff988f3e38514b7364008246ea3316daebd6e540780a9ee2492df559fc8e563
S2_DCA_SRVCHP-SRORC_R245fa_R236ea_seed042_20260717T060425Z,S2,DC-A,SRVCHP_SRORC,R245fa,R236ea,42,FINISHED,COMPLETED,0,275.7117006778717,28632b8eecf359a056ddde69e35ae7338cf31be5,False,58316595e50d4ab2d69d17ea45335b5ce247feb742f7b2fedb72bb2959ea62b0,2026-07-17T06:42:54Z,2026-07-17T06:47:27Z,8269,7223,1046,799,188,hypervolume_converged,0.1345119638329034,0.0027463128076537,True,800,1600,1,${CBSIM_RUNS_ROOT}/S2_FORMAL/BATCH_S2_20260717T060425Z/runs/S2_DCA_SRVCHP-SRORC_R245fa_R236ea_seed042_20260717T060425Z,${CBSIM_RUNS_ROOT}/S2_FORMAL/BATCH_S2_20260717T060425Z/runs/S2_DCA_SRVCHP-SRORC_R245fa_R236ea_seed042_20260717T060425Z/metadata/manifest.json,,BATCH_S2_20260717T060425Z,,,True,dc10a941329ae43a6bdccf6cf794f2084fc2361f7380f9314c9cd0bb73d52287,a01562c226a08e78c14a88f24ab7203fe421315148c247910c245be9943b9461
S2_DCA_SRVCHP-SRORC_R365MFC_R236ea_seed042_20260717T060425Z,S2,DC-A,SRVCHP_SRORC,R365MFC,R236ea,42,FINISHED,COMPLETED,0,188.67180800437927,28632b8eecf359a056ddde69e35ae7338cf31be5,False,58316595e50d4ab2d69d17ea45335b5ce247feb742f7b2fedb72bb2959ea62b0,2026-07-17T06:27:57Z,2026-07-17T06:31:04Z,6628,6046,582,886,150,hypervolume_converged,0.1378550957219956,0.0033183427632686,True,886,1772,0,${CBSIM_RUNS_ROOT}/S2_FORMAL/BATCH_S2_20260717T060425Z/runs/S2_DCA_SRVCHP-SRORC_R365MFC_R236ea_seed042_20260717T060425Z,${CBSIM_RUNS_ROOT}/S2_FORMAL/BATCH_S2_20260717T060425Z/runs/S2_DCA_SRVCHP-SRORC_R365MFC_R236ea_seed042_20260717T060425Z/metadata/manifest.json,,BATCH_S2_20260717T060425Z,,,True,15d92348adc58e99f2f48837554c80c75fdc698ba19918e81ecf1efe0626a852,cfb5fc9ba24ee20f1f2c27da83e57780e0f67075311327a72871588deb1285c0
S2_DCA_SRVCHP-SRORC_R365MFC_R245fa_seed042_20260717T060425Z,S2,DC-A,SRVCHP_SRORC,R365MFC,R245fa,42,FINISHED,COMPLETED,0,182.8701059818268,28632b8eecf359a056ddde69e35ae7338cf31be5,False,58316595e50d4ab2d69d17ea45335b5ce247feb742f7b2fedb72bb2959ea62b0,2026-07-17T06:36:40Z,2026-07-17T06:39:40Z,6607,6102,505,996,150,hypervolume_converged,0.1372762393079212,0.0031235345177071,True,996,1992,0,${CBSIM_RUNS_ROOT}/S2_FORMAL/BATCH_S2_20260717T060425Z/runs/S2_DCA_SRVCHP-SRORC_R365MFC_R245fa_seed042_20260717T060425Z,${CBSIM_RUNS_ROOT}/S2_FORMAL/BATCH_S2_20260717T060425Z/runs/S2_DCA_SRVCHP-SRORC_R365MFC_R245fa_seed042_20260717T060425Z/metadata/manifest.json,,BATCH_S2_20260717T060425Z,,,True,6c5c295f1d6908a47cfa7a74962d19d22e478bb3611c651d7a141a60e8f20d4f,fae3405b7ac803cae5a6e1b9776f1e33f705803f75902060200af537f045bb4b
S2_DCA_SRVCHP-SRORC_R365MFC_R600_seed042_20260717T060425Z,S2,DC-A,SRVCHP_SRORC,R365MFC,R600,42,FINISHED,COMPLETED,0,226.61692309379575,28632b8eecf359a056ddde69e35ae7338cf31be5,False,58316595e50d4ab2d69d17ea45335b5ce247feb742f7b2fedb72bb2959ea62b0,2026-07-17T06:39:01Z,2026-07-17T06:42:46Z,7898,7396,502,986,179,hypervolume_converged,0.1373777129202584,0.0041937110063937,True,986,1972,0,${CBSIM_RUNS_ROOT}/S2_FORMAL/BATCH_S2_20260717T060425Z/runs/S2_DCA_SRVCHP-SRORC_R365MFC_R600_seed042_20260717T060425Z,${CBSIM_RUNS_ROOT}/S2_FORMAL/BATCH_S2_20260717T060425Z/runs/S2_DCA_SRVCHP-SRORC_R365MFC_R600_seed042_20260717T060425Z/metadata/manifest.json,,BATCH_S2_20260717T060425Z,,,True,934d37f91a3b87d791f7111b11def2a95460829959796584afd33fdb955642fd,ebdcd12099634bc8c6760a79a6aaefd6a30b356e072a9d02fb64670dd66ead66
S2_DCA_SRVCHP-SRORC_R600_R1234zeE_seed042_20260717T060425Z,S2,DC-A,SRVCHP_SRORC,R600,R1234ze(E),42,FINISHED,COMPLETED,0,287.58775520324707,28632b8eecf359a056ddde69e35ae7338cf31be5,False,58316595e50d4ab2d69d17ea45335b5ce247feb742f7b2fedb72bb2959ea62b0,2026-07-17T06:56:13Z,2026-07-17T07:00:58Z,8797,6872,1925,715,200,hypervolume_converged,0.1190033795490767,0.004815076771958,True,715,1430,0,${CBSIM_RUNS_ROOT}/S2_FORMAL/BATCH_S2_20260717T060425Z/runs/S2_DCA_SRVCHP-SRORC_R600_R1234zeE_seed042_20260717T060425Z,${CBSIM_RUNS_ROOT}/S2_FORMAL/BATCH_S2_20260717T060425Z/runs/S2_DCA_SRVCHP-SRORC_R600_R1234zeE_seed042_20260717T060425Z/metadata/manifest.json,,BATCH_S2_20260717T060425Z,,,True,9db6a3e90df14cc276c735b92e4b3157d3a2572a783bf46c469e590c6ccfa92e,8f75f3cd5ed20b978a5df576960694c8be3ad2c2345ef60c49fe2e0765622eae
S2_DCA_SRVCHP-SRORC_R600_R227EA_seed042_20260717T060425Z,S2,DC-A,SRVCHP_SRORC,R600,R227EA,42,FINISHED,COMPLETED,0,717.8528981208801,28632b8eecf359a056ddde69e35ae7338cf31be5,False,58316595e50d4ab2d69d17ea45335b5ce247feb742f7b2fedb72bb2959ea62b0,2026-07-17T06:47:29Z,2026-07-17T06:59:25Z,6596,5731,865,773,150,hypervolume_converged,0.1164028157822502,0.0020953640189809,True,779,1558,6,${CBSIM_RUNS_ROOT}/S2_FORMAL/BATCH_S2_20260717T060425Z/runs/S2_DCA_SRVCHP-SRORC_R600_R227EA_seed042_20260717T060425Z,${CBSIM_RUNS_ROOT}/S2_FORMAL/BATCH_S2_20260717T060425Z/runs/S2_DCA_SRVCHP-SRORC_R600_R227EA_seed042_20260717T060425Z/metadata/manifest.json,,BATCH_S2_20260717T060425Z,,,True,f8563d2918dce41a5094d7a550fc08e95a63d69a7af84973a24085b104c586d1,96ab6e871971b8ec6bffaaf1113cea42b5c95a91da2b12c83a9f5f32deb83195
S2_DCA_SRVCHP-SRORC_R600_R236ea_seed042_20260717T060425Z,S2,DC-A,SRVCHP_SRORC,R600,R236ea,42,FINISHED,COMPLETED,0,192.0961949825287,28632b8eecf359a056ddde69e35ae7338cf31be5,False,58316595e50d4ab2d69d17ea45335b5ce247feb742f7b2fedb72bb2959ea62b0,2026-07-17T06:34:13Z,2026-07-17T06:37:23Z,6560,6220,340,1122,150,hypervolume_converged,0.1356534183913275,0.0035686991216858,True,1122,2244,0,${CBSIM_RUNS_ROOT}/S2_FORMAL/BATCH_S2_20260717T060425Z/runs/S2_DCA_SRVCHP-SRORC_R600_R236ea_seed042_20260717T060425Z,${CBSIM_RUNS_ROOT}/S2_FORMAL/BATCH_S2_20260717T060425Z/runs/S2_DCA_SRVCHP-SRORC_R600_R236ea_seed042_20260717T060425Z/metadata/manifest.json,,BATCH_S2_20260717T060425Z,,,True,108ae133ea491a2f105e2d3e956be6f02a0fbc294f05b1ebaeefed0abae75240,71acbe9a9ad3243147c9854fe8abfab8a6c22bfbc6cf86afc44a9223fc8c5dc6
S2_DCA_SRVCHP-SRORC_R600_R245fa_seed042_20260717T060425Z,S2,DC-A,SRVCHP_SRORC,R600,R245fa,42,FINISHED,COMPLETED,0,196.59509539604187,28632b8eecf359a056ddde69e35ae7338cf31be5,False,58316595e50d4ab2d69d17ea45335b5ce247feb742f7b2fedb72bb2959ea62b0,2026-07-17T06:46:55Z,2026-07-17T06:50:10Z,6554,5802,752,957,150,hypervolume_converged,0.1364622084225172,0.0029619754049677,True,957,1914,0,${CBSIM_RUNS_ROOT}/S2_FORMAL/BATCH_S2_20260717T060425Z/runs/S2_DCA_SRVCHP-SRORC_R600_R245fa_seed042_20260717T060425Z,${CBSIM_RUNS_ROOT}/S2_FORMAL/BATCH_S2_20260717T060425Z/runs/S2_DCA_SRVCHP-SRORC_R600_R245fa_seed042_20260717T060425Z/metadata/manifest.json,,BATCH_S2_20260717T060425Z,,,True,6bdfc81fe10b60f6ea7ebe7ed182c070ff06d6a8f047784b7837d144faabc29c,d9dc57f7a19bc4ef9ca9cb9da80bc77089bf8a5470ba500e5c56d792a23f0396
S2_DCA_SRVCHP-SRORC_R601_R236ea_seed042_20260717T060425Z,S2,DC-A,SRVCHP_SRORC,R601,R236ea,42,FINISHED,COMPLETED,0,198.62443470954892,28632b8eecf359a056ddde69e35ae7338cf31be5,False,58316595e50d4ab2d69d17ea45335b5ce247feb742f7b2fedb72bb2959ea62b0,2026-07-17T06:29:34Z,2026-07-17T06:32:51Z,6653,6094,559,1254,150,hypervolume_converged,0.1397743376436703,0.0038507000540193,True,1254,2508,0,${CBSIM_RUNS_ROOT}/S2_FORMAL/BATCH_S2_20260717T060425Z/runs/S2_DCA_SRVCHP-SRORC_R601_R236ea_seed042_20260717T060425Z,${CBSIM_RUNS_ROOT}/S2_FORMAL/BATCH_S2_20260717T060425Z/runs/S2_DCA_SRVCHP-SRORC_R601_R236ea_seed042_20260717T060425Z/metadata/manifest.json,,BATCH_S2_20260717T060425Z,,,True,b432fc7fefbaa2f0f21c8b526b2647323153d3a7c6ec5ab0cb93e1ec9679009e,59392d6d7705b50bafd56bf8ab31c9342aad5e36b91130b3df75359650ec08e1
S2_DCA_SRVCHP-SRORC_R601_R245fa_seed042_20260717T060425Z,S2,DC-A,SRVCHP_SRORC,R601,R245fa,42,FINISHED,COMPLETED,0,178.79499101638794,28632b8eecf359a056ddde69e35ae7338cf31be5,False,58316595e50d4ab2d69d17ea45335b5ce247feb742f7b2fedb72bb2959ea62b0,2026-07-17T06:39:42Z,2026-07-17T06:42:39Z,6565,6059,506,854,150,hypervolume_converged,0.1373433069473204,0.0040465290298337,True,854,1708,0,${CBSIM_RUNS_ROOT}/S2_FORMAL/BATCH_S2_20260717T060425Z/runs/S2_DCA_SRVCHP-SRORC_R601_R245fa_seed042_20260717T060425Z,${CBSIM_RUNS_ROOT}/S2_FORMAL/BATCH_S2_20260717T060425Z/runs/S2_DCA_SRVCHP-SRORC_R601_R245fa_seed042_20260717T060425Z/metadata/manifest.json,,BATCH_S2_20260717T060425Z,,,True,ddb9776bdc895b8b143ed7210fe7301aa6202d342d984fb5a431131d1abdf1dc,8e1b385a08df58a0ffb8d74a7c72cb5e36bdbf906c21970afd4448d13360dd1b
S2_DCA_SRVCHP-SRORC_R601_R600_seed042_20260717T060425Z,S2,DC-A,SRVCHP_SRORC,R601,R600,42,FINISHED,COMPLETED,0,192.88019442558289,28632b8eecf359a056ddde69e35ae7338cf31be5,False,58316595e50d4ab2d69d17ea45335b5ce247feb742f7b2fedb72bb2959ea62b0,2026-07-17T06:40:01Z,2026-07-17T06:43:12Z,6603,5999,604,897,150,hypervolume_converged,0.1382029967516552,0.0041412827781644,True,897,1794,0,${CBSIM_RUNS_ROOT}/S2_FORMAL/BATCH_S2_20260717T060425Z/runs/S2_DCA_SRVCHP-SRORC_R601_R600_seed042_20260717T060425Z,${CBSIM_RUNS_ROOT}/S2_FORMAL/BATCH_S2_20260717T060425Z/runs/S2_DCA_SRVCHP-SRORC_R601_R600_seed042_20260717T060425Z/metadata/manifest.json,,BATCH_S2_20260717T060425Z,,,True,e220354ac60eb4aeb715d8cb3859d06e8994740f488f6e66c91e8b4c8364f839,4d52767254b1ed4a1d05543eca642af1d652fbe8f75fead38367c8d57c009fe3
S2_DCA_SRVCHP-SRORC_R601a_R227EA_seed042_20260717T060425Z,S2,DC-A,SRVCHP_SRORC,R601a,R227EA,42,FINISHED,COMPLETED,0,693.6950197219849,28632b8eecf359a056ddde69e35ae7338cf31be5,False,58316595e50d4ab2d69d17ea45335b5ce247feb742f7b2fedb72bb2959ea62b0,2026-07-17T06:52:25Z,2026-07-17T07:03:56Z,7327,6046,1281,840,168,hypervolume_converged,0.1220500945017551,0.0042880121975631,True,848,1696,7,${CBSIM_RUNS_ROOT}/S2_FORMAL/BATCH_S2_20260717T060425Z/runs/S2_DCA_SRVCHP-SRORC_R601a_R227EA_seed042_20260717T060425Z,${CBSIM_RUNS_ROOT}/S2_FORMAL/BATCH_S2_20260717T060425Z/runs/S2_DCA_SRVCHP-SRORC_R601a_R227EA_seed042_20260717T060425Z/metadata/manifest.json,,BATCH_S2_20260717T060425Z,,,True,b9bcd3e9519d25dd0db0c90bd3203702d4aadfcbeee6bccf8ca5e938b85dc3e0,b85119f72a32aa968b6eb81ac7ba2b23b3eb3b19f4e4884e8ef5d33234c06ef9
S2_DCA_SRVCHP-SRORC_R601a_R236ea_seed042_20260717T060425Z,S2,DC-A,SRVCHP_SRORC,R601a,R236ea,42,FINISHED,COMPLETED,0,178.23686957359314,28632b8eecf359a056ddde69e35ae7338cf31be5,False,58316595e50d4ab2d69d17ea45335b5ce247feb742f7b2fedb72bb2959ea62b0,2026-07-17T06:33:19Z,2026-07-17T06:36:16Z,6601,6277,324,950,150,hypervolume_converged,0.136566786250311,0.0025520648299221,True,952,1904,1,${CBSIM_RUNS_ROOT}/S2_FORMAL/BATCH_S2_20260717T060425Z/runs/S2_DCA_SRVCHP-SRORC_R601a_R236ea_seed042_20260717T060425Z,${CBSIM_RUNS_ROOT}/S2_FORMAL/BATCH_S2_20260717T060425Z/runs/S2_DCA_SRVCHP-SRORC_R601a_R236ea_seed042_20260717T060425Z/metadata/manifest.json,,BATCH_S2_20260717T060425Z,,,True,0844bce3d9d6d3004ccbcde099ac5ea11eb550ab50241486fb95d18b445277c9,aa2c548d0a4e9afd0176f396dc7815e66760796478361e30ce609793a683a2f1
S2_DCA_SRVCHP-SRORC_R601a_R245fa_seed042_20260717T060425Z,S2,DC-A,SRVCHP_SRORC,R601a,R245fa,42,FINISHED,COMPLETED,0,183.8700006008148,28632b8eecf359a056ddde69e35ae7338cf31be5,False,58316595e50d4ab2d69d17ea45335b5ce247feb742f7b2fedb72bb2959ea62b0,2026-07-17T06:44:22Z,2026-07-17T06:47:24Z,6643,6333,310,1124,150,hypervolume_converged,0.1377160182149743,0.0033245112428925,True,1124,2248,0,${CBSIM_RUNS_ROOT}/S2_FORMAL/BATCH_S2_20260717T060425Z/runs/S2_DCA_SRVCHP-SRORC_R601a_R245fa_seed042_20260717T060425Z,${CBSIM_RUNS_ROOT}/S2_FORMAL/BATCH_S2_20260717T060425Z/runs/S2_DCA_SRVCHP-SRORC_R601a_R245fa_seed042_20260717T060425Z/metadata/manifest.json,,BATCH_S2_20260717T060425Z,,,True,c60672d19e343bb395d12b7ecee06b365fceb900d777dd4bf831bd31e85528f3,cb791b5cb222f77249303eea0d071217975b61f389086ce5dfe46fc41ad723e1
S2_DCA_SRVCHP-SRORC_R601a_R600_seed042_20260717T060425Z,S2,DC-A,SRVCHP_SRORC,R601a,R600,42,FINISHED,COMPLETED,0,195.8712296485901,28632b8eecf359a056ddde69e35ae7338cf31be5,False,58316595e50d4ab2d69d17ea45335b5ce247feb742f7b2fedb72bb2959ea62b0,2026-07-17T06:45:24Z,2026-07-17T06:48:38Z,6588,6127,461,992,150,hypervolume_converged,0.139855549075483,0.002816930435735,True,992,1984,0,${CBSIM_RUNS_ROOT}/S2_FORMAL/BATCH_S2_20260717T060425Z/runs/S2_DCA_SRVCHP-SRORC_R601a_R600_seed042_20260717T060425Z,${CBSIM_RUNS_ROOT}/S2_FORMAL/BATCH_S2_20260717T060425Z/runs/S2_DCA_SRVCHP-SRORC_R601a_R600_seed042_20260717T060425Z/metadata/manifest.json,,BATCH_S2_20260717T060425Z,,,True,d90faa314b9a991fa8b3648a6f9ef60147907278d475de0a9ecd9369e7df2cb9,14edf97eb43da5e59b6df491cb82ff8b6cd837b939ec04a25b71ec2a40bb1cc2
S2_DCB_SBVCHP-SBORC_Cyclopentane_R1234zeE_seed042_20260717T060425Z,S2,DC-B,SBVCHP_SBORC,Cyclopentane,R1234ze(E),42,FINISHED,COMPLETED,0,187.15668988227844,28632b8eecf359a056ddde69e35ae7338cf31be5,False,58316595e50d4ab2d69d17ea45335b5ce247feb742f7b2fedb72bb2959ea62b0,2026-07-17T06:15:25Z,2026-07-17T06:18:30Z,7795,7091,704,942,178,hypervolume_converged,0.0645328555459063,0.0042401035318941,True,942,1884,0,${CBSIM_RUNS_ROOT}/S2_FORMAL/BATCH_S2_20260717T060425Z/runs/S2_DCB_SBVCHP-SBORC_Cyclopentane_R1234zeE_seed042_20260717T060425Z,${CBSIM_RUNS_ROOT}/S2_FORMAL/BATCH_S2_20260717T060425Z/runs/S2_DCB_SBVCHP-SBORC_Cyclopentane_R1234zeE_seed042_20260717T060425Z/metadata/manifest.json,,BATCH_S2_20260717T060425Z,,,True,dcbf149c55ad64edd107c5ab96a97235779f039ddb381b22679830796e52edad,dda48146ea7db966571aaa781ab3b4e457c2574bbdfc202eeedbe2f9469e7d72
S2_DCB_SBVCHP-SBORC_Cyclopentane_R227EA_seed042_20260717T060425Z,S2,DC-B,SBVCHP_SBORC,Cyclopentane,R227EA,42,FINISHED,COMPLETED,0,396.1640532016754,28632b8eecf359a056ddde69e35ae7338cf31be5,False,58316595e50d4ab2d69d17ea45335b5ce247feb742f7b2fedb72bb2959ea62b0,2026-07-17T06:17:39Z,2026-07-17T06:24:13Z,11850,10026,1824,1374,270,hypervolume_converged,0.0631059556930078,0.0044925668099878,True,1377,2754,3,${CBSIM_RUNS_ROOT}/S2_FORMAL/BATCH_S2_20260717T060425Z/runs/S2_DCB_SBVCHP-SBORC_Cyclopentane_R227EA_seed042_20260717T060425Z,${CBSIM_RUNS_ROOT}/S2_FORMAL/BATCH_S2_20260717T060425Z/runs/S2_DCB_SBVCHP-SBORC_Cyclopentane_R227EA_seed042_20260717T060425Z/metadata/manifest.json,,BATCH_S2_20260717T060425Z,,,True,7a52e2c423e12a063b7fa9a73b7b676ff07ec4630aa79cf9103b1c95785ddc13,2a12e85c9e9001cef5aef61c64730de0910b2a84fa9abd5f80daee00c67f36d0
S2_DCB_SBVCHP-SBORC_Cyclopentane_R236ea_seed042_20260717T060425Z,S2,DC-B,SBVCHP_SBORC,Cyclopentane,R236ea,42,FINISHED,COMPLETED,0,166.188218832016,28632b8eecf359a056ddde69e35ae7338cf31be5,False,58316595e50d4ab2d69d17ea45335b5ce247feb742f7b2fedb72bb2959ea62b0,2026-07-17T06:04:29Z,2026-07-17T06:07:13Z,7523,7222,301,842,170,hypervolume_converged,0.0720759149879025,0.0047448360706005,True,842,1684,0,${CBSIM_RUNS_ROOT}/S2_FORMAL/BATCH_S2_20260717T060425Z/runs/S2_DCB_SBVCHP-SBORC_Cyclopentane_R236ea_seed042_20260717T060425Z,${CBSIM_RUNS_ROOT}/S2_FORMAL/BATCH_S2_20260717T060425Z/runs/S2_DCB_SBVCHP-SBORC_Cyclopentane_R236ea_seed042_20260717T060425Z/metadata/manifest.json,,BATCH_S2_20260717T060425Z,,,True,f4db4e8b0fa37bb536e5e6343ec0c5db5dff09259741d2ba5e8398c4a89d85fa,2e8d5c2056427e3e956daa7683de1288da7ea0c01a507882fac31c4442d20601
S2_DCB_SBVCHP-SBORC_Cyclopentane_R236fa_seed042_20260717T060425Z,S2,DC-B,SBVCHP_SBORC,Cyclopentane,R236fa,42,FINISHED,COMPLETED,0,154.67270517349243,28632b8eecf359a056ddde69e35ae7338cf31be5,False,58316595e50d4ab2d69d17ea45335b5ce247feb742f7b2fedb72bb2959ea62b0,2026-07-17T06:04:30Z,2026-07-17T06:07:02Z,6903,6628,275,823,156,hypervolume_converged,0.0690358449969451,0.0029650321426021,True,825,1650,2,${CBSIM_RUNS_ROOT}/S2_FORMAL/BATCH_S2_20260717T060425Z/runs/S2_DCB_SBVCHP-SBORC_Cyclopentane_R236fa_seed042_20260717T060425Z,${CBSIM_RUNS_ROOT}/S2_FORMAL/BATCH_S2_20260717T060425Z/runs/S2_DCB_SBVCHP-SBORC_Cyclopentane_R236fa_seed042_20260717T060425Z/metadata/manifest.json,,BATCH_S2_20260717T060425Z,,,True,e97c36f2fe090faa03435adf932f76a7b71bdafe39cec3def7d98617a05b6a86,eb37243ec96c4a3d7c733216d01b5e34ea0c58f638af19f11acf67e25666f04f
S2_DCB_SBVCHP-SBORC_Cyclopentane_R245fa_seed042_20260717T060425Z,S2,DC-B,SBVCHP_SBORC,Cyclopentane,R245fa,42,FINISHED,COMPLETED,0,149.24914240837097,28632b8eecf359a056ddde69e35ae7338cf31be5,False,58316595e50d4ab2d69d17ea45335b5ce247feb742f7b2fedb72bb2959ea62b0,2026-07-17T06:04:29Z,2026-07-17T06:06:56Z,6663,6513,150,834,152,hypervolume_converged,0.074278980162049,0.0046430489599253,True,834,1668,0,${CBSIM_RUNS_ROOT}/S2_FORMAL/BATCH_S2_20260717T060425Z/runs/S2_DCB_SBVCHP-SBORC_Cyclopentane_R245fa_seed042_20260717T060425Z,${CBSIM_RUNS_ROOT}/S2_FORMAL/BATCH_S2_20260717T060425Z/runs/S2_DCB_SBVCHP-SBORC_Cyclopentane_R245fa_seed042_20260717T060425Z/metadata/manifest.json,,BATCH_S2_20260717T060425Z,,,True,21bceaa9f7f9ca28f82ab1450aef59f3f8f7c32223200e2da30a29f4e66a140b,23401e5547a5d0a7addcb53d610461db5ddd2bb863f7d907fe430aaa9e2f63d3
S2_DCB_SBVCHP-SBORC_Cyclopentane_R365MFC_seed042_20260717T060425Z,S2,DC-B,SBVCHP_SBORC,Cyclopentane,R365MFC,42,FINISHED,COMPLETED,0,145.65409874916077,28632b8eecf359a056ddde69e35ae7338cf31be5,False,58316595e50d4ab2d69d17ea45335b5ce247feb742f7b2fedb72bb2959ea62b0,2026-07-17T06:04:29Z,2026-07-17T06:06:53Z,6720,6539,181,665,152,hypervolume_converged,0.075433115863787,0.0041852479945465,True,665,1330,0,${CBSIM_RUNS_ROOT}/S2_FORMAL/BATCH_S2_20260717T060425Z/runs/S2_DCB_SBVCHP-SBORC_Cyclopentane_R365MFC_seed042_20260717T060425Z,${CBSIM_RUNS_ROOT}/S2_FORMAL/BATCH_S2_20260717T060425Z/runs/S2_DCB_SBVCHP-SBORC_Cyclopentane_R365MFC_seed042_20260717T060425Z/metadata/manifest.json,,BATCH_S2_20260717T060425Z,,,True,4539387bfa38aafb0f63809ae1270fee29edc3794b4927675ccf7737eac31ef9,2f0f4171066c4686c0b70afde320bcfe2165fc638c26cc68788840dc07093986
S2_DCB_SBVCHP-SBORC_Cyclopentane_R600_seed042_20260717T060425Z,S2,DC-B,SBVCHP_SBORC,Cyclopentane,R600,42,FINISHED,COMPLETED,0,156.05020332336426,28632b8eecf359a056ddde69e35ae7338cf31be5,False,58316595e50d4ab2d69d17ea45335b5ce247feb742f7b2fedb72bb2959ea62b0,2026-07-17T06:06:54Z,2026-07-17T06:09:28Z,6545,6451,94,1022,150,hypervolume_converged,0.0728963680599817,0.0033423425429632,True,1022,2044,0,${CBSIM_RUNS_ROOT}/S2_FORMAL/BATCH_S2_20260717T060425Z/runs/S2_DCB_SBVCHP-SBORC_Cyclopentane_R600_seed042_20260717T060425Z,${CBSIM_RUNS_ROOT}/S2_FORMAL/BATCH_S2_20260717T060425Z/runs/S2_DCB_SBVCHP-SBORC_Cyclopentane_R600_seed042_20260717T060425Z/metadata/manifest.json,,BATCH_S2_20260717T060425Z,,,True,e09a6a74ccdd52b32570281e1666c5af377863ef171d9bf4eb1e88e0e0bb3769,3fb9e39ad5c45be22164558f5547370821509334d425b90babb960d82d4a40e9
S2_DCB_SBVCHP-SBORC_Cyclopentane_R600a_seed042_20260717T060425Z,S2,DC-B,SBVCHP_SBORC,Cyclopentane,R600a,42,FINISHED,COMPLETED,0,178.74109053611755,28632b8eecf359a056ddde69e35ae7338cf31be5,False,58316595e50d4ab2d69d17ea45335b5ce247feb742f7b2fedb72bb2959ea62b0,2026-07-17T06:07:04Z,2026-07-17T06:10:00Z,8292,8031,261,924,190,hypervolume_converged,0.0702232458429852,0.0049917242086887,True,924,1848,0,${CBSIM_RUNS_ROOT}/S2_FORMAL/BATCH_S2_20260717T060425Z/runs/S2_DCB_SBVCHP-SBORC_Cyclopentane_R600a_seed042_20260717T060425Z,${CBSIM_RUNS_ROOT}/S2_FORMAL/BATCH_S2_20260717T060425Z/runs/S2_DCB_SBVCHP-SBORC_Cyclopentane_R600a_seed042_20260717T060425Z/metadata/manifest.json,,BATCH_S2_20260717T060425Z,,,True,a695b4737149fb3bff01c352775e975504806226627c0929ff264c14c8d0e107,9fd644349ab13d1de36161151bc89b2ad1c7b4c84aa0fa158b3136cabae4c168
S2_DCB_SBVCHP-SBORC_R1233zdE_R1234zeE_seed042_20260717T060425Z,S2,DC-B,SBVCHP_SBORC,R1233zd(E),R1234ze(E),42,FINISHED,COMPLETED,0,155.3770730495453,28632b8eecf359a056ddde69e35ae7338cf31be5,False,58316595e50d4ab2d69d17ea45335b5ce247feb742f7b2fedb72bb2959ea62b0,2026-07-17T06:18:05Z,2026-07-17T06:20:38Z,6583,5697,886,731,150,hypervolume_converged,0.0516106544983591,0.0034952885419271,True,734,1468,1,${CBSIM_RUNS_ROOT}/S2_FORMAL/BATCH_S2_20260717T060425Z/runs/S2_DCB_SBVCHP-SBORC_R1233zdE_R1234zeE_seed042_20260717T060425Z,${CBSIM_RUNS_ROOT}/S2_FORMAL/BATCH_S2_20260717T060425Z/runs/S2_DCB_SBVCHP-SBORC_R1233zdE_R1234zeE_seed042_20260717T060425Z/metadata/manifest.json,,BATCH_S2_20260717T060425Z,,,True,3bd16fb27a55c8d3c0f3b5aec31f70e601fdec7da95a032ed7394cf61bf49931,dd5305fe3e4e11d16c31132a4e0ec4dee45030009270a6b7f58e1d79156f0445
S2_DCB_SBVCHP-SBORC_R1233zdE_R227EA_seed042_20260717T060425Z,S2,DC-B,SBVCHP_SBORC,R1233zd(E),R227EA,42,FINISHED,COMPLETED,0,207.3808536529541,28632b8eecf359a056ddde69e35ae7338cf31be5,False,58316595e50d4ab2d69d17ea45335b5ce247feb742f7b2fedb72bb2959ea62b0,2026-07-17T06:20:56Z,2026-07-17T06:24:21Z,6603,5173,1430,489,150,hypervolume_converged,0.0497441305658541,0.002808956745306,True,490,980,1,${CBSIM_RUNS_ROOT}/S2_FORMAL/BATCH_S2_20260717T060425Z/runs/S2_DCB_SBVCHP-SBORC_R1233zdE_R227EA_seed042_20260717T060425Z,${CBSIM_RUNS_ROOT}/S2_FORMAL/BATCH_S2_20260717T060425Z/runs/S2_DCB_SBVCHP-SBORC_R1233zdE_R227EA_seed042_20260717T060425Z/metadata/manifest.json,,BATCH_S2_20260717T060425Z,,,True,5e38e4acaf54489f266470676093719df4e8f2188106c47c86a5f6376e2c9e10,7383bbe30a9085d44aadb21fd49154461b80697a89462298706e5a5a204cc219
S2_DCB_SBVCHP-SBORC_R1233zdE_R236ea_seed042_20260717T060425Z,S2,DC-B,SBVCHP_SBORC,R1233zd(E),R236ea,42,FINISHED,COMPLETED,0,190.6265161037445,28632b8eecf359a056ddde69e35ae7338cf31be5,False,58316595e50d4ab2d69d17ea45335b5ce247feb742f7b2fedb72bb2959ea62b0,2026-07-17T06:14:33Z,2026-07-17T06:17:41Z,9227,8614,613,793,210,hypervolume_converged,0.0559681650844365,0.0040976657086298,True,796,1592,0,${CBSIM_RUNS_ROOT}/S2_FORMAL/BATCH_S2_20260717T060425Z/runs/S2_DCB_SBVCHP-SBORC_R1233zdE_R236ea_seed042_20260717T060425Z,${CBSIM_RUNS_ROOT}/S2_FORMAL/BATCH_S2_20260717T060425Z/runs/S2_DCB_SBVCHP-SBORC_R1233zdE_R236ea_seed042_20260717T060425Z/metadata/manifest.json,,BATCH_S2_20260717T060425Z,,,True,4fced910afa14fbf7d5795cebd17ab25afb6964ea1df48534a6c2a02c46911e9,0cbaf4963fae3a7ea623b28b829677537294edb7236cea71f12af1e8522745dc
S2_DCB_SBVCHP-SBORC_R1233zdE_R236fa_seed042_20260717T060425Z,S2,DC-B,SBVCHP_SBORC,R1233zd(E),R236fa,42,FINISHED,COMPLETED,0,158.49338054656982,28632b8eecf359a056ddde69e35ae7338cf31be5,False,58316595e50d4ab2d69d17ea45335b5ce247feb742f7b2fedb72bb2959ea62b0,2026-07-17T06:13:08Z,2026-07-17T06:15:45Z,7348,6746,602,569,167,hypervolume_converged,0.0545208086010481,0.0033680975086727,True,569,1138,0,${CBSIM_RUNS_ROOT}/S2_FORMAL/BATCH_S2_20260717T060425Z/runs/S2_DCB_SBVCHP-SBORC_R1233zdE_R236fa_seed042_20260717T060425Z,${CBSIM_RUNS_ROOT}/S2_FORMAL/BATCH_S2_20260717T060425Z/runs/S2_DCB_SBVCHP-SBORC_R1233zdE_R236fa_seed042_20260717T060425Z/metadata/manifest.json,,BATCH_S2_20260717T060425Z,,,True,ec2abe276aacffd44e7fb02c22e3b998017bcc4b89c72f24d9dfd999763fc7cb,6668c7418e92b3257a921ef30a1c815d458036d22e0649e7467e1c6c763836dc
S2_DCB_SBVCHP-SBORC_R1233zdE_R245fa_seed042_20260717T060425Z,S2,DC-B,SBVCHP_SBORC,R1233zd(E),R245fa,42,FINISHED,COMPLETED,0,172.89556670188904,28632b8eecf359a056ddde69e35ae7338cf31be5,False,58316595e50d4ab2d69d17ea45335b5ce247feb742f7b2fedb72bb2959ea62b0,2026-07-17T06:12:08Z,2026-07-17T06:14:59Z,8139,7462,677,661,185,hypervolume_converged,0.0579189166915339,0.0038792849570925,True,662,1324,1,${CBSIM_RUNS_ROOT}/S2_FORMAL/BATCH_S2_20260717T060425Z/runs/S2_DCB_SBVCHP-SBORC_R1233zdE_R245fa_seed042_20260717T060425Z,${CBSIM_RUNS_ROOT}/S2_FORMAL/BATCH_S2_20260717T060425Z/runs/S2_DCB_SBVCHP-SBORC_R1233zdE_R245fa_seed042_20260717T060425Z/metadata/manifest.json,,BATCH_S2_20260717T060425Z,,,True,85659e03f9886e903542b2c872867f3e45a9134063936429b9ecb64bbde35c0b,1e9ddb700c9cfe7ce97c46368d13bfb595052c455ac2a3db238f43d8f53a5ac2
S2_DCB_SBVCHP-SBORC_R1233zdE_R365MFC_seed042_20260717T060425Z,S2,DC-B,SBVCHP_SBORC,R1233zd(E),R365MFC,42,FINISHED,COMPLETED,0,162.1981143951416,28632b8eecf359a056ddde69e35ae7338cf31be5,False,58316595e50d4ab2d69d17ea45335b5ce247feb742f7b2fedb72bb2959ea62b0,2026-07-17T06:10:03Z,2026-07-17T06:12:43Z,7753,7468,285,623,176,hypervolume_converged,0.0584771541056442,0.0042310543544062,True,623,1246,0,${CBSIM_RUNS_ROOT}/S2_FORMAL/BATCH_S2_20260717T060425Z/runs/S2_DCB_SBVCHP-SBORC_R1233zdE_R365MFC_seed042_20260717T060425Z,${CBSIM_RUNS_ROOT}/S2_FORMAL/BATCH_S2_20260717T060425Z/runs/S2_DCB_SBVCHP-SBORC_R1233zdE_R365MFC_seed042_20260717T060425Z/metadata/manifest.json,,BATCH_S2_20260717T060425Z,,,True,367a57ea47ddab91315f2e90e7fec538029432e1989f98d30b8ee2f3f66af349,7660c93e211c72fae8168f44cf8ee3c5e8bb9f4f96abc682f57a97271a25cfdb
S2_DCB_SBVCHP-SBORC_R1233zdE_R600_seed042_20260717T060425Z,S2,DC-B,SBVCHP_SBORC,R1233zd(E),R600,42,FINISHED,COMPLETED,0,140.4447841644287,28632b8eecf359a056ddde69e35ae7338cf31be5,False,58316595e50d4ab2d69d17ea45335b5ce247feb742f7b2fedb72bb2959ea62b0,2026-07-17T06:12:45Z,2026-07-17T06:15:03Z,6598,5914,684,573,150,hypervolume_converged,0.0554179401509663,0.0045275121636023,True,573,1146,0,${CBSIM_RUNS_ROOT}/S2_FORMAL/BATCH_S2_20260717T060425Z/runs/S2_DCB_SBVCHP-SBORC_R1233zdE_R600_seed042_20260717T060425Z,${CBSIM_RUNS_ROOT}/S2_FORMAL/BATCH_S2_20260717T060425Z/runs/S2_DCB_SBVCHP-SBORC_R1233zdE_R600_seed042_20260717T060425Z/metadata/manifest.json,,BATCH_S2_20260717T060425Z,,,True,3fec4d3f61e7da72b0fbd32e4e96d81df9165485ae71fab4ef0c5c0d09105b9b,0551ffbb21a505271f7d239742b159042e256945a5b322e4b5432a084d46e38e
S2_DCB_SBVCHP-SBORC_R1233zdE_R600a_seed042_20260717T060425Z,S2,DC-B,SBVCHP_SBORC,R1233zd(E),R600a,42,FINISHED,COMPLETED,0,183.7867515087128,28632b8eecf359a056ddde69e35ae7338cf31be5,False,58316595e50d4ab2d69d17ea45335b5ce247feb742f7b2fedb72bb2959ea62b0,2026-07-17T06:15:01Z,2026-07-17T06:18:02Z,9153,8560,593,745,208,hypervolume_converged,0.0548050420713441,0.0040903206554296,True,750,1500,0,${CBSIM_RUNS_ROOT}/S2_FORMAL/BATCH_S2_20260717T060425Z/runs/S2_DCB_SBVCHP-SBORC_R1233zdE_R600a_seed042_20260717T060425Z,${CBSIM_RUNS_ROOT}/S2_FORMAL/BATCH_S2_20260717T060425Z/runs/S2_DCB_SBVCHP-SBORC_R1233zdE_R600a_seed042_20260717T060425Z/metadata/manifest.json,,BATCH_S2_20260717T060425Z,,,True,6748cd9f9a564aa19b538f7feacee579e6aea19aa5d25d74bfa048b677a97e86,5976798f3112627fd24822c0e3795759a5404f54bf6dcf13c0e5c9be20291321
S2_DCB_SBVCHP-SBORC_R1234zeZ_R1234zeE_seed042_20260717T060425Z,S2,DC-B,SBVCHP_SBORC,R1234ze(Z),R1234ze(E),42,FINISHED,COMPLETED,0,171.94789838790894,28632b8eecf359a056ddde69e35ae7338cf31be5,False,58316595e50d4ab2d69d17ea45335b5ce247feb742f7b2fedb72bb2959ea62b0,2026-07-17T06:15:48Z,2026-07-17T06:18:38Z,7132,6350,782,769,162,hypervolume_converged,0.0555513902638481,0.0029408496967555,True,769,1538,0,${CBSIM_RUNS_ROOT}/S2_FORMAL/BATCH_S2_20260717T060425Z/runs/S2_DCB_SBVCHP-SBORC_R1234zeZ_R1234zeE_seed042_20260717T060425Z,${CBSIM_RUNS_ROOT}/S2_FORMAL/BATCH_S2_20260717T060425Z/runs/S2_DCB_SBVCHP-SBORC_R1234zeZ_R1234zeE_seed042_20260717T060425Z/metadata/manifest.json,,BATCH_S2_20260717T060425Z,,,True,c26aa4a0d38806ed764f0bffc907d1cdc11e400449e828fcfd22405a4638e45b,7e2e8979d5f3256e00f6988b5d8bc3441be236d0b9c81b18a910142a520d9a58
S2_DCB_SBVCHP-SBORC_R1234zeZ_R236ea_seed042_20260717T060425Z,S2,DC-B,SBVCHP_SBORC,R1234ze(Z),R236ea,42,FINISHED,COMPLETED,0,146.81160306930542,28632b8eecf359a056ddde69e35ae7338cf31be5,False,58316595e50d4ab2d69d17ea45335b5ce247feb742f7b2fedb72bb2959ea62b0,2026-07-17T06:09:41Z,2026-07-17T06:12:06Z,6672,6442,230,733,151,hypervolume_converged,0.0595296782875422,0.0041267172240468,True,733,1466,0,${CBSIM_RUNS_ROOT}/S2_FORMAL/BATCH_S2_20260717T060425Z/runs/S2_DCB_SBVCHP-SBORC_R1234zeZ_R236ea_seed042_20260717T060425Z,${CBSIM_RUNS_ROOT}/S2_FORMAL/BATCH_S2_20260717T060425Z/runs/S2_DCB_SBVCHP-SBORC_R1234zeZ_R236ea_seed042_20260717T060425Z/metadata/manifest.json,,BATCH_S2_20260717T060425Z,,,True,ef461627d2a2d9545781658b67a487ec744b9cb339c52f7a48fbbabae3ee6950,0dd0d2c3c336000d68859121da06334a4577e738a647e964858cef61a8fda8d2
S2_DCB_SBVCHP-SBORC_R1234zeZ_R236fa_seed042_20260717T060425Z,S2,DC-B,SBVCHP_SBORC,R1234ze(Z),R236fa,42,FINISHED,COMPLETED,0,218.87071061134336,28632b8eecf359a056ddde69e35ae7338cf31be5,False,58316595e50d4ab2d69d17ea45335b5ce247feb742f7b2fedb72bb2959ea62b0,2026-07-17T06:07:30Z,2026-07-17T06:11:07Z,10002,9693,309,995,228,hypervolume_converged,0.0589391121613997,0.004321817584489,True,995,1990,0,${CBSIM_RUNS_ROOT}/S2_FORMAL/BATCH_S2_20260717T060425Z/runs/S2_DCB_SBVCHP-SBORC_R1234zeZ_R236fa_seed042_20260717T060425Z,${CBSIM_RUNS_ROOT}/S2_FORMAL/BATCH_S2_20260717T060425Z/runs/S2_DCB_SBVCHP-SBORC_R1234zeZ_R236fa_seed042_20260717T060425Z/metadata/manifest.json,,BATCH_S2_20260717T060425Z,,,True,30085d2d81573ab14c9439fc2ca0a138e893ed17a6a370f38be9cb7c99eeb2e2,d78910b14cd214611923bdae469651ab8c9768c6f8186c6b5781928e1fbd18e2
S2_DCB_SBVCHP-SBORC_R1234zeZ_R245fa_seed042_20260717T060425Z,S2,DC-B,SBVCHP_SBORC,R1234ze(Z),R245fa,42,FINISHED,COMPLETED,0,156.14714097976685,28632b8eecf359a056ddde69e35ae7338cf31be5,False,58316595e50d4ab2d69d17ea45335b5ce247feb742f7b2fedb72bb2959ea62b0,2026-07-17T06:07:20Z,2026-07-17T06:09:54Z,6593,6401,192,986,150,hypervolume_converged,0.061034040871259,0.0032729986052788,True,986,1972,0,${CBSIM_RUNS_ROOT}/S2_FORMAL/BATCH_S2_20260717T060425Z/runs/S2_DCB_SBVCHP-SBORC_R1234zeZ_R245fa_seed042_20260717T060425Z,${CBSIM_RUNS_ROOT}/S2_FORMAL/BATCH_S2_20260717T060425Z/runs/S2_DCB_SBVCHP-SBORC_R1234zeZ_R245fa_seed042_20260717T060425Z/metadata/manifest.json,,BATCH_S2_20260717T060425Z,,,True,40dfb879856ace0034d3e9d581dcc0287ce54f9ca4841bf25f956bb61bbe27ad,0ad7fba74324a328ab24ce9759f2db4a3e491d46e078654cec112b342a43e688
S2_DCB_SBVCHP-SBORC_R1234zeZ_R365MFC_seed042_20260717T060425Z,S2,DC-B,SBVCHP_SBORC,R1234ze(Z),R365MFC,42,FINISHED,COMPLETED,0,150.57113218307495,28632b8eecf359a056ddde69e35ae7338cf31be5,False,58316595e50d4ab2d69d17ea45335b5ce247feb742f7b2fedb72bb2959ea62b0,2026-07-17T06:07:10Z,2026-07-17T06:09:38Z,6594,6389,205,836,150,hypervolume_converged,0.0615219034859138,0.0042246006670515,True,836,1672,0,${CBSIM_RUNS_ROOT}/S2_FORMAL/BATCH_S2_20260717T060425Z/runs/S2_DCB_SBVCHP-SBORC_R1234zeZ_R365MFC_seed042_20260717T060425Z,${CBSIM_RUNS_ROOT}/S2_FORMAL/BATCH_S2_20260717T060425Z/runs/S2_DCB_SBVCHP-SBORC_R1234zeZ_R365MFC_seed042_20260717T060425Z/metadata/manifest.json,,BATCH_S2_20260717T060425Z,,,True,2cf57c121c600f2869039d27638a1c44f612f1b92a7ebbe9b6bb4103d543fd0b,a7c6f653d1df8c9cd43049b4b0540163b2911ba1c440ed40e2688fbfed2ae055
S2_DCB_SBVCHP-SBORC_R1234zeZ_R600_seed042_20260717T060425Z,S2,DC-B,SBVCHP_SBORC,R1234ze(Z),R600,42,FINISHED,COMPLETED,0,158.79753756523132,28632b8eecf359a056ddde69e35ae7338cf31be5,False,58316595e50d4ab2d69d17ea45335b5ce247feb742f7b2fedb72bb2959ea62b0,2026-07-17T06:10:01Z,2026-07-17T06:12:38Z,6787,6618,169,979,153,hypervolume_converged,0.0608390265934981,0.0037848809892879,True,979,1958,0,${CBSIM_RUNS_ROOT}/S2_FORMAL/BATCH_S2_20260717T060425Z/runs/S2_DCB_SBVCHP-SBORC_R1234zeZ_R600_seed042_20260717T060425Z,${CBSIM_RUNS_ROOT}/S2_FORMAL/BATCH_S2_20260717T060425Z/runs/S2_DCB_SBVCHP-SBORC_R1234zeZ_R600_seed042_20260717T060425Z/metadata/manifest.json,,BATCH_S2_20260717T060425Z,,,True,e4a7d4d6a150b34f972e9c13d98a04129397f26588ec41835b7b953eff07e816,f66c1f038a6a8d8183808c6e6f57821610dec51b3f1d37d73ee886446ecc284d
S2_DCB_SBVCHP-SBORC_R1234zeZ_R600a_seed042_20260717T060425Z,S2,DC-B,SBVCHP_SBORC,R1234ze(Z),R600a,42,FINISHED,COMPLETED,0,203.5372326374054,28632b8eecf359a056ddde69e35ae7338cf31be5,False,58316595e50d4ab2d69d17ea45335b5ce247feb742f7b2fedb72bb2959ea62b0,2026-07-17T06:11:09Z,2026-07-17T06:14:31Z,9740,9329,411,894,220,hypervolume_converged,0.0591364921388814,0.004471167899492,True,894,1788,0,${CBSIM_RUNS_ROOT}/S2_FORMAL/BATCH_S2_20260717T060425Z/runs/S2_DCB_SBVCHP-SBORC_R1234zeZ_R600a_seed042_20260717T060425Z,${CBSIM_RUNS_ROOT}/S2_FORMAL/BATCH_S2_20260717T060425Z/runs/S2_DCB_SBVCHP-SBORC_R1234zeZ_R600a_seed042_20260717T060425Z/metadata/manifest.json,,BATCH_S2_20260717T060425Z,,,True,180f92e73fa33b1746f40f277d7cebbc25c4f8fecf97d1e7baa482906d88b157,faa3fde29a16ca72b398c32ef3b2e47e60fbebd8b0e1f080a43d4e5571e37768
S2_DCB_SBVCHP-SBORC_R245fa_R1234zeE_seed042_20260717T060425Z,S2,DC-B,SBVCHP_SBORC,R245fa,R1234ze(E),42,FINISHED,COMPLETED,0,201.544068813324,28632b8eecf359a056ddde69e35ae7338cf31be5,False,58316595e50d4ab2d69d17ea45335b5ce247feb742f7b2fedb72bb2959ea62b0,2026-07-17T06:21:10Z,2026-07-17T06:24:30Z,9025,7812,1213,583,206,hypervolume_converged,0.0436599959190389,0.0042196978354056,True,589,1178,2,${CBSIM_RUNS_ROOT}/S2_FORMAL/BATCH_S2_20260717T060425Z/runs/S2_DCB_SBVCHP-SBORC_R245fa_R1234zeE_seed042_20260717T060425Z,${CBSIM_RUNS_ROOT}/S2_FORMAL/BATCH_S2_20260717T060425Z/runs/S2_DCB_SBVCHP-SBORC_R245fa_R1234zeE_seed042_20260717T060425Z/metadata/manifest.json,,BATCH_S2_20260717T060425Z,,,True,4aa5d7d2b7bea6429a54b4999bd86da2b79dbba079bf0f25af822b043149bf77,51576b476532741606eff5599b074e900053af62ba57c1b87d1e71c2c8009eed
S2_DCB_SBVCHP-SBORC_R245fa_R152A_seed042_20260717T060425Z,S2,DC-B,SBVCHP_SBORC,R245fa,R152A,42,FINISHED,COMPLETED,0,222.09813451766968,28632b8eecf359a056ddde69e35ae7338cf31be5,False,58316595e50d4ab2d69d17ea45335b5ce247feb742f7b2fedb72bb2959ea62b0,2026-07-17T06:24:15Z,2026-07-17T06:27:55Z,9188,5733,3455,349,209,hypervolume_converged,0.020671854096717,0.0046684734864793,True,349,698,0,${CBSIM_RUNS_ROOT}/S2_FORMAL/BATCH_S2_20260717T060425Z/runs/S2_DCB_SBVCHP-SBORC_R245fa_R152A_seed042_20260717T060425Z,${CBSIM_RUNS_ROOT}/S2_FORMAL/BATCH_S2_20260717T060425Z/runs/S2_DCB_SBVCHP-SBORC_R245fa_R152A_seed042_20260717T060425Z/metadata/manifest.json,,BATCH_S2_20260717T060425Z,,,True,9df55f29026914a6410400c441e320b7597e69d5cdbc5ed5399d84eddc172df4,48259d02a4ea17f0a6427f9a57295257bf89d51a1bd11859a4b013bbbbff8f3b
S2_DCB_SBVCHP-SBORC_R245fa_R245fa_seed042_20260717T060425Z,S2,DC-B,SBVCHP_SBORC,R245fa,R245fa,42,FINISHED,COMPLETED,0,135.31086015701294,28632b8eecf359a056ddde69e35ae7338cf31be5,False,58316595e50d4ab2d69d17ea45335b5ce247feb742f7b2fedb72bb2959ea62b0,2026-07-17T06:18:40Z,2026-07-17T06:20:54Z,6560,6138,422,569,150,hypervolume_converged,0.0500028537569724,0.0044295674783147,True,571,1142,0,${CBSIM_RUNS_ROOT}/S2_FORMAL/BATCH_S2_20260717T060425Z/runs/S2_DCB_SBVCHP-SBORC_R245fa_R245fa_seed042_20260717T060425Z,${CBSIM_RUNS_ROOT}/S2_FORMAL/BATCH_S2_20260717T060425Z/runs/S2_DCB_SBVCHP-SBORC_R245fa_R245fa_seed042_20260717T060425Z/metadata/manifest.json,,BATCH_S2_20260717T060425Z,,,True,7e92e0189a9d9b6f8f917ed23c38ef587519f00f3e9afd7a4b1a2e5bb45aeeb4,0e106a945a98ffe75d2d122e72c8b38903fefff25bd4a084699bbe5e23ed5db9
S2_DCB_SBVCHP-SBORC_R245fa_R290_seed042_20260717T060425Z,S2,DC-B,SBVCHP_SBORC,R245fa,R290,42,FINISHED,COMPLETED,0,369.5897386074066,28632b8eecf359a056ddde69e35ae7338cf31be5,False,58316595e50d4ab2d69d17ea45335b5ce247feb742f7b2fedb72bb2959ea62b0,2026-07-17T06:24:01Z,2026-07-17T06:30:09Z,12456,8296,4160,587,283,hypervolume_converged,0.0328257655496485,0.0034978054725491,True,590,1180,3,${CBSIM_RUNS_ROOT}/S2_FORMAL/BATCH_S2_20260717T060425Z/runs/S2_DCB_SBVCHP-SBORC_R245fa_R290_seed042_20260717T060425Z,${CBSIM_RUNS_ROOT}/S2_FORMAL/BATCH_S2_20260717T060425Z/runs/S2_DCB_SBVCHP-SBORC_R245fa_R290_seed042_20260717T060425Z/metadata/manifest.json,,BATCH_S2_20260717T060425Z,,,True,20eafbc45678d241cf00f65166fff250515ab01521ebac4685dd936590f10acf,e24921dd5073a16802ba6d9a6b4ac09ae753f086808c3b9a63681003ed6a0868
S2_DCB_SBVCHP-SBORC_R245fa_R365MFC_seed042_20260717T060425Z,S2,DC-B,SBVCHP_SBORC,R245fa,R365MFC,42,FINISHED,COMPLETED,0,137.96415305137634,28632b8eecf359a056ddde69e35ae7338cf31be5,False,58316595e50d4ab2d69d17ea45335b5ce247feb742f7b2fedb72bb2959ea62b0,2026-07-17T06:18:32Z,2026-07-17T06:20:48Z,7007,6881,126,468,161,hypervolume_converged,0.0509335930511261,0.004689392407216,True,468,936,0,${CBSIM_RUNS_ROOT}/S2_FORMAL/BATCH_S2_20260717T060425Z/runs/S2_DCB_SBVCHP-SBORC_R245fa_R365MFC_seed042_20260717T060425Z,${CBSIM_RUNS_ROOT}/S2_FORMAL/BATCH_S2_20260717T060425Z/runs/S2_DCB_SBVCHP-SBORC_R245fa_R365MFC_seed042_20260717T060425Z/metadata/manifest.json,,BATCH_S2_20260717T060425Z,,,True,c4b2438d99fc699c5287dd672099491447f0a49401cf7eb3d5ab710b6dd9a1dd,fff5fb23b3c60c7e6c1ad35bb4410fcaf0bd535ee4a06f06c6cfaf9501e9d39d
S2_DCB_SBVCHP-SBORC_R245fa_R600_seed042_20260717T060425Z,S2,DC-B,SBVCHP_SBORC,R245fa,R600,42,FINISHED,COMPLETED,0,138.891863822937,28632b8eecf359a056ddde69e35ae7338cf31be5,False,58316595e50d4ab2d69d17ea45335b5ce247feb742f7b2fedb72bb2959ea62b0,2026-07-17T06:20:40Z,2026-07-17T06:22:57Z,6586,6111,475,683,150,hypervolume_converged,0.0505055661306646,0.0043980545028607,True,683,1366,0,${CBSIM_RUNS_ROOT}/S2_FORMAL/BATCH_S2_20260717T060425Z/runs/S2_DCB_SBVCHP-SBORC_R245fa_R600_seed042_20260717T060425Z,${CBSIM_RUNS_ROOT}/S2_FORMAL/BATCH_S2_20260717T060425Z/runs/S2_DCB_SBVCHP-SBORC_R245fa_R600_seed042_20260717T060425Z/metadata/manifest.json,,BATCH_S2_20260717T060425Z,,,True,1dc10199385b0862af73e2be9ec99decf317e598484539968f7187b1c5b26ea5,66820d155420df08049adbd2669dc9f4da483b624be8f14003d80abae02c481c
S2_DCB_SBVCHP-SBORC_R600_R1234zeE_seed042_20260717T060425Z,S2,DC-B,SBVCHP_SBORC,R600,R1234ze(E),42,FINISHED,COMPLETED,0,174.04301381111145,28632b8eecf359a056ddde69e35ae7338cf31be5,False,58316595e50d4ab2d69d17ea45335b5ce247feb742f7b2fedb72bb2959ea62b0,2026-07-17T06:22:50Z,2026-07-17T06:25:42Z,7654,6458,1196,537,174,hypervolume_converged,0.0446135200029229,0.0040123612313399,True,537,1074,0,${CBSIM_RUNS_ROOT}/S2_FORMAL/BATCH_S2_20260717T060425Z/runs/S2_DCB_SBVCHP-SBORC_R600_R1234zeE_seed042_20260717T060425Z,${CBSIM_RUNS_ROOT}/S2_FORMAL/BATCH_S2_20260717T060425Z/runs/S2_DCB_SBVCHP-SBORC_R600_R1234zeE_seed042_20260717T060425Z/metadata/manifest.json,,BATCH_S2_20260717T060425Z,,,True,5a5040d0805b33e320c017dd2931d584386dae15f69be115e6f2addf3b9a513c,89abc854e9df3e44280ab9035766ec2d2bd1c5a7cbda6cd0e867213babb7c646
S2_DCB_SRVCHP-SRORC_Cyclopentane_R236ea_seed042_20260717T060425Z,S2,DC-B,SRVCHP_SRORC,Cyclopentane,R236ea,42,FINISHED,COMPLETED,0,566.8947234153748,28632b8eecf359a056ddde69e35ae7338cf31be5,False,58316595e50d4ab2d69d17ea45335b5ce247feb742f7b2fedb72bb2959ea62b0,2026-07-17T06:27:13Z,2026-07-17T06:36:37Z,6609,6317,292,1031,150,hypervolume_converged,0.0988805304347653,0.0034891443374001,True,1031,2062,0,${CBSIM_RUNS_ROOT}/S2_FORMAL/BATCH_S2_20260717T060425Z/runs/S2_DCB_SRVCHP-SRORC_Cyclopentane_R236ea_seed042_20260717T060425Z,${CBSIM_RUNS_ROOT}/S2_FORMAL/BATCH_S2_20260717T060425Z/runs/S2_DCB_SRVCHP-SRORC_Cyclopentane_R236ea_seed042_20260717T060425Z/metadata/manifest.json,,BATCH_S2_20260717T060425Z,,,True,b1801d569713060a674c565d8f9f2351ab07508cdfcc7158f685e5dfb6bd6c74,aa5395e3f50820002fe7f5e04aa4262c923577aecaa4545262e2237dad809069
S2_DCB_SRVCHP-SRORC_Cyclopentane_R245fa_seed042_20260717T060425Z,S2,DC-B,SRVCHP_SRORC,Cyclopentane,R245fa,42,FINISHED,COMPLETED,0,181.6163921356201,28632b8eecf359a056ddde69e35ae7338cf31be5,False,58316595e50d4ab2d69d17ea45335b5ce247feb742f7b2fedb72bb2959ea62b0,2026-07-17T06:30:45Z,2026-07-17T06:33:45Z,7627,6820,807,844,174,hypervolume_converged,0.0980318913514918,0.0036489681255733,True,844,1688,0,${CBSIM_RUNS_ROOT}/S2_FORMAL/BATCH_S2_20260717T060425Z/runs/S2_DCB_SRVCHP-SRORC_Cyclopentane_R245fa_seed042_20260717T060425Z,${CBSIM_RUNS_ROOT}/S2_FORMAL/BATCH_S2_20260717T060425Z/runs/S2_DCB_SRVCHP-SRORC_Cyclopentane_R245fa_seed042_20260717T060425Z/metadata/manifest.json,,BATCH_S2_20260717T060425Z,,,True,f074e0a28cc7608d2aeabfd6a7493eb8c1d5e1130b4e0b8ac2f6f48271c2f9c7,c6729dbbe6e2c6a5a86335da4ee751bbda7ac0db14a525def26316982caad763
S2_DCB_SRVCHP-SRORC_Cyclopentane_R365MFC_seed042_20260717T060425Z,S2,DC-B,SRVCHP_SRORC,Cyclopentane,R365MFC,42,FINISHED,COMPLETED,0,169.3402500152588,28632b8eecf359a056ddde69e35ae7338cf31be5,False,58316595e50d4ab2d69d17ea45335b5ce247feb742f7b2fedb72bb2959ea62b0,2026-07-17T06:24:23Z,2026-07-17T06:27:11Z,6637,6258,379,1094,150,hypervolume_converged,0.1050833767616753,0.0035820329982583,True,1094,2188,0,${CBSIM_RUNS_ROOT}/S2_FORMAL/BATCH_S2_20260717T060425Z/runs/S2_DCB_SRVCHP-SRORC_Cyclopentane_R365MFC_seed042_20260717T060425Z,${CBSIM_RUNS_ROOT}/S2_FORMAL/BATCH_S2_20260717T060425Z/runs/S2_DCB_SRVCHP-SRORC_Cyclopentane_R365MFC_seed042_20260717T060425Z/metadata/manifest.json,,BATCH_S2_20260717T060425Z,,,True,b8dee854689af67bdeb64c23a35724cee133df521deb862345d9ead3539c13d2,f94d16ea6cd065df46b7f8d78d5f0dae9febddd8a5c6b1f1de4e62bfc5b30ab9
S2_DCB_SRVCHP-SRORC_Cyclopentane_R600_seed042_20260717T060425Z,S2,DC-B,SRVCHP_SRORC,Cyclopentane,R600,42,FINISHED,COMPLETED,0,179.5959815979004,28632b8eecf359a056ddde69e35ae7338cf31be5,False,58316595e50d4ab2d69d17ea45335b5ce247feb742f7b2fedb72bb2959ea62b0,2026-07-17T06:32:53Z,2026-07-17T06:35:51Z,7078,6276,802,1140,161,hypervolume_converged,0.0986726372715565,0.0036083281087952,True,1140,2280,0,${CBSIM_RUNS_ROOT}/S2_FORMAL/BATCH_S2_20260717T060425Z/runs/S2_DCB_SRVCHP-SRORC_Cyclopentane_R600_seed042_20260717T060425Z,${CBSIM_RUNS_ROOT}/S2_FORMAL/BATCH_S2_20260717T060425Z/runs/S2_DCB_SRVCHP-SRORC_Cyclopentane_R600_seed042_20260717T060425Z/metadata/manifest.json,,BATCH_S2_20260717T060425Z,,,True,b49f765e1a5be9a9a0a47c72e969889b4090b278f709a2a55926d6805448ddd0,42482388f783391c836917d32c10c1e918d7693bb5923ab376dfd08241013e88
S2_DCB_SRVCHP-SRORC_R1233zdE_R227EA_seed042_20260717T060425Z,S2,DC-B,SRVCHP_SRORC,R1233zd(E),R227EA,42,FINISHED,COMPLETED,0,409.9226920604706,28632b8eecf359a056ddde69e35ae7338cf31be5,False,58316595e50d4ab2d69d17ea45335b5ce247feb742f7b2fedb72bb2959ea62b0,2026-07-17T06:50:12Z,2026-07-17T06:57:00Z,7604,5670,1934,644,172,hypervolume_converged,0.0804731219228129,0.0046578310807004,True,648,1296,4,${CBSIM_RUNS_ROOT}/S2_FORMAL/BATCH_S2_20260717T060425Z/runs/S2_DCB_SRVCHP-SRORC_R1233zdE_R227EA_seed042_20260717T060425Z,${CBSIM_RUNS_ROOT}/S2_FORMAL/BATCH_S2_20260717T060425Z/runs/S2_DCB_SRVCHP-SRORC_R1233zdE_R227EA_seed042_20260717T060425Z/metadata/manifest.json,,BATCH_S2_20260717T060425Z,,,True,e9fe0ac0ee0c81f86543f1c9b9fcfbc69cf380b5f6c94d0ae2975a354468cccd,94e524a09b2439d6503abecd026a35d98a34b6a5db2dc2ed1f5e02b75eb7f8b5
S2_DCB_SRVCHP-SRORC_R1233zdE_R236ea_seed042_20260717T060425Z,S2,DC-B,SRVCHP_SRORC,R1233zd(E),R236ea,42,FINISHED,COMPLETED,0,609.4153666496277,28632b8eecf359a056ddde69e35ae7338cf31be5,False,58316595e50d4ab2d69d17ea45335b5ce247feb742f7b2fedb72bb2959ea62b0,2026-07-17T06:42:48Z,2026-07-17T06:52:55Z,7216,6674,542,937,165,hypervolume_converged,0.0928258903839846,0.00478281166808,True,943,1886,3,${CBSIM_RUNS_ROOT}/S2_FORMAL/BATCH_S2_20260717T060425Z/runs/S2_DCB_SRVCHP-SRORC_R1233zdE_R236ea_seed042_20260717T060425Z,${CBSIM_RUNS_ROOT}/S2_FORMAL/BATCH_S2_20260717T060425Z/runs/S2_DCB_SRVCHP-SRORC_R1233zdE_R236ea_seed042_20260717T060425Z/metadata/manifest.json,,BATCH_S2_20260717T060425Z,,,True,d06be323660abd29ca4c4e395e6b3a58dee15d4e01340a2d125e93d95e609e13,65e264d77fc67e600e3884436c5a5c5404a9ac5377dba344dd656cada52295ee
S2_DCB_SRVCHP-SRORC_R1233zdE_R365MFC_seed042_20260717T060425Z,S2,DC-B,SRVCHP_SRORC,R1233zd(E),R365MFC,42,FINISHED,COMPLETED,0,176.9809558391571,28632b8eecf359a056ddde69e35ae7338cf31be5,False,58316595e50d4ab2d69d17ea45335b5ce247feb742f7b2fedb72bb2959ea62b0,2026-07-17T06:30:05Z,2026-07-17T06:32:59Z,6908,6282,626,1101,155,hypervolume_converged,0.0988435736545048,0.0045883090763715,True,1108,2216,6,${CBSIM_RUNS_ROOT}/S2_FORMAL/BATCH_S2_20260717T060425Z/runs/S2_DCB_SRVCHP-SRORC_R1233zdE_R365MFC_seed042_20260717T060425Z,${CBSIM_RUNS_ROOT}/S2_FORMAL/BATCH_S2_20260717T060425Z/runs/S2_DCB_SRVCHP-SRORC_R1233zdE_R365MFC_seed042_20260717T060425Z/metadata/manifest.json,,BATCH_S2_20260717T060425Z,,,True,91ba981b6923ae6fa569563c138f9dec3ab1e7c445e6110b6054b4fb323fef6d,23b91d58bc71ab072be3b847b1d9eca7e5ab6e90a5e96124affa82f0fbf1156a
S2_DCB_SRVCHP-SRORC_R1234zeZ_R236ea_seed042_20260717T060425Z,S2,DC-B,SRVCHP_SRORC,R1234ze(Z),R236ea,42,FINISHED,COMPLETED,0,637.3234541416168,28632b8eecf359a056ddde69e35ae7338cf31be5,False,58316595e50d4ab2d69d17ea45335b5ce247feb742f7b2fedb72bb2959ea62b0,2026-07-17T06:36:18Z,2026-07-17T06:46:53Z,6959,6574,385,917,159,hypervolume_converged,0.0923251377527344,0.0040628139150481,True,917,1834,0,${CBSIM_RUNS_ROOT}/S2_FORMAL/BATCH_S2_20260717T060425Z/runs/S2_DCB_SRVCHP-SRORC_R1234zeZ_R236ea_seed042_20260717T060425Z,${CBSIM_RUNS_ROOT}/S2_FORMAL/BATCH_S2_20260717T060425Z/runs/S2_DCB_SRVCHP-SRORC_R1234zeZ_R236ea_seed042_20260717T060425Z/metadata/manifest.json,,BATCH_S2_20260717T060425Z,,,True,243e371512c2635c44fbced8638d0ea2c53ef09a8d4db296d1686b9e33365f0b,93a297b2091322ae2f8a22ae6b6577ee583dee32bcdf381834542c8189a2d6f6
S2_DCB_SRVCHP-SRORC_R1234zeZ_R365MFC_seed042_20260717T060425Z,S2,DC-B,SRVCHP_SRORC,R1234ze(Z),R365MFC,42,FINISHED,COMPLETED,0,171.65102100372314,28632b8eecf359a056ddde69e35ae7338cf31be5,False,58316595e50d4ab2d69d17ea45335b5ce247feb742f7b2fedb72bb2959ea62b0,2026-07-17T06:27:13Z,2026-07-17T06:30:02Z,7188,6683,505,888,162,hypervolume_converged,0.096562086003305,0.004694207999482,True,888,1776,0,${CBSIM_RUNS_ROOT}/S2_FORMAL/BATCH_S2_20260717T060425Z/runs/S2_DCB_SRVCHP-SRORC_R1234zeZ_R365MFC_seed042_20260717T060425Z,${CBSIM_RUNS_ROOT}/S2_FORMAL/BATCH_S2_20260717T060425Z/runs/S2_DCB_SRVCHP-SRORC_R1234zeZ_R365MFC_seed042_20260717T060425Z/metadata/manifest.json,,BATCH_S2_20260717T060425Z,,,True,55ab75afb297cc7b8ed3de3069b1932811ec735f1f7ca6fed3c8261e21c103d8,2959cf2eb8e0698b2b8bcc63106086ca1fbfb0eb7411f80ddc47d807ddceec11
S2_DCB_SRVCHP-SRORC_R245fa_R227EA_seed042_20260717T060425Z,S2,DC-B,SRVCHP_SRORC,R245fa,R227EA,42,FINISHED,COMPLETED,0,544.1191177368164,28632b8eecf359a056ddde69e35ae7338cf31be5,False,58316595e50d4ab2d69d17ea45335b5ce247feb742f7b2fedb72bb2959ea62b0,2026-07-17T06:49:27Z,2026-07-17T06:58:29Z,8884,6308,2576,548,201,hypervolume_converged,0.0805347565451199,0.0037766890447554,True,553,1106,4,${CBSIM_RUNS_ROOT}/S2_FORMAL/BATCH_S2_20260717T060425Z/runs/S2_DCB_SRVCHP-SRORC_R245fa_R227EA_seed042_20260717T060425Z,${CBSIM_RUNS_ROOT}/S2_FORMAL/BATCH_S2_20260717T060425Z/runs/S2_DCB_SRVCHP-SRORC_R245fa_R227EA_seed042_20260717T060425Z/metadata/manifest.json,,BATCH_S2_20260717T060425Z,,,True,8431b90ebc986d775ef532ddc01a6fae42035ad8aa79d0eb7d0c1593b1405b9a,8307b886a7059b4ef4d2a3e2d5c58b9c669de379b2be97f97aec9b48659a6ec5
S2_DCB_SRVCHP-SRORC_R245fa_R236ea_seed042_20260717T060425Z,S2,DC-B,SRVCHP_SRORC,R245fa,R236ea,42,FINISHED,COMPLETED,0,550.5725009441376,28632b8eecf359a056ddde69e35ae7338cf31be5,False,58316595e50d4ab2d69d17ea45335b5ce247feb742f7b2fedb72bb2959ea62b0,2026-07-17T06:43:14Z,2026-07-17T06:52:22Z,6794,6341,453,835,154,hypervolume_converged,0.0903629308341256,0.0047743893162608,True,838,1676,0,${CBSIM_RUNS_ROOT}/S2_FORMAL/BATCH_S2_20260717T060425Z/runs/S2_DCB_SRVCHP-SRORC_R245fa_R236ea_seed042_20260717T060425Z,${CBSIM_RUNS_ROOT}/S2_FORMAL/BATCH_S2_20260717T060425Z/runs/S2_DCB_SRVCHP-SRORC_R245fa_R236ea_seed042_20260717T060425Z/metadata/manifest.json,,BATCH_S2_20260717T060425Z,,,True,31dee94e1e648606be02ab44e83023807ea6f0dcfdc4b463db9d1c3cf9f32449,9e9e3afe3c6ff19a7fc19f8ed83ec609574d77fdcf987cbcbdc32febaf0ba2dc
S2_DCB_SRVCHP-SRORC_R245fa_R365MFC_seed042_20260717T060425Z,S2,DC-B,SRVCHP_SRORC,R245fa,R365MFC,42,FINISHED,COMPLETED,0,179.00894212722778,28632b8eecf359a056ddde69e35ae7338cf31be5,False,58316595e50d4ab2d69d17ea45335b5ce247feb742f7b2fedb72bb2959ea62b0,2026-07-17T06:33:02Z,2026-07-17T06:35:59Z,7198,6646,552,909,164,hypervolume_converged,0.0952367537906048,0.0041035683653515,True,915,1830,0,${CBSIM_RUNS_ROOT}/S2_FORMAL/BATCH_S2_20260717T060425Z/runs/S2_DCB_SRVCHP-SRORC_R245fa_R365MFC_seed042_20260717T060425Z,${CBSIM_RUNS_ROOT}/S2_FORMAL/BATCH_S2_20260717T060425Z/runs/S2_DCB_SRVCHP-SRORC_R245fa_R365MFC_seed042_20260717T060425Z/metadata/manifest.json,,BATCH_S2_20260717T060425Z,,,True,cfe961309d3f83dda947227ce9299b39a5225d3302f04926027e55a69b113956,e0ef9f00f0b5b0baa7207418e1e279c96507705f35c087d19e68423e631ef414
S2_DCB_SRVCHP-SRORC_R365MFC_R236ea_seed042_20260717T060425Z,S2,DC-B,SRVCHP_SRORC,R365MFC,R236ea,42,FINISHED,COMPLETED,0,619.7806484699249,28632b8eecf359a056ddde69e35ae7338cf31be5,False,58316595e50d4ab2d69d17ea45335b5ce247feb742f7b2fedb72bb2959ea62b0,2026-07-17T06:29:03Z,2026-07-17T06:39:21Z,6646,6381,265,1290,150,hypervolume_converged,0.092339960725864,0.0047230759744827,True,1290,2580,0,${CBSIM_RUNS_ROOT}/S2_FORMAL/BATCH_S2_20260717T060425Z/runs/S2_DCB_SRVCHP-SRORC_R365MFC_R236ea_seed042_20260717T060425Z,${CBSIM_RUNS_ROOT}/S2_FORMAL/BATCH_S2_20260717T060425Z/runs/S2_DCB_SRVCHP-SRORC_R365MFC_R236ea_seed042_20260717T060425Z/metadata/manifest.json,,BATCH_S2_20260717T060425Z,,,True,c0fdbab0f8f18e526ec28d21786d4fe716e516be9e9db4093d517a7ab1f3581e,bdfaab60d717bd186507c094a8387e76801aac62a5a1661e809c2b8b7ae847d3
S2_DCB_SRVCHP-SRORC_R365MFC_R245fa_seed042_20260717T060425Z,S2,DC-B,SRVCHP_SRORC,R365MFC,R245fa,42,FINISHED,COMPLETED,0,156.20766925811768,28632b8eecf359a056ddde69e35ae7338cf31be5,False,58316595e50d4ab2d69d17ea45335b5ce247feb742f7b2fedb72bb2959ea62b0,2026-07-17T06:37:25Z,2026-07-17T06:39:59Z,6580,5894,686,714,150,hypervolume_converged,0.0859738960578729,0.0018661081471768,True,714,1428,0,${CBSIM_RUNS_ROOT}/S2_FORMAL/BATCH_S2_20260717T060425Z/runs/S2_DCB_SRVCHP-SRORC_R365MFC_R245fa_seed042_20260717T060425Z,${CBSIM_RUNS_ROOT}/S2_FORMAL/BATCH_S2_20260717T060425Z/runs/S2_DCB_SRVCHP-SRORC_R365MFC_R245fa_seed042_20260717T060425Z/metadata/manifest.json,,BATCH_S2_20260717T060425Z,,,True,e7d2027d13ab097fd3f912bbca9356b65c8c7710218431479bc132a4937b1e65,d453666613d682839ea9dc659eacb3c5cf0105231ac693438348b0b95fc908d3
S2_DCB_SRVCHP-SRORC_R365MFC_R365MFC_seed042_20260717T060425Z,S2,DC-B,SRVCHP_SRORC,R365MFC,R365MFC,42,FINISHED,COMPLETED,0,160.89236426353455,28632b8eecf359a056ddde69e35ae7338cf31be5,False,58316595e50d4ab2d69d17ea45335b5ce247feb742f7b2fedb72bb2959ea62b0,2026-07-17T06:24:32Z,2026-07-17T06:27:11Z,6612,6294,318,952,150,hypervolume_converged,0.0986758455935796,0.0035241851866703,True,952,1904,0,${CBSIM_RUNS_ROOT}/S2_FORMAL/BATCH_S2_20260717T060425Z/runs/S2_DCB_SRVCHP-SRORC_R365MFC_R365MFC_seed042_20260717T060425Z,${CBSIM_RUNS_ROOT}/S2_FORMAL/BATCH_S2_20260717T060425Z/runs/S2_DCB_SRVCHP-SRORC_R365MFC_R365MFC_seed042_20260717T060425Z/metadata/manifest.json,,BATCH_S2_20260717T060425Z,,,True,7af7598337fdc0698f6a23a6d3aa78f7bee2f37ad662cd613562ee4a41235fef,26e33e10fad1006344162109b48b5d60f71652cab923e506540935b14b330a72
S2_DCB_SRVCHP-SRORC_R365MFC_R600_seed042_20260717T060425Z,S2,DC-B,SRVCHP_SRORC,R365MFC,R600,42,FINISHED,COMPLETED,0,193.40207695961,28632b8eecf359a056ddde69e35ae7338cf31be5,False,58316595e50d4ab2d69d17ea45335b5ce247feb742f7b2fedb72bb2959ea62b0,2026-07-17T06:39:23Z,2026-07-17T06:42:34Z,7340,6546,794,1167,167,hypervolume_converged,0.0922371862798385,0.0043828326079652,True,1167,2334,0,${CBSIM_RUNS_ROOT}/S2_FORMAL/BATCH_S2_20260717T060425Z/runs/S2_DCB_SRVCHP-SRORC_R365MFC_R600_seed042_20260717T060425Z,${CBSIM_RUNS_ROOT}/S2_FORMAL/BATCH_S2_20260717T060425Z/runs/S2_DCB_SRVCHP-SRORC_R365MFC_R600_seed042_20260717T060425Z/metadata/manifest.json,,BATCH_S2_20260717T060425Z,,,True,df3a54ba5b5343a2d2ff6e40e4d94e9bbabddb302c7cde6850d8481f32f7d274,06b4354b142de6fa920cb218966252348c7e9cb89659f8a2093747da4c714804
S2_DCB_SRVCHP-SRORC_R600_R1234zeE_seed042_20260717T060425Z,S2,DC-B,SRVCHP_SRORC,R600,R1234ze(E),42,FINISHED,COMPLETED,0,988.4869148731232,28632b8eecf359a056ddde69e35ae7338cf31be5,False,58316595e50d4ab2d69d17ea45335b5ce247feb742f7b2fedb72bb2959ea62b0,2026-07-17T06:57:02Z,2026-07-17T07:13:28Z,7403,5145,2258,656,168,hypervolume_converged,0.0744756455653419,0.0044592624515941,True,656,1312,0,${CBSIM_RUNS_ROOT}/S2_FORMAL/BATCH_S2_20260717T060425Z/runs/S2_DCB_SRVCHP-SRORC_R600_R1234zeE_seed042_20260717T060425Z,${CBSIM_RUNS_ROOT}/S2_FORMAL/BATCH_S2_20260717T060425Z/runs/S2_DCB_SRVCHP-SRORC_R600_R1234zeE_seed042_20260717T060425Z/metadata/manifest.json,,BATCH_S2_20260717T060425Z,,,True,a6022625b34ad843049750ec70d8fc39548d019a91c5fe336891dcd131a7b2aa,0237e1fae545dbe6bf0a234e131cef34896dea034f52efe99797a93bfb8d0e5c
S2_DCB_SRVCHP-SRORC_R600_R227EA_seed042_20260717T060425Z,S2,DC-B,SRVCHP_SRORC,R600,R227EA,42,FINISHED,COMPLETED,0,452.4927501678467,28632b8eecf359a056ddde69e35ae7338cf31be5,False,58316595e50d4ab2d69d17ea45335b5ce247feb742f7b2fedb72bb2959ea62b0,2026-07-17T06:48:40Z,2026-07-17T06:56:11Z,7958,5923,2035,548,181,hypervolume_converged,0.0794322092654867,0.0033323780195766,True,553,1106,5,${CBSIM_RUNS_ROOT}/S2_FORMAL/BATCH_S2_20260717T060425Z/runs/S2_DCB_SRVCHP-SRORC_R600_R227EA_seed042_20260717T060425Z,${CBSIM_RUNS_ROOT}/S2_FORMAL/BATCH_S2_20260717T060425Z/runs/S2_DCB_SRVCHP-SRORC_R600_R227EA_seed042_20260717T060425Z/metadata/manifest.json,,BATCH_S2_20260717T060425Z,,,True,481a524860d8bc2777ae38ffaa26d9013852e273507d3c17c1fe31f47969a9a2,1005580ba144d42290493ab00fee198d028ff8aeb64ad87b09fd6144385a0737
S2_DCB_SRVCHP-SRORC_R600_R236ea_seed042_20260717T060425Z,S2,DC-B,SRVCHP_SRORC,R600,R236ea,42,FINISHED,COMPLETED,0,571.4317991733551,28632b8eecf359a056ddde69e35ae7338cf31be5,False,58316595e50d4ab2d69d17ea45335b5ce247feb742f7b2fedb72bb2959ea62b0,2026-07-17T06:35:53Z,2026-07-17T06:45:22Z,6557,6256,301,760,150,hypervolume_converged,0.090547826378325,0.0040934649015177,True,760,1520,0,${CBSIM_RUNS_ROOT}/S2_FORMAL/BATCH_S2_20260717T060425Z/runs/S2_DCB_SRVCHP-SRORC_R600_R236ea_seed042_20260717T060425Z,${CBSIM_RUNS_ROOT}/S2_FORMAL/BATCH_S2_20260717T060425Z/runs/S2_DCB_SRVCHP-SRORC_R600_R236ea_seed042_20260717T060425Z/metadata/manifest.json,,BATCH_S2_20260717T060425Z,,,True,8c0174ec2c99121c918008ce4a4656a3443ad8d1547b18f6838ee06a760bf513,88a9edd2124a552ec46a36bc298f9e0c41f04e272e9f36598d895cc839eb13d4
S2_DCB_SRVCHP-SRORC_R600_R245fa_seed042_20260717T060425Z,S2,DC-B,SRVCHP_SRORC,R600,R245fa,42,FINISHED,COMPLETED,0,163.85956120491028,28632b8eecf359a056ddde69e35ae7338cf31be5,False,58316595e50d4ab2d69d17ea45335b5ce247feb742f7b2fedb72bb2959ea62b0,2026-07-17T06:47:26Z,2026-07-17T06:50:08Z,6600,5911,689,729,150,hypervolume_converged,0.0881881466982479,0.0027386199654638,True,729,1458,0,${CBSIM_RUNS_ROOT}/S2_FORMAL/BATCH_S2_20260717T060425Z/runs/S2_DCB_SRVCHP-SRORC_R600_R245fa_seed042_20260717T060425Z,${CBSIM_RUNS_ROOT}/S2_FORMAL/BATCH_S2_20260717T060425Z/runs/S2_DCB_SRVCHP-SRORC_R600_R245fa_seed042_20260717T060425Z/metadata/manifest.json,,BATCH_S2_20260717T060425Z,,,True,77fd24aab87f300d24da03c17aaae48fefdf6f571449b1fb36330051d3e285ad,471d2031a3342118827c045b44d5e9e5cb810f60b0e60fa8d0c73eace2c899ae
S2_DCB_SRVCHP-SRORC_R600_R365MFC_seed042_20260717T060425Z,S2,DC-B,SRVCHP_SRORC,R600,R365MFC,42,FINISHED,COMPLETED,0,182.77003860473636,28632b8eecf359a056ddde69e35ae7338cf31be5,False,58316595e50d4ab2d69d17ea45335b5ce247feb742f7b2fedb72bb2959ea62b0,2026-07-17T06:27:43Z,2026-07-17T06:30:43Z,7499,6960,539,1027,171,hypervolume_converged,0.0955223599937778,0.0046608996951111,True,1027,2054,0,${CBSIM_RUNS_ROOT}/S2_FORMAL/BATCH_S2_20260717T060425Z/runs/S2_DCB_SRVCHP-SRORC_R600_R365MFC_seed042_20260717T060425Z,${CBSIM_RUNS_ROOT}/S2_FORMAL/BATCH_S2_20260717T060425Z/runs/S2_DCB_SRVCHP-SRORC_R600_R365MFC_seed042_20260717T060425Z/metadata/manifest.json,,BATCH_S2_20260717T060425Z,,,True,dd259ed6113c5b8a427b609c0aa535709af2c7fbc8f10867a08cec0fecbfb220,f67fa317fb817559207aa651389a8c7edcd3a4142fc3cca846c03bde278d89de
S2_DCB_SRVCHP-SRORC_R601_R236ea_seed042_20260717T060425Z,S2,DC-B,SRVCHP_SRORC,R601,R236ea,42,FINISHED,COMPLETED,0,548.753858089447,28632b8eecf359a056ddde69e35ae7338cf31be5,False,58316595e50d4ab2d69d17ea45335b5ce247feb742f7b2fedb72bb2959ea62b0,2026-07-17T06:29:52Z,2026-07-17T06:38:59Z,6636,6238,398,1215,150,hypervolume_converged,0.0947477387066224,0.0040987475318816,True,1215,2430,0,${CBSIM_RUNS_ROOT}/S2_FORMAL/BATCH_S2_20260717T060425Z/runs/S2_DCB_SRVCHP-SRORC_R601_R236ea_seed042_20260717T060425Z,${CBSIM_RUNS_ROOT}/S2_FORMAL/BATCH_S2_20260717T060425Z/runs/S2_DCB_SRVCHP-SRORC_R601_R236ea_seed042_20260717T060425Z/metadata/manifest.json,,BATCH_S2_20260717T060425Z,,,True,6a4d2a3fca085efcb49a288d92bdfbb20d77c745c15602209ead4faca0dd88f9,521de857878be4c4ba2ba03db8557330650d7eabef404ee1de0bb0844fab68ea
S2_DCB_SRVCHP-SRORC_R601_R245fa_seed042_20260717T060425Z,S2,DC-B,SRVCHP_SRORC,R601,R245fa,42,FINISHED,COMPLETED,0,190.8583481311798,28632b8eecf359a056ddde69e35ae7338cf31be5,False,58316595e50d4ab2d69d17ea45335b5ce247feb742f7b2fedb72bb2959ea62b0,2026-07-17T06:39:43Z,2026-07-17T06:42:51Z,7738,7015,723,992,176,hypervolume_converged,0.0937872861432779,0.0048641764311371,True,992,1984,0,${CBSIM_RUNS_ROOT}/S2_FORMAL/BATCH_S2_20260717T060425Z/runs/S2_DCB_SRVCHP-SRORC_R601_R245fa_seed042_20260717T060425Z,${CBSIM_RUNS_ROOT}/S2_FORMAL/BATCH_S2_20260717T060425Z/runs/S2_DCB_SRVCHP-SRORC_R601_R245fa_seed042_20260717T060425Z/metadata/manifest.json,,BATCH_S2_20260717T060425Z,,,True,afafc893eac30e294db56648fcd18de4be0ed5bec64c1af8c6931b82f2ef79a6,0605e991a499c7ce44a958d974f7196d6adaadf5f5d8642c246f642d871fdaa0
S2_DCB_SRVCHP-SRORC_R601_R365MFC_seed042_20260717T060425Z,S2,DC-B,SRVCHP_SRORC,R601,R365MFC,42,FINISHED,COMPLETED,0,198.8154141902924,28632b8eecf359a056ddde69e35ae7338cf31be5,False,58316595e50d4ab2d69d17ea45335b5ce247feb742f7b2fedb72bb2959ea62b0,2026-07-17T06:25:44Z,2026-07-17T06:29:01Z,7976,7427,549,1313,181,hypervolume_converged,0.1002942901244697,0.0037291015102837,True,1313,2626,0,${CBSIM_RUNS_ROOT}/S2_FORMAL/BATCH_S2_20260717T060425Z/runs/S2_DCB_SRVCHP-SRORC_R601_R365MFC_seed042_20260717T060425Z,${CBSIM_RUNS_ROOT}/S2_FORMAL/BATCH_S2_20260717T060425Z/runs/S2_DCB_SRVCHP-SRORC_R601_R365MFC_seed042_20260717T060425Z/metadata/manifest.json,,BATCH_S2_20260717T060425Z,,,True,1d6b3d9cca3bda56e82796dc546b11b96aa88d7024b8c53833b5c97599ee0b99,7bf6b128b7e1867ba34e4076e9c9195d4d961be7552f027412d991b36ebc87a6
S2_DCB_SRVCHP-SRORC_R601_R600_seed042_20260717T060425Z,S2,DC-B,SRVCHP_SRORC,R601,R600,42,FINISHED,COMPLETED,0,167.47198820114136,28632b8eecf359a056ddde69e35ae7338cf31be5,False,58316595e50d4ab2d69d17ea45335b5ce247feb742f7b2fedb72bb2959ea62b0,2026-07-17T06:42:37Z,2026-07-17T06:45:22Z,6594,5733,861,937,150,hypervolume_converged,0.0944155518853087,0.0033127346254271,True,937,1874,0,${CBSIM_RUNS_ROOT}/S2_FORMAL/BATCH_S2_20260717T060425Z/runs/S2_DCB_SRVCHP-SRORC_R601_R600_seed042_20260717T060425Z,${CBSIM_RUNS_ROOT}/S2_FORMAL/BATCH_S2_20260717T060425Z/runs/S2_DCB_SRVCHP-SRORC_R601_R600_seed042_20260717T060425Z/metadata/manifest.json,,BATCH_S2_20260717T060425Z,,,True,08f1995a6d399407acb4b20cd3e68fc06a67b71c5224920b0a9f266e866ca377,eb8849778727dfc8aedf7d6151c0d2618d8542db6eb8ba569c4b97244cd6c5ca
S2_DCB_SRVCHP-SRORC_R601a_R227EA_seed042_20260717T060425Z,S2,DC-B,SRVCHP_SRORC,R601a,R227EA,42,FINISHED,COMPLETED,0,394.33406114578247,28632b8eecf359a056ddde69e35ae7338cf31be5,False,58316595e50d4ab2d69d17ea45335b5ce247feb742f7b2fedb72bb2959ea62b0,2026-07-17T06:52:57Z,2026-07-17T06:59:30Z,6723,4788,1935,362,153,hypervolume_converged,0.0808515253645525,0.0045946267585379,True,366,732,4,${CBSIM_RUNS_ROOT}/S2_FORMAL/BATCH_S2_20260717T060425Z/runs/S2_DCB_SRVCHP-SRORC_R601a_R227EA_seed042_20260717T060425Z,${CBSIM_RUNS_ROOT}/S2_FORMAL/BATCH_S2_20260717T060425Z/runs/S2_DCB_SRVCHP-SRORC_R601a_R227EA_seed042_20260717T060425Z/metadata/manifest.json,,BATCH_S2_20260717T060425Z,,,True,b69e9832573683f388048cd45e54c0e314eca58479d4aa826dea9ab885e5d23f,86c4672cc5c2b6d9d1a392a000a7abdc6f9243af737bf7f86fc0198372586985
S2_DCB_SRVCHP-SRORC_R601a_R236ea_seed042_20260717T060425Z,S2,DC-B,SRVCHP_SRORC,R601a,R236ea,42,FINISHED,COMPLETED,0,634.6746530532837,28632b8eecf359a056ddde69e35ae7338cf31be5,False,58316595e50d4ab2d69d17ea45335b5ce247feb742f7b2fedb72bb2959ea62b0,2026-07-17T06:33:47Z,2026-07-17T06:44:20Z,6562,6184,378,1188,150,hypervolume_converged,0.0936715101483786,0.0023990743061309,True,1188,2376,0,${CBSIM_RUNS_ROOT}/S2_FORMAL/BATCH_S2_20260717T060425Z/runs/S2_DCB_SRVCHP-SRORC_R601a_R236ea_seed042_20260717T060425Z,${CBSIM_RUNS_ROOT}/S2_FORMAL/BATCH_S2_20260717T060425Z/runs/S2_DCB_SRVCHP-SRORC_R601a_R236ea_seed042_20260717T060425Z/metadata/manifest.json,,BATCH_S2_20260717T060425Z,,,True,40371931a2a2126d88a3e69cceb23ca62b81869d30de1c17e56287669e57c40e,b167ced9df6f1ae0668c10766ddc2413e21ea8c18ececa47b6658dceded02da8
S2_DCB_SRVCHP-SRORC_R601a_R245fa_seed042_20260717T060425Z,S2,DC-B,SRVCHP_SRORC,R601a,R245fa,42,FINISHED,COMPLETED,0,242.6745641231537,28632b8eecf359a056ddde69e35ae7338cf31be5,False,58316595e50d4ab2d69d17ea45335b5ce247feb742f7b2fedb72bb2959ea62b0,2026-07-17T06:45:24Z,2026-07-17T06:49:25Z,10271,9082,1189,1057,233,hypervolume_converged,0.0934129411831179,0.0039212622496007,True,1057,2114,0,${CBSIM_RUNS_ROOT}/S2_FORMAL/BATCH_S2_20260717T060425Z/runs/S2_DCB_SRVCHP-SRORC_R601a_R245fa_seed042_20260717T060425Z,${CBSIM_RUNS_ROOT}/S2_FORMAL/BATCH_S2_20260717T060425Z/runs/S2_DCB_SRVCHP-SRORC_R601a_R245fa_seed042_20260717T060425Z/metadata/manifest.json,,BATCH_S2_20260717T060425Z,,,True,a8a7ed87c4b0bc3cef3ca06a4222a6adc55887182841ec78b55ef1c47763d793,6324c6309dc86c0f9dc01d2ceb20e8153be7a6467e1192fe16ab5c2a8ad28e52
S2_DCB_SRVCHP-SRORC_R601a_R365MFC_seed042_20260717T060425Z,S2,DC-B,SRVCHP_SRORC,R601a,R365MFC,42,FINISHED,COMPLETED,0,192.79470252990723,28632b8eecf359a056ddde69e35ae7338cf31be5,False,58316595e50d4ab2d69d17ea45335b5ce247feb742f7b2fedb72bb2959ea62b0,2026-07-17T06:26:21Z,2026-07-17T06:29:32Z,8179,7641,538,1029,186,hypervolume_converged,0.0996133061762512,0.0043844100232993,True,1029,2058,0,${CBSIM_RUNS_ROOT}/S2_FORMAL/BATCH_S2_20260717T060425Z/runs/S2_DCB_SRVCHP-SRORC_R601a_R365MFC_seed042_20260717T060425Z,${CBSIM_RUNS_ROOT}/S2_FORMAL/BATCH_S2_20260717T060425Z/runs/S2_DCB_SRVCHP-SRORC_R601a_R365MFC_seed042_20260717T060425Z/metadata/manifest.json,,BATCH_S2_20260717T060425Z,,,True,8399f812645633358d482e5812ce8a36b700b74822b6eaecc1b55333f670141f,cbefea802c8ed03bc8b202f96282d3e3dcb990112758f25f523ce01aeb6eca34
S2_DCB_SRVCHP-SRORC_R601a_R600_seed042_20260717T060425Z,S2,DC-B,SRVCHP_SRORC,R601a,R600,42,FINISHED,COMPLETED,0,175.42255878448486,28632b8eecf359a056ddde69e35ae7338cf31be5,False,58316595e50d4ab2d69d17ea45335b5ce247feb742f7b2fedb72bb2959ea62b0,2026-07-17T06:45:48Z,2026-07-17T06:48:42Z,6651,5941,710,986,150,hypervolume_converged,0.0920916055863021,0.0021580037125351,True,986,1972,0,${CBSIM_RUNS_ROOT}/S2_FORMAL/BATCH_S2_20260717T060425Z/runs/S2_DCB_SRVCHP-SRORC_R601a_R600_seed042_20260717T060425Z,${CBSIM_RUNS_ROOT}/S2_FORMAL/BATCH_S2_20260717T060425Z/runs/S2_DCB_SRVCHP-SRORC_R601a_R600_seed042_20260717T060425Z/metadata/manifest.json,,BATCH_S2_20260717T060425Z,,,True,ccf2331ec678559642cbd2907fc377567ea71f73cd3f19ef52ceb4effdacb12d,d35c0ac81071be7f7f9c8f397cb1613c819b54b9263fab15d3f238e76d07c9cf
S2_DCC_SBVCHP-SBORC_Acetone_R152A_seed042_20260720T015713Z,S2,DC-C,SBVCHP_SBORC,Acetone,R152A,42,FINISHED,COMPLETED,0,321.9121072292328,589248125341b2e1423dab07202f6bc07341eaca,False,49418e798ebfc964ab321e3e4599358f303696cdc781e0a2c4e7f8bff877f183,2026-07-20T01:57:15Z,2026-07-20T02:02:35Z,16135,10253,5882,1178,369,hypervolume_converged,0.0706217317044192,0.0042096146132793,True,1186,2372,3,${CBSIM_RUNS_ROOT}/S2_EXTENSION/BATCH_S2_20260720T015713Z/runs/S2_DCC_SBVCHP-SBORC_Acetone_R152A_seed042_20260720T015713Z,${CBSIM_RUNS_ROOT}/S2_EXTENSION/BATCH_S2_20260720T015713Z/runs/S2_DCC_SBVCHP-SBORC_Acetone_R152A_seed042_20260720T015713Z/metadata/manifest.json,,BATCH_S2_20260720T015713Z,S2_DCC_SBVCHP-SBORC_Acetone_R152A_seed042_20260717T060425Z,${CBSIM_RUNS_ROOT}/S2_FORMAL/BATCH_S2_20260717T060425Z/runs/S2_DCC_SBVCHP-SBORC_Acetone_R152A_seed042_20260717T060425Z,True,2b9505ad3c63a2fa0c8640ee5e2c60b5aeec4aec2ac642ff4259cb35cac86676,9a7b5c46ab516756d30293cb28bcfb08a7a590decbebe04b018545e41e15817f
S2_DCC_SBVCHP-SBORC_Acetone_R236ea_seed042_20260717T060425Z,S2,DC-C,SBVCHP_SBORC,Acetone,R236ea,42,FINISHED,COMPLETED,0,229.47245383262637,28632b8eecf359a056ddde69e35ae7338cf31be5,False,58316595e50d4ab2d69d17ea45335b5ce247feb742f7b2fedb72bb2959ea62b0,2026-07-17T07:16:45Z,2026-07-17T07:20:32Z,8048,7456,592,1369,184,hypervolume_converged,0.1518035608119144,0.0040525239835293,True,1372,2744,3,${CBSIM_RUNS_ROOT}/S2_FORMAL/BATCH_S2_20260717T060425Z/runs/S2_DCC_SBVCHP-SBORC_Acetone_R236ea_seed042_20260717T060425Z,${CBSIM_RUNS_ROOT}/S2_FORMAL/BATCH_S2_20260717T060425Z/runs/S2_DCC_SBVCHP-SBORC_Acetone_R236ea_seed042_20260717T060425Z/metadata/manifest.json,,BATCH_S2_20260717T060425Z,,,True,41dcb0dcae4e838ede39b96dd1bef579bd13a3c8232d8072ecdf13d30a974fb0,4ede3bca85c5837438e8ade6ee4184d501852f5198eaf854e53a9178587ad156
S2_DCC_SBVCHP-SBORC_Acetone_R236fa_seed042_20260717T060425Z,S2,DC-C,SBVCHP_SBORC,Acetone,R236fa,42,FINISHED,COMPLETED,0,239.97543001174927,28632b8eecf359a056ddde69e35ae7338cf31be5,False,58316595e50d4ab2d69d17ea45335b5ce247feb742f7b2fedb72bb2959ea62b0,2026-07-17T07:20:34Z,2026-07-17T07:24:32Z,9015,8516,499,1529,205,hypervolume_converged,0.148764806863534,0.0031775850053209,True,1540,3080,9,${CBSIM_RUNS_ROOT}/S2_FORMAL/BATCH_S2_20260717T060425Z/runs/S2_DCC_SBVCHP-SBORC_Acetone_R236fa_seed042_20260717T060425Z,${CBSIM_RUNS_ROOT}/S2_FORMAL/BATCH_S2_20260717T060425Z/runs/S2_DCC_SBVCHP-SBORC_Acetone_R236fa_seed042_20260717T060425Z/metadata/manifest.json,,BATCH_S2_20260717T060425Z,,,True,72439d42aa708dd03301c5356e862deeb7cf10b365f3ed4a474c5c4ec0292ecd,46714c763876c1d063272bc3541d480a31a693ee56a9165a512790cc4bfa6a3a
S2_DCC_SBVCHP-SBORC_Acetone_R245fa_seed042_20260717T060425Z,S2,DC-C,SBVCHP_SBORC,Acetone,R245fa,42,FINISHED,COMPLETED,0,325.1648905277252,28632b8eecf359a056ddde69e35ae7338cf31be5,False,58316595e50d4ab2d69d17ea45335b5ce247feb742f7b2fedb72bb2959ea62b0,2026-07-17T07:18:39Z,2026-07-17T07:24:02Z,11322,10074,1248,1678,258,hypervolume_converged,0.1616202987827674,0.0041604994347168,True,1705,3410,23,${CBSIM_RUNS_ROOT}/S2_FORMAL/BATCH_S2_20260717T060425Z/runs/S2_DCC_SBVCHP-SBORC_Acetone_R245fa_seed042_20260717T060425Z,${CBSIM_RUNS_ROOT}/S2_FORMAL/BATCH_S2_20260717T060425Z/runs/S2_DCC_SBVCHP-SBORC_Acetone_R245fa_seed042_20260717T060425Z/metadata/manifest.json,,BATCH_S2_20260717T060425Z,,,True,3001d7c608043f1abb953e23ba2a3cfb5d9edcfac1761ffd8f5a7ac18b1607e8,186463de8a2ebd19939e0bb8a48700f65df05426f46ef9303f6f8bdd690ca95a
S2_DCC_SBVCHP-SBORC_Acetone_R600_seed042_20260717T060425Z,S2,DC-C,SBVCHP_SBORC,Acetone,R600,42,FINISHED,COMPLETED,0,226.92838764190677,28632b8eecf359a056ddde69e35ae7338cf31be5,False,58316595e50d4ab2d69d17ea45335b5ce247feb742f7b2fedb72bb2959ea62b0,2026-07-17T07:17:34Z,2026-07-17T07:21:19Z,7735,7269,466,1324,176,hypervolume_converged,0.1567691164968213,0.0041476964034837,True,1333,2666,7,${CBSIM_RUNS_ROOT}/S2_FORMAL/BATCH_S2_20260717T060425Z/runs/S2_DCC_SBVCHP-SBORC_Acetone_R600_seed042_20260717T060425Z,${CBSIM_RUNS_ROOT}/S2_FORMAL/BATCH_S2_20260717T060425Z/runs/S2_DCC_SBVCHP-SBORC_Acetone_R600_seed042_20260717T060425Z/metadata/manifest.json,,BATCH_S2_20260717T060425Z,,,True,957d8ab37d29cca06a0f67c298965253a56f5a01e21718613ba3b2197408d03e,d7a90fbb52f23b71bb04f35161731813adc5e3a2379f01134646be6b8b18b098
S2_DCC_SBVCHP-SBORC_Acetone_R600a_seed042_20260717T060425Z,S2,DC-C,SBVCHP_SBORC,Acetone,R600a,42,FINISHED,COMPLETED,0,219.85471272468567,28632b8eecf359a056ddde69e35ae7338cf31be5,False,58316595e50d4ab2d69d17ea45335b5ce247feb742f7b2fedb72bb2959ea62b0,2026-07-17T07:20:10Z,2026-07-17T07:23:47Z,7479,6877,602,1227,169,hypervolume_converged,0.1542398698279164,0.0045315385894311,True,1236,2472,5,${CBSIM_RUNS_ROOT}/S2_FORMAL/BATCH_S2_20260717T060425Z/runs/S2_DCC_SBVCHP-SBORC_Acetone_R600a_seed042_20260717T060425Z,${CBSIM_RUNS_ROOT}/S2_FORMAL/BATCH_S2_20260717T060425Z/runs/S2_DCC_SBVCHP-SBORC_Acetone_R600a_seed042_20260717T060425Z/metadata/manifest.json,,BATCH_S2_20260717T060425Z,,,True,35e66eff08eea0aa78358e6a914965e8f6eb0880290ca4816a19c93d2056e829,939f77e08936af812dc117b7c98f8b17331ca1e2ce2da8d2376c67142f04e9db
S2_DCC_SBVCHP-SBORC_Cyclopentane_R236ea_seed042_20260717T060425Z,S2,DC-C,SBVCHP_SBORC,Cyclopentane,R236ea,42,FINISHED,COMPLETED,0,168.27146291732788,28632b8eecf359a056ddde69e35ae7338cf31be5,False,58316595e50d4ab2d69d17ea45335b5ce247feb742f7b2fedb72bb2959ea62b0,2026-07-17T06:58:31Z,2026-07-17T07:01:17Z,6771,6336,435,1136,154,hypervolume_converged,0.1384257651692762,0.0041864179347224,True,1136,2272,0,${CBSIM_RUNS_ROOT}/S2_FORMAL/BATCH_S2_20260717T060425Z/runs/S2_DCC_SBVCHP-SBORC_Cyclopentane_R236ea_seed042_20260717T060425Z,${CBSIM_RUNS_ROOT}/S2_FORMAL/BATCH_S2_20260717T060425Z/runs/S2_DCC_SBVCHP-SBORC_Cyclopentane_R236ea_seed042_20260717T060425Z/metadata/manifest.json,,BATCH_S2_20260717T060425Z,,,True,745fadf6453df2489677c6f95b0ac43ac1b52cba5b90071007177d969e655228,aecc6e509889e1b2cf7353b20f92ffd0c34b6077c927df00b1a4b2c8d8e83e3a
S2_DCC_SBVCHP-SBORC_Cyclopentane_R236fa_seed042_20260717T060425Z,S2,DC-C,SBVCHP_SBORC,Cyclopentane,R236fa,42,FINISHED,COMPLETED,0,240.20075631141663,28632b8eecf359a056ddde69e35ae7338cf31be5,False,58316595e50d4ab2d69d17ea45335b5ce247feb742f7b2fedb72bb2959ea62b0,2026-07-17T07:03:58Z,2026-07-17T07:07:56Z,8506,7872,634,1282,194,hypervolume_converged,0.1376241389181648,0.003687401396525,True,1282,2564,0,${CBSIM_RUNS_ROOT}/S2_FORMAL/BATCH_S2_20260717T060425Z/runs/S2_DCC_SBVCHP-SBORC_Cyclopentane_R236fa_seed042_20260717T060425Z,${CBSIM_RUNS_ROOT}/S2_FORMAL/BATCH_S2_20260717T060425Z/runs/S2_DCC_SBVCHP-SBORC_Cyclopentane_R236fa_seed042_20260717T060425Z/metadata/manifest.json,,BATCH_S2_20260717T060425Z,,,True,27070421c259f2cc0f0ba059e73587bd93be4676378b1aabc1249a1dfbe4a276,968d362d945c27d2f589f17b75f2bd00e6dd3e13dff4fb8c37318a7eac998acc
S2_DCC_SBVCHP-SBORC_Cyclopentane_R245fa_seed042_20260717T060425Z,S2,DC-C,SBVCHP_SBORC,Cyclopentane,R245fa,42,FINISHED,COMPLETED,0,318.6165933609009,28632b8eecf359a056ddde69e35ae7338cf31be5,False,58316595e50d4ab2d69d17ea45335b5ce247feb742f7b2fedb72bb2959ea62b0,2026-07-17T07:03:40Z,2026-07-17T07:08:56Z,11733,10907,826,1737,268,hypervolume_converged,0.1456824537613535,0.0043948928884637,True,1737,3474,0,${CBSIM_RUNS_ROOT}/S2_FORMAL/BATCH_S2_20260717T060425Z/runs/S2_DCC_SBVCHP-SBORC_Cyclopentane_R245fa_seed042_20260717T060425Z,${CBSIM_RUNS_ROOT}/S2_FORMAL/BATCH_S2_20260717T060425Z/runs/S2_DCC_SBVCHP-SBORC_Cyclopentane_R245fa_seed042_20260717T060425Z/metadata/manifest.json,,BATCH_S2_20260717T060425Z,,,True,2465795509c0bb738328aeefe67f4537eae2335ceb8dddf8646fe5d637e12062,20abe5207da58c6cec7f9a33fd8930c855a17039d5b83e6cfeeb4d4cd921d543
S2_DCC_SBVCHP-SBORC_Cyclopentane_R600_seed042_20260717T060425Z,S2,DC-C,SBVCHP_SBORC,Cyclopentane,R600,42,FINISHED,COMPLETED,0,238.6179265975952,28632b8eecf359a056ddde69e35ae7338cf31be5,False,58316595e50d4ab2d69d17ea45335b5ce247feb742f7b2fedb72bb2959ea62b0,2026-07-17T07:02:29Z,2026-07-17T07:06:25Z,9691,8949,742,1506,220,hypervolume_converged,0.1432445820571126,0.0046082827010315,True,1506,3012,0,${CBSIM_RUNS_ROOT}/S2_FORMAL/BATCH_S2_20260717T060425Z/runs/S2_DCC_SBVCHP-SBORC_Cyclopentane_R600_seed042_20260717T060425Z,${CBSIM_RUNS_ROOT}/S2_FORMAL/BATCH_S2_20260717T060425Z/runs/S2_DCC_SBVCHP-SBORC_Cyclopentane_R600_seed042_20260717T060425Z/metadata/manifest.json,,BATCH_S2_20260717T060425Z,,,True,f59c8af31ea072fc08bae227f2a57df68537287ecb063cb39cab05f161b369c1,c4cbf327d313ace62f149feacbf0c0f51f187cf59df9181cd498d9b095e922c2
S2_DCC_SBVCHP-SBORC_Cyclopentane_R600a_seed042_20260717T060425Z,S2,DC-C,SBVCHP_SBORC,Cyclopentane,R600a,42,FINISHED,COMPLETED,0,192.2604796886444,28632b8eecf359a056ddde69e35ae7338cf31be5,False,58316595e50d4ab2d69d17ea45335b5ce247feb742f7b2fedb72bb2959ea62b0,2026-07-17T07:01:00Z,2026-07-17T07:04:11Z,7192,6627,565,1086,164,hypervolume_converged,0.1382469253174759,0.0047676380902218,True,1086,2172,0,${CBSIM_RUNS_ROOT}/S2_FORMAL/BATCH_S2_20260717T060425Z/runs/S2_DCC_SBVCHP-SBORC_Cyclopentane_R600a_seed042_20260717T060425Z,${CBSIM_RUNS_ROOT}/S2_FORMAL/BATCH_S2_20260717T060425Z/runs/S2_DCC_SBVCHP-SBORC_Cyclopentane_R600a_seed042_20260717T060425Z/metadata/manifest.json,,BATCH_S2_20260717T060425Z,,,True,ade5f20930b08e205f9c55f7f4392cd93f6cc4d6a2e1544d7e48fe324cba000b,833be283eada07ff71f35e896e1154fe8022c64d1ff0e5860255230edc6af1f8
S2_DCC_SBVCHP-SBORC_R1233zdE_R1234zeE_seed042_20260717T060425Z,S2,DC-C,SBVCHP_SBORC,R1233zd(E),R1234ze(E),42,FINISHED,COMPLETED,0,318.4736499786377,28632b8eecf359a056ddde69e35ae7338cf31be5,False,58316595e50d4ab2d69d17ea45335b5ce247feb742f7b2fedb72bb2959ea62b0,2026-07-17T07:21:02Z,2026-07-17T07:26:18Z,10321,8641,1680,1282,236,hypervolume_converged,0.1170470895221594,0.0041090106658217,True,1283,2566,1,${CBSIM_RUNS_ROOT}/S2_FORMAL/BATCH_S2_20260717T060425Z/runs/S2_DCC_SBVCHP-SBORC_R1233zdE_R1234zeE_seed042_20260717T060425Z,${CBSIM_RUNS_ROOT}/S2_FORMAL/BATCH_S2_20260717T060425Z/runs/S2_DCC_SBVCHP-SBORC_R1233zdE_R1234zeE_seed042_20260717T060425Z/metadata/manifest.json,,BATCH_S2_20260717T060425Z,,,True,9f187028c4549b2fb66705eb371f311f56603eed128063057afe81539eb1494d,f2e915d725a819c958dffce76e739a88c4aa4d4550d87f83611fe70215464903
S2_DCC_SBVCHP-SBORC_R1233zdE_R152A_seed042_20260717T060425Z,S2,DC-C,SBVCHP_SBORC,R1233zd(E),R152A,42,FINISHED,COMPLETED,0,206.32369017601013,28632b8eecf359a056ddde69e35ae7338cf31be5,False,58316595e50d4ab2d69d17ea45335b5ce247feb742f7b2fedb72bb2959ea62b0,2026-07-17T07:26:02Z,2026-07-17T07:29:26Z,6996,4838,2158,842,159,hypervolume_converged,0.0614757821995009,0.0040136835916008,True,843,1686,1,${CBSIM_RUNS_ROOT}/S2_FORMAL/BATCH_S2_20260717T060425Z/runs/S2_DCC_SBVCHP-SBORC_R1233zdE_R152A_seed042_20260717T060425Z,${CBSIM_RUNS_ROOT}/S2_FORMAL/BATCH_S2_20260717T060425Z/runs/S2_DCC_SBVCHP-SBORC_R1233zdE_R152A_seed042_20260717T060425Z/metadata/manifest.json,,BATCH_S2_20260717T060425Z,,,True,61b44c30fc733360c20c327e1ca38163546fee24209432b7e9c0c24b1c43aaf8,27f69db42f32d94c0b942ae5477047c2989717b017a83021c4016dd1f2287ed7
S2_DCC_SBVCHP-SBORC_R1233zdE_R227EA_seed042_20260717T060425Z,S2,DC-C,SBVCHP_SBORC,R1233zd(E),R227EA,42,FINISHED,COMPLETED,0,376.188285112381,28632b8eecf359a056ddde69e35ae7338cf31be5,False,58316595e50d4ab2d69d17ea45335b5ce247feb742f7b2fedb72bb2959ea62b0,2026-07-17T07:23:12Z,2026-07-17T07:29:25Z,8835,7542,1293,1349,200,hypervolume_converged,0.113813443297015,0.0043689396413096,True,1357,2714,6,${CBSIM_RUNS_ROOT}/S2_FORMAL/BATCH_S2_20260717T060425Z/runs/S2_DCC_SBVCHP-SBORC_R1233zdE_R227EA_seed042_20260717T060425Z,${CBSIM_RUNS_ROOT}/S2_FORMAL/BATCH_S2_20260717T060425Z/runs/S2_DCC_SBVCHP-SBORC_R1233zdE_R227EA_seed042_20260717T060425Z/metadata/manifest.json,,BATCH_S2_20260717T060425Z,,,True,013e72ae4a394719ddd7dc18ed8bb349d3316fb7f80a8baa188df7bf75b2d769,844677478cc2485ee11d77d2168da1170ebc61c70a4ef778c0043f5cc8abc5f4
S2_DCC_SBVCHP-SBORC_R1233zdE_R236ea_seed042_20260717T060425Z,S2,DC-C,SBVCHP_SBORC,R1233zd(E),R236ea,42,FINISHED,COMPLETED,0,334.8149857521057,28632b8eecf359a056ddde69e35ae7338cf31be5,False,58316595e50d4ab2d69d17ea45335b5ce247feb742f7b2fedb72bb2959ea62b0,2026-07-17T07:11:10Z,2026-07-17T07:16:42Z,10422,9245,1177,1287,236,hypervolume_converged,0.1222528230734215,0.0045412416126576,True,1287,2574,0,${CBSIM_RUNS_ROOT}/S2_FORMAL/BATCH_S2_20260717T060425Z/runs/S2_DCC_SBVCHP-SBORC_R1233zdE_R236ea_seed042_20260717T060425Z,${CBSIM_RUNS_ROOT}/S2_FORMAL/BATCH_S2_20260717T060425Z/runs/S2_DCC_SBVCHP-SBORC_R1233zdE_R236ea_seed042_20260717T060425Z/metadata/manifest.json,,BATCH_S2_20260717T060425Z,,,True,58d22671b8eaf67d03a4234847c56e47c470f42ecda6d99b02038c8a69d99e61,fe9653be2e006dd55323868e713c8f259bba044ea4b6341b77d3db3befd52b4f
S2_DCC_SBVCHP-SBORC_R1233zdE_R236fa_seed042_20260717T060425Z,S2,DC-C,SBVCHP_SBORC,R1233zd(E),R236fa,42,FINISHED,COMPLETED,0,295.7987904548645,28632b8eecf359a056ddde69e35ae7338cf31be5,False,58316595e50d4ab2d69d17ea45335b5ce247feb742f7b2fedb72bb2959ea62b0,2026-07-17T07:15:42Z,2026-07-17T07:20:36Z,10213,8963,1250,1308,231,hypervolume_converged,0.1192660914556544,0.0042357718052296,True,1309,2618,1,${CBSIM_RUNS_ROOT}/S2_FORMAL/BATCH_S2_20260717T060425Z/runs/S2_DCC_SBVCHP-SBORC_R1233zdE_R236fa_seed042_20260717T060425Z,${CBSIM_RUNS_ROOT}/S2_FORMAL/BATCH_S2_20260717T060425Z/runs/S2_DCC_SBVCHP-SBORC_R1233zdE_R236fa_seed042_20260717T060425Z/metadata/manifest.json,,BATCH_S2_20260717T060425Z,,,True,797b237c14bd5410b21f09bf4f6253ab9e5acfaeaac382883e679033730ee2ad,9417df7e9cdef072a375e7bf5b341a4611207e918252fc857c9d262734b29791
S2_DCC_SBVCHP-SBORC_R1233zdE_R245fa_seed042_20260717T060425Z,S2,DC-C,SBVCHP_SBORC,R1233zd(E),R245fa,42,FINISHED,COMPLETED,0,239.59223222732544,28632b8eecf359a056ddde69e35ae7338cf31be5,False,58316595e50d4ab2d69d17ea45335b5ce247feb742f7b2fedb72bb2959ea62b0,2026-07-17T07:13:34Z,2026-07-17T07:17:32Z,8354,7273,1081,1313,191,hypervolume_converged,0.1251907464555787,0.0047252857203971,True,1315,2630,2,${CBSIM_RUNS_ROOT}/S2_FORMAL/BATCH_S2_20260717T060425Z/runs/S2_DCC_SBVCHP-SBORC_R1233zdE_R245fa_seed042_20260717T060425Z,${CBSIM_RUNS_ROOT}/S2_FORMAL/BATCH_S2_20260717T060425Z/runs/S2_DCC_SBVCHP-SBORC_R1233zdE_R245fa_seed042_20260717T060425Z/metadata/manifest.json,,BATCH_S2_20260717T060425Z,,,True,22845ca0f94c076a4020bac5805868252b3364745198e76b8a25c706565a2bde,42b70b232761a78d9915f82ee695e803bb2906bd91c9276c4f25d4b91d8e6500
S2_DCC_SBVCHP-SBORC_R1233zdE_R600_seed042_20260717T060425Z,S2,DC-C,SBVCHP_SBORC,R1233zd(E),R600,42,FINISHED,COMPLETED,0,182.3584725856781,28632b8eecf359a056ddde69e35ae7338cf31be5,False,58316595e50d4ab2d69d17ea45335b5ce247feb742f7b2fedb72bb2959ea62b0,2026-07-17T07:12:40Z,2026-07-17T07:15:40Z,6608,5848,760,1044,151,hypervolume_converged,0.1225795750764087,0.0034661763877804,True,1044,2088,0,${CBSIM_RUNS_ROOT}/S2_FORMAL/BATCH_S2_20260717T060425Z/runs/S2_DCC_SBVCHP-SBORC_R1233zdE_R600_seed042_20260717T060425Z,${CBSIM_RUNS_ROOT}/S2_FORMAL/BATCH_S2_20260717T060425Z/runs/S2_DCC_SBVCHP-SBORC_R1233zdE_R600_seed042_20260717T060425Z/metadata/manifest.json,,BATCH_S2_20260717T060425Z,,,True,b828c05d7b636226753b2993d9b7d87526286d440ebe17a61b3786f6dd8f50fa,3794c237930b16eafcc4f64473a2433a1fd3084cee402a7bd5cbfb3f5c432b11
S2_DCC_SBVCHP-SBORC_R1233zdE_R600a_seed042_20260717T060425Z,S2,DC-C,SBVCHP_SBORC,R1233zd(E),R600a,42,FINISHED,COMPLETED,0,246.19567608833316,28632b8eecf359a056ddde69e35ae7338cf31be5,False,58316595e50d4ab2d69d17ea45335b5ce247feb742f7b2fedb72bb2959ea62b0,2026-07-17T07:14:33Z,2026-07-17T07:18:37Z,8993,8207,786,1182,204,hypervolume_converged,0.1196756206865891,0.0040632646037059,True,1182,2364,0,${CBSIM_RUNS_ROOT}/S2_FORMAL/BATCH_S2_20260717T060425Z/runs/S2_DCC_SBVCHP-SBORC_R1233zdE_R600a_seed042_20260717T060425Z,${CBSIM_RUNS_ROOT}/S2_FORMAL/BATCH_S2_20260717T060425Z/runs/S2_DCC_SBVCHP-SBORC_R1233zdE_R600a_seed042_20260717T060425Z/metadata/manifest.json,,BATCH_S2_20260717T060425Z,,,True,3f09b3b0aff3756e6905bfa6831c934160e3f0a7388e239633eebd5c55d758ae,a75a75b18a9eab3f4486f4015a29c3b44aba12f23ae211e171b3f68ebbcb7f54
S2_DCC_SBVCHP-SBORC_R1234zeZ_R236ea_seed042_20260717T060425Z,S2,DC-C,SBVCHP_SBORC,R1234ze(Z),R236ea,42,FINISHED,COMPLETED,0,283.7566261291504,28632b8eecf359a056ddde69e35ae7338cf31be5,False,58316595e50d4ab2d69d17ea45335b5ce247feb742f7b2fedb72bb2959ea62b0,2026-07-17T07:05:16Z,2026-07-17T07:09:58Z,9028,8640,388,1374,205,hypervolume_converged,0.1283677871011204,0.0038784908442822,True,1374,2748,0,${CBSIM_RUNS_ROOT}/S2_FORMAL/BATCH_S2_20260717T060425Z/runs/S2_DCC_SBVCHP-SBORC_R1234zeZ_R236ea_seed042_20260717T060425Z,${CBSIM_RUNS_ROOT}/S2_FORMAL/BATCH_S2_20260717T060425Z/runs/S2_DCC_SBVCHP-SBORC_R1234zeZ_R236ea_seed042_20260717T060425Z/metadata/manifest.json,,BATCH_S2_20260717T060425Z,,,True,114935e56b48a654e7eb4ea3f0843509a241b4f3ac54b1f89589c8c3023ffcfa,843b5e83bd451426eae9213d6b194645cd375165c4a908e1349cce5ce7fb4716
S2_DCC_SBVCHP-SBORC_R1234zeZ_R236fa_seed042_20260717T060425Z,S2,DC-C,SBVCHP_SBORC,R1234ze(Z),R236fa,42,FINISHED,COMPLETED,0,332.5118296146393,28632b8eecf359a056ddde69e35ae7338cf31be5,False,58316595e50d4ab2d69d17ea45335b5ce247feb742f7b2fedb72bb2959ea62b0,2026-07-17T07:10:00Z,2026-07-17T07:15:30Z,11495,10929,566,1537,263,hypervolume_converged,0.1241798290988151,0.0045579025260933,True,1537,3074,0,${CBSIM_RUNS_ROOT}/S2_FORMAL/BATCH_S2_20260717T060425Z/runs/S2_DCC_SBVCHP-SBORC_R1234zeZ_R236fa_seed042_20260717T060425Z,${CBSIM_RUNS_ROOT}/S2_FORMAL/BATCH_S2_20260717T060425Z/runs/S2_DCC_SBVCHP-SBORC_R1234zeZ_R236fa_seed042_20260717T060425Z/metadata/manifest.json,,BATCH_S2_20260717T060425Z,,,True,93d6b4a6c6c96d2968853ef46d82989e979c89c4a5546fb8ecd1416b57cb1b2d,06e09597f396980f5d0f139e482ff9a3b9a3027ffece477b77432ec563e0a8b6
S2_DCC_SBVCHP-SBORC_R1234zeZ_R245fa_seed042_20260717T060425Z,S2,DC-C,SBVCHP_SBORC,R1234ze(Z),R245fa,42,FINISHED,COMPLETED,0,214.25310730934143,28632b8eecf359a056ddde69e35ae7338cf31be5,False,58316595e50d4ab2d69d17ea45335b5ce247feb742f7b2fedb72bb2959ea62b0,2026-07-17T07:07:59Z,2026-07-17T07:11:31Z,7662,7334,328,1326,175,hypervolume_converged,0.1321686804292222,0.0034898372201489,True,1326,2652,0,${CBSIM_RUNS_ROOT}/S2_FORMAL/BATCH_S2_20260717T060425Z/runs/S2_DCC_SBVCHP-SBORC_R1234zeZ_R245fa_seed042_20260717T060425Z,${CBSIM_RUNS_ROOT}/S2_FORMAL/BATCH_S2_20260717T060425Z/runs/S2_DCC_SBVCHP-SBORC_R1234zeZ_R245fa_seed042_20260717T060425Z/metadata/manifest.json,,BATCH_S2_20260717T060425Z,,,True,e37b34d3603b3b4674dcb173578f56f2360771c60adc501fbc1b26aa2c73bb12,b3526566b34097e297676539a61b898f519b145fa8b836765ad62ddc9b9162ff
S2_DCC_SBVCHP-SBORC_R1234zeZ_R600_seed042_20260717T060425Z,S2,DC-C,SBVCHP_SBORC,R1234ze(Z),R600,42,FINISHED,COMPLETED,0,235.0803143978119,28632b8eecf359a056ddde69e35ae7338cf31be5,False,58316595e50d4ab2d69d17ea45335b5ce247feb742f7b2fedb72bb2959ea62b0,2026-07-17T07:06:28Z,2026-07-17T07:10:21Z,7471,7085,386,1429,172,hypervolume_converged,0.1297386608523401,0.0047229511198926,True,1429,2858,0,${CBSIM_RUNS_ROOT}/S2_FORMAL/BATCH_S2_20260717T060425Z/runs/S2_DCC_SBVCHP-SBORC_R1234zeZ_R600_seed042_20260717T060425Z,${CBSIM_RUNS_ROOT}/S2_FORMAL/BATCH_S2_20260717T060425Z/runs/S2_DCC_SBVCHP-SBORC_R1234zeZ_R600_seed042_20260717T060425Z/metadata/manifest.json,,BATCH_S2_20260717T060425Z,,,True,a6d8ec0fa0879b80e559294a65d91f2feffb619c2087009b359d8f379963c1a2,bd4b71e9170c4defd65e33957fef9403fe860ec8c16b868eb80f9d2a23826841
S2_DCC_SBVCHP-SBORC_R1234zeZ_R600a_seed042_20260717T060425Z,S2,DC-C,SBVCHP_SBORC,R1234ze(Z),R600a,42,FINISHED,COMPLETED,0,221.11929178237915,28632b8eecf359a056ddde69e35ae7338cf31be5,False,58316595e50d4ab2d69d17ea45335b5ce247feb742f7b2fedb72bb2959ea62b0,2026-07-17T07:08:58Z,2026-07-17T07:12:38Z,8846,8560,286,1302,202,hypervolume_converged,0.1262700901367606,0.0045841261512303,True,1302,2604,0,${CBSIM_RUNS_ROOT}/S2_FORMAL/BATCH_S2_20260717T060425Z/runs/S2_DCC_SBVCHP-SBORC_R1234zeZ_R600a_seed042_20260717T060425Z,${CBSIM_RUNS_ROOT}/S2_FORMAL/BATCH_S2_20260717T060425Z/runs/S2_DCC_SBVCHP-SBORC_R1234zeZ_R600a_seed042_20260717T060425Z/metadata/manifest.json,,BATCH_S2_20260717T060425Z,,,True,9e4e39c4a28ff6cafbd39bda232e8e30292901be579c8e50352ad494c1517882,ec4c10b962faea9f912652f327138cc13045f00edf9b8eed0fba555b3839d176
S2_DCC_SBVCHP-SBORC_R245fa_R1234zeE_seed042_20260717T060425Z,S2,DC-C,SBVCHP_SBORC,R245fa,R1234ze(E),42,FINISHED,COMPLETED,0,329.74027276039124,28632b8eecf359a056ddde69e35ae7338cf31be5,False,58316595e50d4ab2d69d17ea45335b5ce247feb742f7b2fedb72bb2959ea62b0,2026-07-17T07:23:50Z,2026-07-17T07:29:17Z,9229,7728,1501,1215,210,hypervolume_converged,0.1104213558836613,0.0041472970864751,True,1216,2432,1,${CBSIM_RUNS_ROOT}/S2_FORMAL/BATCH_S2_20260717T060425Z/runs/S2_DCC_SBVCHP-SBORC_R245fa_R1234zeE_seed042_20260717T060425Z,${CBSIM_RUNS_ROOT}/S2_FORMAL/BATCH_S2_20260717T060425Z/runs/S2_DCC_SBVCHP-SBORC_R245fa_R1234zeE_seed042_20260717T060425Z/metadata/manifest.json,,BATCH_S2_20260717T060425Z,,,True,43dd0a62f8b54cf3ce5a34da8578fc01ff6708a319d290e50b8756e2f4b86c15,f83794b2b864f2840c16a7ff826aa34438aa942bf78ff87625a4e49e4911fdb5
S2_DCC_SBVCHP-SBORC_R600_R1234zeE_seed042_20260717T060425Z,S2,DC-C,SBVCHP_SBORC,R600,R1234ze(E),42,FINISHED,COMPLETED,0,398.044380903244,28632b8eecf359a056ddde69e35ae7338cf31be5,False,58316595e50d4ab2d69d17ea45335b5ce247feb742f7b2fedb72bb2959ea62b0,2026-07-17T07:24:04Z,2026-07-17T07:30:40Z,11265,9201,2064,1413,257,hypervolume_converged,0.1089326029104198,0.0048326686650975,True,1413,2826,0,${CBSIM_RUNS_ROOT}/S2_FORMAL/BATCH_S2_20260717T060425Z/runs/S2_DCC_SBVCHP-SBORC_R600_R1234zeE_seed042_20260717T060425Z,${CBSIM_RUNS_ROOT}/S2_FORMAL/BATCH_S2_20260717T060425Z/runs/S2_DCC_SBVCHP-SBORC_R600_R1234zeE_seed042_20260717T060425Z/metadata/manifest.json,,BATCH_S2_20260717T060425Z,,,True,34f83760a5f8e68a321661db8f01323e12d1bf4be680e7549084ef8f3dd4ec4f,ea41355723d1b89e59e0fd718ad3f1d09bc37c28f2691c2f1f364d0aa07a03a6
S2_DCC_SRVCHP-SRORC_Acetone_R236ea_seed042_20260717T060425Z,S2,DC-C,SRVCHP_SRORC,Acetone,R236ea,42,FINISHED,COMPLETED,0,546.7916824817657,28632b8eecf359a056ddde69e35ae7338cf31be5,False,58316595e50d4ab2d69d17ea45335b5ce247feb742f7b2fedb72bb2959ea62b0,2026-07-17T08:04:39Z,2026-07-17T08:13:44Z,10691,9079,1612,1374,243,hypervolume_converged,0.1888834374268973,0.0045830543429509,True,1384,2768,7,${CBSIM_RUNS_ROOT}/S2_FORMAL/BATCH_S2_20260717T060425Z/runs/S2_DCC_SRVCHP-SRORC_Acetone_R236ea_seed042_20260717T060425Z,${CBSIM_RUNS_ROOT}/S2_FORMAL/BATCH_S2_20260717T060425Z/runs/S2_DCC_SRVCHP-SRORC_Acetone_R236ea_seed042_20260717T060425Z/metadata/manifest.json,,BATCH_S2_20260717T060425Z,,,True,ed4534b30c763a1f86d6c3558c25347daa173f56a51779b8f09b6b1da8b8f705,d15b8631f0896a9a4577d98fa76abc45bc630ef6c8e703e40947054a735a0d51
S2_DCC_SRVCHP-SRORC_Cyclopentane_R227EA_seed042_20260717T060425Z,S2,DC-C,SRVCHP_SRORC,Cyclopentane,R227EA,42,FINISHED,COMPLETED,0,597.5439596176147,28632b8eecf359a056ddde69e35ae7338cf31be5,False,58316595e50d4ab2d69d17ea45335b5ce247feb742f7b2fedb72bb2959ea62b0,2026-07-17T08:07:09Z,2026-07-17T08:17:05Z,8308,6591,1717,978,188,hypervolume_converged,0.1647875479267105,0.0045863990649108,True,978,1956,0,${CBSIM_RUNS_ROOT}/S2_FORMAL/BATCH_S2_20260717T060425Z/runs/S2_DCC_SRVCHP-SRORC_Cyclopentane_R227EA_seed042_20260717T060425Z,${CBSIM_RUNS_ROOT}/S2_FORMAL/BATCH_S2_20260717T060425Z/runs/S2_DCC_SRVCHP-SRORC_Cyclopentane_R227EA_seed042_20260717T060425Z/metadata/manifest.json,,BATCH_S2_20260717T060425Z,,,True,d25f8072851d358605fce176f7bb65a6024c110911c6c0e230f9c08b205c7f05,be2b8454ca0e52583713aaa9c93f19dc824ce2fe932355b65ed36e990e88bc09
S2_DCC_SRVCHP-SRORC_Cyclopentane_R236ea_seed042_20260717T060425Z,S2,DC-C,SRVCHP_SRORC,Cyclopentane,R236ea,42,FINISHED,COMPLETED,0,553.4550178050995,28632b8eecf359a056ddde69e35ae7338cf31be5,False,58316595e50d4ab2d69d17ea45335b5ce247feb742f7b2fedb72bb2959ea62b0,2026-07-17T07:32:13Z,2026-07-17T07:41:25Z,6636,6351,285,1558,150,hypervolume_converged,0.1873228720137787,0.0040967825336327,True,1558,3116,0,${CBSIM_RUNS_ROOT}/S2_FORMAL/BATCH_S2_20260717T060425Z/runs/S2_DCC_SRVCHP-SRORC_Cyclopentane_R236ea_seed042_20260717T060425Z,${CBSIM_RUNS_ROOT}/S2_FORMAL/BATCH_S2_20260717T060425Z/runs/S2_DCC_SRVCHP-SRORC_Cyclopentane_R236ea_seed042_20260717T060425Z/metadata/manifest.json,,BATCH_S2_20260717T060425Z,,,True,46b8c0c75d5897ef6edea31611f5dcafad9400619cf8b5a3f7613fee66c8bea1,16e72a0a7d96434268586b403d386ccfc5ac787ebe1b39cec5067b8cf8e2f2be
S2_DCC_SRVCHP-SRORC_Cyclopentane_R245fa_seed042_20260717T060425Z,S2,DC-C,SRVCHP_SRORC,Cyclopentane,R245fa,42,FINISHED,COMPLETED,0,218.02273416519165,28632b8eecf359a056ddde69e35ae7338cf31be5,False,58316595e50d4ab2d69d17ea45335b5ce247feb742f7b2fedb72bb2959ea62b0,2026-07-17T07:56:14Z,2026-07-17T07:59:50Z,7631,7139,492,1096,174,hypervolume_converged,0.1873571649378959,0.0041752744747523,True,1096,2192,0,${CBSIM_RUNS_ROOT}/S2_FORMAL/BATCH_S2_20260717T060425Z/runs/S2_DCC_SRVCHP-SRORC_Cyclopentane_R245fa_seed042_20260717T060425Z,${CBSIM_RUNS_ROOT}/S2_FORMAL/BATCH_S2_20260717T060425Z/runs/S2_DCC_SRVCHP-SRORC_Cyclopentane_R245fa_seed042_20260717T060425Z/metadata/manifest.json,,BATCH_S2_20260717T060425Z,,,True,fa54082bb5a7103b0727417688d6f241c35c4681060049fde8b6b7bf86e52383,f71ae30c7734daa787ba06288e8705df94e9b84c0d54c7166ffd377ee795fa11
S2_DCC_SRVCHP-SRORC_Cyclopentane_R600_seed042_20260717T060425Z,S2,DC-C,SRVCHP_SRORC,Cyclopentane,R600,42,FINISHED,COMPLETED,0,481.0112843513489,28632b8eecf359a056ddde69e35ae7338cf31be5,False,58316595e50d4ab2d69d17ea45335b5ce247feb742f7b2fedb72bb2959ea62b0,2026-07-17T07:58:08Z,2026-07-17T08:06:07Z,8452,7988,464,1225,192,hypervolume_converged,0.1868064060481994,0.0039458454279344,True,1225,2450,0,${CBSIM_RUNS_ROOT}/S2_FORMAL/BATCH_S2_20260717T060425Z/runs/S2_DCC_SRVCHP-SRORC_Cyclopentane_R600_seed042_20260717T060425Z,${CBSIM_RUNS_ROOT}/S2_FORMAL/BATCH_S2_20260717T060425Z/runs/S2_DCC_SRVCHP-SRORC_Cyclopentane_R600_seed042_20260717T060425Z/metadata/manifest.json,,BATCH_S2_20260717T060425Z,,,True,5e911da06f36447da47a0428ef343c12b068c1e06fbdcd9dd4a476dac1c5efed,fdebc8b2b6b1853afe076a10be046ceff2ac6e7d8fc31a9e7c06374b60a576f4
S2_DCC_SRVCHP-SRORC_R1233zdE_R1234zeE_seed042_20260717T060425Z,S2,DC-C,SRVCHP_SRORC,R1233zd(E),R1234ze(E),42,FINISHED,COMPLETED,0,344.7643277645111,28632b8eecf359a056ddde69e35ae7338cf31be5,False,58316595e50d4ab2d69d17ea45335b5ce247feb742f7b2fedb72bb2959ea62b0,2026-07-17T08:21:05Z,2026-07-17T08:26:48Z,8457,6451,2006,1142,192,hypervolume_converged,0.1580797546372271,0.0038869784818298,True,1145,2290,2,${CBSIM_RUNS_ROOT}/S2_FORMAL/BATCH_S2_20260717T060425Z/runs/S2_DCC_SRVCHP-SRORC_R1233zdE_R1234zeE_seed042_20260717T060425Z,${CBSIM_RUNS_ROOT}/S2_FORMAL/BATCH_S2_20260717T060425Z/runs/S2_DCC_SRVCHP-SRORC_R1233zdE_R1234zeE_seed042_20260717T060425Z/metadata/manifest.json,,BATCH_S2_20260717T060425Z,,,True,0081e294029d55cd2a42b67839901f32feb82b1da7037b20ae38fdafc226ceda,0ff7827def09da3b75b0508dc7369e7b011bad64ada00eae5552159bb2f22a19
S2_DCC_SRVCHP-SRORC_R1233zdE_R227EA_seed042_20260717T060425Z,S2,DC-C,SRVCHP_SRORC,R1233zd(E),R227EA,42,FINISHED,COMPLETED,0,779.3875160217285,28632b8eecf359a056ddde69e35ae7338cf31be5,False,58316595e50d4ab2d69d17ea45335b5ce247feb742f7b2fedb72bb2959ea62b0,2026-07-17T08:10:20Z,2026-07-17T08:23:17Z,9505,7373,2132,890,216,hypervolume_converged,0.1626646584748161,0.0038868808162922,True,906,1812,16,${CBSIM_RUNS_ROOT}/S2_FORMAL/BATCH_S2_20260717T060425Z/runs/S2_DCC_SRVCHP-SRORC_R1233zdE_R227EA_seed042_20260717T060425Z,${CBSIM_RUNS_ROOT}/S2_FORMAL/BATCH_S2_20260717T060425Z/runs/S2_DCC_SRVCHP-SRORC_R1233zdE_R227EA_seed042_20260717T060425Z/metadata/manifest.json,,BATCH_S2_20260717T060425Z,,,True,9f84a8036504823c1b38ed65e54174a2f2c30491ede56448b40084466f1fce01,c4f7eeee3b163bbb788d3f5ae8a319ddd793363c156b11957bbaff039d9bb7fc
S2_DCC_SRVCHP-SRORC_R1233zdE_R236ea_seed042_20260717T060425Z,S2,DC-C,SRVCHP_SRORC,R1233zd(E),R236ea,42,FINISHED,COMPLETED,0,466.2401933670044,28632b8eecf359a056ddde69e35ae7338cf31be5,False,58316595e50d4ab2d69d17ea45335b5ce247feb742f7b2fedb72bb2959ea62b0,2026-07-17T07:49:00Z,2026-07-17T07:56:44Z,8098,7505,593,1346,184,hypervolume_converged,0.181077772099021,0.0037876163863032,True,1351,2702,0,${CBSIM_RUNS_ROOT}/S2_FORMAL/BATCH_S2_20260717T060425Z/runs/S2_DCC_SRVCHP-SRORC_R1233zdE_R236ea_seed042_20260717T060425Z,${CBSIM_RUNS_ROOT}/S2_FORMAL/BATCH_S2_20260717T060425Z/runs/S2_DCC_SRVCHP-SRORC_R1233zdE_R236ea_seed042_20260717T060425Z/metadata/manifest.json,,BATCH_S2_20260717T060425Z,,,True,fee9843a0921d7b33b69703a5783f92f276a41856622a8357a00e254500e3d02,97b35f5b7e4a49867165f1dc7ba513b9ab2118ba98dfaa6f3eb76b8b062311d5
S2_DCC_SRVCHP-SRORC_R1234zeZ_R236ea_seed042_20260717T060425Z,S2,DC-C,SRVCHP_SRORC,R1234ze(Z),R236ea,42,FINISHED,COMPLETED,0,453.8255994319916,28632b8eecf359a056ddde69e35ae7338cf31be5,False,58316595e50d4ab2d69d17ea45335b5ce247feb742f7b2fedb72bb2959ea62b0,2026-07-17T07:35:45Z,2026-07-17T07:43:17Z,6532,5953,579,997,150,hypervolume_converged,0.1808263721942904,0.0040861367440994,True,997,1994,0,${CBSIM_RUNS_ROOT}/S2_FORMAL/BATCH_S2_20260717T060425Z/runs/S2_DCC_SRVCHP-SRORC_R1234zeZ_R236ea_seed042_20260717T060425Z,${CBSIM_RUNS_ROOT}/S2_FORMAL/BATCH_S2_20260717T060425Z/runs/S2_DCC_SRVCHP-SRORC_R1234zeZ_R236ea_seed042_20260717T060425Z/metadata/manifest.json,,BATCH_S2_20260717T060425Z,,,True,7f0c88c7d54428c965e66a936330ee4507f3f4eb7caf8bebd819029fed913ba5,977880858b7407336d64f640594aeff4fbf7f90985ba34e276df62e3a857d676
S2_DCC_SRVCHP-SRORC_R1234zeZ_R245fa_seed042_20260717T060425Z,S2,DC-C,SRVCHP_SRORC,R1234ze(Z),R245fa,42,FINISHED,COMPLETED,0,250.4787712097168,28632b8eecf359a056ddde69e35ae7338cf31be5,False,58316595e50d4ab2d69d17ea45335b5ce247feb742f7b2fedb72bb2959ea62b0,2026-07-17T08:06:09Z,2026-07-17T08:10:18Z,7907,7263,644,1288,180,hypervolume_converged,0.1809691995687778,0.0049136211365784,True,1288,2576,0,${CBSIM_RUNS_ROOT}/S2_FORMAL/BATCH_S2_20260717T060425Z/runs/S2_DCC_SRVCHP-SRORC_R1234zeZ_R245fa_seed042_20260717T060425Z,${CBSIM_RUNS_ROOT}/S2_FORMAL/BATCH_S2_20260717T060425Z/runs/S2_DCC_SRVCHP-SRORC_R1234zeZ_R245fa_seed042_20260717T060425Z/metadata/manifest.json,,BATCH_S2_20260717T060425Z,,,True,726dcb5315dcf53a530c2c158d2425d2172185ffb12a1fb61f370154f3fffb04,8775a1855f743621cfdb967caec59ff0d18f0fc5ee9cf641588cc07cefd71f28
S2_DCC_SRVCHP-SRORC_R245fa_R227EA_seed042_20260717T060425Z,S2,DC-C,SRVCHP_SRORC,R245fa,R227EA,42,FINISHED,COMPLETED,0,673.0980956554413,28632b8eecf359a056ddde69e35ae7338cf31be5,False,58316595e50d4ab2d69d17ea45335b5ce247feb742f7b2fedb72bb2959ea62b0,2026-07-17T08:13:46Z,2026-07-17T08:24:57Z,8941,6876,2065,1071,203,hypervolume_converged,0.1581054120491479,0.003806422474952,True,1077,2154,5,${CBSIM_RUNS_ROOT}/S2_FORMAL/BATCH_S2_20260717T060425Z/runs/S2_DCC_SRVCHP-SRORC_R245fa_R227EA_seed042_20260717T060425Z,${CBSIM_RUNS_ROOT}/S2_FORMAL/BATCH_S2_20260717T060425Z/runs/S2_DCC_SRVCHP-SRORC_R245fa_R227EA_seed042_20260717T060425Z/metadata/manifest.json,,BATCH_S2_20260717T060425Z,,,True,dc54c5391b2ceb91c8bb4c35a33749974b42841fe3a9ce2ef660ce6f1bbe6fe4,d49bac6f25cc13b59df61d51cfd7107e476ded1f6e14d559b453d6b9a7a527b8
S2_DCC_SRVCHP-SRORC_R245fa_R236ea_seed042_20260717T060425Z,S2,DC-C,SRVCHP_SRORC,R245fa,R236ea,42,FINISHED,COMPLETED,0,369.7824468612671,28632b8eecf359a056ddde69e35ae7338cf31be5,False,58316595e50d4ab2d69d17ea45335b5ce247feb742f7b2fedb72bb2959ea62b0,2026-07-17T07:43:46Z,2026-07-17T07:49:54Z,6628,6056,572,1293,150,hypervolume_converged,0.1783102225551115,0.0037708939901089,True,1293,2586,0,${CBSIM_RUNS_ROOT}/S2_FORMAL/BATCH_S2_20260717T060425Z/runs/S2_DCC_SRVCHP-SRORC_R245fa_R236ea_seed042_20260717T060425Z,${CBSIM_RUNS_ROOT}/S2_FORMAL/BATCH_S2_20260717T060425Z/runs/S2_DCC_SRVCHP-SRORC_R245fa_R236ea_seed042_20260717T060425Z/metadata/manifest.json,,BATCH_S2_20260717T060425Z,,,True,6773572799b8b455d86c9eb2caaf9769ab6c7e8e402fbc0e045b782e14d7def8,343ff54955a95e0f11b1029d49b3d696ef27d7138929ce668292684fcdaaf9ea
S2_DCC_SRVCHP-SRORC_R365MFC_R236ea_seed042_20260717T060425Z,S2,DC-C,SRVCHP_SRORC,R365MFC,R236ea,42,FINISHED,COMPLETED,0,618.0853533744812,28632b8eecf359a056ddde69e35ae7338cf31be5,False,58316595e50d4ab2d69d17ea45335b5ce247feb742f7b2fedb72bb2959ea62b0,2026-07-17T07:33:28Z,2026-07-17T07:43:44Z,7345,6765,580,1063,168,hypervolume_converged,0.1801077208068748,0.0039070054569259,True,1063,2126,0,${CBSIM_RUNS_ROOT}/S2_FORMAL/BATCH_S2_20260717T060425Z/runs/S2_DCC_SRVCHP-SRORC_R365MFC_R236ea_seed042_20260717T060425Z,${CBSIM_RUNS_ROOT}/S2_FORMAL/BATCH_S2_20260717T060425Z/runs/S2_DCC_SRVCHP-SRORC_R365MFC_R236ea_seed042_20260717T060425Z/metadata/manifest.json,,BATCH_S2_20260717T060425Z,,,True,253c5918df6a8d57b58a55316e3501747b47d9c65e0eb87be36b702b1fab59a3,5beb974356d6e0db0b18c8215a292170ef3f087da3b2f5b326fa2781aefbb10c
S2_DCC_SRVCHP-SRORC_R365MFC_R245fa_seed042_20260717T060425Z,S2,DC-C,SRVCHP_SRORC,R365MFC,R245fa,42,FINISHED,COMPLETED,0,311.2952616214752,28632b8eecf359a056ddde69e35ae7338cf31be5,False,58316595e50d4ab2d69d17ea45335b5ce247feb742f7b2fedb72bb2959ea62b0,2026-07-17T08:00:28Z,2026-07-17T08:05:37Z,9039,8360,679,1369,207,hypervolume_converged,0.1798669534360241,0.0042927794843214,True,1369,2738,0,${CBSIM_RUNS_ROOT}/S2_FORMAL/BATCH_S2_20260717T060425Z/runs/S2_DCC_SRVCHP-SRORC_R365MFC_R245fa_seed042_20260717T060425Z,${CBSIM_RUNS_ROOT}/S2_FORMAL/BATCH_S2_20260717T060425Z/runs/S2_DCC_SRVCHP-SRORC_R365MFC_R245fa_seed042_20260717T060425Z/metadata/manifest.json,,BATCH_S2_20260717T060425Z,,,True,271a3a20ac204570dd89c0bd983c56513a0450ae420619d00b9693313b4747b4,c12cb7c08f0cfe4779d42f0ffb6d4da55a533e72c4e3d922cda4d8d935d4fc44
S2_DCC_SRVCHP-SRORC_R365MFC_R600_seed042_20260717T060425Z,S2,DC-C,SRVCHP_SRORC,R365MFC,R600,42,FINISHED,COMPLETED,0,496.3919806480408,28632b8eecf359a056ddde69e35ae7338cf31be5,False,58316595e50d4ab2d69d17ea45335b5ce247feb742f7b2fedb72bb2959ea62b0,2026-07-17T08:04:00Z,2026-07-17T08:12:14Z,8855,8170,685,1313,202,hypervolume_converged,0.181887115694504,0.0034627276645652,True,1313,2626,0,${CBSIM_RUNS_ROOT}/S2_FORMAL/BATCH_S2_20260717T060425Z/runs/S2_DCC_SRVCHP-SRORC_R365MFC_R600_seed042_20260717T060425Z,${CBSIM_RUNS_ROOT}/S2_FORMAL/BATCH_S2_20260717T060425Z/runs/S2_DCC_SRVCHP-SRORC_R365MFC_R600_seed042_20260717T060425Z/metadata/manifest.json,,BATCH_S2_20260717T060425Z,,,True,b8c944843ef7b9e9549a1b7d318c0493b9bdcd935e2cc8b25ed7485e9d258f50,035658a4887202f45fe93817599dfcb7ea26c9c2393311e04c6a8ed4336dfb2b
S2_DCC_SRVCHP-SRORC_R600_R227EA_seed042_20260717T060425Z,S2,DC-C,SRVCHP_SRORC,R600,R227EA,42,FINISHED,COMPLETED,0,686.8210637569427,28632b8eecf359a056ddde69e35ae7338cf31be5,False,58316595e50d4ab2d69d17ea45335b5ce247feb742f7b2fedb72bb2959ea62b0,2026-07-17T08:10:53Z,2026-07-17T08:22:18Z,8006,6345,1661,1093,183,hypervolume_converged,0.1607003777544571,0.0035269036682038,True,1095,2190,2,${CBSIM_RUNS_ROOT}/S2_FORMAL/BATCH_S2_20260717T060425Z/runs/S2_DCC_SRVCHP-SRORC_R600_R227EA_seed042_20260717T060425Z,${CBSIM_RUNS_ROOT}/S2_FORMAL/BATCH_S2_20260717T060425Z/runs/S2_DCC_SRVCHP-SRORC_R600_R227EA_seed042_20260717T060425Z/metadata/manifest.json,,BATCH_S2_20260717T060425Z,,,True,d572ee20c82985dd66dd559ad5fb79c8eb380a74659ce4c33e4b76b4d52054e6,2276dc2f5ec2039e75a2adfaeff50012f998f5d2f7555085328e2b4e6611a0a7
S2_DCC_SRVCHP-SRORC_R600_R236ea_seed042_20260717T060425Z,S2,DC-C,SRVCHP_SRORC,R600,R236ea,42,FINISHED,COMPLETED,0,563.3656141757965,28632b8eecf359a056ddde69e35ae7338cf31be5,False,58316595e50d4ab2d69d17ea45335b5ce247feb742f7b2fedb72bb2959ea62b0,2026-07-17T07:41:27Z,2026-07-17T07:50:48Z,6573,5819,754,943,150,hypervolume_converged,0.1789078700792032,0.004087454287856,True,943,1886,0,${CBSIM_RUNS_ROOT}/S2_FORMAL/BATCH_S2_20260717T060425Z/runs/S2_DCC_SRVCHP-SRORC_R600_R236ea_seed042_20260717T060425Z,${CBSIM_RUNS_ROOT}/S2_FORMAL/BATCH_S2_20260717T060425Z/runs/S2_DCC_SRVCHP-SRORC_R600_R236ea_seed042_20260717T060425Z/metadata/manifest.json,,BATCH_S2_20260717T060425Z,,,True,73fc94c9382fc5280879ce5c9966b2f1c88c1eb50b2b3b68d2aa7762e962d072,4033e277183983919ad2a6d7b522275de9a8e9f54433a0beb8c49f70f963a79e
S2_DCC_SRVCHP-SRORC_R601_R236ea_seed042_20260717T060425Z,S2,DC-C,SRVCHP_SRORC,R601,R236ea,42,FINISHED,COMPLETED,0,585.581981420517,28632b8eecf359a056ddde69e35ae7338cf31be5,False,58316595e50d4ab2d69d17ea45335b5ce247feb742f7b2fedb72bb2959ea62b0,2026-07-17T07:35:08Z,2026-07-17T07:44:51Z,7209,6452,757,1313,165,hypervolume_converged,0.1814231052317317,0.0037229172092417,True,1313,2626,0,${CBSIM_RUNS_ROOT}/S2_FORMAL/BATCH_S2_20260717T060425Z/runs/S2_DCC_SRVCHP-SRORC_R601_R236ea_seed042_20260717T060425Z,${CBSIM_RUNS_ROOT}/S2_FORMAL/BATCH_S2_20260717T060425Z/runs/S2_DCC_SRVCHP-SRORC_R601_R236ea_seed042_20260717T060425Z/metadata/manifest.json,,BATCH_S2_20260717T060425Z,,,True,44f60da57c6fb615da2c554ee3f86daadcebec5b3562b7c1f973ae7ed3786cdc,2566c2a1dabfdc1cccf414b65c55f9e3a8f8706d57d1ed311cfc5e1eaa0a773f
S2_DCC_SRVCHP-SRORC_R601_R245fa_seed042_20260717T060425Z,S2,DC-C,SRVCHP_SRORC,R601,R245fa,42,FINISHED,COMPLETED,0,199.2305901050568,28632b8eecf359a056ddde69e35ae7338cf31be5,False,58316595e50d4ab2d69d17ea45335b5ce247feb742f7b2fedb72bb2959ea62b0,2026-07-17T07:59:52Z,2026-07-17T08:03:09Z,6610,6162,448,1031,150,hypervolume_converged,0.180863845362334,0.0040483028787836,True,1032,2064,1,${CBSIM_RUNS_ROOT}/S2_FORMAL/BATCH_S2_20260717T060425Z/runs/S2_DCC_SRVCHP-SRORC_R601_R245fa_seed042_20260717T060425Z,${CBSIM_RUNS_ROOT}/S2_FORMAL/BATCH_S2_20260717T060425Z/runs/S2_DCC_SRVCHP-SRORC_R601_R245fa_seed042_20260717T060425Z/metadata/manifest.json,,BATCH_S2_20260717T060425Z,,,True,0b239d15ec0ea9ec62388018e5995292965e169dce842fe20f666a731b09eddf,a8f6ac4b3c088c28684014789290c643d81a467cf288a95c13b4be56bec0decd
S2_DCC_SRVCHP-SRORC_R601_R600_seed042_20260717T060425Z,S2,DC-C,SRVCHP_SRORC,R601,R600,42,FINISHED,COMPLETED,0,461.5941016674042,28632b8eecf359a056ddde69e35ae7338cf31be5,False,58316595e50d4ab2d69d17ea45335b5ce247feb742f7b2fedb72bb2959ea62b0,2026-07-17T08:03:11Z,2026-07-17T08:10:51Z,8397,7760,637,1095,192,hypervolume_converged,0.1800337859461561,0.0037490417333202,True,1095,2190,0,${CBSIM_RUNS_ROOT}/S2_FORMAL/BATCH_S2_20260717T060425Z/runs/S2_DCC_SRVCHP-SRORC_R601_R600_seed042_20260717T060425Z,${CBSIM_RUNS_ROOT}/S2_FORMAL/BATCH_S2_20260717T060425Z/runs/S2_DCC_SRVCHP-SRORC_R601_R600_seed042_20260717T060425Z/metadata/manifest.json,,BATCH_S2_20260717T060425Z,,,True,0f12297494761a9ad230b1f589fa0e63f4720370a999c2f34bc256d631e243a1,9b706bc5c114ab766f28800ada1eb8f6edebf576595b32c8416fe226496d50ef
S2_DCC_SRVCHP-SRORC_R601a_R236ea_seed042_20260717T060425Z,S2,DC-C,SRVCHP_SRORC,R601a,R236ea,42,FINISHED,COMPLETED,0,624.3500754833221,28632b8eecf359a056ddde69e35ae7338cf31be5,False,58316595e50d4ab2d69d17ea45335b5ce247feb742f7b2fedb72bb2959ea62b0,2026-07-17T07:49:56Z,2026-07-17T08:00:18Z,9410,8541,869,1115,215,hypervolume_converged,0.1812002292248243,0.0042726049928125,True,1115,2230,0,${CBSIM_RUNS_ROOT}/S2_FORMAL/BATCH_S2_20260717T060425Z/runs/S2_DCC_SRVCHP-SRORC_R601a_R236ea_seed042_20260717T060425Z,${CBSIM_RUNS_ROOT}/S2_FORMAL/BATCH_S2_20260717T060425Z/runs/S2_DCC_SRVCHP-SRORC_R601a_R236ea_seed042_20260717T060425Z/metadata/manifest.json,,BATCH_S2_20260717T060425Z,,,True,cb07a22b2c9aec61ee79fb2e28fe8b04b3fa259e3edec9e838039dc3f076d5a2,9bee609623af942d5c062b9bc9414eeade05172c1257281c831f8625b1ea4eba
S2_DCD_SBVCHP-SBORC_Acetone_R152A_seed042_20260717T060425Z,S2,DC-D,SBVCHP_SBORC,Acetone,R152A,42,FINISHED,COMPLETED,0,262.16558361053467,28632b8eecf359a056ddde69e35ae7338cf31be5,False,58316595e50d4ab2d69d17ea45335b5ce247feb742f7b2fedb72bb2959ea62b0,2026-07-17T07:28:23Z,2026-07-17T07:32:43Z,9234,5706,3528,662,209,hypervolume_converged,0.0364258096241893,0.003062628618878,True,666,1332,0,${CBSIM_RUNS_ROOT}/S2_FORMAL/BATCH_S2_20260717T060425Z/runs/S2_DCD_SBVCHP-SBORC_Acetone_R152A_seed042_20260717T060425Z,${CBSIM_RUNS_ROOT}/S2_FORMAL/BATCH_S2_20260717T060425Z/runs/S2_DCD_SBVCHP-SBORC_Acetone_R152A_seed042_20260717T060425Z/metadata/manifest.json,,BATCH_S2_20260717T060425Z,,,True,76f431580b3c30715967050fe4f5c16f1c9b7edc56d7c21faebe64aea0873d39,10ad135f988405504d320d73ed296a61fd7ae7c6e58fdabfd44362fe5a31009f
S2_DCD_SBVCHP-SBORC_Acetone_R236ea_seed042_20260717T060425Z,S2,DC-D,SBVCHP_SBORC,Acetone,R236ea,42,FINISHED,COMPLETED,0,195.34548568725583,28632b8eecf359a056ddde69e35ae7338cf31be5,False,58316595e50d4ab2d69d17ea45335b5ce247feb742f7b2fedb72bb2959ea62b0,2026-07-17T07:17:08Z,2026-07-17T07:20:22Z,7644,7435,209,1462,173,hypervolume_converged,0.1067912859970004,0.0040959977117866,True,1463,2926,0,${CBSIM_RUNS_ROOT}/S2_FORMAL/BATCH_S2_20260717T060425Z/runs/S2_DCD_SBVCHP-SBORC_Acetone_R236ea_seed042_20260717T060425Z,${CBSIM_RUNS_ROOT}/S2_FORMAL/BATCH_S2_20260717T060425Z/runs/S2_DCD_SBVCHP-SBORC_Acetone_R236ea_seed042_20260717T060425Z/metadata/manifest.json,,BATCH_S2_20260717T060425Z,,,True,7f329bab802bb3d8664d6557b36aa0760b2b1bf6013f1440391bebfa79636e4d,b3a4cb3fb0778fbb8c9d48ac4da96e348dd3d10375e00ff9ae994b13cfcd4805
S2_DCD_SBVCHP-SBORC_Acetone_R236fa_seed042_20260717T060425Z,S2,DC-D,SBVCHP_SBORC,Acetone,R236fa,42,FINISHED,COMPLETED,0,200.2980380058289,28632b8eecf359a056ddde69e35ae7338cf31be5,False,58316595e50d4ab2d69d17ea45335b5ce247feb742f7b2fedb72bb2959ea62b0,2026-07-17T07:20:38Z,2026-07-17T07:23:56Z,8140,7659,481,947,186,hypervolume_converged,0.104919148086188,0.004671295828651,True,951,1902,2,${CBSIM_RUNS_ROOT}/S2_FORMAL/BATCH_S2_20260717T060425Z/runs/S2_DCD_SBVCHP-SBORC_Acetone_R236fa_seed042_20260717T060425Z,${CBSIM_RUNS_ROOT}/S2_FORMAL/BATCH_S2_20260717T060425Z/runs/S2_DCD_SBVCHP-SBORC_Acetone_R236fa_seed042_20260717T060425Z/metadata/manifest.json,,BATCH_S2_20260717T060425Z,,,True,7e0a24447ec7a2a203a2f2cb98d43938cd85f8ad40eb05c3f5e155d95df3143b,00841da743fceeebb45e2c1a1242f9aaec9199c48200205ebe3ffd95afa5d1b3
S2_DCD_SBVCHP-SBORC_Acetone_R245fa_seed042_20260717T060425Z,S2,DC-D,SBVCHP_SBORC,Acetone,R245fa,42,FINISHED,COMPLETED,0,219.4041323661804,28632b8eecf359a056ddde69e35ae7338cf31be5,False,58316595e50d4ab2d69d17ea45335b5ce247feb742f7b2fedb72bb2959ea62b0,2026-07-17T07:19:32Z,2026-07-17T07:23:09Z,9751,9316,435,1090,222,hypervolume_converged,0.112800860330775,0.0040441462627893,True,1093,2186,0,${CBSIM_RUNS_ROOT}/S2_FORMAL/BATCH_S2_20260717T060425Z/runs/S2_DCD_SBVCHP-SBORC_Acetone_R245fa_seed042_20260717T060425Z,${CBSIM_RUNS_ROOT}/S2_FORMAL/BATCH_S2_20260717T060425Z/runs/S2_DCD_SBVCHP-SBORC_Acetone_R245fa_seed042_20260717T060425Z/metadata/manifest.json,,BATCH_S2_20260717T060425Z,,,True,441e7ba034def33018ac5db4e2f8fedf7428df5eb00b07fb17bd0d7f776b6b38,d05ba54df992492761cdcb0ddf71c663b1dec49da33f99bdf1f9610269ead4a5
S2_DCD_SBVCHP-SBORC_Acetone_R365MFC_seed042_20260717T060425Z,S2,DC-D,SBVCHP_SBORC,Acetone,R365MFC,42,FINISHED,COMPLETED,0,190.58718919754028,28632b8eecf359a056ddde69e35ae7338cf31be5,False,58316595e50d4ab2d69d17ea45335b5ce247feb742f7b2fedb72bb2959ea62b0,2026-07-17T07:16:21Z,2026-07-17T07:19:30Z,8327,7987,340,1147,190,hypervolume_converged,0.1133885078130054,0.0042189446727331,True,1148,2296,1,${CBSIM_RUNS_ROOT}/S2_FORMAL/BATCH_S2_20260717T060425Z/runs/S2_DCD_SBVCHP-SBORC_Acetone_R365MFC_seed042_20260717T060425Z,${CBSIM_RUNS_ROOT}/S2_FORMAL/BATCH_S2_20260717T060425Z/runs/S2_DCD_SBVCHP-SBORC_Acetone_R365MFC_seed042_20260717T060425Z/metadata/manifest.json,,BATCH_S2_20260717T060425Z,,,True,f90785671fafacf26282fc97c5cd5230ab39590a9bd71d71f4efbc19b6452f2a,c09e55d0369ed5b6694f4c5c4ac1089f994314a018a4c31b02cc49e4fa046561
S2_DCD_SBVCHP-SBORC_Acetone_R600_seed042_20260717T060425Z,S2,DC-D,SBVCHP_SBORC,Acetone,R600,42,FINISHED,COMPLETED,0,180.5960922241211,28632b8eecf359a056ddde69e35ae7338cf31be5,False,58316595e50d4ab2d69d17ea45335b5ce247feb742f7b2fedb72bb2959ea62b0,2026-07-17T07:18:01Z,2026-07-17T07:21:00Z,7680,7463,217,1211,174,hypervolume_converged,0.1105251635966772,0.0048432868006876,True,1213,2426,1,${CBSIM_RUNS_ROOT}/S2_FORMAL/BATCH_S2_20260717T060425Z/runs/S2_DCD_SBVCHP-SBORC_Acetone_R600_seed042_20260717T060425Z,${CBSIM_RUNS_ROOT}/S2_FORMAL/BATCH_S2_20260717T060425Z/runs/S2_DCD_SBVCHP-SBORC_Acetone_R600_seed042_20260717T060425Z/metadata/manifest.json,,BATCH_S2_20260717T060425Z,,,True,573526b956a6013d129eaf75841e3cf056654b0b7ae99c3219212bfc73c80c32,c89a594878debb0135829a1c699c84bc84bae0cc243aa1e10eb3ff808fcdb551
S2_DCD_SBVCHP-SBORC_Acetone_R600a_seed042_20260717T060425Z,S2,DC-D,SBVCHP_SBORC,Acetone,R600a,42,FINISHED,COMPLETED,0,204.5506477355957,28632b8eecf359a056ddde69e35ae7338cf31be5,False,58316595e50d4ab2d69d17ea45335b5ce247feb742f7b2fedb72bb2959ea62b0,2026-07-17T07:20:24Z,2026-07-17T07:23:46Z,7996,7640,356,1297,182,hypervolume_converged,0.1061566769741784,0.0038216161009975,True,1300,2600,0,${CBSIM_RUNS_ROOT}/S2_FORMAL/BATCH_S2_20260717T060425Z/runs/S2_DCD_SBVCHP-SBORC_Acetone_R600a_seed042_20260717T060425Z,${CBSIM_RUNS_ROOT}/S2_FORMAL/BATCH_S2_20260717T060425Z/runs/S2_DCD_SBVCHP-SBORC_Acetone_R600a_seed042_20260717T060425Z/metadata/manifest.json,,BATCH_S2_20260717T060425Z,,,True,67b4ec5da9257e63e81cdce09720b0b49b8175444b83d2edbe35670b60bc8663,8704cdd8170248f13ef64139fa84ddb0021a02a95f08387d32fb8cf877f747d7
S2_DCD_SBVCHP-SBORC_Cyclopentane_R236ea_seed042_20260717T060425Z,S2,DC-D,SBVCHP_SBORC,Cyclopentane,R236ea,42,FINISHED,COMPLETED,0,267.97992968559265,28632b8eecf359a056ddde69e35ae7338cf31be5,False,58316595e50d4ab2d69d17ea45335b5ce247feb742f7b2fedb72bb2959ea62b0,2026-07-17T06:59:27Z,2026-07-17T07:03:53Z,12316,11059,1257,1185,280,hypervolume_converged,0.0946033121324557,0.0045855279917727,True,1185,2370,0,${CBSIM_RUNS_ROOT}/S2_FORMAL/BATCH_S2_20260717T060425Z/runs/S2_DCD_SBVCHP-SBORC_Cyclopentane_R236ea_seed042_20260717T060425Z,${CBSIM_RUNS_ROOT}/S2_FORMAL/BATCH_S2_20260717T060425Z/runs/S2_DCD_SBVCHP-SBORC_Cyclopentane_R236ea_seed042_20260717T060425Z/metadata/manifest.json,,BATCH_S2_20260717T060425Z,,,True,01b68c98da3c4ef227ac77c84b87036c1dc07f658d129d4dd4ac712d89461634,f9c40978629c1f6ec4e635b98fba38a2ee5d483bda3f6d22b249d388aa370f6f
S2_DCD_SBVCHP-SBORC_Cyclopentane_R236fa_seed042_20260717T060425Z,S2,DC-D,SBVCHP_SBORC,Cyclopentane,R236fa,42,FINISHED,COMPLETED,0,245.0201735496521,28632b8eecf359a056ddde69e35ae7338cf31be5,False,58316595e50d4ab2d69d17ea45335b5ce247feb742f7b2fedb72bb2959ea62b0,2026-07-17T07:04:13Z,2026-07-17T07:08:16Z,10625,9225,1400,1068,241,hypervolume_converged,0.090507628960676,0.0035903072737943,True,1069,2138,1,${CBSIM_RUNS_ROOT}/S2_FORMAL/BATCH_S2_20260717T060425Z/runs/S2_DCD_SBVCHP-SBORC_Cyclopentane_R236fa_seed042_20260717T060425Z,${CBSIM_RUNS_ROOT}/S2_FORMAL/BATCH_S2_20260717T060425Z/runs/S2_DCD_SBVCHP-SBORC_Cyclopentane_R236fa_seed042_20260717T060425Z/metadata/manifest.json,,BATCH_S2_20260717T060425Z,,,True,db545e4848e334f830242c2c3b868d6496e252ec91094092653ffd5cecbd5a22,be1b5abcc05571b3bc25d5c6b2a45674d33e978cbfc328456b0cab26f3bd234a
S2_DCD_SBVCHP-SBORC_Cyclopentane_R245fa_seed042_20260717T060425Z,S2,DC-D,SBVCHP_SBORC,Cyclopentane,R245fa,42,FINISHED,COMPLETED,0,151.22583055496216,28632b8eecf359a056ddde69e35ae7338cf31be5,False,58316595e50d4ab2d69d17ea45335b5ce247feb742f7b2fedb72bb2959ea62b0,2026-07-17T07:03:55Z,2026-07-17T07:06:25Z,6583,5945,638,794,150,hypervolume_converged,0.0975850336431265,0.0040411008200829,True,794,1588,0,${CBSIM_RUNS_ROOT}/S2_FORMAL/BATCH_S2_20260717T060425Z/runs/S2_DCD_SBVCHP-SBORC_Cyclopentane_R245fa_seed042_20260717T060425Z,${CBSIM_RUNS_ROOT}/S2_FORMAL/BATCH_S2_20260717T060425Z/runs/S2_DCD_SBVCHP-SBORC_Cyclopentane_R245fa_seed042_20260717T060425Z/metadata/manifest.json,,BATCH_S2_20260717T060425Z,,,True,da74dcda4c38778454da7428a734df386366bd56e40bef10d0691a773640b2e6,d94c772abddd1693b2513bad23fb57cd24f7c72e218c2d773a7bff6b3424a91c
S2_DCD_SBVCHP-SBORC_Cyclopentane_R365MFC_seed042_20260717T060425Z,S2,DC-D,SBVCHP_SBORC,Cyclopentane,R365MFC,42,FINISHED,COMPLETED,0,200.844025850296,28632b8eecf359a056ddde69e35ae7338cf31be5,False,58316595e50d4ab2d69d17ea45335b5ce247feb742f7b2fedb72bb2959ea62b0,2026-07-17T06:59:32Z,2026-07-17T07:02:51Z,9302,8399,903,1014,211,hypervolume_converged,0.0973203263796235,0.0037861887264855,True,1014,2028,0,${CBSIM_RUNS_ROOT}/S2_FORMAL/BATCH_S2_20260717T060425Z/runs/S2_DCD_SBVCHP-SBORC_Cyclopentane_R365MFC_seed042_20260717T060425Z,${CBSIM_RUNS_ROOT}/S2_FORMAL/BATCH_S2_20260717T060425Z/runs/S2_DCD_SBVCHP-SBORC_Cyclopentane_R365MFC_seed042_20260717T060425Z/metadata/manifest.json,,BATCH_S2_20260717T060425Z,,,True,15bd2cfde23b52e4d6d199a04307369710764dea69f38113664df9c64dd4d0d4,0292f5cfc9bfeb5443a2f21c2b1dd0b7c8874d25d323944e08a08d92aed160a5
S2_DCD_SBVCHP-SBORC_Cyclopentane_R600_seed042_20260717T060425Z,S2,DC-D,SBVCHP_SBORC,Cyclopentane,R600,42,FINISHED,COMPLETED,0,143.13911604881287,28632b8eecf359a056ddde69e35ae7338cf31be5,False,58316595e50d4ab2d69d17ea45335b5ce247feb742f7b2fedb72bb2959ea62b0,2026-07-17T07:02:53Z,2026-07-17T07:05:14Z,6840,6333,507,749,155,hypervolume_converged,0.0937720460835196,0.0046353271263713,True,749,1498,0,${CBSIM_RUNS_ROOT}/S2_FORMAL/BATCH_S2_20260717T060425Z/runs/S2_DCD_SBVCHP-SBORC_Cyclopentane_R600_seed042_20260717T060425Z,${CBSIM_RUNS_ROOT}/S2_FORMAL/BATCH_S2_20260717T060425Z/runs/S2_DCD_SBVCHP-SBORC_Cyclopentane_R600_seed042_20260717T060425Z/metadata/manifest.json,,BATCH_S2_20260717T060425Z,,,True,c4682e18d8e1e1a1b7936c66bbef73a1914a87cfa087969effb529185246d4aa,57b187c448f1834632cc1c3c87b563779c7b451445ddea5fe0daf8e2ccb3f6f4
S2_DCD_SBVCHP-SBORC_Cyclopentane_R600a_seed042_20260717T060425Z,S2,DC-D,SBVCHP_SBORC,Cyclopentane,R600a,42,FINISHED,COMPLETED,0,183.8538293838501,28632b8eecf359a056ddde69e35ae7338cf31be5,False,58316595e50d4ab2d69d17ea45335b5ce247feb742f7b2fedb72bb2959ea62b0,2026-07-17T07:01:19Z,2026-07-17T07:04:21Z,8574,7989,585,1002,195,hypervolume_converged,0.0938856820506179,0.0040351204806541,True,1002,2004,0,${CBSIM_RUNS_ROOT}/S2_FORMAL/BATCH_S2_20260717T060425Z/runs/S2_DCD_SBVCHP-SBORC_Cyclopentane_R600a_seed042_20260717T060425Z,${CBSIM_RUNS_ROOT}/S2_FORMAL/BATCH_S2_20260717T060425Z/runs/S2_DCD_SBVCHP-SBORC_Cyclopentane_R600a_seed042_20260717T060425Z/metadata/manifest.json,,BATCH_S2_20260717T060425Z,,,True,b4e6ecd1e2d89f6db5ab9d74a64c34eafe5e56f9b3a4862c6e3a02d2a49f1c35,9ff562300b9282ba7a9cbe9509933e10456d745f8cbeb93eea7db2c982c3e9f4
S2_DCD_SBVCHP-SBORC_R1233zdE_R1234zeE_seed042_20260717T060425Z,S2,DC-D,SBVCHP_SBORC,R1233zd(E),R1234ze(E),42,FINISHED,COMPLETED,0,280.4728035926819,28632b8eecf359a056ddde69e35ae7338cf31be5,False,58316595e50d4ab2d69d17ea45335b5ce247feb742f7b2fedb72bb2959ea62b0,2026-07-17T07:21:21Z,2026-07-17T07:25:59Z,10452,8800,1652,1232,236,hypervolume_converged,0.0734869778446271,0.0032948073689773,True,1232,2464,0,${CBSIM_RUNS_ROOT}/S2_FORMAL/BATCH_S2_20260717T060425Z/runs/S2_DCD_SBVCHP-SBORC_R1233zdE_R1234zeE_seed042_20260717T060425Z,${CBSIM_RUNS_ROOT}/S2_FORMAL/BATCH_S2_20260717T060425Z/runs/S2_DCD_SBVCHP-SBORC_R1233zdE_R1234zeE_seed042_20260717T060425Z/metadata/manifest.json,,BATCH_S2_20260717T060425Z,,,True,b851ab0f1a85d34a5ac76a0fa961d9bff748c5405bb3971b6d76e950e0e023c0,65e76cb4c5a10a0ddd7ef703d0158f00b2c17e5d94d1ad120f88b8561c38d0ac
S2_DCD_SBVCHP-SBORC_R1233zdE_R152A_seed042_20260717T060425Z,S2,DC-D,SBVCHP_SBORC,R1233zd(E),R152A,42,FINISHED,COMPLETED,0,272.115571975708,28632b8eecf359a056ddde69e35ae7338cf31be5,False,58316595e50d4ab2d69d17ea45335b5ce247feb742f7b2fedb72bb2959ea62b0,2026-07-17T07:26:21Z,2026-07-17T07:30:51Z,9529,5832,3697,525,217,hypervolume_converged,0.0297419499744976,0.0043421531511135,True,525,1050,0,${CBSIM_RUNS_ROOT}/S2_FORMAL/BATCH_S2_20260717T060425Z/runs/S2_DCD_SBVCHP-SBORC_R1233zdE_R152A_seed042_20260717T060425Z,${CBSIM_RUNS_ROOT}/S2_FORMAL/BATCH_S2_20260717T060425Z/runs/S2_DCD_SBVCHP-SBORC_R1233zdE_R152A_seed042_20260717T060425Z/metadata/manifest.json,,BATCH_S2_20260717T060425Z,,,True,e2d7b96cd770bce9e22e028e9ae42c251b92545823b71794eb71012f144f3d07,622b8f1216e63895bbbd574dd25721c52d439048c247cedd37ddb3553c91bc42
S2_DCD_SBVCHP-SBORC_R1233zdE_R227EA_seed042_20260717T060425Z,S2,DC-D,SBVCHP_SBORC,R1233zd(E),R227EA,42,FINISHED,COMPLETED,0,504.83702874183655,28632b8eecf359a056ddde69e35ae7338cf31be5,False,58316595e50d4ab2d69d17ea45335b5ce247feb742f7b2fedb72bb2959ea62b0,2026-07-17T07:23:48Z,2026-07-17T07:32:11Z,11035,8573,2462,954,252,hypervolume_converged,0.0714802396910645,0.0042681275917188,True,962,1924,3,${CBSIM_RUNS_ROOT}/S2_FORMAL/BATCH_S2_20260717T060425Z/runs/S2_DCD_SBVCHP-SBORC_R1233zdE_R227EA_seed042_20260717T060425Z,${CBSIM_RUNS_ROOT}/S2_FORMAL/BATCH_S2_20260717T060425Z/runs/S2_DCD_SBVCHP-SBORC_R1233zdE_R227EA_seed042_20260717T060425Z/metadata/manifest.json,,BATCH_S2_20260717T060425Z,,,True,71f1b9eb03bc98ec31c64d254e80b5470e2e8cec104de9fd3f6eb4557defdeb0,55848ec2e881b71875a3991c41f952fa2b87875228d10b7d115d1f6f4e736e4a
S2_DCD_SBVCHP-SBORC_R1233zdE_R236ea_seed042_20260717T060425Z,S2,DC-D,SBVCHP_SBORC,R1233zd(E),R236ea,42,FINISHED,COMPLETED,0,274.19091510772705,28632b8eecf359a056ddde69e35ae7338cf31be5,False,58316595e50d4ab2d69d17ea45335b5ce247feb742f7b2fedb72bb2959ea62b0,2026-07-17T07:11:33Z,2026-07-17T07:16:05Z,11162,9858,1304,1120,255,hypervolume_converged,0.079250663609519,0.0043523203445684,True,1121,2242,0,${CBSIM_RUNS_ROOT}/S2_FORMAL/BATCH_S2_20260717T060425Z/runs/S2_DCD_SBVCHP-SBORC_R1233zdE_R236ea_seed042_20260717T060425Z,${CBSIM_RUNS_ROOT}/S2_FORMAL/BATCH_S2_20260717T060425Z/runs/S2_DCD_SBVCHP-SBORC_R1233zdE_R236ea_seed042_20260717T060425Z/metadata/manifest.json,,BATCH_S2_20260717T060425Z,,,True,048ed06b8c7fc8184a3d44e7836d9d91b333af310f24b99a183a0210ca195e46,82934c8ff430916c621b46f4995e5f45eb3480a0141e0dc007fb027623e3d815
S2_DCD_SBVCHP-SBORC_R1233zdE_R236fa_seed042_20260717T060425Z,S2,DC-D,SBVCHP_SBORC,R1233zd(E),R236fa,42,FINISHED,COMPLETED,0,242.333979845047,28632b8eecf359a056ddde69e35ae7338cf31be5,False,58316595e50d4ab2d69d17ea45335b5ce247feb742f7b2fedb72bb2959ea62b0,2026-07-17T07:16:07Z,2026-07-17T07:20:08Z,8748,7693,1055,887,199,hypervolume_converged,0.0771782075671262,0.0036101853295748,True,889,1778,1,${CBSIM_RUNS_ROOT}/S2_FORMAL/BATCH_S2_20260717T060425Z/runs/S2_DCD_SBVCHP-SBORC_R1233zdE_R236fa_seed042_20260717T060425Z,${CBSIM_RUNS_ROOT}/S2_FORMAL/BATCH_S2_20260717T060425Z/runs/S2_DCD_SBVCHP-SBORC_R1233zdE_R236fa_seed042_20260717T060425Z/metadata/manifest.json,,BATCH_S2_20260717T060425Z,,,True,1ca9a98dca1e69110c6b2cb4e23669d2fb22e4180f12045186409835a7c1742a,21424b09939eddfcf791d8fc9b3b5f233de3d9cda38d3bf6f4f20a5d9d03aaf2
S2_DCD_SBVCHP-SBORC_R1233zdE_R245fa_seed042_20260717T060425Z,S2,DC-D,SBVCHP_SBORC,R1233zd(E),R245fa,42,FINISHED,COMPLETED,0,161.47464537620544,28632b8eecf359a056ddde69e35ae7338cf31be5,False,58316595e50d4ab2d69d17ea45335b5ce247feb742f7b2fedb72bb2959ea62b0,2026-07-17T07:13:40Z,2026-07-17T07:16:19Z,7279,6732,547,932,166,hypervolume_converged,0.0791095273520268,0.0044614445272104,True,932,1864,0,${CBSIM_RUNS_ROOT}/S2_FORMAL/BATCH_S2_20260717T060425Z/runs/S2_DCD_SBVCHP-SBORC_R1233zdE_R245fa_seed042_20260717T060425Z,${CBSIM_RUNS_ROOT}/S2_FORMAL/BATCH_S2_20260717T060425Z/runs/S2_DCD_SBVCHP-SBORC_R1233zdE_R245fa_seed042_20260717T060425Z/metadata/manifest.json,,BATCH_S2_20260717T060425Z,,,True,8ad808eeb064c03f28bd8ab49601dd53aace2a11b431fbdbb5f7080fd99dd666,4629f17193b0e5c778a53440246c9d9367cdc9f01cbf15ec70a66926458c7a14
S2_DCD_SBVCHP-SBORC_R1233zdE_R365MFC_seed042_20260717T060425Z,S2,DC-D,SBVCHP_SBORC,R1233zd(E),R365MFC,42,FINISHED,COMPLETED,0,250.0418574810028,28632b8eecf359a056ddde69e35ae7338cf31be5,False,58316595e50d4ab2d69d17ea45335b5ce247feb742f7b2fedb72bb2959ea62b0,2026-07-17T07:10:23Z,2026-07-17T07:14:31Z,11643,11109,534,1321,266,hypervolume_converged,0.0809945582686653,0.004423002033378,True,1322,2644,1,${CBSIM_RUNS_ROOT}/S2_FORMAL/BATCH_S2_20260717T060425Z/runs/S2_DCD_SBVCHP-SBORC_R1233zdE_R365MFC_seed042_20260717T060425Z,${CBSIM_RUNS_ROOT}/S2_FORMAL/BATCH_S2_20260717T060425Z/runs/S2_DCD_SBVCHP-SBORC_R1233zdE_R365MFC_seed042_20260717T060425Z/metadata/manifest.json,,BATCH_S2_20260717T060425Z,,,True,c5599e9fa35feace63c8e2dc2c87be30cd5e1814104cef4ae3cbf887b0137e2a,8c062b53044a404f17f07037a940a7c28618e50793c8d06b21247148953913a0
S2_DCD_SBVCHP-SBORC_R1233zdE_R600_seed042_20260717T060425Z,S2,DC-D,SBVCHP_SBORC,R1233zd(E),R600,42,FINISHED,COMPLETED,0,217.9615604877472,28632b8eecf359a056ddde69e35ae7338cf31be5,False,58316595e50d4ab2d69d17ea45335b5ce247feb742f7b2fedb72bb2959ea62b0,2026-07-17T07:13:30Z,2026-07-17T07:17:06Z,10375,9515,860,992,236,hypervolume_converged,0.0807712556799204,0.0032278310478716,True,992,1984,0,${CBSIM_RUNS_ROOT}/S2_FORMAL/BATCH_S2_20260717T060425Z/runs/S2_DCD_SBVCHP-SBORC_R1233zdE_R600_seed042_20260717T060425Z,${CBSIM_RUNS_ROOT}/S2_FORMAL/BATCH_S2_20260717T060425Z/runs/S2_DCD_SBVCHP-SBORC_R1233zdE_R600_seed042_20260717T060425Z/metadata/manifest.json,,BATCH_S2_20260717T060425Z,,,True,a24155fd3a1f97d0c0977568c0e4f930708331aea02d6b242583fb06cdcb3a87,708a400853278bce8872c49110118c5777684c9138104a39ff9e95e0008d94d2
S2_DCD_SBVCHP-SBORC_R1233zdE_R600a_seed042_20260717T060425Z,S2,DC-D,SBVCHP_SBORC,R1233zd(E),R600a,42,FINISHED,COMPLETED,0,148.9849236011505,28632b8eecf359a056ddde69e35ae7338cf31be5,False,58316595e50d4ab2d69d17ea45335b5ce247feb742f7b2fedb72bb2959ea62b0,2026-07-17T07:15:32Z,2026-07-17T07:17:59Z,6605,6185,420,940,150,hypervolume_converged,0.0768393306440134,0.0039442204470478,True,940,1880,0,${CBSIM_RUNS_ROOT}/S2_FORMAL/BATCH_S2_20260717T060425Z/runs/S2_DCD_SBVCHP-SBORC_R1233zdE_R600a_seed042_20260717T060425Z,${CBSIM_RUNS_ROOT}/S2_FORMAL/BATCH_S2_20260717T060425Z/runs/S2_DCD_SBVCHP-SBORC_R1233zdE_R600a_seed042_20260717T060425Z/metadata/manifest.json,,BATCH_S2_20260717T060425Z,,,True,ab8b38d2b2dcf0732c62e21cee7b20276b59b60c0c7493bdcd06ac0f7275c8dd,0be528bccb5d86a0c34063bf75e072b5535da73a33b50ebf6560844b5c8bb73f
S2_DCD_SBVCHP-SBORC_R1234zeZ_R236ea_seed042_20260717T060425Z,S2,DC-D,SBVCHP_SBORC,R1234ze(Z),R236ea,42,FINISHED,COMPLETED,0,151.6937174797058,28632b8eecf359a056ddde69e35ae7338cf31be5,False,58316595e50d4ab2d69d17ea45335b5ce247feb742f7b2fedb72bb2959ea62b0,2026-07-17T07:06:27Z,2026-07-17T07:08:56Z,6974,6816,158,855,159,hypervolume_converged,0.0837579611775355,0.0045792979412918,True,855,1710,0,${CBSIM_RUNS_ROOT}/S2_FORMAL/BATCH_S2_20260717T060425Z/runs/S2_DCD_SBVCHP-SBORC_R1234zeZ_R236ea_seed042_20260717T060425Z,${CBSIM_RUNS_ROOT}/S2_FORMAL/BATCH_S2_20260717T060425Z/runs/S2_DCD_SBVCHP-SBORC_R1234zeZ_R236ea_seed042_20260717T060425Z/metadata/manifest.json,,BATCH_S2_20260717T060425Z,,,True,d9ff6ccb947508d1d09bbd782247518f1671903a53ae68b0ec2ab081caf18204,578abacebee96d6126f8ef4ba06222a61441c64e22cadde098c0fb5136024ff5
S2_DCD_SBVCHP-SBORC_R1234zeZ_R236fa_seed042_20260717T060425Z,S2,DC-D,SBVCHP_SBORC,R1234ze(Z),R236fa,42,FINISHED,COMPLETED,0,211.20252776145932,28632b8eecf359a056ddde69e35ae7338cf31be5,False,58316595e50d4ab2d69d17ea45335b5ce247feb742f7b2fedb72bb2959ea62b0,2026-07-17T07:10:09Z,2026-07-17T07:13:38Z,8380,8021,359,1032,191,hypervolume_converged,0.0817207678889521,0.0049737680247671,True,1032,2064,0,${CBSIM_RUNS_ROOT}/S2_FORMAL/BATCH_S2_20260717T060425Z/runs/S2_DCD_SBVCHP-SBORC_R1234zeZ_R236fa_seed042_20260717T060425Z,${CBSIM_RUNS_ROOT}/S2_FORMAL/BATCH_S2_20260717T060425Z/runs/S2_DCD_SBVCHP-SBORC_R1234zeZ_R236fa_seed042_20260717T060425Z/metadata/manifest.json,,BATCH_S2_20260717T060425Z,,,True,c57de00b7d9834270dc06d58ad8277b0f24983203fabc90c171108e6c04cb607,3ef4c5a1412a94e3e242fd40261da5e8a21d1bd6a081b6e4f50937a2c8bd4eee
S2_DCD_SBVCHP-SBORC_R1234zeZ_R245fa_seed042_20260717T060425Z,S2,DC-D,SBVCHP_SBORC,R1234ze(Z),R245fa,42,FINISHED,COMPLETED,0,171.87239742279053,28632b8eecf359a056ddde69e35ae7338cf31be5,False,58316595e50d4ab2d69d17ea45335b5ce247feb742f7b2fedb72bb2959ea62b0,2026-07-17T07:08:18Z,2026-07-17T07:11:08Z,7494,7305,189,1140,173,hypervolume_converged,0.0861325734692541,0.0048590540326621,True,1140,2280,0,${CBSIM_RUNS_ROOT}/S2_FORMAL/BATCH_S2_20260717T060425Z/runs/S2_DCD_SBVCHP-SBORC_R1234zeZ_R245fa_seed042_20260717T060425Z,${CBSIM_RUNS_ROOT}/S2_FORMAL/BATCH_S2_20260717T060425Z/runs/S2_DCD_SBVCHP-SBORC_R1234zeZ_R245fa_seed042_20260717T060425Z/metadata/manifest.json,,BATCH_S2_20260717T060425Z,,,True,0f1904d17b66c71047251bfc78971cb1d2069e4d1303d3e0f1049362895e23b8,b95163f2cf1b7f1ddfa2822e59fc966e03b37f5db0276b88ad7d743fab4636ad
S2_DCD_SBVCHP-SBORC_R1234zeZ_R365MFC_seed042_20260717T060425Z,S2,DC-D,SBVCHP_SBORC,R1234ze(Z),R365MFC,42,FINISHED,COMPLETED,0,165.75452852249146,28632b8eecf359a056ddde69e35ae7338cf31be5,False,58316595e50d4ab2d69d17ea45335b5ce247feb742f7b2fedb72bb2959ea62b0,2026-07-17T07:04:23Z,2026-07-17T07:07:07Z,7348,7131,217,950,167,hypervolume_converged,0.0859957207966353,0.0044274630323781,True,950,1900,0,${CBSIM_RUNS_ROOT}/S2_FORMAL/BATCH_S2_20260717T060425Z/runs/S2_DCD_SBVCHP-SBORC_R1234zeZ_R365MFC_seed042_20260717T060425Z,${CBSIM_RUNS_ROOT}/S2_FORMAL/BATCH_S2_20260717T060425Z/runs/S2_DCD_SBVCHP-SBORC_R1234zeZ_R365MFC_seed042_20260717T060425Z/metadata/manifest.json,,BATCH_S2_20260717T060425Z,,,True,69bfafdac23c12d93b1b945d38f237b02feaa52f4e13e6e159b3936e7cddc90f,e8a832ad80f833518fdf8a3ecb7a7efb8f08e8f32a419f8579a2c38fb1cd6e81
S2_DCD_SBVCHP-SBORC_R1234zeZ_R600_seed042_20260717T060425Z,S2,DC-D,SBVCHP_SBORC,R1234ze(Z),R600,42,FINISHED,COMPLETED,0,179.53205609321594,28632b8eecf359a056ddde69e35ae7338cf31be5,False,58316595e50d4ab2d69d17ea45335b5ce247feb742f7b2fedb72bb2959ea62b0,2026-07-17T07:07:09Z,2026-07-17T07:10:07Z,8135,7866,269,1047,186,hypervolume_converged,0.0851520557421239,0.0046094793428984,True,1047,2094,0,${CBSIM_RUNS_ROOT}/S2_FORMAL/BATCH_S2_20260717T060425Z/runs/S2_DCD_SBVCHP-SBORC_R1234zeZ_R600_seed042_20260717T060425Z,${CBSIM_RUNS_ROOT}/S2_FORMAL/BATCH_S2_20260717T060425Z/runs/S2_DCD_SBVCHP-SBORC_R1234zeZ_R600_seed042_20260717T060425Z/metadata/manifest.json,,BATCH_S2_20260717T060425Z,,,True,7152f5dc3ec35998738dcf81907e53e51a0fb8fcea5f1b22b2e3de1bd449a058,96a633684e0377f157f63de1dbecd99275ae7012d4002cd11a0a101c67e4c6c8
S2_DCD_SBVCHP-SBORC_R1234zeZ_R600a_seed042_20260717T060425Z,S2,DC-D,SBVCHP_SBORC,R1234ze(Z),R600a,42,FINISHED,COMPLETED,0,275.9337692260742,28632b8eecf359a056ddde69e35ae7338cf31be5,False,58316595e50d4ab2d69d17ea45335b5ce247feb742f7b2fedb72bb2959ea62b0,2026-07-17T07:08:58Z,2026-07-17T07:13:32Z,12539,12052,487,1383,287,hypervolume_converged,0.0834989268501504,0.0037588344440262,True,1383,2766,0,${CBSIM_RUNS_ROOT}/S2_FORMAL/BATCH_S2_20260717T060425Z/runs/S2_DCD_SBVCHP-SBORC_R1234zeZ_R600a_seed042_20260717T060425Z,${CBSIM_RUNS_ROOT}/S2_FORMAL/BATCH_S2_20260717T060425Z/runs/S2_DCD_SBVCHP-SBORC_R1234zeZ_R600a_seed042_20260717T060425Z/metadata/manifest.json,,BATCH_S2_20260717T060425Z,,,True,4d77032be1105a8f09b55948dd04e217445c045aa9f36aad66c65730ae6aaa9c,9bd5a16b43040b37e1a82d0e3f3759717988dc5d2f5065f3311e873976e13d84
S2_DCD_SBVCHP-SBORC_R245fa_R1234zeE_seed042_20260717T060425Z,S2,DC-D,SBVCHP_SBORC,R245fa,R1234ze(E),42,FINISHED,COMPLETED,0,218.23108839988708,28632b8eecf359a056ddde69e35ae7338cf31be5,False,58316595e50d4ab2d69d17ea45335b5ce247feb742f7b2fedb72bb2959ea62b0,2026-07-17T07:23:58Z,2026-07-17T07:27:34Z,7659,6617,1042,892,175,hypervolume_converged,0.0649118507217502,0.0036234893729127,True,892,1784,0,${CBSIM_RUNS_ROOT}/S2_FORMAL/BATCH_S2_20260717T060425Z/runs/S2_DCD_SBVCHP-SBORC_R245fa_R1234zeE_seed042_20260717T060425Z,${CBSIM_RUNS_ROOT}/S2_FORMAL/BATCH_S2_20260717T060425Z/runs/S2_DCD_SBVCHP-SBORC_R245fa_R1234zeE_seed042_20260717T060425Z/metadata/manifest.json,,BATCH_S2_20260717T060425Z,,,True,bc1554727d20cf9e63c41c13ae8fe4e62f66b3c8e660038b8a4268408b1b23b8,fd20ad4e5f4e592ae6a5b5feb5fd334ac3f3ee99e52a39de0243ece543569091
S2_DCD_SBVCHP-SBORC_R600_R1234zeE_seed042_20260717T060425Z,S2,DC-D,SBVCHP_SBORC,R600,R1234ze(E),42,FINISHED,COMPLETED,0,228.57736825942996,28632b8eecf359a056ddde69e35ae7338cf31be5,False,58316595e50d4ab2d69d17ea45335b5ce247feb742f7b2fedb72bb2959ea62b0,2026-07-17T07:24:34Z,2026-07-17T07:28:21Z,7502,6316,1186,764,170,hypervolume_converged,0.0649205769286031,0.0042161414759149,True,764,1528,0,${CBSIM_RUNS_ROOT}/S2_FORMAL/BATCH_S2_20260717T060425Z/runs/S2_DCD_SBVCHP-SBORC_R600_R1234zeE_seed042_20260717T060425Z,${CBSIM_RUNS_ROOT}/S2_FORMAL/BATCH_S2_20260717T060425Z/runs/S2_DCD_SBVCHP-SBORC_R600_R1234zeE_seed042_20260717T060425Z/metadata/manifest.json,,BATCH_S2_20260717T060425Z,,,True,61d0d61584c8c90be549ec116e8a5ecfdf31407c6bfe5c8412ab48516f44ce93,8bcbc3f5267f791a6c8cfe299161304600b6109dce98517d2cb17db0380e9881
S2_DCD_SRVCHP-SRORC_Acetone_R236ea_seed042_20260717T060425Z,S2,DC-D,SRVCHP_SRORC,Acetone,R236ea,42,FINISHED,COMPLETED,0,1090.1504344940186,28632b8eecf359a056ddde69e35ae7338cf31be5,False,58316595e50d4ab2d69d17ea45335b5ce247feb742f7b2fedb72bb2959ea62b0,2026-07-17T08:05:39Z,2026-07-17T08:23:48Z,7581,6982,599,1148,172,hypervolume_converged,0.1317289687490912,0.0039380841004805,True,1151,2302,0,${CBSIM_RUNS_ROOT}/S2_FORMAL/BATCH_S2_20260717T060425Z/runs/S2_DCD_SRVCHP-SRORC_Acetone_R236ea_seed042_20260717T060425Z,${CBSIM_RUNS_ROOT}/S2_FORMAL/BATCH_S2_20260717T060425Z/runs/S2_DCD_SRVCHP-SRORC_Acetone_R236ea_seed042_20260717T060425Z/metadata/manifest.json,,BATCH_S2_20260717T060425Z,,,True,36dc7b549e5292f91b954a5f088795c59c0afa3d067bc8850f81250aaa5b636a,6dc431fe5307e69448f1275ee7869d6ca338b26adf19e796c07a57fb3ea82068
S2_DCD_SRVCHP-SRORC_Acetone_R365MFC_seed042_20260717T060425Z,S2,DC-D,SRVCHP_SRORC,Acetone,R365MFC,42,FINISHED,COMPLETED,0,182.3753547668457,28632b8eecf359a056ddde69e35ae7338cf31be5,False,58316595e50d4ab2d69d17ea45335b5ce247feb742f7b2fedb72bb2959ea62b0,2026-07-17T07:55:27Z,2026-07-17T07:58:28Z,6578,6209,369,1534,150,hypervolume_converged,0.1386749776635585,0.0046982208145999,True,1534,3068,0,${CBSIM_RUNS_ROOT}/S2_FORMAL/BATCH_S2_20260717T060425Z/runs/S2_DCD_SRVCHP-SRORC_Acetone_R365MFC_seed042_20260717T060425Z,${CBSIM_RUNS_ROOT}/S2_FORMAL/BATCH_S2_20260717T060425Z/runs/S2_DCD_SRVCHP-SRORC_Acetone_R365MFC_seed042_20260717T060425Z/metadata/manifest.json,,BATCH_S2_20260717T060425Z,,,True,be3794a069de0d992aad6bcb059d5917dd9329668eed7817ffa32ccffac44ed3,890d0399b4323d9f51f1b1a7b8225ffc7c28984b5b4b3acc47990f9b4ca97d82
S2_DCD_SRVCHP-SRORC_Cyclopentane_R227EA_seed042_20260720T015713Z,S2,DC-D,SRVCHP_SRORC,Cyclopentane,R227EA,42,FINISHED,COMPLETED,0,701.704423904419,589248125341b2e1423dab07202f6bc07341eaca,False,49418e798ebfc964ab321e3e4599358f303696cdc781e0a2c4e7f8bff877f183,2026-07-20T01:57:15Z,2026-07-20T02:08:55Z,13967,9745,4222,609,318,hypervolume_converged,0.1156276829022863,0.0034582076653016,True,618,1236,9,${CBSIM_RUNS_ROOT}/S2_EXTENSION/BATCH_S2_20260720T015713Z/runs/S2_DCD_SRVCHP-SRORC_Cyclopentane_R227EA_seed042_20260720T015713Z,${CBSIM_RUNS_ROOT}/S2_EXTENSION/BATCH_S2_20260720T015713Z/runs/S2_DCD_SRVCHP-SRORC_Cyclopentane_R227EA_seed042_20260720T015713Z/metadata/manifest.json,,BATCH_S2_20260720T015713Z,S2_DCD_SRVCHP-SRORC_Cyclopentane_R227EA_seed042_20260717T060425Z,${CBSIM_RUNS_ROOT}/S2_FORMAL/BATCH_S2_20260717T060425Z/runs/S2_DCD_SRVCHP-SRORC_Cyclopentane_R227EA_seed042_20260717T060425Z,True,81344352b9b43e1673211171cb5a1147406e869d71c360f1ea09706dd6910876,39b0b53012b68495891842de57f1ae857853ee1b61843bf33936742344625cf2
S2_DCD_SRVCHP-SRORC_Cyclopentane_R236ea_seed042_20260717T060425Z,S2,DC-D,SRVCHP_SRORC,Cyclopentane,R236ea,42,FINISHED,COMPLETED,0,1023.4234945774078,28632b8eecf359a056ddde69e35ae7338cf31be5,False,58316595e50d4ab2d69d17ea45335b5ce247feb742f7b2fedb72bb2959ea62b0,2026-07-17T07:32:42Z,2026-07-17T07:49:44Z,6611,6315,296,1615,150,hypervolume_converged,0.1319426590134998,0.0027520213464008,True,1617,3234,2,${CBSIM_RUNS_ROOT}/S2_FORMAL/BATCH_S2_20260717T060425Z/runs/S2_DCD_SRVCHP-SRORC_Cyclopentane_R236ea_seed042_20260717T060425Z,${CBSIM_RUNS_ROOT}/S2_FORMAL/BATCH_S2_20260717T060425Z/runs/S2_DCD_SRVCHP-SRORC_Cyclopentane_R236ea_seed042_20260717T060425Z/metadata/manifest.json,,BATCH_S2_20260717T060425Z,,,True,a4e993e588f0061bc57f32cbafae4a8f5381e50645760f658c36bee410f40415,8a264f94168bac57ad198162e30f2237a743a097c0807169ec2c67a4408f611d
S2_DCD_SRVCHP-SRORC_Cyclopentane_R245fa_seed042_20260717T060425Z,S2,DC-D,SRVCHP_SRORC,Cyclopentane,R245fa,42,FINISHED,COMPLETED,0,221.89406776428223,28632b8eecf359a056ddde69e35ae7338cf31be5,False,58316595e50d4ab2d69d17ea45335b5ce247feb742f7b2fedb72bb2959ea62b0,2026-07-17T07:56:46Z,2026-07-17T08:00:26Z,8557,7788,769,1395,194,hypervolume_converged,0.13037039253732,0.0038534182434515,True,1395,2790,0,${CBSIM_RUNS_ROOT}/S2_FORMAL/BATCH_S2_20260717T060425Z/runs/S2_DCD_SRVCHP-SRORC_Cyclopentane_R245fa_seed042_20260717T060425Z,${CBSIM_RUNS_ROOT}/S2_FORMAL/BATCH_S2_20260717T060425Z/runs/S2_DCD_SRVCHP-SRORC_Cyclopentane_R245fa_seed042_20260717T060425Z/metadata/manifest.json,,BATCH_S2_20260717T060425Z,,,True,a52315f1ad0da5cc1f0e0fa4ba451c8e9c0c8fe60b69e744d7d05681ef4fb85c,fe7bec2b3930f1c2927e52d7164b61c1ae0619a00029345c34fa158d8eab9d3b
S2_DCD_SRVCHP-SRORC_Cyclopentane_R365MFC_seed042_20260717T060425Z,S2,DC-D,SRVCHP_SRORC,Cyclopentane,R365MFC,42,FINISHED,COMPLETED,0,170.5073366165161,28632b8eecf359a056ddde69e35ae7338cf31be5,False,58316595e50d4ab2d69d17ea45335b5ce247feb742f7b2fedb72bb2959ea62b0,2026-07-17T07:29:19Z,2026-07-17T07:32:08Z,6545,6306,239,1201,150,hypervolume_converged,0.1389305592309112,0.0039189103892939,True,1201,2402,0,${CBSIM_RUNS_ROOT}/S2_FORMAL/BATCH_S2_20260717T060425Z/runs/S2_DCD_SRVCHP-SRORC_Cyclopentane_R365MFC_seed042_20260717T060425Z,${CBSIM_RUNS_ROOT}/S2_FORMAL/BATCH_S2_20260717T060425Z/runs/S2_DCD_SRVCHP-SRORC_Cyclopentane_R365MFC_seed042_20260717T060425Z/metadata/manifest.json,,BATCH_S2_20260717T060425Z,,,True,762a19349175260f2a6fb5c88fe7a7d6e3670e9d78faf00cbb9df3664f589da5,04d6fc7118c9e66b5567e6fcf481c2b752d832fea0261f0674de8a359cfd1069
S2_DCD_SRVCHP-SRORC_Cyclopentane_R600_seed042_20260717T060425Z,S2,DC-D,SRVCHP_SRORC,Cyclopentane,R600,42,FINISHED,COMPLETED,0,165.59280395507812,28632b8eecf359a056ddde69e35ae7338cf31be5,False,58316595e50d4ab2d69d17ea45335b5ce247feb742f7b2fedb72bb2959ea62b0,2026-07-17T07:58:30Z,2026-07-17T08:01:13Z,6582,6223,359,1258,150,hypervolume_converged,0.1288665736366675,0.0039947914553692,True,1258,2516,0,${CBSIM_RUNS_ROOT}/S2_FORMAL/BATCH_S2_20260717T060425Z/runs/S2_DCD_SRVCHP-SRORC_Cyclopentane_R600_seed042_20260717T060425Z,${CBSIM_RUNS_ROOT}/S2_FORMAL/BATCH_S2_20260717T060425Z/runs/S2_DCD_SRVCHP-SRORC_Cyclopentane_R600_seed042_20260717T060425Z/metadata/manifest.json,,BATCH_S2_20260717T060425Z,,,True,4ec6350b8bd6dd9da84ed15f169cff881017b029af68b1d6d7154fa59627a396,3f57240f08160287820554727b02fa844ef42d54e8bf9834051d5933957084ef
S2_DCD_SRVCHP-SRORC_R1233zdE_R1234zeE_seed042_20260717T060425Z,S2,DC-D,SRVCHP_SRORC,R1233zd(E),R1234ze(E),42,FINISHED,COMPLETED,0,732.0445156097412,28632b8eecf359a056ddde69e35ae7338cf31be5,False,58316595e50d4ab2d69d17ea45335b5ce247feb742f7b2fedb72bb2959ea62b0,2026-07-17T08:22:20Z,2026-07-17T08:34:30Z,7344,4868,2476,614,167,hypervolume_converged,0.101766996226693,0.004194125384231,True,616,1232,1,${CBSIM_RUNS_ROOT}/S2_FORMAL/BATCH_S2_20260717T060425Z/runs/S2_DCD_SRVCHP-SRORC_R1233zdE_R1234zeE_seed042_20260717T060425Z,${CBSIM_RUNS_ROOT}/S2_FORMAL/BATCH_S2_20260717T060425Z/runs/S2_DCD_SRVCHP-SRORC_R1233zdE_R1234zeE_seed042_20260717T060425Z/metadata/manifest.json,,BATCH_S2_20260717T060425Z,,,True,adc4b7fcd5d515e2539a24e6819703512a860cb9c98741a12709db7bb5641835,213b0b8f3ad49fc0deb1410da78d99db799a35ebc3c0f72ca03fb981023ff90c
S2_DCD_SRVCHP-SRORC_R1233zdE_R227EA_seed042_20260717T060425Z,S2,DC-D,SRVCHP_SRORC,R1233zd(E),R227EA,42,FINISHED,COMPLETED,0,807.2875692844391,28632b8eecf359a056ddde69e35ae7338cf31be5,False,58316595e50d4ab2d69d17ea45335b5ce247feb742f7b2fedb72bb2959ea62b0,2026-07-17T08:10:24Z,2026-07-17T08:23:50Z,11416,7682,3734,651,259,hypervolume_converged,0.10904248643075,0.0048455939590013,True,660,1320,8,${CBSIM_RUNS_ROOT}/S2_FORMAL/BATCH_S2_20260717T060425Z/runs/S2_DCD_SRVCHP-SRORC_R1233zdE_R227EA_seed042_20260717T060425Z,${CBSIM_RUNS_ROOT}/S2_FORMAL/BATCH_S2_20260717T060425Z/runs/S2_DCD_SRVCHP-SRORC_R1233zdE_R227EA_seed042_20260717T060425Z/metadata/manifest.json,,BATCH_S2_20260717T060425Z,,,True,a00cad20955e619bbf6daabf7d2bdbb2954b61f9bf32d479df3311f84054956c,d7c61c7cc0048f081a97a31be420744a815fd65a18c9ad1abfb7f8871758c442
S2_DCD_SRVCHP-SRORC_R1233zdE_R236ea_seed042_20260717T060425Z,S2,DC-D,SRVCHP_SRORC,R1233zd(E),R236ea,42,FINISHED,COMPLETED,0,1176.924474477768,28632b8eecf359a056ddde69e35ae7338cf31be5,False,58316595e50d4ab2d69d17ea45335b5ce247feb742f7b2fedb72bb2959ea62b0,2026-07-17T07:49:46Z,2026-07-17T08:09:21Z,8584,7885,699,1234,196,hypervolume_converged,0.1237677577068373,0.0045931917335038,True,1235,2470,1,${CBSIM_RUNS_ROOT}/S2_FORMAL/BATCH_S2_20260717T060425Z/runs/S2_DCD_SRVCHP-SRORC_R1233zdE_R236ea_seed042_20260717T060425Z,${CBSIM_RUNS_ROOT}/S2_FORMAL/BATCH_S2_20260717T060425Z/runs/S2_DCD_SRVCHP-SRORC_R1233zdE_R236ea_seed042_20260717T060425Z/metadata/manifest.json,,BATCH_S2_20260717T060425Z,,,True,ebff4b7c43c46c4d241f5f0b282ba368889fcc1159e0c8ed7484bc9b601fd83e,fe08a866e28f417640349bea79f02ca9a7e9de925a3c4104984cbf2e4253591f
S2_DCD_SRVCHP-SRORC_R1233zdE_R365MFC_seed042_20260717T060425Z,S2,DC-D,SRVCHP_SRORC,R1233zd(E),R365MFC,42,FINISHED,COMPLETED,0,179.8670687675476,28632b8eecf359a056ddde69e35ae7338cf31be5,False,58316595e50d4ab2d69d17ea45335b5ce247feb742f7b2fedb72bb2959ea62b0,2026-07-17T07:32:45Z,2026-07-17T07:35:43Z,6620,6247,373,1357,150,hypervolume_converged,0.1306077857252527,0.0038732294300295,True,1359,2718,0,${CBSIM_RUNS_ROOT}/S2_FORMAL/BATCH_S2_20260717T060425Z/runs/S2_DCD_SRVCHP-SRORC_R1233zdE_R365MFC_seed042_20260717T060425Z,${CBSIM_RUNS_ROOT}/S2_FORMAL/BATCH_S2_20260717T060425Z/runs/S2_DCD_SRVCHP-SRORC_R1233zdE_R365MFC_seed042_20260717T060425Z/metadata/manifest.json,,BATCH_S2_20260717T060425Z,,,True,00ff5e50a1b51352ab630ab1188434eea7cc4e1ace2615693260ecdf19fca5c0,f67df58f177ba13801b881a40fdfb7b06c173731efacbb68a249668aa5896118
S2_DCD_SRVCHP-SRORC_R1234zeZ_R236ea_seed042_20260717T060425Z,S2,DC-D,SRVCHP_SRORC,R1234ze(Z),R236ea,42,FINISHED,COMPLETED,0,1195.283198595047,28632b8eecf359a056ddde69e35ae7338cf31be5,False,58316595e50d4ab2d69d17ea45335b5ce247feb742f7b2fedb72bb2959ea62b0,2026-07-17T07:36:19Z,2026-07-17T07:56:12Z,8049,7462,587,1234,184,hypervolume_converged,0.1247065427195247,0.0037674195531549,True,1234,2468,0,${CBSIM_RUNS_ROOT}/S2_FORMAL/BATCH_S2_20260717T060425Z/runs/S2_DCD_SRVCHP-SRORC_R1234zeZ_R236ea_seed042_20260717T060425Z,${CBSIM_RUNS_ROOT}/S2_FORMAL/BATCH_S2_20260717T060425Z/runs/S2_DCD_SRVCHP-SRORC_R1234zeZ_R236ea_seed042_20260717T060425Z/metadata/manifest.json,,BATCH_S2_20260717T060425Z,,,True,eaf0c44cc88a937f4ef40bba74e7a6a22a533d5465a6962aa5443afa0ec08590,b823de4f7e6c8890b8a6e274f85b2934a5a3e26e26340c9fb621f30770f0f04d
S2_DCD_SRVCHP-SRORC_R1234zeZ_R245fa_seed042_20260717T060425Z,S2,DC-D,SRVCHP_SRORC,R1234ze(Z),R245fa,42,FINISHED,COMPLETED,0,214.8480610847473,28632b8eecf359a056ddde69e35ae7338cf31be5,False,58316595e50d4ab2d69d17ea45335b5ce247feb742f7b2fedb72bb2959ea62b0,2026-07-17T08:06:49Z,2026-07-17T08:10:22Z,7063,6029,1034,1205,161,hypervolume_converged,0.1236826660833545,0.0045188072154091,True,1205,2410,0,${CBSIM_RUNS_ROOT}/S2_FORMAL/BATCH_S2_20260717T060425Z/runs/S2_DCD_SRVCHP-SRORC_R1234zeZ_R245fa_seed042_20260717T060425Z,${CBSIM_RUNS_ROOT}/S2_FORMAL/BATCH_S2_20260717T060425Z/runs/S2_DCD_SRVCHP-SRORC_R1234zeZ_R245fa_seed042_20260717T060425Z/metadata/manifest.json,,BATCH_S2_20260717T060425Z,,,True,88b7bd26d0da47827cd5964dc77d4aca9efb0c27f245ce4f532d262b95e19a93,3dcd1a2fbacdbefaf1b17a7cc20aa2a12d7b1d0c782d04a3f8466f92291c1eb1
S2_DCD_SRVCHP-SRORC_R1234zeZ_R365MFC_seed042_20260717T060425Z,S2,DC-D,SRVCHP_SRORC,R1234ze(Z),R365MFC,42,FINISHED,COMPLETED,0,188.5307464599609,28632b8eecf359a056ddde69e35ae7338cf31be5,False,58316595e50d4ab2d69d17ea45335b5ce247feb742f7b2fedb72bb2959ea62b0,2026-07-17T07:30:43Z,2026-07-17T07:33:49Z,6583,6259,324,1441,150,hypervolume_converged,0.1294137182150531,0.0031530446688708,True,1441,2882,0,${CBSIM_RUNS_ROOT}/S2_FORMAL/BATCH_S2_20260717T060425Z/runs/S2_DCD_SRVCHP-SRORC_R1234zeZ_R365MFC_seed042_20260717T060425Z,${CBSIM_RUNS_ROOT}/S2_FORMAL/BATCH_S2_20260717T060425Z/runs/S2_DCD_SRVCHP-SRORC_R1234zeZ_R365MFC_seed042_20260717T060425Z/metadata/manifest.json,,BATCH_S2_20260717T060425Z,,,True,646607df7a4c10c70d7f629f37fe8ba3335de02a038f7987786fc148e8368595,ab12fa31ff59f4cde333aaf4008f39c316c74039792fbefd5632114ff4c92918
S2_DCD_SRVCHP-SRORC_R245fa_R227EA_seed042_20260720T015713Z,S2,DC-D,SRVCHP_SRORC,R245fa,R227EA,42,FINISHED,COMPLETED,0,770.738683462143,589248125341b2e1423dab07202f6bc07341eaca,False,49418e798ebfc964ab321e3e4599358f303696cdc781e0a2c4e7f8bff877f183,2026-07-20T01:57:15Z,2026-07-20T02:10:04Z,14583,10337,4246,755,333,hypervolume_converged,0.1078804833293755,0.0035454660153748,True,768,1536,12,${CBSIM_RUNS_ROOT}/S2_EXTENSION/BATCH_S2_20260720T015713Z/runs/S2_DCD_SRVCHP-SRORC_R245fa_R227EA_seed042_20260720T015713Z,${CBSIM_RUNS_ROOT}/S2_EXTENSION/BATCH_S2_20260720T015713Z/runs/S2_DCD_SRVCHP-SRORC_R245fa_R227EA_seed042_20260720T015713Z/metadata/manifest.json,,BATCH_S2_20260720T015713Z,S2_DCD_SRVCHP-SRORC_R245fa_R227EA_seed042_20260717T060425Z,${CBSIM_RUNS_ROOT}/S2_FORMAL/BATCH_S2_20260717T060425Z/runs/S2_DCD_SRVCHP-SRORC_R245fa_R227EA_seed042_20260717T060425Z,True,03a4bcdc24359b852b1386ce1e0599b0d73f03d46d1ab35fb46ef0ede4b9bcd1,394ded454b0aa497a98922bf32bd5a881d6b24b8e143b40dd5ea3fd276e852c1
S2_DCD_SRVCHP-SRORC_R245fa_R236ea_seed042_20260717T060425Z,S2,DC-D,SRVCHP_SRORC,R245fa,R236ea,42,FINISHED,COMPLETED,0,1185.5422837734222,28632b8eecf359a056ddde69e35ae7338cf31be5,False,58316595e50d4ab2d69d17ea45335b5ce247feb742f7b2fedb72bb2959ea62b0,2026-07-17T07:44:53Z,2026-07-17T08:04:37Z,9028,8421,607,1224,204,hypervolume_converged,0.1216583236436865,0.0043769957458053,True,1230,2460,3,${CBSIM_RUNS_ROOT}/S2_FORMAL/BATCH_S2_20260717T060425Z/runs/S2_DCD_SRVCHP-SRORC_R245fa_R236ea_seed042_20260717T060425Z,${CBSIM_RUNS_ROOT}/S2_FORMAL/BATCH_S2_20260717T060425Z/runs/S2_DCD_SRVCHP-SRORC_R245fa_R236ea_seed042_20260717T060425Z/metadata/manifest.json,,BATCH_S2_20260717T060425Z,,,True,99535ea85942015934d0223ad4192c7fa421143ec32d430d14f6b462dfe38ab2,e02b9fe24199d48d7527c38999d1b57437c5f6b8c6c6c25c94ee21a9e7b6fc65
S2_DCD_SRVCHP-SRORC_R245fa_R365MFC_seed042_20260717T060425Z,S2,DC-D,SRVCHP_SRORC,R245fa,R365MFC,42,FINISHED,COMPLETED,0,208.08171153068545,28632b8eecf359a056ddde69e35ae7338cf31be5,False,58316595e50d4ab2d69d17ea45335b5ce247feb742f7b2fedb72bb2959ea62b0,2026-07-17T07:32:10Z,2026-07-17T07:35:36Z,8638,8072,566,1104,196,hypervolume_converged,0.126598597578105,0.0038159035642745,True,1112,2224,1,${CBSIM_RUNS_ROOT}/S2_FORMAL/BATCH_S2_20260717T060425Z/runs/S2_DCD_SRVCHP-SRORC_R245fa_R365MFC_seed042_20260717T060425Z,${CBSIM_RUNS_ROOT}/S2_FORMAL/BATCH_S2_20260717T060425Z/runs/S2_DCD_SRVCHP-SRORC_R245fa_R365MFC_seed042_20260717T060425Z/metadata/manifest.json,,BATCH_S2_20260717T060425Z,,,True,6d681e500261d4ef29fcdaf8d2f61153e9bbf041175ef57dbb961df78b78274d,1f01c89034c6983465a24f5b4b57bfdb37d11ada6deb72f4b44a2bae90bda400
S2_DCD_SRVCHP-SRORC_R365MFC_R236ea_seed042_20260717T060425Z,S2,DC-D,SRVCHP_SRORC,R365MFC,R236ea,42,FINISHED,COMPLETED,0,908.6937434673308,28632b8eecf359a056ddde69e35ae7338cf31be5,False,58316595e50d4ab2d69d17ea45335b5ce247feb742f7b2fedb72bb2959ea62b0,2026-07-17T07:33:51Z,2026-07-17T07:48:58Z,6594,6349,245,1168,150,hypervolume_converged,0.1235979344660023,0.0037669145054765,True,1169,2338,1,${CBSIM_RUNS_ROOT}/S2_FORMAL/BATCH_S2_20260717T060425Z/runs/S2_DCD_SRVCHP-SRORC_R365MFC_R236ea_seed042_20260717T060425Z,${CBSIM_RUNS_ROOT}/S2_FORMAL/BATCH_S2_20260717T060425Z/runs/S2_DCD_SRVCHP-SRORC_R365MFC_R236ea_seed042_20260717T060425Z/metadata/manifest.json,,BATCH_S2_20260717T060425Z,,,True,224d222c2f7a97d6751f5545315aa828fbd9addb86379d314a9c23c50962b3c1,cd49c6947f38cc31c8f27becc26feabc9c4ecf9ae99f2ab1e1214132945d67ea
S2_DCD_SRVCHP-SRORC_R365MFC_R245fa_seed042_20260717T060425Z,S2,DC-D,SRVCHP_SRORC,R365MFC,R245fa,42,FINISHED,COMPLETED,0,169.1510293483734,28632b8eecf359a056ddde69e35ae7338cf31be5,False,58316595e50d4ab2d69d17ea45335b5ce247feb742f7b2fedb72bb2959ea62b0,2026-07-17T08:01:15Z,2026-07-17T08:04:03Z,6530,6156,374,1258,150,hypervolume_converged,0.1224907914414052,0.0032723385699257,True,1258,2516,0,${CBSIM_RUNS_ROOT}/S2_FORMAL/BATCH_S2_20260717T060425Z/runs/S2_DCD_SRVCHP-SRORC_R365MFC_R245fa_seed042_20260717T060425Z,${CBSIM_RUNS_ROOT}/S2_FORMAL/BATCH_S2_20260717T060425Z/runs/S2_DCD_SRVCHP-SRORC_R365MFC_R245fa_seed042_20260717T060425Z/metadata/manifest.json,,BATCH_S2_20260717T060425Z,,,True,bae921da74b3769863ad212c8afc7295d703d4bc86acad5e17da2f424a00d6f5,7519c821e154b664ff9c99c248f848943ef3a680ced5b13ecc6212f1207bb1fd
S2_DCD_SRVCHP-SRORC_R365MFC_R365MFC_seed042_20260717T060425Z,S2,DC-D,SRVCHP_SRORC,R365MFC,R365MFC,42,FINISHED,COMPLETED,0,194.2848942279816,28632b8eecf359a056ddde69e35ae7338cf31be5,False,58316595e50d4ab2d69d17ea45335b5ce247feb742f7b2fedb72bb2959ea62b0,2026-07-17T07:29:28Z,2026-07-17T07:32:40Z,7046,6726,320,1421,160,hypervolume_converged,0.1322295612292193,0.0038061032137831,True,1421,2842,0,${CBSIM_RUNS_ROOT}/S2_FORMAL/BATCH_S2_20260717T060425Z/runs/S2_DCD_SRVCHP-SRORC_R365MFC_R365MFC_seed042_20260717T060425Z,${CBSIM_RUNS_ROOT}/S2_FORMAL/BATCH_S2_20260717T060425Z/runs/S2_DCD_SRVCHP-SRORC_R365MFC_R365MFC_seed042_20260717T060425Z/metadata/manifest.json,,BATCH_S2_20260717T060425Z,,,True,9af8f71aa865d30e2433207c3351bb925ac2fb7692623e5401e40b39bc86bbe4,b66bbcc4e16c61443e4be2822bc8907ca9f8f94dad5610b4e57a40ffc1110497
S2_DCD_SRVCHP-SRORC_R365MFC_R600_seed042_20260717T060425Z,S2,DC-D,SRVCHP_SRORC,R365MFC,R600,42,FINISHED,COMPLETED,0,164.76480412483215,28632b8eecf359a056ddde69e35ae7338cf31be5,False,58316595e50d4ab2d69d17ea45335b5ce247feb742f7b2fedb72bb2959ea62b0,2026-07-17T08:04:05Z,2026-07-17T08:06:47Z,6582,6198,384,1279,150,hypervolume_converged,0.1213064821372438,0.0028182599386231,True,1279,2558,0,${CBSIM_RUNS_ROOT}/S2_FORMAL/BATCH_S2_20260717T060425Z/runs/S2_DCD_SRVCHP-SRORC_R365MFC_R600_seed042_20260717T060425Z,${CBSIM_RUNS_ROOT}/S2_FORMAL/BATCH_S2_20260717T060425Z/runs/S2_DCD_SRVCHP-SRORC_R365MFC_R600_seed042_20260717T060425Z/metadata/manifest.json,,BATCH_S2_20260717T060425Z,,,True,b360e53ea5c259a7f10089afbe6f9b85cef171ce0971efb81e522a1b3173c249,353471c0e7bc79ff5e8a9f9869545d1bff83b36e8dfd64f231b776006de370f0
S2_DCD_SRVCHP-SRORC_R600_R227EA_seed042_20260717T060425Z,S2,DC-D,SRVCHP_SRORC,R600,R227EA,42,FINISHED,COMPLETED,0,529.2128396034241,28632b8eecf359a056ddde69e35ae7338cf31be5,False,58316595e50d4ab2d69d17ea45335b5ce247feb742f7b2fedb72bb2959ea62b0,2026-07-17T08:12:16Z,2026-07-17T08:21:03Z,9328,6859,2469,577,213,hypervolume_converged,0.1047300012974959,0.0046230124432315,True,581,1162,4,${CBSIM_RUNS_ROOT}/S2_FORMAL/BATCH_S2_20260717T060425Z/runs/S2_DCD_SRVCHP-SRORC_R600_R227EA_seed042_20260717T060425Z,${CBSIM_RUNS_ROOT}/S2_FORMAL/BATCH_S2_20260717T060425Z/runs/S2_DCD_SRVCHP-SRORC_R600_R227EA_seed042_20260717T060425Z/metadata/manifest.json,,BATCH_S2_20260717T060425Z,,,True,0cc2adb22d6e621ec7cfa70534e99cec69c69b0ee41505507e4ab7f4eaae3aea,7f3095f0716f4684a5c25faa1f0064418936d07e0b0bc33cb6fefe65bef35627
S2_DCD_SRVCHP-SRORC_R600_R236ea_seed042_20260717T060425Z,S2,DC-D,SRVCHP_SRORC,R600,R236ea,42,FINISHED,COMPLETED,0,889.355485200882,28632b8eecf359a056ddde69e35ae7338cf31be5,False,58316595e50d4ab2d69d17ea45335b5ce247feb742f7b2fedb72bb2959ea62b0,2026-07-17T07:43:19Z,2026-07-17T07:58:06Z,6627,6237,390,1076,151,hypervolume_converged,0.1206165314325684,0.0046030592055218,True,1077,2154,1,${CBSIM_RUNS_ROOT}/S2_FORMAL/BATCH_S2_20260717T060425Z/runs/S2_DCD_SRVCHP-SRORC_R600_R236ea_seed042_20260717T060425Z,${CBSIM_RUNS_ROOT}/S2_FORMAL/BATCH_S2_20260717T060425Z/runs/S2_DCD_SRVCHP-SRORC_R600_R236ea_seed042_20260717T060425Z/metadata/manifest.json,,BATCH_S2_20260717T060425Z,,,True,86a1a4543c2a05e88d5b7d5a568c162d004be3124fc65358e11da781b37ae36f,345db505998f3ada0704fff91d2c6145516a64b582000d4616e492e0e7cbb4c2
S2_DCD_SRVCHP-SRORC_R600_R365MFC_seed042_20260717T060425Z,S2,DC-D,SRVCHP_SRORC,R600,R365MFC,42,FINISHED,COMPLETED,0,254.7230384349823,28632b8eecf359a056ddde69e35ae7338cf31be5,False,58316595e50d4ab2d69d17ea45335b5ce247feb742f7b2fedb72bb2959ea62b0,2026-07-17T07:30:53Z,2026-07-17T07:35:05Z,9723,9142,581,1264,221,hypervolume_converged,0.1282038497415595,0.0041880135192715,True,1264,2528,0,${CBSIM_RUNS_ROOT}/S2_FORMAL/BATCH_S2_20260717T060425Z/runs/S2_DCD_SRVCHP-SRORC_R600_R365MFC_seed042_20260717T060425Z,${CBSIM_RUNS_ROOT}/S2_FORMAL/BATCH_S2_20260717T060425Z/runs/S2_DCD_SRVCHP-SRORC_R600_R365MFC_seed042_20260717T060425Z/metadata/manifest.json,,BATCH_S2_20260717T060425Z,,,True,6692968c2f15973cf2fb9efd29de7b9611cb7269633c822a65f309cfe48b8e8f,e26115b95449442868a09210bb87c4a91c6541ca5c0fc9a02eae28dc2613990e
S2_DCD_SRVCHP-SRORC_R601_R236ea_seed042_20260717T060425Z,S2,DC-D,SRVCHP_SRORC,R601,R236ea,42,FINISHED,COMPLETED,0,1189.1052360534668,28632b8eecf359a056ddde69e35ae7338cf31be5,False,58316595e50d4ab2d69d17ea45335b5ce247feb742f7b2fedb72bb2959ea62b0,2026-07-17T07:35:38Z,2026-07-17T07:55:25Z,8914,8482,432,1546,203,hypervolume_converged,0.1283974803794006,0.0039633449440248,True,1547,3094,1,${CBSIM_RUNS_ROOT}/S2_FORMAL/BATCH_S2_20260717T060425Z/runs/S2_DCD_SRVCHP-SRORC_R601_R236ea_seed042_20260717T060425Z,${CBSIM_RUNS_ROOT}/S2_FORMAL/BATCH_S2_20260717T060425Z/runs/S2_DCD_SRVCHP-SRORC_R601_R236ea_seed042_20260717T060425Z/metadata/manifest.json,,BATCH_S2_20260717T060425Z,,,True,01848fa5a95141facdf92c3b8bcb002e1eba20d7d7e3f7b4c12607a39bb6e436,9a731cfa375382aff8734df52b02633ee721e968ad9ab3663c11efdc9da6f6e4
S2_DCD_SRVCHP-SRORC_R601_R245fa_seed042_20260717T060425Z,S2,DC-D,SRVCHP_SRORC,R601,R245fa,42,FINISHED,COMPLETED,0,180.3881618976593,28632b8eecf359a056ddde69e35ae7338cf31be5,False,58316595e50d4ab2d69d17ea45335b5ce247feb742f7b2fedb72bb2959ea62b0,2026-07-17T08:00:20Z,2026-07-17T08:03:19Z,7540,6875,665,969,172,hypervolume_converged,0.1250842733439368,0.0045643612955676,True,969,1938,0,${CBSIM_RUNS_ROOT}/S2_FORMAL/BATCH_S2_20260717T060425Z/runs/S2_DCD_SRVCHP-SRORC_R601_R245fa_seed042_20260717T060425Z,${CBSIM_RUNS_ROOT}/S2_FORMAL/BATCH_S2_20260717T060425Z/runs/S2_DCD_SRVCHP-SRORC_R601_R245fa_seed042_20260717T060425Z/metadata/manifest.json,,BATCH_S2_20260717T060425Z,,,True,e072c81da72d6aaaef083e5b418efef4c1a32e3c78ea6691af39063f600bf19c,4fdbac84127535c7ec6f8e9be2779295860df198bdd7710db5da967fe5939994
S2_DCD_SRVCHP-SRORC_R601_R365MFC_seed042_20260717T060425Z,S2,DC-D,SRVCHP_SRORC,R601,R365MFC,42,FINISHED,COMPLETED,0,240.3598599433899,28632b8eecf359a056ddde69e35ae7338cf31be5,False,58316595e50d4ab2d69d17ea45335b5ce247feb742f7b2fedb72bb2959ea62b0,2026-07-17T07:29:28Z,2026-07-17T07:33:26Z,9502,8691,811,1085,216,hypervolume_converged,0.1339568028965135,0.0037533854094688,True,1085,2170,0,${CBSIM_RUNS_ROOT}/S2_FORMAL/BATCH_S2_20260717T060425Z/runs/S2_DCD_SRVCHP-SRORC_R601_R365MFC_seed042_20260717T060425Z,${CBSIM_RUNS_ROOT}/S2_FORMAL/BATCH_S2_20260717T060425Z/runs/S2_DCD_SRVCHP-SRORC_R601_R365MFC_seed042_20260717T060425Z/metadata/manifest.json,,BATCH_S2_20260717T060425Z,,,True,0cc0e8eb40adeee630fea260b48cab4330f92f8f6da7b97463da9d125d298c31,da87c7af3c50c8c280525b17668a6683ad6c857e08ad0861aca452f00dc8c864
S2_DCD_SRVCHP-SRORC_R601_R600_seed042_20260717T060425Z,S2,DC-D,SRVCHP_SRORC,R601,R600,42,FINISHED,COMPLETED,0,228.1785397529602,28632b8eecf359a056ddde69e35ae7338cf31be5,False,58316595e50d4ab2d69d17ea45335b5ce247feb742f7b2fedb72bb2959ea62b0,2026-07-17T08:03:21Z,2026-07-17T08:07:07Z,8816,8148,668,1888,202,hypervolume_converged,0.124257572937973,0.0037213570994281,True,1888,3776,0,${CBSIM_RUNS_ROOT}/S2_FORMAL/BATCH_S2_20260717T060425Z/runs/S2_DCD_SRVCHP-SRORC_R601_R600_seed042_20260717T060425Z,${CBSIM_RUNS_ROOT}/S2_FORMAL/BATCH_S2_20260717T060425Z/runs/S2_DCD_SRVCHP-SRORC_R601_R600_seed042_20260717T060425Z/metadata/manifest.json,,BATCH_S2_20260717T060425Z,,,True,28d5bc03fef49887b5a593d4a7b7292772368e64284bf90d806ce9827104e187,610674a55c89a600ab1238a3cc728855668ab9316b03bfa8469f8d1c5d14ca0d
S2_DCD_SRVCHP-SRORC_R601a_R236ea_seed042_20260717T060425Z,S2,DC-D,SRVCHP_SRORC,R601a,R236ea,42,FINISHED,COMPLETED,0,789.3800065517426,28632b8eecf359a056ddde69e35ae7338cf31be5,False,58316595e50d4ab2d69d17ea45335b5ce247feb742f7b2fedb72bb2959ea62b0,2026-07-17T07:50:50Z,2026-07-17T08:03:58Z,6632,6252,380,1072,150,hypervolume_converged,0.1247994562865582,0.0036527056172308,True,1072,2144,0,${CBSIM_RUNS_ROOT}/S2_FORMAL/BATCH_S2_20260717T060425Z/runs/S2_DCD_SRVCHP-SRORC_R601a_R236ea_seed042_20260717T060425Z,${CBSIM_RUNS_ROOT}/S2_FORMAL/BATCH_S2_20260717T060425Z/runs/S2_DCD_SRVCHP-SRORC_R601a_R236ea_seed042_20260717T060425Z/metadata/manifest.json,,BATCH_S2_20260717T060425Z,,,True,f6f146d2d8b4dd53132b7975fb43955a57b5f5f828a9c22b99f9f8c3fa0b210a,3305b5c5c27af6e36a3501dbf1c7ec84efa6ffb7fe060b93da1344d25671ddd3
S2_DCD_SRVCHP-SRORC_R601a_R365MFC_seed042_20260717T060425Z,S2,DC-D,SRVCHP_SRORC,R601a,R365MFC,42,FINISHED,COMPLETED,0,182.9195017814636,28632b8eecf359a056ddde69e35ae7338cf31be5,False,58316595e50d4ab2d69d17ea45335b5ce247feb742f7b2fedb72bb2959ea62b0,2026-07-17T07:33:16Z,2026-07-17T07:36:17Z,6538,5980,558,1287,150,hypervolume_converged,0.1321688013512753,0.0030625946021453,True,1287,2574,0,${CBSIM_RUNS_ROOT}/S2_FORMAL/BATCH_S2_20260717T060425Z/runs/S2_DCD_SRVCHP-SRORC_R601a_R365MFC_seed042_20260717T060425Z,${CBSIM_RUNS_ROOT}/S2_FORMAL/BATCH_S2_20260717T060425Z/runs/S2_DCD_SRVCHP-SRORC_R601a_R365MFC_seed042_20260717T060425Z/metadata/manifest.json,,BATCH_S2_20260717T060425Z,,,True,8e17ea42d4aefbcf7a1121e253761111b843a208cb54b9f7bcc83f3ed13867ba,a6dcb74912d35b20f62b9f34b55720c91e598d3ef87455adce3b09e20af7c238
S2_DCE_SBVCHP-SBORC_Acetone_R1234zeE_seed042_20260717T060425Z,S2,DC-E,SBVCHP_SBORC,Acetone,R1234ze(E),42,FINISHED,COMPLETED,0,254.37813901901245,28632b8eecf359a056ddde69e35ae7338cf31be5,False,58316595e50d4ab2d69d17ea45335b5ce247feb742f7b2fedb72bb2959ea62b0,2026-07-17T08:44:30Z,2026-07-17T08:48:43Z,6621,5573,1048,1209,150,hypervolume_converged,0.1777157754868278,0.0039675692768046,True,1228,2456,15,${CBSIM_RUNS_ROOT}/S2_FORMAL/BATCH_S2_20260717T060425Z/runs/S2_DCE_SBVCHP-SBORC_Acetone_R1234zeE_seed042_20260717T060425Z,${CBSIM_RUNS_ROOT}/S2_FORMAL/BATCH_S2_20260717T060425Z/runs/S2_DCE_SBVCHP-SBORC_Acetone_R1234zeE_seed042_20260717T060425Z/metadata/manifest.json,,BATCH_S2_20260717T060425Z,,,True,d506da23ae70c8ee3efcf8634c6bea709809d40e6dbcfb6ef1e49b935e1b062e,5aedd0ce43d95a4cb3d3da4d888ed7c77df216434eb1c56eaba7e23f4ec375d8
S2_DCE_SBVCHP-SBORC_Acetone_R134a_seed042_20260717T060425Z,S2,DC-E,SBVCHP_SBORC,Acetone,R134a,42,FINISHED,COMPLETED,0,317.45361709594727,28632b8eecf359a056ddde69e35ae7338cf31be5,False,58316595e50d4ab2d69d17ea45335b5ce247feb742f7b2fedb72bb2959ea62b0,2026-07-17T08:50:50Z,2026-07-17T08:56:06Z,8939,6244,2695,1107,202,hypervolume_converged,0.1487459358100983,0.0042872869339957,True,1126,2252,15,${CBSIM_RUNS_ROOT}/S2_FORMAL/BATCH_S2_20260717T060425Z/runs/S2_DCE_SBVCHP-SBORC_Acetone_R134a_seed042_20260717T060425Z,${CBSIM_RUNS_ROOT}/S2_FORMAL/BATCH_S2_20260717T060425Z/runs/S2_DCE_SBVCHP-SBORC_Acetone_R134a_seed042_20260717T060425Z/metadata/manifest.json,,BATCH_S2_20260717T060425Z,,,True,0b13cedb6c888e403526a9c5154ab8b05b28b2be8ebc1f23ee0515050ae74a87,cdb9c1e137ae5ef388f0d498c56ad1f8a58a7267c3adc18dd63740084c02b7a1
S2_DCE_SBVCHP-SBORC_Acetone_R236ea_seed042_20260717T060425Z,S2,DC-E,SBVCHP_SBORC,Acetone,R236ea,42,FINISHED,COMPLETED,0,239.12628769874573,28632b8eecf359a056ddde69e35ae7338cf31be5,False,58316595e50d4ab2d69d17ea45335b5ce247feb742f7b2fedb72bb2959ea62b0,2026-07-17T08:34:42Z,2026-07-17T08:38:39Z,9126,8352,774,1602,208,hypervolume_converged,0.1862576501375859,0.0046383449304597,True,1607,3214,5,${CBSIM_RUNS_ROOT}/S2_FORMAL/BATCH_S2_20260717T060425Z/runs/S2_DCE_SBVCHP-SBORC_Acetone_R236ea_seed042_20260717T060425Z,${CBSIM_RUNS_ROOT}/S2_FORMAL/BATCH_S2_20260717T060425Z/runs/S2_DCE_SBVCHP-SBORC_Acetone_R236ea_seed042_20260717T060425Z/metadata/manifest.json,,BATCH_S2_20260717T060425Z,,,True,cb9a25f5566945bc6215a72702154fd30300cedfc3bdc58cf46093e18653cb6e,71964fe1ae353490f55f0df5745b59222b09bc6178b593f6dfbceabdd7f511c5
S2_DCE_SBVCHP-SBORC_Acetone_R236fa_seed042_20260717T060425Z,S2,DC-E,SBVCHP_SBORC,Acetone,R236fa,42,FINISHED,COMPLETED,0,267.6586468219757,28632b8eecf359a056ddde69e35ae7338cf31be5,False,58316595e50d4ab2d69d17ea45335b5ce247feb742f7b2fedb72bb2959ea62b0,2026-07-17T08:38:46Z,2026-07-17T08:43:12Z,6602,5925,677,1240,150,hypervolume_converged,0.1843900397075689,0.0023600629224563,True,1248,2496,7,${CBSIM_RUNS_ROOT}/S2_FORMAL/BATCH_S2_20260717T060425Z/runs/S2_DCE_SBVCHP-SBORC_Acetone_R236fa_seed042_20260717T060425Z,${CBSIM_RUNS_ROOT}/S2_FORMAL/BATCH_S2_20260717T060425Z/runs/S2_DCE_SBVCHP-SBORC_Acetone_R236fa_seed042_20260717T060425Z/metadata/manifest.json,,BATCH_S2_20260717T060425Z,,,True,8711f21b8d75929f4690dadace3461095155826022df01f0b15f2ea780ca989f,96d82e31f30a6a813f3b8b7f5ce0a8bd33446503a7c35f9ef60c2d07bced4c2e
S2_DCE_SBVCHP-SBORC_Acetone_R245fa_seed042_20260717T060425Z,S2,DC-E,SBVCHP_SBORC,Acetone,R245fa,42,FINISHED,COMPLETED,0,200.1815221309662,28632b8eecf359a056ddde69e35ae7338cf31be5,False,58316595e50d4ab2d69d17ea45335b5ce247feb742f7b2fedb72bb2959ea62b0,2026-07-17T08:31:21Z,2026-07-17T08:34:40Z,6622,6018,604,1171,151,hypervolume_converged,0.1899858330855081,0.0043617724843828,True,1174,2348,0,${CBSIM_RUNS_ROOT}/S2_FORMAL/BATCH_S2_20260717T060425Z/runs/S2_DCE_SBVCHP-SBORC_Acetone_R245fa_seed042_20260717T060425Z,${CBSIM_RUNS_ROOT}/S2_FORMAL/BATCH_S2_20260717T060425Z/runs/S2_DCE_SBVCHP-SBORC_Acetone_R245fa_seed042_20260717T060425Z/metadata/manifest.json,,BATCH_S2_20260717T060425Z,,,True,a337c87eeee362e8bdda4c0f439d4339973f10641bfa4a5e82289cf4d28d43f5,235e193349241b0968b7b66123845b863f355f64709bfc0dbd0d7a0b2c2a07bb
S2_DCE_SBVCHP-SBORC_Acetone_R290_seed042_20260717T060425Z,S2,DC-E,SBVCHP_SBORC,Acetone,R290,42,FINISHED,COMPLETED,0,420.3568618297577,28632b8eecf359a056ddde69e35ae7338cf31be5,False,58316595e50d4ab2d69d17ea45335b5ce247feb742f7b2fedb72bb2959ea62b0,2026-07-17T08:52:53Z,2026-07-17T08:59:51Z,9380,6260,3120,1259,214,hypervolume_converged,0.1424769327567835,0.0035182402850347,True,1267,2534,5,${CBSIM_RUNS_ROOT}/S2_FORMAL/BATCH_S2_20260717T060425Z/runs/S2_DCE_SBVCHP-SBORC_Acetone_R290_seed042_20260717T060425Z,${CBSIM_RUNS_ROOT}/S2_FORMAL/BATCH_S2_20260717T060425Z/runs/S2_DCE_SBVCHP-SBORC_Acetone_R290_seed042_20260717T060425Z/metadata/manifest.json,,BATCH_S2_20260717T060425Z,,,True,0fd6f25df568f73c10947a11a16ce8bfe310eedc46d39c6d9670727a87561a95,2d8dbed301ae23fbf92a384bc33dc2b35de7690ee2e52983cc56a07502ad2e5d
S2_DCE_SBVCHP-SBORC_Acetone_R600_seed042_20260717T060425Z,S2,DC-E,SBVCHP_SBORC,Acetone,R600,42,FINISHED,COMPLETED,0,237.28019332885745,28632b8eecf359a056ddde69e35ae7338cf31be5,False,58316595e50d4ab2d69d17ea45335b5ce247feb742f7b2fedb72bb2959ea62b0,2026-07-17T08:31:46Z,2026-07-17T08:35:41Z,8178,7523,655,1655,186,hypervolume_converged,0.1927075312581087,0.0031681643641147,True,1661,3322,3,${CBSIM_RUNS_ROOT}/S2_FORMAL/BATCH_S2_20260717T060425Z/runs/S2_DCE_SBVCHP-SBORC_Acetone_R600_seed042_20260717T060425Z,${CBSIM_RUNS_ROOT}/S2_FORMAL/BATCH_S2_20260717T060425Z/runs/S2_DCE_SBVCHP-SBORC_Acetone_R600_seed042_20260717T060425Z/metadata/manifest.json,,BATCH_S2_20260717T060425Z,,,True,c80aecc3eb0c8bb5098c65a3fcbdaa84312c3811146b5b7d167093ab5a8772e1,baa58c4855b500d02377128f92291e34431dd2dbfb77eed6b110f6a3c15f2037
S2_DCE_SBVCHP-SBORC_Acetone_R600a_seed042_20260717T060425Z,S2,DC-E,SBVCHP_SBORC,Acetone,R600a,42,FINISHED,COMPLETED,0,237.87133049964905,28632b8eecf359a056ddde69e35ae7338cf31be5,False,58316595e50d4ab2d69d17ea45335b5ce247feb742f7b2fedb72bb2959ea62b0,2026-07-17T08:38:41Z,2026-07-17T08:42:37Z,7761,6900,861,1293,178,hypervolume_converged,0.1895528013247786,0.0045123935106501,True,1303,2606,7,${CBSIM_RUNS_ROOT}/S2_FORMAL/BATCH_S2_20260717T060425Z/runs/S2_DCE_SBVCHP-SBORC_Acetone_R600a_seed042_20260717T060425Z,${CBSIM_RUNS_ROOT}/S2_FORMAL/BATCH_S2_20260717T060425Z/runs/S2_DCE_SBVCHP-SBORC_Acetone_R600a_seed042_20260717T060425Z/metadata/manifest.json,,BATCH_S2_20260717T060425Z,,,True,39dda0fe76a070a7c6a002ef2fef19237bf2040aa44de0005e89151fbf4c8a45,a03fae881adf94d73925cc847245a72e95ddfb9ae9121fdd8aec0f76239d4100
S2_DCE_SBVCHP-SBORC_Cyclopentane_R1234zeE_seed042_20260717T060425Z,S2,DC-E,SBVCHP_SBORC,Cyclopentane,R1234ze(E),42,FINISHED,COMPLETED,0,262.11473536491394,28632b8eecf359a056ddde69e35ae7338cf31be5,False,58316595e50d4ab2d69d17ea45335b5ce247feb742f7b2fedb72bb2959ea62b0,2026-07-17T08:41:47Z,2026-07-17T08:46:08Z,7635,6521,1114,1180,174,hypervolume_converged,0.1651830803531196,0.004406749016764,True,1180,2360,0,${CBSIM_RUNS_ROOT}/S2_FORMAL/BATCH_S2_20260717T060425Z/runs/S2_DCE_SBVCHP-SBORC_Cyclopentane_R1234zeE_seed042_20260717T060425Z,${CBSIM_RUNS_ROOT}/S2_FORMAL/BATCH_S2_20260717T060425Z/runs/S2_DCE_SBVCHP-SBORC_Cyclopentane_R1234zeE_seed042_20260717T060425Z/metadata/manifest.json,,BATCH_S2_20260717T060425Z,,,True,30798d446e3f44871bff393f61754eecf1102534db61cf7d44e7d95a302be4ab,447e7304813307fe817a0e2ac7b0c01f52756814a25d4cc4c2288d24581c5179
S2_DCE_SBVCHP-SBORC_Cyclopentane_R227EA_seed042_20260717T060425Z,S2,DC-E,SBVCHP_SBORC,Cyclopentane,R227EA,42,FINISHED,COMPLETED,0,321.1417758464813,28632b8eecf359a056ddde69e35ae7338cf31be5,False,58316595e50d4ab2d69d17ea45335b5ce247feb742f7b2fedb72bb2959ea62b0,2026-07-17T08:45:29Z,2026-07-17T08:50:48Z,6648,5509,1139,1180,150,hypervolume_converged,0.1600490066573626,0.0041159684367367,True,1181,2362,1,${CBSIM_RUNS_ROOT}/S2_FORMAL/BATCH_S2_20260717T060425Z/runs/S2_DCE_SBVCHP-SBORC_Cyclopentane_R227EA_seed042_20260717T060425Z,${CBSIM_RUNS_ROOT}/S2_FORMAL/BATCH_S2_20260717T060425Z/runs/S2_DCE_SBVCHP-SBORC_Cyclopentane_R227EA_seed042_20260717T060425Z/metadata/manifest.json,,BATCH_S2_20260717T060425Z,,,True,aaefffd1c1dfed3da372aadaa50632187233e53df5637b92c60146e428355ddb,339f0fa76afc337acd2e4d0edfda3328fd51f8117368dc84cfad98f71aba6fe0
S2_DCE_SBVCHP-SBORC_Cyclopentane_R236ea_seed042_20260717T060425Z,S2,DC-E,SBVCHP_SBORC,Cyclopentane,R236ea,42,FINISHED,COMPLETED,0,308.1759855747223,28632b8eecf359a056ddde69e35ae7338cf31be5,False,58316595e50d4ab2d69d17ea45335b5ce247feb742f7b2fedb72bb2959ea62b0,2026-07-17T08:23:52Z,2026-07-17T08:28:58Z,7884,6941,943,1377,179,hypervolume_converged,0.1730546118165565,0.0043677119279228,True,1377,2754,0,${CBSIM_RUNS_ROOT}/S2_FORMAL/BATCH_S2_20260717T060425Z/runs/S2_DCE_SBVCHP-SBORC_Cyclopentane_R236ea_seed042_20260717T060425Z,${CBSIM_RUNS_ROOT}/S2_FORMAL/BATCH_S2_20260717T060425Z/runs/S2_DCE_SBVCHP-SBORC_Cyclopentane_R236ea_seed042_20260717T060425Z/metadata/manifest.json,,BATCH_S2_20260717T060425Z,,,True,bda407af5e6273dd55bf2f5e46cefe059ecc5c6cc16a3365f4849a2781bf2bca,f183e5f3ad1b214b919384780167da5217d5b1aa48be82a702838ea37cd4489f
S2_DCE_SBVCHP-SBORC_Cyclopentane_R236fa_seed042_20260717T060425Z,S2,DC-E,SBVCHP_SBORC,Cyclopentane,R236fa,42,FINISHED,COMPLETED,0,337.7071635723114,28632b8eecf359a056ddde69e35ae7338cf31be5,False,58316595e50d4ab2d69d17ea45335b5ce247feb742f7b2fedb72bb2959ea62b0,2026-07-17T08:29:00Z,2026-07-17T08:34:36Z,8442,7578,864,1383,193,hypervolume_converged,0.1701526275504885,0.0043234688816804,True,1383,2766,0,${CBSIM_RUNS_ROOT}/S2_FORMAL/BATCH_S2_20260717T060425Z/runs/S2_DCE_SBVCHP-SBORC_Cyclopentane_R236fa_seed042_20260717T060425Z,${CBSIM_RUNS_ROOT}/S2_FORMAL/BATCH_S2_20260717T060425Z/runs/S2_DCE_SBVCHP-SBORC_Cyclopentane_R236fa_seed042_20260717T060425Z/metadata/manifest.json,,BATCH_S2_20260717T060425Z,,,True,38441ce1b57e62148828cd2dee1ce08c8af692ebfeb5c8bc110e95b4329a403d,6d8f9653b2acddb9aab41b267e6857f4a7991ee2b68d1d0f02296fd9283dedea
S2_DCE_SBVCHP-SBORC_Cyclopentane_R245fa_seed042_20260717T060425Z,S2,DC-E,SBVCHP_SBORC,Cyclopentane,R245fa,42,FINISHED,COMPLETED,0,240.7761387825012,28632b8eecf359a056ddde69e35ae7338cf31be5,False,58316595e50d4ab2d69d17ea45335b5ce247feb742f7b2fedb72bb2959ea62b0,2026-07-17T08:23:19Z,2026-07-17T08:27:18Z,7790,6728,1062,1333,177,hypervolume_converged,0.1788029986998227,0.0042615307317973,True,1333,2666,0,${CBSIM_RUNS_ROOT}/S2_FORMAL/BATCH_S2_20260717T060425Z/runs/S2_DCE_SBVCHP-SBORC_Cyclopentane_R245fa_seed042_20260717T060425Z,${CBSIM_RUNS_ROOT}/S2_FORMAL/BATCH_S2_20260717T060425Z/runs/S2_DCE_SBVCHP-SBORC_Cyclopentane_R245fa_seed042_20260717T060425Z/metadata/manifest.json,,BATCH_S2_20260717T060425Z,,,True,567258a612e6055c9b7e8d5dbf64b1afaa9b1edf2afa80d72b78879a424724b2,4f3065963665ba5fc3074dd27c57ac3b0d35bd98899349fa3a453574256859f6
S2_DCE_SBVCHP-SBORC_Cyclopentane_R600_seed042_20260717T060425Z,S2,DC-E,SBVCHP_SBORC,Cyclopentane,R600,42,FINISHED,COMPLETED,0,271.1585810184479,28632b8eecf359a056ddde69e35ae7338cf31be5,False,58316595e50d4ab2d69d17ea45335b5ce247feb742f7b2fedb72bb2959ea62b0,2026-07-17T08:26:50Z,2026-07-17T08:31:20Z,8709,7704,1005,1373,199,hypervolume_converged,0.1755415689710852,0.0040290726067535,True,1373,2746,0,${CBSIM_RUNS_ROOT}/S2_FORMAL/BATCH_S2_20260717T060425Z/runs/S2_DCE_SBVCHP-SBORC_Cyclopentane_R600_seed042_20260717T060425Z,${CBSIM_RUNS_ROOT}/S2_FORMAL/BATCH_S2_20260717T060425Z/runs/S2_DCE_SBVCHP-SBORC_Cyclopentane_R600_seed042_20260717T060425Z/metadata/manifest.json,,BATCH_S2_20260717T060425Z,,,True,9e4db3fca1283685bad3d9c93c1350c554658885f9bd45912b1f97af3164c4cd,7a359b26b3ead23c992045536ea7e847802d9a5240c30bedf5c394829766f524
S2_DCE_SBVCHP-SBORC_Cyclopentane_R600a_seed042_20260717T060425Z,S2,DC-E,SBVCHP_SBORC,Cyclopentane,R600a,42,FINISHED,COMPLETED,0,265.3832378387451,28632b8eecf359a056ddde69e35ae7338cf31be5,False,58316595e50d4ab2d69d17ea45335b5ce247feb742f7b2fedb72bb2959ea62b0,2026-07-17T08:27:20Z,2026-07-17T08:31:44Z,8597,7472,1125,1536,195,hypervolume_converged,0.1723595956426452,0.0033692503142905,True,1536,3072,0,${CBSIM_RUNS_ROOT}/S2_FORMAL/BATCH_S2_20260717T060425Z/runs/S2_DCE_SBVCHP-SBORC_Cyclopentane_R600a_seed042_20260717T060425Z,${CBSIM_RUNS_ROOT}/S2_FORMAL/BATCH_S2_20260717T060425Z/runs/S2_DCE_SBVCHP-SBORC_Cyclopentane_R600a_seed042_20260717T060425Z/metadata/manifest.json,,BATCH_S2_20260717T060425Z,,,True,257ac9cb510c77dcb2031ed13bff034634425dd03f5d264080531b58f472732e,59da9545ba2e0bb8d4c4445e871c420742c00ab02c2164165a82801d1c8616dd
S2_DCE_SBVCHP-SBORC_R1233zdE_R1234zeE_seed042_20260717T060425Z,S2,DC-E,SBVCHP_SBORC,R1233zd(E),R1234ze(E),42,FINISHED,COMPLETED,0,309.55861616134644,28632b8eecf359a056ddde69e35ae7338cf31be5,False,58316595e50d4ab2d69d17ea45335b5ce247feb742f7b2fedb72bb2959ea62b0,2026-07-17T08:43:14Z,2026-07-17T08:48:21Z,8298,7080,1218,1262,189,hypervolume_converged,0.153811251586001,0.0048047542737081,True,1262,2524,0,${CBSIM_RUNS_ROOT}/S2_FORMAL/BATCH_S2_20260717T060425Z/runs/S2_DCE_SBVCHP-SBORC_R1233zdE_R1234zeE_seed042_20260717T060425Z,${CBSIM_RUNS_ROOT}/S2_FORMAL/BATCH_S2_20260717T060425Z/runs/S2_DCE_SBVCHP-SBORC_R1233zdE_R1234zeE_seed042_20260717T060425Z/metadata/manifest.json,,BATCH_S2_20260717T060425Z,,,True,54f150fb4dfc06bf0f0b7f99ef92f2ddcee184e30f6448c9896b1a2299714bc6,66d9f44538ae950f041578f0557bcc33202fd8f4f986e0b0ea43bd81ccc17374
S2_DCE_SBVCHP-SBORC_R1233zdE_R134a_seed042_20260717T060425Z,S2,DC-E,SBVCHP_SBORC,R1233zd(E),R134a,42,FINISHED,COMPLETED,0,221.04846262931824,28632b8eecf359a056ddde69e35ae7338cf31be5,False,58316595e50d4ab2d69d17ea45335b5ce247feb742f7b2fedb72bb2959ea62b0,2026-07-17T08:49:23Z,2026-07-17T08:53:02Z,6595,4560,2035,877,150,hypervolume_converged,0.1352587543403614,0.0036341399668835,True,879,1758,2,${CBSIM_RUNS_ROOT}/S2_FORMAL/BATCH_S2_20260717T060425Z/runs/S2_DCE_SBVCHP-SBORC_R1233zdE_R134a_seed042_20260717T060425Z,${CBSIM_RUNS_ROOT}/S2_FORMAL/BATCH_S2_20260717T060425Z/runs/S2_DCE_SBVCHP-SBORC_R1233zdE_R134a_seed042_20260717T060425Z/metadata/manifest.json,,BATCH_S2_20260717T060425Z,,,True,759232311a96a001342c5c4f6997f7071eac400f6946d03ed8fd7674392d4050,967dbb97544e1db64d27970edf13c2f517556c787634dbc8c3df40e8491cce38
S2_DCE_SBVCHP-SBORC_R1233zdE_R152A_seed042_20260717T060425Z,S2,DC-E,SBVCHP_SBORC,R1233zd(E),R152A,42,FINISHED,COMPLETED,0,313.87873435020447,28632b8eecf359a056ddde69e35ae7338cf31be5,False,58316595e50d4ab2d69d17ea45335b5ce247feb742f7b2fedb72bb2959ea62b0,2026-07-17T08:53:23Z,2026-07-17T08:58:35Z,11919,7708,4211,1195,273,hypervolume_converged,0.0785243105157822,0.0047410344028475,True,1195,2390,0,${CBSIM_RUNS_ROOT}/S2_FORMAL/BATCH_S2_20260717T060425Z/runs/S2_DCE_SBVCHP-SBORC_R1233zdE_R152A_seed042_20260717T060425Z,${CBSIM_RUNS_ROOT}/S2_FORMAL/BATCH_S2_20260717T060425Z/runs/S2_DCE_SBVCHP-SBORC_R1233zdE_R152A_seed042_20260717T060425Z/metadata/manifest.json,,BATCH_S2_20260717T060425Z,,,True,54950d02e95bc8f90ba1395e5918f58a2efeea2e26cd7b69b69ca5169eed192c,577aa76206236881b20a35fa28578aeb49ead23ccbcf982ac0a619aa698a7b0f
S2_DCE_SBVCHP-SBORC_R1233zdE_R227EA_seed042_20260717T060425Z,S2,DC-E,SBVCHP_SBORC,R1233zd(E),R227EA,42,FINISHED,COMPLETED,0,300.70988631248474,28632b8eecf359a056ddde69e35ae7338cf31be5,False,58316595e50d4ab2d69d17ea45335b5ce247feb742f7b2fedb72bb2959ea62b0,2026-07-17T08:48:47Z,2026-07-17T08:53:46Z,6583,5431,1152,1074,150,hypervolume_converged,0.1499862765208288,0.0049423815791844,True,1075,2150,1,${CBSIM_RUNS_ROOT}/S2_FORMAL/BATCH_S2_20260717T060425Z/runs/S2_DCE_SBVCHP-SBORC_R1233zdE_R227EA_seed042_20260717T060425Z,${CBSIM_RUNS_ROOT}/S2_FORMAL/BATCH_S2_20260717T060425Z/runs/S2_DCE_SBVCHP-SBORC_R1233zdE_R227EA_seed042_20260717T060425Z/metadata/manifest.json,,BATCH_S2_20260717T060425Z,,,True,fb76210eba2aea3f731a49d2a487857a8958dbb5d4ca01cb0eb1561e31b6a67a,abb5a9626f666be1d110e6502523d5ccd69030e3db5cb51818d9121879bedbce
S2_DCE_SBVCHP-SBORC_R1233zdE_R236ea_seed042_20260717T060425Z,S2,DC-E,SBVCHP_SBORC,R1233zd(E),R236ea,42,FINISHED,COMPLETED,0,286.3414306640625,28632b8eecf359a056ddde69e35ae7338cf31be5,False,58316595e50d4ab2d69d17ea45335b5ce247feb742f7b2fedb72bb2959ea62b0,2026-07-17T08:36:28Z,2026-07-17T08:41:12Z,6797,5919,878,1224,155,hypervolume_converged,0.1608094205896996,0.0040153027997369,True,1225,2450,0,${CBSIM_RUNS_ROOT}/S2_FORMAL/BATCH_S2_20260717T060425Z/runs/S2_DCE_SBVCHP-SBORC_R1233zdE_R236ea_seed042_20260717T060425Z,${CBSIM_RUNS_ROOT}/S2_FORMAL/BATCH_S2_20260717T060425Z/runs/S2_DCE_SBVCHP-SBORC_R1233zdE_R236ea_seed042_20260717T060425Z/metadata/manifest.json,,BATCH_S2_20260717T060425Z,,,True,b5bfa4d07afe4cf8b6f276fdc74bfb389f41a9d7a9e529cb30aa06aabfe9abc4,63a3d4392c9320c7b94a58aed40b1dfdffa6b6d9df50853ae312dfcb90ec9899
S2_DCE_SBVCHP-SBORC_R1233zdE_R236fa_seed042_20260717T060425Z,S2,DC-E,SBVCHP_SBORC,R1233zd(E),R236fa,42,FINISHED,COMPLETED,0,370.4641890525818,28632b8eecf359a056ddde69e35ae7338cf31be5,False,58316595e50d4ab2d69d17ea45335b5ce247feb742f7b2fedb72bb2959ea62b0,2026-07-17T08:37:34Z,2026-07-17T08:43:43Z,9105,7674,1431,1361,208,hypervolume_converged,0.1597496702356628,0.0041782034474838,True,1365,2730,4,${CBSIM_RUNS_ROOT}/S2_FORMAL/BATCH_S2_20260717T060425Z/runs/S2_DCE_SBVCHP-SBORC_R1233zdE_R236fa_seed042_20260717T060425Z,${CBSIM_RUNS_ROOT}/S2_FORMAL/BATCH_S2_20260717T060425Z/runs/S2_DCE_SBVCHP-SBORC_R1233zdE_R236fa_seed042_20260717T060425Z/metadata/manifest.json,,BATCH_S2_20260717T060425Z,,,True,3dccc03a1d4723fa0bd634291d8bdf48e684c0e444c3f7705c1c6e23b71ff1ac,c162bfd0364a18bc4120bfe4bfe75cdbc65b128d85b774f1e73b1d5844ca50a5
S2_DCE_SBVCHP-SBORC_R1233zdE_R245fa_seed042_20260717T060425Z,S2,DC-E,SBVCHP_SBORC,R1233zd(E),R245fa,42,FINISHED,COMPLETED,0,249.23888540267944,28632b8eecf359a056ddde69e35ae7338cf31be5,False,58316595e50d4ab2d69d17ea45335b5ce247feb742f7b2fedb72bb2959ea62b0,2026-07-17T08:34:32Z,2026-07-17T08:38:39Z,8241,7139,1102,1254,187,hypervolume_converged,0.1652268716156082,0.004616654104577,True,1255,2510,1,${CBSIM_RUNS_ROOT}/S2_FORMAL/BATCH_S2_20260717T060425Z/runs/S2_DCE_SBVCHP-SBORC_R1233zdE_R245fa_seed042_20260717T060425Z,${CBSIM_RUNS_ROOT}/S2_FORMAL/BATCH_S2_20260717T060425Z/runs/S2_DCE_SBVCHP-SBORC_R1233zdE_R245fa_seed042_20260717T060425Z/metadata/manifest.json,,BATCH_S2_20260717T060425Z,,,True,0b889b080dbc17956dff72fdf4d8f749821463a21823b602a967ae26d66cb034,18803b4b8ba178ce9e1a46d979fcfab6d8e24d9100de1066b7805f8772599bc6
S2_DCE_SBVCHP-SBORC_R1233zdE_R600_seed042_20260717T060425Z,S2,DC-E,SBVCHP_SBORC,R1233zd(E),R600,42,FINISHED,COMPLETED,0,248.1646683216095,28632b8eecf359a056ddde69e35ae7338cf31be5,False,58316595e50d4ab2d69d17ea45335b5ce247feb742f7b2fedb72bb2959ea62b0,2026-07-17T08:34:38Z,2026-07-17T08:38:44Z,7419,6531,888,1236,170,hypervolume_converged,0.161879724879447,0.0046037139001892,True,1236,2472,0,${CBSIM_RUNS_ROOT}/S2_FORMAL/BATCH_S2_20260717T060425Z/runs/S2_DCE_SBVCHP-SBORC_R1233zdE_R600_seed042_20260717T060425Z,${CBSIM_RUNS_ROOT}/S2_FORMAL/BATCH_S2_20260717T060425Z/runs/S2_DCE_SBVCHP-SBORC_R1233zdE_R600_seed042_20260717T060425Z/metadata/manifest.json,,BATCH_S2_20260717T060425Z,,,True,a13d8abe7d6ea99fe3e4212b51f47479c543702049a6fc1826093f41ea31e457,dbf94127cdc0b947f20b91fca78452b17d5c03208272a02499c24045ca55af77
S2_DCE_SBVCHP-SBORC_R1233zdE_R600a_seed042_20260717T060425Z,S2,DC-E,SBVCHP_SBORC,R1233zd(E),R600a,42,FINISHED,COMPLETED,0,219.20519733428955,28632b8eecf359a056ddde69e35ae7338cf31be5,False,58316595e50d4ab2d69d17ea45335b5ce247feb742f7b2fedb72bb2959ea62b0,2026-07-17T08:41:15Z,2026-07-17T08:44:52Z,6594,5814,780,1297,150,hypervolume_converged,0.1594992332901312,0.0034334242989159,True,1298,2596,1,${CBSIM_RUNS_ROOT}/S2_FORMAL/BATCH_S2_20260717T060425Z/runs/S2_DCE_SBVCHP-SBORC_R1233zdE_R600a_seed042_20260717T060425Z,${CBSIM_RUNS_ROOT}/S2_FORMAL/BATCH_S2_20260717T060425Z/runs/S2_DCE_SBVCHP-SBORC_R1233zdE_R600a_seed042_20260717T060425Z/metadata/manifest.json,,BATCH_S2_20260717T060425Z,,,True,ac92cbc951973248a3e2510fcd99ceb43a0b92ff7ee248c92d80c2ea1dd62911,69c9020188ecf239e5e4caed23f775f7a5d1d7706c83cee1791af631dfe9d2d8
S2_DCE_SRVCHP-SRORC_Acetone_R236ea_seed042_20260717T060425Z,S2,DC-E,SRVCHP_SRORC,Acetone,R236ea,42,FINISHED,COMPLETED,0,607.2330293655396,28632b8eecf359a056ddde69e35ae7338cf31be5,False,58316595e50d4ab2d69d17ea45335b5ce247feb742f7b2fedb72bb2959ea62b0,2026-07-17T09:25:09Z,2026-07-17T09:35:15Z,10123,8416,1707,1555,230,hypervolume_converged,0.2198224608768852,0.0046722568533645,True,1557,3114,1,${CBSIM_RUNS_ROOT}/S2_FORMAL/BATCH_S2_20260717T060425Z/runs/S2_DCE_SRVCHP-SRORC_Acetone_R236ea_seed042_20260717T060425Z,${CBSIM_RUNS_ROOT}/S2_FORMAL/BATCH_S2_20260717T060425Z/runs/S2_DCE_SRVCHP-SRORC_Acetone_R236ea_seed042_20260717T060425Z/metadata/manifest.json,,BATCH_S2_20260717T060425Z,,,True,1d0350d0be85427f9f4c2efb9283bbe413549b5d1c075e80c574a0ce82c62037,96d9630e16fe93ce04bd3f7775435de6bc61b4131022218f1fe437816ce878bb
S2_DCE_SRVCHP-SRORC_Cyclopentane_R227EA_seed042_20260717T060425Z,S2,DC-E,SRVCHP_SRORC,Cyclopentane,R227EA,42,FINISHED,COMPLETED,0,561.9946036338806,28632b8eecf359a056ddde69e35ae7338cf31be5,False,58316595e50d4ab2d69d17ea45335b5ce247feb742f7b2fedb72bb2959ea62b0,2026-07-17T09:43:27Z,2026-07-17T09:52:47Z,7106,5176,1930,950,160,hypervolume_converged,0.2017019280563187,0.0039227125754237,True,957,1914,7,${CBSIM_RUNS_ROOT}/S2_FORMAL/BATCH_S2_20260717T060425Z/runs/S2_DCE_SRVCHP-SRORC_Cyclopentane_R227EA_seed042_20260717T060425Z,${CBSIM_RUNS_ROOT}/S2_FORMAL/BATCH_S2_20260717T060425Z/runs/S2_DCE_SRVCHP-SRORC_Cyclopentane_R227EA_seed042_20260717T060425Z/metadata/manifest.json,,BATCH_S2_20260717T060425Z,,,True,ed5974d6f2f64c29c9fd3d3fa112871ce7c4848a8901a71198856bfaa5ddcef5,d8414fb09c4f1183300587668139eb09fdf004baabb753f6d07889b89062fa62
S2_DCE_SRVCHP-SRORC_Cyclopentane_R236ea_seed042_20260717T060425Z,S2,DC-E,SRVCHP_SRORC,Cyclopentane,R236ea,42,FINISHED,COMPLETED,0,680.3631799221039,28632b8eecf359a056ddde69e35ae7338cf31be5,False,58316595e50d4ab2d69d17ea45335b5ce247feb742f7b2fedb72bb2959ea62b0,2026-07-17T09:00:23Z,2026-07-17T09:11:41Z,6592,5873,719,1288,150,hypervolume_converged,0.2188739884003071,0.0037962822534798,True,1288,2576,0,${CBSIM_RUNS_ROOT}/S2_FORMAL/BATCH_S2_20260717T060425Z/runs/S2_DCE_SRVCHP-SRORC_Cyclopentane_R236ea_seed042_20260717T060425Z,${CBSIM_RUNS_ROOT}/S2_FORMAL/BATCH_S2_20260717T060425Z/runs/S2_DCE_SRVCHP-SRORC_Cyclopentane_R236ea_seed042_20260717T060425Z/metadata/manifest.json,,BATCH_S2_20260717T060425Z,,,True,c9fce4b9bd87331423ef5a386d8d4725a932f49ce3153013b47031fcddae18cd,30f0b2da184d0dd27d241695b371a876c04a51d3135d9346b74932a7731ebe19
S2_DCE_SRVCHP-SRORC_Cyclopentane_R245fa_seed042_20260717T060425Z,S2,DC-E,SRVCHP_SRORC,Cyclopentane,R245fa,42,FINISHED,COMPLETED,0,449.4585032463074,28632b8eecf359a056ddde69e35ae7338cf31be5,False,58316595e50d4ab2d69d17ea45335b5ce247feb742f7b2fedb72bb2959ea62b0,2026-07-17T09:21:16Z,2026-07-17T09:28:44Z,7128,6434,694,1426,162,hypervolume_converged,0.2174816909659893,0.0041765318585022,True,1426,2852,0,${CBSIM_RUNS_ROOT}/S2_FORMAL/BATCH_S2_20260717T060425Z/runs/S2_DCE_SRVCHP-SRORC_Cyclopentane_R245fa_seed042_20260717T060425Z,${CBSIM_RUNS_ROOT}/S2_FORMAL/BATCH_S2_20260717T060425Z/runs/S2_DCE_SRVCHP-SRORC_Cyclopentane_R245fa_seed042_20260717T060425Z/metadata/manifest.json,,BATCH_S2_20260717T060425Z,,,True,829d88d59659d67986a2d79dd3a283b8b2cbb3858794db5377f44df5ece63649,ff1940597bfbf6f2a12e1060977d22de3146f25e565d7d5cc5b0fd5e4856e7fa
S2_DCE_SRVCHP-SRORC_Cyclopentane_R600_seed042_20260717T060425Z,S2,DC-E,SRVCHP_SRORC,Cyclopentane,R600,42,FINISHED,COMPLETED,0,688.3730885982513,28632b8eecf359a056ddde69e35ae7338cf31be5,False,58316595e50d4ab2d69d17ea45335b5ce247feb742f7b2fedb72bb2959ea62b0,2026-07-17T09:19:38Z,2026-07-17T09:31:05Z,6625,5790,835,1377,150,hypervolume_converged,0.2154067951099666,0.0036785072870651,True,1377,2754,0,${CBSIM_RUNS_ROOT}/S2_FORMAL/BATCH_S2_20260717T060425Z/runs/S2_DCE_SRVCHP-SRORC_Cyclopentane_R600_seed042_20260717T060425Z,${CBSIM_RUNS_ROOT}/S2_FORMAL/BATCH_S2_20260717T060425Z/runs/S2_DCE_SRVCHP-SRORC_Cyclopentane_R600_seed042_20260717T060425Z/metadata/manifest.json,,BATCH_S2_20260717T060425Z,,,True,132d13a6b413c3169e05dac173412c7f993ee27436ce64082f5b3443a509da06,0aa8695af13e2595e7732dcfed695d5ec462be6677264d956a165403921f0d69
S2_DCE_SRVCHP-SRORC_R1233zdE_R1234zeE_seed042_20260717T060425Z,S2,DC-E,SRVCHP_SRORC,R1233zd(E),R1234ze(E),42,FINISHED,COMPLETED,0,317.15998911857605,28632b8eecf359a056ddde69e35ae7338cf31be5,False,58316595e50d4ab2d69d17ea45335b5ce247feb742f7b2fedb72bb2959ea62b0,2026-07-17T09:48:36Z,2026-07-17T09:53:52Z,6550,4727,1823,878,150,hypervolume_converged,0.1895616231538676,0.0036657847711062,True,879,1758,1,${CBSIM_RUNS_ROOT}/S2_FORMAL/BATCH_S2_20260717T060425Z/runs/S2_DCE_SRVCHP-SRORC_R1233zdE_R1234zeE_seed042_20260717T060425Z,${CBSIM_RUNS_ROOT}/S2_FORMAL/BATCH_S2_20260717T060425Z/runs/S2_DCE_SRVCHP-SRORC_R1233zdE_R1234zeE_seed042_20260717T060425Z/metadata/manifest.json,,BATCH_S2_20260717T060425Z,,,True,db1686cffc042f6e5ecf3f323c140a7f37325490bcee36af3d662149d7b04906,8a5710f3c8be977ce3febee41a5f09c5c969cc7a8d80d3ae20652caf474f0c8a
S2_DCE_SRVCHP-SRORC_R1233zdE_R227EA_seed042_20260717T060425Z,S2,DC-E,SRVCHP_SRORC,R1233zd(E),R227EA,42,FINISHED,COMPLETED,0,416.7130765914917,28632b8eecf359a056ddde69e35ae7338cf31be5,False,58316595e50d4ab2d69d17ea45335b5ce247feb742f7b2fedb72bb2959ea62b0,2026-07-17T09:47:08Z,2026-07-17T09:54:03Z,7071,5141,1930,870,160,hypervolume_converged,0.1981133960479137,0.0024423332397749,True,876,1752,6,${CBSIM_RUNS_ROOT}/S2_FORMAL/BATCH_S2_20260717T060425Z/runs/S2_DCE_SRVCHP-SRORC_R1233zdE_R227EA_seed042_20260717T060425Z,${CBSIM_RUNS_ROOT}/S2_FORMAL/BATCH_S2_20260717T060425Z/runs/S2_DCE_SRVCHP-SRORC_R1233zdE_R227EA_seed042_20260717T060425Z/metadata/manifest.json,,BATCH_S2_20260717T060425Z,,,True,a0ce90f291b7360e9e58277dfa2bae737ee25b462f5b5937a280f0f124b7b3aa,dd22e677aa3fc617609b98203000a78ed57851cca19cc1bb600d65bd712e3087
S2_DCE_SRVCHP-SRORC_R1233zdE_R236ea_seed042_20260717T060425Z,S2,DC-E,SRVCHP_SRORC,R1233zd(E),R236ea,42,FINISHED,COMPLETED,0,704.7444710731506,28632b8eecf359a056ddde69e35ae7338cf31be5,False,58316595e50d4ab2d69d17ea45335b5ce247feb742f7b2fedb72bb2959ea62b0,2026-07-17T09:03:08Z,2026-07-17T09:14:51Z,6615,5947,668,1384,150,hypervolume_converged,0.2123726888348097,0.0048898345106373,True,1387,2774,2,${CBSIM_RUNS_ROOT}/S2_FORMAL/BATCH_S2_20260717T060425Z/runs/S2_DCE_SRVCHP-SRORC_R1233zdE_R236ea_seed042_20260717T060425Z,${CBSIM_RUNS_ROOT}/S2_FORMAL/BATCH_S2_20260717T060425Z/runs/S2_DCE_SRVCHP-SRORC_R1233zdE_R236ea_seed042_20260717T060425Z/metadata/manifest.json,,BATCH_S2_20260717T060425Z,,,True,b0dc63cd48738588d858db81c9ffc46b25627afa88183397d3b46c0c6b4e8402,c12463c6c848e226a896efcda579eb7821bea13dcc27ed941a80d9cf3384fdc9
S2_DCE_SRVCHP-SRORC_R1233zdE_R245fa_seed042_20260717T060425Z,S2,DC-E,SRVCHP_SRORC,R1233zd(E),R245fa,42,FINISHED,COMPLETED,0,406.0912439823151,28632b8eecf359a056ddde69e35ae7338cf31be5,False,58316595e50d4ab2d69d17ea45335b5ce247feb742f7b2fedb72bb2959ea62b0,2026-07-17T09:41:50Z,2026-07-17T09:48:34Z,6696,5826,870,968,152,hypervolume_converged,0.2118104035478269,0.0044289289793635,True,969,1938,1,${CBSIM_RUNS_ROOT}/S2_FORMAL/BATCH_S2_20260717T060425Z/runs/S2_DCE_SRVCHP-SRORC_R1233zdE_R245fa_seed042_20260717T060425Z,${CBSIM_RUNS_ROOT}/S2_FORMAL/BATCH_S2_20260717T060425Z/runs/S2_DCE_SRVCHP-SRORC_R1233zdE_R245fa_seed042_20260717T060425Z/metadata/manifest.json,,BATCH_S2_20260717T060425Z,,,True,cd3d9605d5c1a7a4e6a41651d90cd1b41812f9d12b6c752007f336b250f31d6c,2c8ffabd3752ce2bfaa532da3194f887c6df62ace5a5a149bb3c25471ddf4389
S2_DCE_SRVCHP-SRORC_R1233zdE_R600_seed042_20260717T060425Z,S2,DC-E,SRVCHP_SRORC,R1233zd(E),R600,42,FINISHED,COMPLETED,0,855.3082149028778,28632b8eecf359a056ddde69e35ae7338cf31be5,False,58316595e50d4ab2d69d17ea45335b5ce247feb742f7b2fedb72bb2959ea62b0,2026-07-17T09:30:03Z,2026-07-17T09:44:16Z,8056,6906,1150,1291,184,hypervolume_converged,0.2108702554331738,0.0032941612464318,True,1292,2584,1,${CBSIM_RUNS_ROOT}/S2_FORMAL/BATCH_S2_20260717T060425Z/runs/S2_DCE_SRVCHP-SRORC_R1233zdE_R600_seed042_20260717T060425Z,${CBSIM_RUNS_ROOT}/S2_FORMAL/BATCH_S2_20260717T060425Z/runs/S2_DCE_SRVCHP-SRORC_R1233zdE_R600_seed042_20260717T060425Z/metadata/manifest.json,,BATCH_S2_20260717T060425Z,,,True,3bc6eaab89b156f1153150e9df5ad5d7b9bf1203a6cb1a711986dd489d9d5cc8,8180378c9608cf8248fc9ac36bacbe5a6a83fbcaf86429b828e912392456a7ad
S2_DCE_SRVCHP-SRORC_R365MFC_R236ea_seed042_20260717T060425Z,S2,DC-E,SRVCHP_SRORC,R365MFC,R236ea,42,FINISHED,COMPLETED,0,776.9001512527466,28632b8eecf359a056ddde69e35ae7338cf31be5,False,58316595e50d4ab2d69d17ea45335b5ce247feb742f7b2fedb72bb2959ea62b0,2026-07-17T09:01:24Z,2026-07-17T09:14:19Z,6601,5880,721,1431,150,hypervolume_converged,0.2110842730773355,0.0018030600269112,True,1431,2862,0,${CBSIM_RUNS_ROOT}/S2_FORMAL/BATCH_S2_20260717T060425Z/runs/S2_DCE_SRVCHP-SRORC_R365MFC_R236ea_seed042_20260717T060425Z,${CBSIM_RUNS_ROOT}/S2_FORMAL/BATCH_S2_20260717T060425Z/runs/S2_DCE_SRVCHP-SRORC_R365MFC_R236ea_seed042_20260717T060425Z/metadata/manifest.json,,BATCH_S2_20260717T060425Z,,,True,8d84cb9985bc9b05b67d696c758430cb4bff41702b762e7d82d7b89962689568,54ceed39a23a22b6aa1b6f65f07d2898858d0e3211fd95b9ca8e023a30fcef0f
S2_DCE_SRVCHP-SRORC_R365MFC_R245fa_seed042_20260717T060425Z,S2,DC-E,SRVCHP_SRORC,R365MFC,R245fa,42,FINISHED,COMPLETED,0,490.2723224163056,28632b8eecf359a056ddde69e35ae7338cf31be5,False,58316595e50d4ab2d69d17ea45335b5ce247feb742f7b2fedb72bb2959ea62b0,2026-07-17T09:35:17Z,2026-07-17T09:43:25Z,7636,6756,880,1443,173,hypervolume_converged,0.2087067835082577,0.003461700067908,True,1443,2886,0,${CBSIM_RUNS_ROOT}/S2_FORMAL/BATCH_S2_20260717T060425Z/runs/S2_DCE_SRVCHP-SRORC_R365MFC_R245fa_seed042_20260717T060425Z,${CBSIM_RUNS_ROOT}/S2_FORMAL/BATCH_S2_20260717T060425Z/runs/S2_DCE_SRVCHP-SRORC_R365MFC_R245fa_seed042_20260717T060425Z/metadata/manifest.json,,BATCH_S2_20260717T060425Z,,,True,bda2faeeca0a11dd78e373352ac2d73c96fe1dae22698eabd09dc25bb062ff53,0006d18c3aba72e07cfafb9fd6ae06489eac83b3252ca768d0a924fe8c257b20
S2_DCE_SRVCHP-SRORC_R365MFC_R600_seed042_20260717T060425Z,S2,DC-E,SRVCHP_SRORC,R365MFC,R600,42,FINISHED,COMPLETED,0,681.0219564437866,28632b8eecf359a056ddde69e35ae7338cf31be5,False,58316595e50d4ab2d69d17ea45335b5ce247feb742f7b2fedb72bb2959ea62b0,2026-07-17T09:31:59Z,2026-07-17T09:43:18Z,8624,7702,922,1354,199,hypervolume_converged,0.2091834238430686,0.0043621058908654,True,1354,2708,0,${CBSIM_RUNS_ROOT}/S2_FORMAL/BATCH_S2_20260717T060425Z/runs/S2_DCE_SRVCHP-SRORC_R365MFC_R600_seed042_20260717T060425Z,${CBSIM_RUNS_ROOT}/S2_FORMAL/BATCH_S2_20260717T060425Z/runs/S2_DCE_SRVCHP-SRORC_R365MFC_R600_seed042_20260717T060425Z/metadata/manifest.json,,BATCH_S2_20260717T060425Z,,,True,fb7f085035829418bb43454055a5639f98ee60064fca82196a09a7e05a773b49,7fb2136bcf555a381a8878388eb6f8f3efe4c82b30d826c5d3525fe8c2fd5b5c
S2_DCE_SRVCHP-SRORC_R601_R236ea_seed042_20260717T060425Z,S2,DC-E,SRVCHP_SRORC,R601,R236ea,42,FINISHED,COMPLETED,0,730.2641000747681,28632b8eecf359a056ddde69e35ae7338cf31be5,False,58316595e50d4ab2d69d17ea45335b5ce247feb742f7b2fedb72bb2959ea62b0,2026-07-17T09:04:20Z,2026-07-17T09:16:29Z,6571,5848,723,1629,150,hypervolume_converged,0.2126424145699875,0.0019138202988979,True,1630,3260,0,${CBSIM_RUNS_ROOT}/S2_FORMAL/BATCH_S2_20260717T060425Z/runs/S2_DCE_SRVCHP-SRORC_R601_R236ea_seed042_20260717T060425Z,${CBSIM_RUNS_ROOT}/S2_FORMAL/BATCH_S2_20260717T060425Z/runs/S2_DCE_SRVCHP-SRORC_R601_R236ea_seed042_20260717T060425Z/metadata/manifest.json,,BATCH_S2_20260717T060425Z,,,True,daa8db04d5a44680b229dcfe8219ca381120fd70ef07f292c0c99677135bbf7d,21b5c0e179cc1664d64ff9649a6719febb7a28fe17d3b88fd94e237323d727d5
S2_DCE_SRVCHP-SRORC_R601_R245fa_seed042_20260717T060425Z,S2,DC-E,SRVCHP_SRORC,R601,R245fa,42,FINISHED,COMPLETED,0,459.49011158943176,28632b8eecf359a056ddde69e35ae7338cf31be5,False,58316595e50d4ab2d69d17ea45335b5ce247feb742f7b2fedb72bb2959ea62b0,2026-07-17T09:34:44Z,2026-07-17T09:42:21Z,6587,5628,959,1109,150,hypervolume_converged,0.2129429390656918,0.0043523195095672,True,1109,2218,0,${CBSIM_RUNS_ROOT}/S2_FORMAL/BATCH_S2_20260717T060425Z/runs/S2_DCE_SRVCHP-SRORC_R601_R245fa_seed042_20260717T060425Z,${CBSIM_RUNS_ROOT}/S2_FORMAL/BATCH_S2_20260717T060425Z/runs/S2_DCE_SRVCHP-SRORC_R601_R245fa_seed042_20260717T060425Z/metadata/manifest.json,,BATCH_S2_20260717T060425Z,,,True,bb5efb3b3aeee9046e818f45964c95bd56b14f895cec02c65c0f996a2ccea311,40c3221920c797ab667a7244883567c953f3b54b589faf4633230a442863372c
S2_DCE_SRVCHP-SRORC_R601_R600_seed042_20260717T060425Z,S2,DC-E,SRVCHP_SRORC,R601,R600,42,FINISHED,COMPLETED,0,862.2623147964478,28632b8eecf359a056ddde69e35ae7338cf31be5,False,58316595e50d4ab2d69d17ea45335b5ce247feb742f7b2fedb72bb2959ea62b0,2026-07-17T09:27:14Z,2026-07-17T09:41:35Z,8943,7769,1174,1445,203,hypervolume_converged,0.2090195981093456,0.0048478211283805,True,1445,2890,0,${CBSIM_RUNS_ROOT}/S2_FORMAL/BATCH_S2_20260717T060425Z/runs/S2_DCE_SRVCHP-SRORC_R601_R600_seed042_20260717T060425Z,${CBSIM_RUNS_ROOT}/S2_FORMAL/BATCH_S2_20260717T060425Z/runs/S2_DCE_SRVCHP-SRORC_R601_R600_seed042_20260717T060425Z/metadata/manifest.json,,BATCH_S2_20260717T060425Z,,,True,0f9a56a55c35fefa086218f3242c964ae52845d02e86013e09a7e93cd877ebbd,7cf7a145124b2b41aef3143de4da75f11f28d294b7976c210b9a75c96c523f7f
S2_DCE_SRVCHP-SRORC_R601a_R236ea_seed042_20260717T060425Z,S2,DC-E,SRVCHP_SRORC,R601a,R236ea,42,FINISHED,COMPLETED,0,712.8306419849396,28632b8eecf359a056ddde69e35ae7338cf31be5,False,58316595e50d4ab2d69d17ea45335b5ce247feb742f7b2fedb72bb2959ea62b0,2026-07-17T09:14:21Z,2026-07-17T09:26:12Z,7563,6810,753,1279,172,hypervolume_converged,0.2089210161243855,0.0043058306544861,True,1280,2560,1,${CBSIM_RUNS_ROOT}/S2_FORMAL/BATCH_S2_20260717T060425Z/runs/S2_DCE_SRVCHP-SRORC_R601a_R236ea_seed042_20260717T060425Z,${CBSIM_RUNS_ROOT}/S2_FORMAL/BATCH_S2_20260717T060425Z/runs/S2_DCE_SRVCHP-SRORC_R601a_R236ea_seed042_20260717T060425Z/metadata/manifest.json,,BATCH_S2_20260717T060425Z,,,True,ee33cb4131ff90d4d061f621d1bcd33c95f0173968972396a880eea8b6b09892,53d5879c35b040808e4db9792ba272c95dfdc7ba3cc4b339daf8e400dc63c385
S2_DCE_SRVCHP-SRORC_R601a_R245fa_seed042_20260717T060425Z,S2,DC-E,SRVCHP_SRORC,R601a,R245fa,42,FINISHED,COMPLETED,0,394.67377400398254,28632b8eecf359a056ddde69e35ae7338cf31be5,False,58316595e50d4ab2d69d17ea45335b5ce247feb742f7b2fedb72bb2959ea62b0,2026-07-17T09:43:02Z,2026-07-17T09:49:35Z,7981,6995,986,1108,182,hypervolume_converged,0.2086447791161393,0.0044731922396539,True,1108,2216,0,${CBSIM_RUNS_ROOT}/S2_FORMAL/BATCH_S2_20260717T060425Z/runs/S2_DCE_SRVCHP-SRORC_R601a_R245fa_seed042_20260717T060425Z,${CBSIM_RUNS_ROOT}/S2_FORMAL/BATCH_S2_20260717T060425Z/runs/S2_DCE_SRVCHP-SRORC_R601a_R245fa_seed042_20260717T060425Z/metadata/manifest.json,,BATCH_S2_20260717T060425Z,,,True,6a419b16537d9bdc92d751cbf3b0cf8c429d44b90601c5f200d420131aae5031,448c5436ebf5e15e6bd8696b1a242ae22ffd7eb3dfcb8c61addc998267017e2e
S2_DCE_SRVCHP-SRORC_R601a_R600_seed042_20260717T060425Z,S2,DC-E,SRVCHP_SRORC,R601a,R600,42,FINISHED,COMPLETED,0,629.3470916748047,28632b8eecf359a056ddde69e35ae7338cf31be5,False,58316595e50d4ab2d69d17ea45335b5ce247feb742f7b2fedb72bb2959ea62b0,2026-07-17T09:38:51Z,2026-07-17T09:49:18Z,6643,5749,894,1370,150,hypervolume_converged,0.2058819456740555,0.0037207851208832,True,1372,2744,1,${CBSIM_RUNS_ROOT}/S2_FORMAL/BATCH_S2_20260717T060425Z/runs/S2_DCE_SRVCHP-SRORC_R601a_R600_seed042_20260717T060425Z,${CBSIM_RUNS_ROOT}/S2_FORMAL/BATCH_S2_20260717T060425Z/runs/S2_DCE_SRVCHP-SRORC_R601a_R600_seed042_20260717T060425Z/metadata/manifest.json,,BATCH_S2_20260717T060425Z,,,True,90a3ff620d533b3c5105b58f5e997a99657cdd0cbfebc4c999c8d74e0df5960c,5f2ce9c9bb1331cd389e86ae4b8e617ecd1ee727f53d288f6555c6b147fb02c6
S2_DCF_SBVCHP-SBORC_Acetone_R1234zeE_seed042_20260717T060425Z,S2,DC-F,SBVCHP_SBORC,Acetone,R1234ze(E),42,FINISHED,COMPLETED,0,319.39674735069275,28632b8eecf359a056ddde69e35ae7338cf31be5,False,58316595e50d4ab2d69d17ea45335b5ce247feb742f7b2fedb72bb2959ea62b0,2026-07-17T08:44:31Z,2026-07-17T08:49:48Z,8101,6318,1783,1116,185,hypervolume_converged,0.1237902514387226,0.0041482226943175,True,1116,2232,0,${CBSIM_RUNS_ROOT}/S2_FORMAL/BATCH_S2_20260717T060425Z/runs/S2_DCF_SBVCHP-SBORC_Acetone_R1234zeE_seed042_20260717T060425Z,${CBSIM_RUNS_ROOT}/S2_FORMAL/BATCH_S2_20260717T060425Z/runs/S2_DCF_SBVCHP-SBORC_Acetone_R1234zeE_seed042_20260717T060425Z/metadata/manifest.json,,BATCH_S2_20260717T060425Z,,,True,75d8e37f118fe1589bfdf42e0f7f1c5a4a96766f404fbf99f56327e78e6dd6be,eec5f54744086e81674d1a2d1d01e94eb99be2f9517fe369721b5a490e79a6df
S2_DCF_SBVCHP-SBORC_Acetone_R134a_seed042_20260717T060425Z,S2,DC-F,SBVCHP_SBORC,Acetone,R134a,42,FINISHED,COMPLETED,0,444.3914351463318,28632b8eecf359a056ddde69e35ae7338cf31be5,False,58316595e50d4ab2d69d17ea45335b5ce247feb742f7b2fedb72bb2959ea62b0,2026-07-17T08:52:30Z,2026-07-17T08:59:52Z,10708,6971,3737,1179,244,hypervolume_converged,0.0938840873313073,0.0039039304291994,True,1197,2394,13,${CBSIM_RUNS_ROOT}/S2_FORMAL/BATCH_S2_20260717T060425Z/runs/S2_DCF_SBVCHP-SBORC_Acetone_R134a_seed042_20260717T060425Z,${CBSIM_RUNS_ROOT}/S2_FORMAL/BATCH_S2_20260717T060425Z/runs/S2_DCF_SBVCHP-SBORC_Acetone_R134a_seed042_20260717T060425Z/metadata/manifest.json,,BATCH_S2_20260717T060425Z,,,True,23e643b4853ecb97311606ee0f1dda768d6efcc552f57deda3236d0d433320f6,b1b8c4c4ff7a079519d9787271d39e53c6d59969d6040f37774268f6742cd9fd
S2_DCF_SBVCHP-SBORC_Acetone_R236ea_seed042_20260717T060425Z,S2,DC-F,SBVCHP_SBORC,Acetone,R236ea,42,FINISHED,COMPLETED,0,171.54924273490906,28632b8eecf359a056ddde69e35ae7338cf31be5,False,58316595e50d4ab2d69d17ea45335b5ce247feb742f7b2fedb72bb2959ea62b0,2026-07-17T08:35:43Z,2026-07-17T08:38:33Z,6563,6281,282,1296,150,hypervolume_converged,0.1386320547172388,0.0030036523078451,True,1300,2600,1,${CBSIM_RUNS_ROOT}/S2_FORMAL/BATCH_S2_20260717T060425Z/runs/S2_DCF_SBVCHP-SBORC_Acetone_R236ea_seed042_20260717T060425Z,${CBSIM_RUNS_ROOT}/S2_FORMAL/BATCH_S2_20260717T060425Z/runs/S2_DCF_SBVCHP-SBORC_Acetone_R236ea_seed042_20260717T060425Z/metadata/manifest.json,,BATCH_S2_20260717T060425Z,,,True,d7b39d4c188f8418d154ca3b5e9230182f3153c6291cf76a28cc232c6a02377a,40c1a74c752d618de9c60caf89b465fb8d89afe208b3a916cbe7f2edab787dba
S2_DCF_SBVCHP-SBORC_Acetone_R236fa_seed042_20260717T060425Z,S2,DC-F,SBVCHP_SBORC,Acetone,R236fa,42,FINISHED,COMPLETED,0,336.2348392009735,28632b8eecf359a056ddde69e35ae7338cf31be5,False,58316595e50d4ab2d69d17ea45335b5ce247feb742f7b2fedb72bb2959ea62b0,2026-07-17T08:38:54Z,2026-07-17T08:44:28Z,12628,11684,944,1595,288,hypervolume_converged,0.1358746137111559,0.0033768190343717,True,1596,3192,1,${CBSIM_RUNS_ROOT}/S2_FORMAL/BATCH_S2_20260717T060425Z/runs/S2_DCF_SBVCHP-SBORC_Acetone_R236fa_seed042_20260717T060425Z,${CBSIM_RUNS_ROOT}/S2_FORMAL/BATCH_S2_20260717T060425Z/runs/S2_DCF_SBVCHP-SBORC_Acetone_R236fa_seed042_20260717T060425Z/metadata/manifest.json,,BATCH_S2_20260717T060425Z,,,True,a18fe404246d63589174d4eb3b2e9f90d5d99cf25ead7fd028268d4e7ad2f3d5,749c4e4c15ac21616640e77d6ea4cba0380d4053336b08bb1b2ef10b90997a2a
S2_DCF_SBVCHP-SBORC_Acetone_R245fa_seed042_20260717T060425Z,S2,DC-F,SBVCHP_SBORC,Acetone,R245fa,42,FINISHED,COMPLETED,0,193.5444324016571,28632b8eecf359a056ddde69e35ae7338cf31be5,False,58316595e50d4ab2d69d17ea45335b5ce247feb742f7b2fedb72bb2959ea62b0,2026-07-17T08:31:28Z,2026-07-17T08:34:40Z,8566,8322,244,1122,196,hypervolume_converged,0.1360814665601067,0.0047796318110031,True,1122,2244,0,${CBSIM_RUNS_ROOT}/S2_FORMAL/BATCH_S2_20260717T060425Z/runs/S2_DCF_SBVCHP-SBORC_Acetone_R245fa_seed042_20260717T060425Z,${CBSIM_RUNS_ROOT}/S2_FORMAL/BATCH_S2_20260717T060425Z/runs/S2_DCF_SBVCHP-SBORC_Acetone_R245fa_seed042_20260717T060425Z/metadata/manifest.json,,BATCH_S2_20260717T060425Z,,,True,b4f80c30b8b68df845bdc3c7b2b56515272af6a75f9fb8fbc063e031fd2e8c21,dcdb2a84e6aad219039fd343f511731f42fb84988893a7f4a32b76fecb7932c6
S2_DCF_SBVCHP-SBORC_Acetone_R290_seed042_20260717T060425Z,S2,DC-F,SBVCHP_SBORC,Acetone,R290,42,FINISHED,COMPLETED,0,460.0358715057373,28632b8eecf359a056ddde69e35ae7338cf31be5,False,58316595e50d4ab2d69d17ea45335b5ce247feb742f7b2fedb72bb2959ea62b0,2026-07-17T08:53:04Z,2026-07-17T09:00:42Z,10560,7022,3538,1086,241,hypervolume_converged,0.084336925277461,0.0049218057023495,True,1094,2188,4,${CBSIM_RUNS_ROOT}/S2_FORMAL/BATCH_S2_20260717T060425Z/runs/S2_DCF_SBVCHP-SBORC_Acetone_R290_seed042_20260717T060425Z,${CBSIM_RUNS_ROOT}/S2_FORMAL/BATCH_S2_20260717T060425Z/runs/S2_DCF_SBVCHP-SBORC_Acetone_R290_seed042_20260717T060425Z/metadata/manifest.json,,BATCH_S2_20260717T060425Z,,,True,c5293726183967e69d75bc44a3dbcbeb6a7c6cd9f005b93fd280cba61ba75dbb,85125f2502d18da074844d1cd6b7a6a5953bcea0294a790513b79dfe57966398
S2_DCF_SBVCHP-SBORC_Acetone_R365MFC_seed042_20260717T060425Z,S2,DC-F,SBVCHP_SBORC,Acetone,R365MFC,42,FINISHED,COMPLETED,0,205.95255589485168,28632b8eecf359a056ddde69e35ae7338cf31be5,False,58316595e50d4ab2d69d17ea45335b5ce247feb742f7b2fedb72bb2959ea62b0,2026-07-17T08:30:21Z,2026-07-17T08:33:45Z,8725,8453,272,1481,198,hypervolume_converged,0.1380369210661878,0.0048779194221961,True,1481,2962,0,${CBSIM_RUNS_ROOT}/S2_FORMAL/BATCH_S2_20260717T060425Z/runs/S2_DCF_SBVCHP-SBORC_Acetone_R365MFC_seed042_20260717T060425Z,${CBSIM_RUNS_ROOT}/S2_FORMAL/BATCH_S2_20260717T060425Z/runs/S2_DCF_SBVCHP-SBORC_Acetone_R365MFC_seed042_20260717T060425Z/metadata/manifest.json,,BATCH_S2_20260717T060425Z,,,True,79249b926d54a374ce7f25d2e97e8718c319748bdfc5715bff517c66a26aa542,ccd1687ee62dc5da3ef3c8f0d8bba11e52e8a68d10791603d1ffbfa1668efdca
S2_DCF_SBVCHP-SBORC_Acetone_R600_seed042_20260717T060425Z,S2,DC-F,SBVCHP_SBORC,Acetone,R600,42,FINISHED,COMPLETED,0,194.49637627601624,28632b8eecf359a056ddde69e35ae7338cf31be5,False,58316595e50d4ab2d69d17ea45335b5ce247feb742f7b2fedb72bb2959ea62b0,2026-07-17T08:33:47Z,2026-07-17T08:37:00Z,7854,7644,210,1560,179,hypervolume_converged,0.1314525625170261,0.0041730267246211,True,1560,3120,0,${CBSIM_RUNS_ROOT}/S2_FORMAL/BATCH_S2_20260717T060425Z/runs/S2_DCF_SBVCHP-SBORC_Acetone_R600_seed042_20260717T060425Z,${CBSIM_RUNS_ROOT}/S2_FORMAL/BATCH_S2_20260717T060425Z/runs/S2_DCF_SBVCHP-SBORC_Acetone_R600_seed042_20260717T060425Z/metadata/manifest.json,,BATCH_S2_20260717T060425Z,,,True,aa28c14155530c2225c6e3aa3008fb206035acb9ab125495c13616a45bb55566,7de75752b241818f009a4f2ba35b85e4dc5b736ac3768b2a7e27af4ea0d0a3c6
S2_DCF_SBVCHP-SBORC_Acetone_R600a_seed042_20260717T060425Z,S2,DC-F,SBVCHP_SBORC,Acetone,R600a,42,FINISHED,COMPLETED,0,181.01650857925412,28632b8eecf359a056ddde69e35ae7338cf31be5,False,58316595e50d4ab2d69d17ea45335b5ce247feb742f7b2fedb72bb2959ea62b0,2026-07-17T08:38:41Z,2026-07-17T08:41:40Z,7273,6932,341,1359,164,hypervolume_converged,0.1343705382655066,0.0041432389617538,True,1360,2720,0,${CBSIM_RUNS_ROOT}/S2_FORMAL/BATCH_S2_20260717T060425Z/runs/S2_DCF_SBVCHP-SBORC_Acetone_R600a_seed042_20260717T060425Z,${CBSIM_RUNS_ROOT}/S2_FORMAL/BATCH_S2_20260717T060425Z/runs/S2_DCF_SBVCHP-SBORC_Acetone_R600a_seed042_20260717T060425Z/metadata/manifest.json,,BATCH_S2_20260717T060425Z,,,True,ea0b2f6748d64b416d9274fddb6d693e6666422fd24986d3974ec33e04419fb8,912095fabe7ec9c0592ec114d8625a9f89bf760ab962aaf8967bcaa12419b3d6
S2_DCF_SBVCHP-SBORC_CycloHexane_R245fa_seed042_20260717T060425Z,S2,DC-F,SBVCHP_SBORC,CycloHexane,R245fa,42,FINISHED,COMPLETED,0,269.2782144546509,28632b8eecf359a056ddde69e35ae7338cf31be5,False,58316595e50d4ab2d69d17ea45335b5ce247feb742f7b2fedb72bb2959ea62b0,2026-07-17T08:48:23Z,2026-07-17T08:52:51Z,8399,7123,1276,1643,193,hypervolume_converged,0.1107031476939366,0.0049756294331105,True,1643,3286,0,${CBSIM_RUNS_ROOT}/S2_FORMAL/BATCH_S2_20260717T060425Z/runs/S2_DCF_SBVCHP-SBORC_CycloHexane_R245fa_seed042_20260717T060425Z,${CBSIM_RUNS_ROOT}/S2_FORMAL/BATCH_S2_20260717T060425Z/runs/S2_DCF_SBVCHP-SBORC_CycloHexane_R245fa_seed042_20260717T060425Z/metadata/manifest.json,,BATCH_S2_20260717T060425Z,,,True,c8cb39c3b3d5fa1850b7970d7681e49bed1f3b5bbf9a584e44cbc16af89f0ada,7ec8185650ba7efdd4bfbd2627060d066cbd0657a699ff74eb89e22353d434be
S2_DCF_SBVCHP-SBORC_CycloHexane_R365MFC_seed042_20260717T060425Z,S2,DC-F,SBVCHP_SBORC,CycloHexane,R365MFC,42,FINISHED,COMPLETED,0,233.6217737197876,28632b8eecf359a056ddde69e35ae7338cf31be5,False,58316595e50d4ab2d69d17ea45335b5ce247feb742f7b2fedb72bb2959ea62b0,2026-07-17T08:44:54Z,2026-07-17T08:48:45Z,6869,5645,1224,1194,156,hypervolume_converged,0.1100891358691977,0.0044330559631519,True,1194,2388,0,${CBSIM_RUNS_ROOT}/S2_FORMAL/BATCH_S2_20260717T060425Z/runs/S2_DCF_SBVCHP-SBORC_CycloHexane_R365MFC_seed042_20260717T060425Z,${CBSIM_RUNS_ROOT}/S2_FORMAL/BATCH_S2_20260717T060425Z/runs/S2_DCF_SBVCHP-SBORC_CycloHexane_R365MFC_seed042_20260717T060425Z/metadata/manifest.json,,BATCH_S2_20260717T060425Z,,,True,e050f23665bbc0de3e1c67001974369de6c43de37cd5b557084d9dfb6cfa0574,fd1568971a81c3d65e6e4f8247f50aba690efd680ef70a0a7e0c6ad77225e998
S2_DCF_SBVCHP-SBORC_CycloHexane_R600_seed042_20260717T060425Z,S2,DC-F,SBVCHP_SBORC,CycloHexane,R600,42,FINISHED,COMPLETED,0,224.85317420959475,28632b8eecf359a056ddde69e35ae7338cf31be5,False,58316595e50d4ab2d69d17ea45335b5ce247feb742f7b2fedb72bb2959ea62b0,2026-07-17T08:48:45Z,2026-07-17T08:52:27Z,8457,6751,1706,1254,192,hypervolume_converged,0.1052830473237225,0.0047977894167061,True,1254,2508,0,${CBSIM_RUNS_ROOT}/S2_FORMAL/BATCH_S2_20260717T060425Z/runs/S2_DCF_SBVCHP-SBORC_CycloHexane_R600_seed042_20260717T060425Z,${CBSIM_RUNS_ROOT}/S2_FORMAL/BATCH_S2_20260717T060425Z/runs/S2_DCF_SBVCHP-SBORC_CycloHexane_R600_seed042_20260717T060425Z/metadata/manifest.json,,BATCH_S2_20260717T060425Z,,,True,ccfafdc18abcab55fea5cbf9496cce733deb2cf0ab3b8d99152749a41069a0a4,dc31a8b727919c06cd73f0991739c0cef57abea10e1cfd2ee41e4be3962273c6
S2_DCF_SBVCHP-SBORC_Cyclopentane_R1234zeE_seed042_20260717T060425Z,S2,DC-F,SBVCHP_SBORC,Cyclopentane,R1234ze(E),42,FINISHED,COMPLETED,0,403.7089960575104,28632b8eecf359a056ddde69e35ae7338cf31be5,False,58316595e50d4ab2d69d17ea45335b5ce247feb742f7b2fedb72bb2959ea62b0,2026-07-17T08:42:39Z,2026-07-17T08:49:21Z,10777,8115,2662,1098,245,hypervolume_converged,0.1160285479278973,0.003493499808691,True,1098,2196,0,${CBSIM_RUNS_ROOT}/S2_FORMAL/BATCH_S2_20260717T060425Z/runs/S2_DCF_SBVCHP-SBORC_Cyclopentane_R1234zeE_seed042_20260717T060425Z,${CBSIM_RUNS_ROOT}/S2_FORMAL/BATCH_S2_20260717T060425Z/runs/S2_DCF_SBVCHP-SBORC_Cyclopentane_R1234zeE_seed042_20260717T060425Z/metadata/manifest.json,,BATCH_S2_20260717T060425Z,,,True,367b554a6e9e96c565f5102dfb082995137bb6a3124c5bd5695177bba0ad1267,b14bc9d8687ac03c3f4e717c72390ccac3a20c88701b2dbcf1c3076d57a0209c
S2_DCF_SBVCHP-SBORC_Cyclopentane_R227EA_seed042_20260717T060425Z,S2,DC-F,SBVCHP_SBORC,Cyclopentane,R227EA,42,FINISHED,COMPLETED,0,432.9646406173706,28632b8eecf359a056ddde69e35ae7338cf31be5,False,58316595e50d4ab2d69d17ea45335b5ce247feb742f7b2fedb72bb2959ea62b0,2026-07-17T08:46:10Z,2026-07-17T08:53:21Z,7956,5578,2378,948,181,hypervolume_converged,0.1150828905072305,0.0042352063878669,True,950,1900,2,${CBSIM_RUNS_ROOT}/S2_FORMAL/BATCH_S2_20260717T060425Z/runs/S2_DCF_SBVCHP-SBORC_Cyclopentane_R227EA_seed042_20260717T060425Z,${CBSIM_RUNS_ROOT}/S2_FORMAL/BATCH_S2_20260717T060425Z/runs/S2_DCF_SBVCHP-SBORC_Cyclopentane_R227EA_seed042_20260717T060425Z/metadata/manifest.json,,BATCH_S2_20260717T060425Z,,,True,406a5b8f9a1f9603e43212829349b604750cca79553b87ffd482d281d7f1a885,21844724597a0df8ba0771b181a17510612288b1aa249bd17e6af2a20dee1f3e
S2_DCF_SBVCHP-SBORC_Cyclopentane_R236ea_seed042_20260717T060425Z,S2,DC-F,SBVCHP_SBORC,Cyclopentane,R236ea,42,FINISHED,COMPLETED,0,308.9676103591919,28632b8eecf359a056ddde69e35ae7338cf31be5,False,58316595e50d4ab2d69d17ea45335b5ce247feb742f7b2fedb72bb2959ea62b0,2026-07-17T08:24:59Z,2026-07-17T08:30:06Z,9059,7903,1156,1219,207,hypervolume_converged,0.1216742231286269,0.0043396607955706,True,1219,2438,0,${CBSIM_RUNS_ROOT}/S2_FORMAL/BATCH_S2_20260717T060425Z/runs/S2_DCF_SBVCHP-SBORC_Cyclopentane_R236ea_seed042_20260717T060425Z,${CBSIM_RUNS_ROOT}/S2_FORMAL/BATCH_S2_20260717T060425Z/runs/S2_DCF_SBVCHP-SBORC_Cyclopentane_R236ea_seed042_20260717T060425Z/metadata/manifest.json,,BATCH_S2_20260717T060425Z,,,True,c8a680b90fa618c5127f910944f3bc906c0bfcef202499d94165a9eb6b0ee7c3,e1551370b5dafe89193741aeaa237a6117df8bcbb6c287d9e953a5e3c29341e9
S2_DCF_SBVCHP-SBORC_Cyclopentane_R236fa_seed042_20260717T060425Z,S2,DC-F,SBVCHP_SBORC,Cyclopentane,R236fa,42,FINISHED,COMPLETED,0,268.0782356262207,28632b8eecf359a056ddde69e35ae7338cf31be5,False,58316595e50d4ab2d69d17ea45335b5ce247feb742f7b2fedb72bb2959ea62b0,2026-07-17T08:30:08Z,2026-07-17T08:34:34Z,8445,7696,749,1331,192,hypervolume_converged,0.1199960289291347,0.0034379316998297,True,1334,2668,3,${CBSIM_RUNS_ROOT}/S2_FORMAL/BATCH_S2_20260717T060425Z/runs/S2_DCF_SBVCHP-SBORC_Cyclopentane_R236fa_seed042_20260717T060425Z,${CBSIM_RUNS_ROOT}/S2_FORMAL/BATCH_S2_20260717T060425Z/runs/S2_DCF_SBVCHP-SBORC_Cyclopentane_R236fa_seed042_20260717T060425Z/metadata/manifest.json,,BATCH_S2_20260717T060425Z,,,True,0633c761caf2dee1488c108e672db34d408afa1930fdeb8c983e1bcc8fdfb0dd,93311c5bd8247ca1788622ba5e5665ae6c0c399c39954d45701763102ef19e32
S2_DCF_SBVCHP-SBORC_Cyclopentane_R245fa_seed042_20260717T060425Z,S2,DC-F,SBVCHP_SBORC,Cyclopentane,R245fa,42,FINISHED,COMPLETED,0,187.03525137901303,28632b8eecf359a056ddde69e35ae7338cf31be5,False,58316595e50d4ab2d69d17ea45335b5ce247feb742f7b2fedb72bb2959ea62b0,2026-07-17T08:23:50Z,2026-07-17T08:26:55Z,7101,6739,362,1293,162,hypervolume_converged,0.1238868071375279,0.0047616559960913,True,1293,2586,0,${CBSIM_RUNS_ROOT}/S2_FORMAL/BATCH_S2_20260717T060425Z/runs/S2_DCF_SBVCHP-SBORC_Cyclopentane_R245fa_seed042_20260717T060425Z,${CBSIM_RUNS_ROOT}/S2_FORMAL/BATCH_S2_20260717T060425Z/runs/S2_DCF_SBVCHP-SBORC_Cyclopentane_R245fa_seed042_20260717T060425Z/metadata/manifest.json,,BATCH_S2_20260717T060425Z,,,True,2968e9485344f0ede4bf481f88b5c69e6698d8a2e1a49b9a48848e07358cee33,344e4471905fe30d5b18aa8ab09a0b160e56ad824c48c85aa35da94ed29bc85a
S2_DCF_SBVCHP-SBORC_Cyclopentane_R365MFC_seed042_20260717T060425Z,S2,DC-F,SBVCHP_SBORC,Cyclopentane,R365MFC,42,FINISHED,COMPLETED,0,293.2214093208313,28632b8eecf359a056ddde69e35ae7338cf31be5,False,58316595e50d4ab2d69d17ea45335b5ce247feb742f7b2fedb72bb2959ea62b0,2026-07-17T08:23:03Z,2026-07-17T08:27:55Z,10941,10123,818,1601,250,hypervolume_converged,0.1252855379846479,0.0030560970230784,True,1601,3202,0,${CBSIM_RUNS_ROOT}/S2_FORMAL/BATCH_S2_20260717T060425Z/runs/S2_DCF_SBVCHP-SBORC_Cyclopentane_R365MFC_seed042_20260717T060425Z,${CBSIM_RUNS_ROOT}/S2_FORMAL/BATCH_S2_20260717T060425Z/runs/S2_DCF_SBVCHP-SBORC_Cyclopentane_R365MFC_seed042_20260717T060425Z/metadata/manifest.json,,BATCH_S2_20260717T060425Z,,,True,86d9b747e2f250173b067ac2142d332e3a67cd35d1931d14426bfe113e9cd23b,b17e2438d882a33d281a12a87da43e5ac09861438bf0250ce4e4f18525a9a2d0
S2_DCF_SBVCHP-SBORC_Cyclopentane_R600_seed042_20260717T060425Z,S2,DC-F,SBVCHP_SBORC,Cyclopentane,R600,42,FINISHED,COMPLETED,0,204.5548586845398,28632b8eecf359a056ddde69e35ae7338cf31be5,False,58316595e50d4ab2d69d17ea45335b5ce247feb742f7b2fedb72bb2959ea62b0,2026-07-17T08:26:57Z,2026-07-17T08:30:19Z,7794,6849,945,1261,179,hypervolume_converged,0.1238447490286274,0.0040972109987339,True,1261,2522,0,${CBSIM_RUNS_ROOT}/S2_FORMAL/BATCH_S2_20260717T060425Z/runs/S2_DCF_SBVCHP-SBORC_Cyclopentane_R600_seed042_20260717T060425Z,${CBSIM_RUNS_ROOT}/S2_FORMAL/BATCH_S2_20260717T060425Z/runs/S2_DCF_SBVCHP-SBORC_Cyclopentane_R600_seed042_20260717T060425Z/metadata/manifest.json,,BATCH_S2_20260717T060425Z,,,True,279b250f3c85144dc4a608e20668a8ed4ae7debca205e49a825de1cc00dc2af5,dcd54d0569bc91f12bf8bd23a88432bfa68b5a06db0110c60ed10ebbebcf1b37
S2_DCF_SBVCHP-SBORC_Cyclopentane_R600a_seed042_20260717T060425Z,S2,DC-F,SBVCHP_SBORC,Cyclopentane,R600a,42,FINISHED,COMPLETED,0,211.37909054756165,28632b8eecf359a056ddde69e35ae7338cf31be5,False,58316595e50d4ab2d69d17ea45335b5ce247feb742f7b2fedb72bb2959ea62b0,2026-07-17T08:27:57Z,2026-07-17T08:31:26Z,7743,6915,828,1281,176,hypervolume_converged,0.1219841186874204,0.0046528156996749,True,1281,2562,0,${CBSIM_RUNS_ROOT}/S2_FORMAL/BATCH_S2_20260717T060425Z/runs/S2_DCF_SBVCHP-SBORC_Cyclopentane_R600a_seed042_20260717T060425Z,${CBSIM_RUNS_ROOT}/S2_FORMAL/BATCH_S2_20260717T060425Z/runs/S2_DCF_SBVCHP-SBORC_Cyclopentane_R600a_seed042_20260717T060425Z/metadata/manifest.json,,BATCH_S2_20260717T060425Z,,,True,fe8a8236e69e81e4c855862bfc7ec0c8f362946a7e644d3b8c6f59ea55eacb24,c585126648b1212a1c721a8fdf004b054cc32e4be88e41edafa6d9b9cd45b8e1
S2_DCF_SBVCHP-SBORC_R1233zdE_R1234zeE_seed042_20260717T060425Z,S2,DC-F,SBVCHP_SBORC,R1233zd(E),R1234ze(E),42,FINISHED,COMPLETED,0,329.7087380886078,28632b8eecf359a056ddde69e35ae7338cf31be5,False,58316595e50d4ab2d69d17ea45335b5ce247feb742f7b2fedb72bb2959ea62b0,2026-07-17T08:43:45Z,2026-07-17T08:49:13Z,7717,5709,2008,1002,176,hypervolume_converged,0.1064911870565818,0.0032287222003366,True,1002,2004,0,${CBSIM_RUNS_ROOT}/S2_FORMAL/BATCH_S2_20260717T060425Z/runs/S2_DCF_SBVCHP-SBORC_R1233zdE_R1234zeE_seed042_20260717T060425Z,${CBSIM_RUNS_ROOT}/S2_FORMAL/BATCH_S2_20260717T060425Z/runs/S2_DCF_SBVCHP-SBORC_R1233zdE_R1234zeE_seed042_20260717T060425Z/metadata/manifest.json,,BATCH_S2_20260717T060425Z,,,True,d182b748a604912123479cdaf2c9eb883914a5a2ae9d12cd3e79c1e11ee2b3f4,6b283d82c3c534c1c2b69e2d3f956f9252b4ddeb7383f7b396929af0d2fb63ae
S2_DCF_SBVCHP-SBORC_R1233zdE_R134a_seed042_20260717T060425Z,S2,DC-F,SBVCHP_SBORC,R1233zd(E),R134a,42,FINISHED,COMPLETED,0,339.8404197692871,28632b8eecf359a056ddde69e35ae7338cf31be5,False,58316595e50d4ab2d69d17ea45335b5ce247feb742f7b2fedb72bb2959ea62b0,2026-07-17T08:49:50Z,2026-07-17T08:55:28Z,8529,5529,3000,960,194,hypervolume_converged,0.0829032878602088,0.0018853941537437,True,968,1936,8,${CBSIM_RUNS_ROOT}/S2_FORMAL/BATCH_S2_20260717T060425Z/runs/S2_DCF_SBVCHP-SBORC_R1233zdE_R134a_seed042_20260717T060425Z,${CBSIM_RUNS_ROOT}/S2_FORMAL/BATCH_S2_20260717T060425Z/runs/S2_DCF_SBVCHP-SBORC_R1233zdE_R134a_seed042_20260717T060425Z/metadata/manifest.json,,BATCH_S2_20260717T060425Z,,,True,021911ffac75b2dd1dba146103d7d763642e518a44e0d4ca200a766988375a05,9592ce6c8d528c98a6901e8af7251a98015af61f59eda1e1361c10153ac529d4
S2_DCF_SBVCHP-SBORC_R1233zdE_R152A_seed042_20260717T060425Z,S2,DC-F,SBVCHP_SBORC,R1233zd(E),R152A,42,FINISHED,COMPLETED,0,356.46003317832947,28632b8eecf359a056ddde69e35ae7338cf31be5,False,58316595e50d4ab2d69d17ea45335b5ce247feb742f7b2fedb72bb2959ea62b0,2026-07-17T08:53:48Z,2026-07-17T08:59:43Z,11487,6957,4530,1042,261,hypervolume_converged,0.0466135965254381,0.0016312924218295,True,1045,2090,3,${CBSIM_RUNS_ROOT}/S2_FORMAL/BATCH_S2_20260717T060425Z/runs/S2_DCF_SBVCHP-SBORC_R1233zdE_R152A_seed042_20260717T060425Z,${CBSIM_RUNS_ROOT}/S2_FORMAL/BATCH_S2_20260717T060425Z/runs/S2_DCF_SBVCHP-SBORC_R1233zdE_R152A_seed042_20260717T060425Z/metadata/manifest.json,,BATCH_S2_20260717T060425Z,,,True,20b50c6873d1294c474477e2d90ba5b0d1bfd47bec5c5b2eae03e2dddc73191b,33c666876a87bbde0c5220ed790612d0b1c89550e739dfea57a11486f09f8635
S2_DCF_SBVCHP-SBORC_R1233zdE_R227EA_seed042_20260717T060425Z,S2,DC-F,SBVCHP_SBORC,R1233zd(E),R227EA,42,FINISHED,COMPLETED,0,513.5849690437317,28632b8eecf359a056ddde69e35ae7338cf31be5,False,58316595e50d4ab2d69d17ea45335b5ce247feb742f7b2fedb72bb2959ea62b0,2026-07-17T08:49:15Z,2026-07-17T08:57:46Z,8926,6237,2689,1003,202,hypervolume_converged,0.1059988598529867,0.0045172868409525,True,1008,2016,4,${CBSIM_RUNS_ROOT}/S2_FORMAL/BATCH_S2_20260717T060425Z/runs/S2_DCF_SBVCHP-SBORC_R1233zdE_R227EA_seed042_20260717T060425Z,${CBSIM_RUNS_ROOT}/S2_FORMAL/BATCH_S2_20260717T060425Z/runs/S2_DCF_SBVCHP-SBORC_R1233zdE_R227EA_seed042_20260717T060425Z/metadata/manifest.json,,BATCH_S2_20260717T060425Z,,,True,c592d14cd94a9f2de221a40675a469decbeea30f89c46bedbebe967789f27086,99ce872c7b05cc2bdc5d5e29ee508959c1fd58e5382b7ca36f7fd0b92d35c089
S2_DCF_SBVCHP-SBORC_R1233zdE_R236ea_seed042_20260717T060425Z,S2,DC-F,SBVCHP_SBORC,R1233zd(E),R236ea,42,FINISHED,COMPLETED,0,285.4333889484405,28632b8eecf359a056ddde69e35ae7338cf31be5,False,58316595e50d4ab2d69d17ea45335b5ce247feb742f7b2fedb72bb2959ea62b0,2026-07-17T08:37:02Z,2026-07-17T08:41:45Z,8121,7087,1034,1613,184,hypervolume_converged,0.1147462831384625,0.0041495816106713,True,1613,3226,0,${CBSIM_RUNS_ROOT}/S2_FORMAL/BATCH_S2_20260717T060425Z/runs/S2_DCF_SBVCHP-SBORC_R1233zdE_R236ea_seed042_20260717T060425Z,${CBSIM_RUNS_ROOT}/S2_FORMAL/BATCH_S2_20260717T060425Z/runs/S2_DCF_SBVCHP-SBORC_R1233zdE_R236ea_seed042_20260717T060425Z/metadata/manifest.json,,BATCH_S2_20260717T060425Z,,,True,f6ac360ddbe72c5bfabf920fb533149a81e41524e4cc6e1923de5a9682acb87d,13a2f36d08fd31cb378327bba2565909a90c9d1428d28c9231548b273766fcd6
S2_DCF_SBVCHP-SBORC_R1233zdE_R236fa_seed042_20260717T060425Z,S2,DC-F,SBVCHP_SBORC,R1233zd(E),R236fa,42,FINISHED,COMPLETED,0,355.8180983066559,28632b8eecf359a056ddde69e35ae7338cf31be5,False,58316595e50d4ab2d69d17ea45335b5ce247feb742f7b2fedb72bb2959ea62b0,2026-07-17T08:38:35Z,2026-07-17T08:44:29Z,10698,9001,1697,1367,242,hypervolume_converged,0.1133405964666803,0.0048447994006174,True,1367,2734,0,${CBSIM_RUNS_ROOT}/S2_FORMAL/BATCH_S2_20260717T060425Z/runs/S2_DCF_SBVCHP-SBORC_R1233zdE_R236fa_seed042_20260717T060425Z,${CBSIM_RUNS_ROOT}/S2_FORMAL/BATCH_S2_20260717T060425Z/runs/S2_DCF_SBVCHP-SBORC_R1233zdE_R236fa_seed042_20260717T060425Z/metadata/manifest.json,,BATCH_S2_20260717T060425Z,,,True,4ee14fdd4de85c2665b3f57792a6b74a019c33354b3eb418da9f2d3f796974ab,94e220eac74d7ac1aba599cec9443db9ddc8a3b6969cc6a8ab4d41d20f54e468
S2_DCF_SBVCHP-SBORC_R1233zdE_R245fa_seed042_20260717T060425Z,S2,DC-F,SBVCHP_SBORC,R1233zd(E),R245fa,42,FINISHED,COMPLETED,0,257.705041885376,28632b8eecf359a056ddde69e35ae7338cf31be5,False,58316595e50d4ab2d69d17ea45335b5ce247feb742f7b2fedb72bb2959ea62b0,2026-07-17T08:34:36Z,2026-07-17T08:38:52Z,8473,7508,965,1573,193,hypervolume_converged,0.1144783430925146,0.004038348467614,True,1573,3146,0,${CBSIM_RUNS_ROOT}/S2_FORMAL/BATCH_S2_20260717T060425Z/runs/S2_DCF_SBVCHP-SBORC_R1233zdE_R245fa_seed042_20260717T060425Z,${CBSIM_RUNS_ROOT}/S2_FORMAL/BATCH_S2_20260717T060425Z/runs/S2_DCF_SBVCHP-SBORC_R1233zdE_R245fa_seed042_20260717T060425Z/metadata/manifest.json,,BATCH_S2_20260717T060425Z,,,True,ebe0ddb3dea86cede7f0841bc8bb3105304bd57c26cd0ac5bf6fb457268c2b3f,8fd87ad49d34a46e2af70c9af6dfde5dce8d785de22dbdd5315c2c7bb0aeb5e7
S2_DCF_SBVCHP-SBORC_R1233zdE_R365MFC_seed042_20260717T060425Z,S2,DC-F,SBVCHP_SBORC,R1233zd(E),R365MFC,42,FINISHED,COMPLETED,0,282.20620703697205,28632b8eecf359a056ddde69e35ae7338cf31be5,False,58316595e50d4ab2d69d17ea45335b5ce247feb742f7b2fedb72bb2959ea62b0,2026-07-17T08:31:46Z,2026-07-17T08:36:26Z,7851,6976,875,1648,179,hypervolume_converged,0.1173337841481177,0.0031168460292118,True,1648,3296,0,${CBSIM_RUNS_ROOT}/S2_FORMAL/BATCH_S2_20260717T060425Z/runs/S2_DCF_SBVCHP-SBORC_R1233zdE_R365MFC_seed042_20260717T060425Z,${CBSIM_RUNS_ROOT}/S2_FORMAL/BATCH_S2_20260717T060425Z/runs/S2_DCF_SBVCHP-SBORC_R1233zdE_R365MFC_seed042_20260717T060425Z/metadata/manifest.json,,BATCH_S2_20260717T060425Z,,,True,3ad4848d811f64a5f173d153b5536047186776cda8f9cda15cfafc94795fcca7,715326409d682ed6dcd2077aa1f2b903f6ebdabc0db5199306433b1fb74beba5
S2_DCF_SBVCHP-SBORC_R1233zdE_R600_seed042_20260717T060425Z,S2,DC-F,SBVCHP_SBORC,R1233zd(E),R600,42,FINISHED,COMPLETED,0,172.36777067184448,28632b8eecf359a056ddde69e35ae7338cf31be5,False,58316595e50d4ab2d69d17ea45335b5ce247feb742f7b2fedb72bb2959ea62b0,2026-07-17T08:34:42Z,2026-07-17T08:37:32Z,6769,6073,696,1518,154,hypervolume_converged,0.1112451293981689,0.0033734939228473,True,1519,3038,1,${CBSIM_RUNS_ROOT}/S2_FORMAL/BATCH_S2_20260717T060425Z/runs/S2_DCF_SBVCHP-SBORC_R1233zdE_R600_seed042_20260717T060425Z,${CBSIM_RUNS_ROOT}/S2_FORMAL/BATCH_S2_20260717T060425Z/runs/S2_DCF_SBVCHP-SBORC_R1233zdE_R600_seed042_20260717T060425Z/metadata/manifest.json,,BATCH_S2_20260717T060425Z,,,True,f9da66c0d84e6e9cab0774fb6d4ea9cfbf6fa820ff24cfb153e2bf16e54deb41,8b87396037c03ca062d55e401d49157be96bfd259edaf283df18e2b52f499555
S2_DCF_SBVCHP-SBORC_R1233zdE_R600a_seed042_20260717T060425Z,S2,DC-F,SBVCHP_SBORC,R1233zd(E),R600a,42,FINISHED,COMPLETED,0,226.66132402420044,28632b8eecf359a056ddde69e35ae7338cf31be5,False,58316595e50d4ab2d69d17ea45335b5ce247feb742f7b2fedb72bb2959ea62b0,2026-07-17T08:41:42Z,2026-07-17T08:45:27Z,8432,7350,1082,1415,192,hypervolume_converged,0.1115918447798935,0.0034570109361739,True,1415,2830,0,${CBSIM_RUNS_ROOT}/S2_FORMAL/BATCH_S2_20260717T060425Z/runs/S2_DCF_SBVCHP-SBORC_R1233zdE_R600a_seed042_20260717T060425Z,${CBSIM_RUNS_ROOT}/S2_FORMAL/BATCH_S2_20260717T060425Z/runs/S2_DCF_SBVCHP-SBORC_R1233zdE_R600a_seed042_20260717T060425Z/metadata/manifest.json,,BATCH_S2_20260717T060425Z,,,True,d72842ad4b469730c477394626daca1b9d54de1593dbe5d91f127464a8d08048,2c7e2745bdc99ba85b3c0581faa0564268163ca3d9e030e6f7f1256775915d70
S2_DCF_SRVCHP-SRORC_Acetone_R236ea_seed042_20260717T060425Z,S2,DC-F,SRVCHP_SRORC,Acetone,R236ea,42,FINISHED,COMPLETED,0,1007.9337818622588,28632b8eecf359a056ddde69e35ae7338cf31be5,False,58316595e50d4ab2d69d17ea45335b5ce247feb742f7b2fedb72bb2959ea62b0,2026-07-17T09:26:14Z,2026-07-17T09:43:00Z,6619,6116,503,1441,150,hypervolume_converged,0.150278045693265,0.0042318729158985,True,1441,2882,0,${CBSIM_RUNS_ROOT}/S2_FORMAL/BATCH_S2_20260717T060425Z/runs/S2_DCF_SRVCHP-SRORC_Acetone_R236ea_seed042_20260717T060425Z,${CBSIM_RUNS_ROOT}/S2_FORMAL/BATCH_S2_20260717T060425Z/runs/S2_DCF_SRVCHP-SRORC_Acetone_R236ea_seed042_20260717T060425Z/metadata/manifest.json,,BATCH_S2_20260717T060425Z,,,True,ad14040898973c60b640429ba4c917926aadaa18c110590523589129f4d7e09c,4e37eddd7381e21d559a84fcae7f30cbecde81ed278f22d000992db5ef677a22
S2_DCF_SRVCHP-SRORC_Acetone_R365MFC_seed042_20260717T060425Z,S2,DC-F,SRVCHP_SRORC,Acetone,R365MFC,42,FINISHED,COMPLETED,0,187.7665259838104,28632b8eecf359a056ddde69e35ae7338cf31be5,False,58316595e50d4ab2d69d17ea45335b5ce247feb742f7b2fedb72bb2959ea62b0,2026-07-17T09:16:31Z,2026-07-17T09:19:36Z,6581,6056,525,1263,150,hypervolume_converged,0.1593031341148549,0.004298065128099,True,1264,2528,0,${CBSIM_RUNS_ROOT}/S2_FORMAL/BATCH_S2_20260717T060425Z/runs/S2_DCF_SRVCHP-SRORC_Acetone_R365MFC_seed042_20260717T060425Z,${CBSIM_RUNS_ROOT}/S2_FORMAL/BATCH_S2_20260717T060425Z/runs/S2_DCF_SRVCHP-SRORC_Acetone_R365MFC_seed042_20260717T060425Z/metadata/manifest.json,,BATCH_S2_20260717T060425Z,,,True,25c9189858fa8c27775a1e930f6d7dbb2caf43d91e93e4496386d1cab185849c,4a817c06136c51264862eff3abb66c8865683930070d43ccb177b14ad4a8bcf1
S2_DCF_SRVCHP-SRORC_CycloHexane_R227EA_seed042_20260717T060425Z,S2,DC-F,SRVCHP_SRORC,CycloHexane,R227EA,42,FINISHED,COMPLETED,0,708.1671550273895,28632b8eecf359a056ddde69e35ae7338cf31be5,False,58316595e50d4ab2d69d17ea45335b5ce247feb742f7b2fedb72bb2959ea62b0,2026-07-17T09:45:45Z,2026-07-17T09:57:31Z,10031,6350,3681,865,228,hypervolume_converged,0.1366048575572694,0.0043184694286036,True,873,1746,8,${CBSIM_RUNS_ROOT}/S2_FORMAL/BATCH_S2_20260717T060425Z/runs/S2_DCF_SRVCHP-SRORC_CycloHexane_R227EA_seed042_20260717T060425Z,${CBSIM_RUNS_ROOT}/S2_FORMAL/BATCH_S2_20260717T060425Z/runs/S2_DCF_SRVCHP-SRORC_CycloHexane_R227EA_seed042_20260717T060425Z/metadata/manifest.json,,BATCH_S2_20260717T060425Z,,,True,c5cff308627b129e2257819e51536c8beabbd3042e58e143f802f40fe62055b3,228d6f3b27c006e057f897b0e8934805927483c2753964d6012a6630727a3618
S2_DCF_SRVCHP-SRORC_CycloHexane_R236ea_seed042_20260717T060425Z,S2,DC-F,SRVCHP_SRORC,CycloHexane,R236ea,42,FINISHED,COMPLETED,0,1045.4778711795807,28632b8eecf359a056ddde69e35ae7338cf31be5,False,58316595e50d4ab2d69d17ea45335b5ce247feb742f7b2fedb72bb2959ea62b0,2026-07-17T08:59:54Z,2026-07-17T09:17:18Z,7079,6505,574,1669,161,hypervolume_converged,0.1511257728941801,0.0041857376145886,True,1669,3338,0,${CBSIM_RUNS_ROOT}/S2_FORMAL/BATCH_S2_20260717T060425Z/runs/S2_DCF_SRVCHP-SRORC_CycloHexane_R236ea_seed042_20260717T060425Z,${CBSIM_RUNS_ROOT}/S2_FORMAL/BATCH_S2_20260717T060425Z/runs/S2_DCF_SRVCHP-SRORC_CycloHexane_R236ea_seed042_20260717T060425Z/metadata/manifest.json,,BATCH_S2_20260717T060425Z,,,True,e6b9fbdef3ab18fae62defef82d38ec02f9c6d38160edcf1155ae29a703d9cd9,855cd6350e68cbdee4a6beb6b659b63252556b764b8fea4a3742e8cfd770ae48
S2_DCF_SRVCHP-SRORC_CycloHexane_R245fa_seed042_20260717T060425Z,S2,DC-F,SRVCHP_SRORC,CycloHexane,R245fa,42,FINISHED,COMPLETED,0,228.43181991577148,28632b8eecf359a056ddde69e35ae7338cf31be5,False,58316595e50d4ab2d69d17ea45335b5ce247feb742f7b2fedb72bb2959ea62b0,2026-07-17T09:19:21Z,2026-07-17T09:23:08Z,8696,7963,733,1630,197,hypervolume_converged,0.1507407425315733,0.0045637851978617,True,1630,3260,0,${CBSIM_RUNS_ROOT}/S2_FORMAL/BATCH_S2_20260717T060425Z/runs/S2_DCF_SRVCHP-SRORC_CycloHexane_R245fa_seed042_20260717T060425Z,${CBSIM_RUNS_ROOT}/S2_FORMAL/BATCH_S2_20260717T060425Z/runs/S2_DCF_SRVCHP-SRORC_CycloHexane_R245fa_seed042_20260717T060425Z/metadata/manifest.json,,BATCH_S2_20260717T060425Z,,,True,5604eacef4deb776439d04ce452d579582b1fd7270e9162dc713317de91f2829,b1e4a4e0859a99982886a69d48d149294e9c0db5ebf90aae4becef48a1c33a6e
S2_DCF_SRVCHP-SRORC_CycloHexane_R365MFC_seed042_20260717T060425Z,S2,DC-F,SRVCHP_SRORC,CycloHexane,R365MFC,42,FINISHED,COMPLETED,0,292.61489963531494,28632b8eecf359a056ddde69e35ae7338cf31be5,False,58316595e50d4ab2d69d17ea45335b5ce247feb742f7b2fedb72bb2959ea62b0,2026-07-17T08:55:30Z,2026-07-17T09:00:21Z,8997,8120,877,1408,206,hypervolume_converged,0.1551742631333332,0.0046741322716389,True,1408,2816,0,${CBSIM_RUNS_ROOT}/S2_FORMAL/BATCH_S2_20260717T060425Z/runs/S2_DCF_SRVCHP-SRORC_CycloHexane_R365MFC_seed042_20260717T060425Z,${CBSIM_RUNS_ROOT}/S2_FORMAL/BATCH_S2_20260717T060425Z/runs/S2_DCF_SRVCHP-SRORC_CycloHexane_R365MFC_seed042_20260717T060425Z/metadata/manifest.json,,BATCH_S2_20260717T060425Z,,,True,f2008ef6153a99cabbb350f23bad0b028db0ff8ab1e9b662340cb1b448f6bc7e,06d5ab95dbbf7bb5b2f6cecf76c9542d27d222073d3df9eb7429312c705abd76
S2_DCF_SRVCHP-SRORC_CycloHexane_R600_seed042_20260717T060425Z,S2,DC-F,SRVCHP_SRORC,CycloHexane,R600,42,FINISHED,COMPLETED,0,193.9587333202362,28632b8eecf359a056ddde69e35ae7338cf31be5,False,58316595e50d4ab2d69d17ea45335b5ce247feb742f7b2fedb72bb2959ea62b0,2026-07-17T09:17:20Z,2026-07-17T09:20:32Z,6597,6037,560,1811,150,hypervolume_converged,0.1383791355315807,0.0027312543075259,True,1811,3622,0,${CBSIM_RUNS_ROOT}/S2_FORMAL/BATCH_S2_20260717T060425Z/runs/S2_DCF_SRVCHP-SRORC_CycloHexane_R600_seed042_20260717T060425Z,${CBSIM_RUNS_ROOT}/S2_FORMAL/BATCH_S2_20260717T060425Z/runs/S2_DCF_SRVCHP-SRORC_CycloHexane_R600_seed042_20260717T060425Z/metadata/manifest.json,,BATCH_S2_20260717T060425Z,,,True,89f030ac6c17057b64347d3779f95630c292befcecf906d4fbb28a49bc14f43e,c7577c49c749d6ad5ebfdbef991da98993b0bbea842a5a5239fbbe41cc9d0d51
S2_DCF_SRVCHP-SRORC_Cyclopentane_R227EA_seed042_20260717T060425Z,S2,DC-F,SRVCHP_SRORC,Cyclopentane,R227EA,42,FINISHED,COMPLETED,0,830.3855259418488,28632b8eecf359a056ddde69e35ae7338cf31be5,False,58316595e50d4ab2d69d17ea45335b5ce247feb742f7b2fedb72bb2959ea62b0,2026-07-17T09:44:18Z,2026-07-17T09:58:07Z,11644,7642,4002,965,266,hypervolume_converged,0.1354920677321445,0.0041268969969849,True,975,1950,10,${CBSIM_RUNS_ROOT}/S2_FORMAL/BATCH_S2_20260717T060425Z/runs/S2_DCF_SRVCHP-SRORC_Cyclopentane_R227EA_seed042_20260717T060425Z,${CBSIM_RUNS_ROOT}/S2_FORMAL/BATCH_S2_20260717T060425Z/runs/S2_DCF_SRVCHP-SRORC_Cyclopentane_R227EA_seed042_20260717T060425Z/metadata/manifest.json,,BATCH_S2_20260717T060425Z,,,True,414346674a4203e4d65837740a33f8e2608f592a4927bac6ea03c4a25609f728,658f6e938e6771735a124737baeb00897d126d1266210954e5a0315b93d92db8
S2_DCF_SRVCHP-SRORC_Cyclopentane_R236ea_seed042_20260717T060425Z,S2,DC-F,SRVCHP_SRORC,Cyclopentane,R236ea,42,FINISHED,COMPLETED,0,1117.025530576706,28632b8eecf359a056ddde69e35ae7338cf31be5,False,58316595e50d4ab2d69d17ea45335b5ce247feb742f7b2fedb72bb2959ea62b0,2026-07-17T09:00:44Z,2026-07-17T09:19:19Z,7691,7144,547,1631,175,hypervolume_converged,0.1502919457336762,0.0049402564150914,True,1631,3262,0,${CBSIM_RUNS_ROOT}/S2_FORMAL/BATCH_S2_20260717T060425Z/runs/S2_DCF_SRVCHP-SRORC_Cyclopentane_R236ea_seed042_20260717T060425Z,${CBSIM_RUNS_ROOT}/S2_FORMAL/BATCH_S2_20260717T060425Z/runs/S2_DCF_SRVCHP-SRORC_Cyclopentane_R236ea_seed042_20260717T060425Z/metadata/manifest.json,,BATCH_S2_20260717T060425Z,,,True,f9cbf35f9d2b9b832dfdd0c6ab5194582f3c1af01f2adf3f9f710e155a68ad7b,6f866128ef75efaa12f6a5596d54c73d2dc0cd65a66184b1dd8fb347504f36f2
S2_DCF_SRVCHP-SRORC_Cyclopentane_R245fa_seed042_20260717T060425Z,S2,DC-F,SRVCHP_SRORC,Cyclopentane,R245fa,42,FINISHED,COMPLETED,0,244.63466954231265,28632b8eecf359a056ddde69e35ae7338cf31be5,False,58316595e50d4ab2d69d17ea45335b5ce247feb742f7b2fedb72bb2959ea62b0,2026-07-17T09:23:10Z,2026-07-17T09:27:13Z,8891,7892,999,1486,203,hypervolume_converged,0.1503114621551149,0.0044750437277466,True,1486,2972,0,${CBSIM_RUNS_ROOT}/S2_FORMAL/BATCH_S2_20260717T060425Z/runs/S2_DCF_SRVCHP-SRORC_Cyclopentane_R245fa_seed042_20260717T060425Z,${CBSIM_RUNS_ROOT}/S2_FORMAL/BATCH_S2_20260717T060425Z/runs/S2_DCF_SRVCHP-SRORC_Cyclopentane_R245fa_seed042_20260717T060425Z/metadata/manifest.json,,BATCH_S2_20260717T060425Z,,,True,544a9bf1c63881046aaf25cde1d9882b5e901ac96e674d2213ced3914a811a3b,1ac56293e6fc403fcad02fe4d644ff578cacfce1678074b793183a23bc51ac08
S2_DCF_SRVCHP-SRORC_Cyclopentane_R365MFC_seed042_20260717T060425Z,S2,DC-F,SRVCHP_SRORC,Cyclopentane,R365MFC,42,FINISHED,COMPLETED,0,349.2255582809448,28632b8eecf359a056ddde69e35ae7338cf31be5,False,58316595e50d4ab2d69d17ea45335b5ce247feb742f7b2fedb72bb2959ea62b0,2026-07-17T08:56:08Z,2026-07-17T09:01:55Z,12463,11467,996,1633,284,hypervolume_converged,0.1575046533122449,0.0044366700942761,True,1633,3266,0,${CBSIM_RUNS_ROOT}/S2_FORMAL/BATCH_S2_20260717T060425Z/runs/S2_DCF_SRVCHP-SRORC_Cyclopentane_R365MFC_seed042_20260717T060425Z,${CBSIM_RUNS_ROOT}/S2_FORMAL/BATCH_S2_20260717T060425Z/runs/S2_DCF_SRVCHP-SRORC_Cyclopentane_R365MFC_seed042_20260717T060425Z/metadata/manifest.json,,BATCH_S2_20260717T060425Z,,,True,95a383d495a7e3e1f8b64271956905a31b28b6085c1f544e43f64d31a96d0349,32646fd0a4f691b878cdcf78d1df2b9f594d8ebf133e0ebe684d16aec275df5a
S2_DCF_SRVCHP-SRORC_Cyclopentane_R600_seed042_20260717T060425Z,S2,DC-F,SRVCHP_SRORC,Cyclopentane,R600,42,FINISHED,COMPLETED,0,275.68621277809143,28632b8eecf359a056ddde69e35ae7338cf31be5,False,58316595e50d4ab2d69d17ea45335b5ce247feb742f7b2fedb72bb2959ea62b0,2026-07-17T09:20:34Z,2026-07-17T09:25:07Z,11093,10125,968,1780,253,hypervolume_converged,0.1480025295656557,0.004422938307215,True,1780,3560,0,${CBSIM_RUNS_ROOT}/S2_FORMAL/BATCH_S2_20260717T060425Z/runs/S2_DCF_SRVCHP-SRORC_Cyclopentane_R600_seed042_20260717T060425Z,${CBSIM_RUNS_ROOT}/S2_FORMAL/BATCH_S2_20260717T060425Z/runs/S2_DCF_SRVCHP-SRORC_Cyclopentane_R600_seed042_20260717T060425Z/metadata/manifest.json,,BATCH_S2_20260717T060425Z,,,True,2aee8e9c59c1edde9b23ad86398baa8d5986227d0d36318ec493e19b8657775c,2c1cf527a1c35a3fcad07acdd35a3cabfa767ecea5c068bfac37155e8345bace
S2_DCF_SRVCHP-SRORC_R1233zdE_R1234zeE_seed042_20260717T060425Z,S2,DC-F,SRVCHP_SRORC,R1233zd(E),R1234ze(E),42,FINISHED,COMPLETED,0,769.957747220993,28632b8eecf359a056ddde69e35ae7338cf31be5,False,58316595e50d4ab2d69d17ea45335b5ce247feb742f7b2fedb72bb2959ea62b0,2026-07-17T09:49:20Z,2026-07-17T10:02:08Z,7702,5137,2565,1004,176,hypervolume_converged,0.1252596721505333,0.0038549616451486,True,1006,2012,0,${CBSIM_RUNS_ROOT}/S2_FORMAL/BATCH_S2_20260717T060425Z/runs/S2_DCF_SRVCHP-SRORC_R1233zdE_R1234zeE_seed042_20260717T060425Z,${CBSIM_RUNS_ROOT}/S2_FORMAL/BATCH_S2_20260717T060425Z/runs/S2_DCF_SRVCHP-SRORC_R1233zdE_R1234zeE_seed042_20260717T060425Z/metadata/manifest.json,,BATCH_S2_20260717T060425Z,,,True,5f76ad7a6d40c6ba32d08427c96321effb5f939e81e6849110fc41e23e7065aa,69fb82ac8e2be0b7769f5a5c9c73795ee6134271a24ad8e11f2af45c7edde232
S2_DCF_SRVCHP-SRORC_R1233zdE_R227EA_seed042_20260717T060425Z,S2,DC-F,SRVCHP_SRORC,R1233zd(E),R227EA,42,FINISHED,COMPLETED,0,671.6509215831757,28632b8eecf359a056ddde69e35ae7338cf31be5,False,58316595e50d4ab2d69d17ea45335b5ce247feb742f7b2fedb72bb2959ea62b0,2026-07-17T09:47:26Z,2026-07-17T09:58:36Z,9512,5594,3918,705,217,hypervolume_converged,0.1313151175632904,0.0041956876713312,True,716,1432,11,${CBSIM_RUNS_ROOT}/S2_FORMAL/BATCH_S2_20260717T060425Z/runs/S2_DCF_SRVCHP-SRORC_R1233zdE_R227EA_seed042_20260717T060425Z,${CBSIM_RUNS_ROOT}/S2_FORMAL/BATCH_S2_20260717T060425Z/runs/S2_DCF_SRVCHP-SRORC_R1233zdE_R227EA_seed042_20260717T060425Z/metadata/manifest.json,,BATCH_S2_20260717T060425Z,,,True,c4aa55236437da16b111939c93f520b6a4e47527495acb29a26ee4cc5494bc3b,d6a029315d39ecf9089087e69a59334d4cf6d5a56a5600535219abeddebe18b0
S2_DCF_SRVCHP-SRORC_R1233zdE_R236ea_seed042_20260717T060425Z,S2,DC-F,SRVCHP_SRORC,R1233zd(E),R236ea,42,FINISHED,COMPLETED,0,1021.9982795715332,28632b8eecf359a056ddde69e35ae7338cf31be5,False,58316595e50d4ab2d69d17ea45335b5ce247feb742f7b2fedb72bb2959ea62b0,2026-07-17T09:04:14Z,2026-07-17T09:21:14Z,6583,5926,657,1343,150,hypervolume_converged,0.1461970559381186,0.0036914545744731,True,1346,2692,2,${CBSIM_RUNS_ROOT}/S2_FORMAL/BATCH_S2_20260717T060425Z/runs/S2_DCF_SRVCHP-SRORC_R1233zdE_R236ea_seed042_20260717T060425Z,${CBSIM_RUNS_ROOT}/S2_FORMAL/BATCH_S2_20260717T060425Z/runs/S2_DCF_SRVCHP-SRORC_R1233zdE_R236ea_seed042_20260717T060425Z/metadata/manifest.json,,BATCH_S2_20260717T060425Z,,,True,a6f9bccd5432279bf4bc31d59c3686ad3e09cda1c35ae4ff1729e7845ea8ece8,c9c562c010bfbf4edc6c4fe996651ebdc413b1eadd5dbd7d30fec63e6561d5f1
S2_DCF_SRVCHP-SRORC_R1233zdE_R245fa_seed042_20260717T060425Z,S2,DC-F,SRVCHP_SRORC,R1233zd(E),R245fa,42,FINISHED,COMPLETED,0,284.9036855697632,28632b8eecf359a056ddde69e35ae7338cf31be5,False,58316595e50d4ab2d69d17ea45335b5ce247feb742f7b2fedb72bb2959ea62b0,2026-07-17T09:42:23Z,2026-07-17T09:47:06Z,10181,8890,1291,1572,232,hypervolume_converged,0.1467101906966459,0.0045119228015935,True,1574,3148,0,${CBSIM_RUNS_ROOT}/S2_FORMAL/BATCH_S2_20260717T060425Z/runs/S2_DCF_SRVCHP-SRORC_R1233zdE_R245fa_seed042_20260717T060425Z,${CBSIM_RUNS_ROOT}/S2_FORMAL/BATCH_S2_20260717T060425Z/runs/S2_DCF_SRVCHP-SRORC_R1233zdE_R245fa_seed042_20260717T060425Z/metadata/manifest.json,,BATCH_S2_20260717T060425Z,,,True,a712a7aebf933f1bd19bfd5b3977a46ec81491edcbd600fe6a662eab86910098,97623759f08b6c108da0deb21117bb7487e24ea05c2b7ecb5a211f4e11a79f6e
S2_DCF_SRVCHP-SRORC_R1233zdE_R365MFC_seed042_20260717T060425Z,S2,DC-F,SRVCHP_SRORC,R1233zd(E),R365MFC,42,FINISHED,COMPLETED,0,203.32458329200745,28632b8eecf359a056ddde69e35ae7338cf31be5,False,58316595e50d4ab2d69d17ea45335b5ce247feb742f7b2fedb72bb2959ea62b0,2026-07-17T08:59:45Z,2026-07-17T09:03:07Z,6899,6367,532,1443,157,hypervolume_converged,0.1498657524258311,0.0036322502395096,True,1446,2892,2,${CBSIM_RUNS_ROOT}/S2_FORMAL/BATCH_S2_20260717T060425Z/runs/S2_DCF_SRVCHP-SRORC_R1233zdE_R365MFC_seed042_20260717T060425Z,${CBSIM_RUNS_ROOT}/S2_FORMAL/BATCH_S2_20260717T060425Z/runs/S2_DCF_SRVCHP-SRORC_R1233zdE_R365MFC_seed042_20260717T060425Z/metadata/manifest.json,,BATCH_S2_20260717T060425Z,,,True,7af91aade0756b118fa254c62d80abc9dba8aa0413c2359c6f3e07c1afcde6d4,081afc4a69922b1b46405aff5911120aafae7b99cebd27ede29d1cefa653d5c8
S2_DCF_SRVCHP-SRORC_R1233zdE_R600_seed042_20260717T060425Z,S2,DC-F,SRVCHP_SRORC,R1233zd(E),R600,42,FINISHED,COMPLETED,0,216.63137364387512,28632b8eecf359a056ddde69e35ae7338cf31be5,False,58316595e50d4ab2d69d17ea45335b5ce247feb742f7b2fedb72bb2959ea62b0,2026-07-17T09:31:07Z,2026-07-17T09:34:42Z,7320,6246,1074,1335,167,hypervolume_converged,0.1450759425967444,0.0033320768729824,True,1337,2674,2,${CBSIM_RUNS_ROOT}/S2_FORMAL/BATCH_S2_20260717T060425Z/runs/S2_DCF_SRVCHP-SRORC_R1233zdE_R600_seed042_20260717T060425Z,${CBSIM_RUNS_ROOT}/S2_FORMAL/BATCH_S2_20260717T060425Z/runs/S2_DCF_SRVCHP-SRORC_R1233zdE_R600_seed042_20260717T060425Z/metadata/manifest.json,,BATCH_S2_20260717T060425Z,,,True,4e687840a06c53377b1e2c3e070195178063c42c72d9de7cc513376895275e3a,89e119c94e945b04131a40ce6108f9a34cf0f88cc99a6a5c22bf3fc37e0469f5
S2_DCF_SRVCHP-SRORC_R365MFC_R236ea_seed042_20260720T015713Z,S2,DC-F,SRVCHP_SRORC,R365MFC,R236ea,42,FINISHED,COMPLETED,0,1478.4965569972992,589248125341b2e1423dab07202f6bc07341eaca,False,49418e798ebfc964ab321e3e4599358f303696cdc781e0a2c4e7f8bff877f183,2026-07-20T01:57:15Z,2026-07-20T02:21:52Z,13833,12663,1170,1486,316,hypervolume_converged,0.1485168662526459,0.0047022795115429,True,1486,2972,0,${CBSIM_RUNS_ROOT}/S2_EXTENSION/BATCH_S2_20260720T015713Z/runs/S2_DCF_SRVCHP-SRORC_R365MFC_R236ea_seed042_20260720T015713Z,${CBSIM_RUNS_ROOT}/S2_EXTENSION/BATCH_S2_20260720T015713Z/runs/S2_DCF_SRVCHP-SRORC_R365MFC_R236ea_seed042_20260720T015713Z/metadata/manifest.json,,BATCH_S2_20260720T015713Z,S2_DCF_SRVCHP-SRORC_R365MFC_R236ea_seed042_20260717T060425Z,${CBSIM_RUNS_ROOT}/S2_FORMAL/BATCH_S2_20260717T060425Z/runs/S2_DCF_SRVCHP-SRORC_R365MFC_R236ea_seed042_20260717T060425Z,True,b11a40d7a140130194cdc8b106fcd53ad422780c428dc60b7f8c35e9925f2d2c,1d5be111813c9707731c014d7208a49251f02d5dcab445f77873634aa295245e
S2_DCF_SRVCHP-SRORC_R365MFC_R245fa_seed042_20260717T060425Z,S2,DC-F,SRVCHP_SRORC,R365MFC,R245fa,42,FINISHED,COMPLETED,0,238.0363254547119,28632b8eecf359a056ddde69e35ae7338cf31be5,False,58316595e50d4ab2d69d17ea45335b5ce247feb742f7b2fedb72bb2959ea62b0,2026-07-17T09:37:52Z,2026-07-17T09:41:48Z,9787,9148,639,1408,223,hypervolume_converged,0.1427549934963731,0.0043860218996438,True,1408,2816,0,${CBSIM_RUNS_ROOT}/S2_FORMAL/BATCH_S2_20260717T060425Z/runs/S2_DCF_SRVCHP-SRORC_R365MFC_R245fa_seed042_20260717T060425Z,${CBSIM_RUNS_ROOT}/S2_FORMAL/BATCH_S2_20260717T060425Z/runs/S2_DCF_SRVCHP-SRORC_R365MFC_R245fa_seed042_20260717T060425Z/metadata/manifest.json,,BATCH_S2_20260717T060425Z,,,True,05b424e181f95e4d6a29ffb7215e28ee94f3caeef7c980b76a3bbd086c363f2b,6577ddf1b094d0fade7771d38faa499e7e1f96a74b087a3fa884bf68ec5a8990
S2_DCF_SRVCHP-SRORC_R365MFC_R365MFC_seed042_20260717T060425Z,S2,DC-F,SRVCHP_SRORC,R365MFC,R365MFC,42,FINISHED,COMPLETED,0,343.4787397384644,28632b8eecf359a056ddde69e35ae7338cf31be5,False,58316595e50d4ab2d69d17ea45335b5ce247feb742f7b2fedb72bb2959ea62b0,2026-07-17T08:58:37Z,2026-07-17T09:04:18Z,11913,10889,1024,1581,271,hypervolume_converged,0.1502980755852646,0.0045179184555741,True,1581,3162,0,${CBSIM_RUNS_ROOT}/S2_FORMAL/BATCH_S2_20260717T060425Z/runs/S2_DCF_SRVCHP-SRORC_R365MFC_R365MFC_seed042_20260717T060425Z,${CBSIM_RUNS_ROOT}/S2_FORMAL/BATCH_S2_20260717T060425Z/runs/S2_DCF_SRVCHP-SRORC_R365MFC_R365MFC_seed042_20260717T060425Z/metadata/manifest.json,,BATCH_S2_20260717T060425Z,,,True,555dccfc7f833eec579126ccfbca5cfb22954a28695df570ed7a5d0b1d6c561e,c71e1906214f522665f338d9eac3275b8275c85e59eccaa4835903a993118c2a
S2_DCF_SRVCHP-SRORC_R365MFC_R600_seed042_20260717T060425Z,S2,DC-F,SRVCHP_SRORC,R365MFC,R600,42,FINISHED,COMPLETED,0,213.57047843933103,28632b8eecf359a056ddde69e35ae7338cf31be5,False,58316595e50d4ab2d69d17ea45335b5ce247feb742f7b2fedb72bb2959ea62b0,2026-07-17T09:34:19Z,2026-07-17T09:37:50Z,8945,8318,627,1448,205,hypervolume_converged,0.1397305656166025,0.0041832438400252,True,1448,2896,0,${CBSIM_RUNS_ROOT}/S2_FORMAL/BATCH_S2_20260717T060425Z/runs/S2_DCF_SRVCHP-SRORC_R365MFC_R600_seed042_20260717T060425Z,${CBSIM_RUNS_ROOT}/S2_FORMAL/BATCH_S2_20260717T060425Z/runs/S2_DCF_SRVCHP-SRORC_R365MFC_R600_seed042_20260717T060425Z/metadata/manifest.json,,BATCH_S2_20260717T060425Z,,,True,7e9c4cb79a33412f2a8a4421b8ea10c85580c98822ea1d2255df13210d38d29b,745e4f9907bbdeef30e0a9e8f95a9225fee03f54a708d1f42cc973bfabed4bc7
S2_DCF_SRVCHP-SRORC_R601_R236ea_seed042_20260717T060425Z,S2,DC-F,SRVCHP_SRORC,R601,R236ea,42,FINISHED,COMPLETED,0,1355.2863907814026,28632b8eecf359a056ddde69e35ae7338cf31be5,False,58316595e50d4ab2d69d17ea45335b5ce247feb742f7b2fedb72bb2959ea62b0,2026-07-17T09:11:43Z,2026-07-17T09:34:17Z,9662,8805,857,1364,222,hypervolume_converged,0.1486812475169191,0.0040998167618188,True,1364,2728,0,${CBSIM_RUNS_ROOT}/S2_FORMAL/BATCH_S2_20260717T060425Z/runs/S2_DCF_SRVCHP-SRORC_R601_R236ea_seed042_20260717T060425Z,${CBSIM_RUNS_ROOT}/S2_FORMAL/BATCH_S2_20260717T060425Z/runs/S2_DCF_SRVCHP-SRORC_R601_R236ea_seed042_20260717T060425Z/metadata/manifest.json,,BATCH_S2_20260717T060425Z,,,True,e56e6d5f88c3ba84fd4b822e89d9553cee850bf6ef23d0c77fc71809d8f7b717,f188c70649fecc70c6853e8ab965c3da9f7909b175e2ff17066c237d02af25de
S2_DCF_SRVCHP-SRORC_R601_R245fa_seed042_20260717T060425Z,S2,DC-F,SRVCHP_SRORC,R601,R245fa,42,FINISHED,COMPLETED,0,241.6823980808258,28632b8eecf359a056ddde69e35ae7338cf31be5,False,58316595e50d4ab2d69d17ea45335b5ce247feb742f7b2fedb72bb2959ea62b0,2026-07-17T09:34:49Z,2026-07-17T09:38:49Z,10160,9442,718,1383,231,hypervolume_converged,0.1440183358301517,0.004526075212597,True,1383,2766,0,${CBSIM_RUNS_ROOT}/S2_FORMAL/BATCH_S2_20260717T060425Z/runs/S2_DCF_SRVCHP-SRORC_R601_R245fa_seed042_20260717T060425Z,${CBSIM_RUNS_ROOT}/S2_FORMAL/BATCH_S2_20260717T060425Z/runs/S2_DCF_SRVCHP-SRORC_R601_R245fa_seed042_20260717T060425Z/metadata/manifest.json,,BATCH_S2_20260717T060425Z,,,True,e979e3f0a50c310317b0182706921067a2b2a3e37bbf20df2336e8423990c929,b8ce4ef294f58d2c0cfa35b5b6722cf9e17702f8e4e6168fa3b04ffaf0d862d7
S2_DCF_SRVCHP-SRORC_R601_R365MFC_seed042_20260717T060425Z,S2,DC-F,SRVCHP_SRORC,R601,R365MFC,42,FINISHED,COMPLETED,0,215.45294308662412,28632b8eecf359a056ddde69e35ae7338cf31be5,False,58316595e50d4ab2d69d17ea45335b5ce247feb742f7b2fedb72bb2959ea62b0,2026-07-17T08:57:48Z,2026-07-17T09:01:22Z,8762,8195,567,1509,198,hypervolume_converged,0.1484590229453632,0.0044119806809346,True,1509,3018,0,${CBSIM_RUNS_ROOT}/S2_FORMAL/BATCH_S2_20260717T060425Z/runs/S2_DCF_SRVCHP-SRORC_R601_R365MFC_seed042_20260717T060425Z,${CBSIM_RUNS_ROOT}/S2_FORMAL/BATCH_S2_20260717T060425Z/runs/S2_DCF_SRVCHP-SRORC_R601_R365MFC_seed042_20260717T060425Z/metadata/manifest.json,,BATCH_S2_20260717T060425Z,,,True,fe17286a3344e24aaf05df67b0771477c080b0d383ae5aa8f9356df6adc5bce8,e327398ca372645d51eff54b71d24450ad5a6a3adc843aca2389d73701a37a25
S2_DCF_SRVCHP-SRORC_R601_R600_seed042_20260717T060425Z,S2,DC-F,SRVCHP_SRORC,R601,R600,42,FINISHED,COMPLETED,0,362.9849681854248,28632b8eecf359a056ddde69e35ae7338cf31be5,False,58316595e50d4ab2d69d17ea45335b5ce247feb742f7b2fedb72bb2959ea62b0,2026-07-17T09:28:46Z,2026-07-17T09:34:47Z,12884,11261,1623,1545,294,hypervolume_converged,0.1419954890992072,0.0041471476616934,True,1545,3090,0,${CBSIM_RUNS_ROOT}/S2_FORMAL/BATCH_S2_20260717T060425Z/runs/S2_DCF_SRVCHP-SRORC_R601_R600_seed042_20260717T060425Z,${CBSIM_RUNS_ROOT}/S2_FORMAL/BATCH_S2_20260717T060425Z/runs/S2_DCF_SRVCHP-SRORC_R601_R600_seed042_20260717T060425Z/metadata/manifest.json,,BATCH_S2_20260717T060425Z,,,True,53bd3b20a0a7252668da4a3d5b6f5ea672f597a5d5f92d48ea3ddc331f3d94da,16c4ca267cd4753e1d31e6bcc60ae824167b03f1fe4df8097847c77d9283a931
S2_DCF_SRVCHP-SRORC_R601a_R236ea_seed042_20260717T060425Z,S2,DC-F,SRVCHP_SRORC,R601a,R236ea,42,FINISHED,COMPLETED,0,909.8346741199492,28632b8eecf359a056ddde69e35ae7338cf31be5,False,58316595e50d4ab2d69d17ea45335b5ce247feb742f7b2fedb72bb2959ea62b0,2026-07-17T09:14:53Z,2026-07-17T09:30:01Z,6574,5903,671,1341,150,hypervolume_converged,0.1462314928985627,0.0032789846252563,True,1341,2682,0,${CBSIM_RUNS_ROOT}/S2_FORMAL/BATCH_S2_20260717T060425Z/runs/S2_DCF_SRVCHP-SRORC_R601a_R236ea_seed042_20260717T060425Z,${CBSIM_RUNS_ROOT}/S2_FORMAL/BATCH_S2_20260717T060425Z/runs/S2_DCF_SRVCHP-SRORC_R601a_R236ea_seed042_20260717T060425Z/metadata/manifest.json,,BATCH_S2_20260717T060425Z,,,True,409f5920f2382582d5ee6f3ad77fc4de8b16e57c4c909c7a40f2741b75ee2f25,bc6bf2fafaf70b16d59be990dafde4dd9c4b85445c79c150b746001a8465a514
S2_DCF_SRVCHP-SRORC_R601a_R245fa_seed042_20260717T060425Z,S2,DC-F,SRVCHP_SRORC,R601a,R245fa,42,FINISHED,COMPLETED,0,246.21007299423215,28632b8eecf359a056ddde69e35ae7338cf31be5,False,58316595e50d4ab2d69d17ea45335b5ce247feb742f7b2fedb72bb2959ea62b0,2026-07-17T09:43:20Z,2026-07-17T09:47:24Z,9272,8315,957,1284,211,hypervolume_converged,0.1461942864146767,0.0038929738080702,True,1284,2568,0,${CBSIM_RUNS_ROOT}/S2_FORMAL/BATCH_S2_20260717T060425Z/runs/S2_DCF_SRVCHP-SRORC_R601a_R245fa_seed042_20260717T060425Z,${CBSIM_RUNS_ROOT}/S2_FORMAL/BATCH_S2_20260717T060425Z/runs/S2_DCF_SRVCHP-SRORC_R601a_R245fa_seed042_20260717T060425Z/metadata/manifest.json,,BATCH_S2_20260717T060425Z,,,True,0d82d016e1fe14b7f47442e8878c75f301ec98c6113e72c6aaafafb7c88f69e8,24f0fec080f37d7189e6dc3206dfc8b7d01bb515ae965afedd074f55f0a9aef1
S2_DCF_SRVCHP-SRORC_R601a_R365MFC_seed042_20260717T060425Z,S2,DC-F,SRVCHP_SRORC,R601a,R365MFC,42,FINISHED,COMPLETED,0,261.1134195327759,28632b8eecf359a056ddde69e35ae7338cf31be5,False,58316595e50d4ab2d69d17ea45335b5ce247feb742f7b2fedb72bb2959ea62b0,2026-07-17T08:59:53Z,2026-07-17T09:04:12Z,8009,7318,691,1758,181,hypervolume_converged,0.153280026841203,0.0044855452714862,True,1758,3516,0,${CBSIM_RUNS_ROOT}/S2_FORMAL/BATCH_S2_20260717T060425Z/runs/S2_DCF_SRVCHP-SRORC_R601a_R365MFC_seed042_20260717T060425Z,${CBSIM_RUNS_ROOT}/S2_FORMAL/BATCH_S2_20260717T060425Z/runs/S2_DCF_SRVCHP-SRORC_R601a_R365MFC_seed042_20260717T060425Z/metadata/manifest.json,,BATCH_S2_20260717T060425Z,,,True,3e70d8f2ca3148d0703f277fe74346bc1719698e333f90ed30856aa7d2f0e809,c51e6704a1e21557e9513494ae1c65ce72f27c2b65f6612bbc63e554686d3645
S2_DCF_SRVCHP-SRORC_R601a_R600_seed042_20260717T060425Z,S2,DC-F,SRVCHP_SRORC,R601a,R600,42,FINISHED,COMPLETED,0,248.08834505081177,28632b8eecf359a056ddde69e35ae7338cf31be5,False,58316595e50d4ab2d69d17ea45335b5ce247feb742f7b2fedb72bb2959ea62b0,2026-07-17T09:41:37Z,2026-07-17T09:45:43Z,9402,8299,1103,1078,213,hypervolume_converged,0.1396902642338942,0.0049651318127979,True,1078,2156,0,${CBSIM_RUNS_ROOT}/S2_FORMAL/BATCH_S2_20260717T060425Z/runs/S2_DCF_SRVCHP-SRORC_R601a_R600_seed042_20260717T060425Z,${CBSIM_RUNS_ROOT}/S2_FORMAL/BATCH_S2_20260717T060425Z/runs/S2_DCF_SRVCHP-SRORC_R601a_R600_seed042_20260717T060425Z/metadata/manifest.json,,BATCH_S2_20260717T060425Z,,,True,06c7abf1b12b59e7037812a0fab673734b62e93760ae9a2a44c423bb84fd55fd,1295440aae61e339f54904e3f07d248dc2195fc95dbf7e4191d5bd82c2695d5a
