wp,cfg,fluid_hp,fluid_he,seed,run_id,run_dir,manifest_path,canonical_source,base_s4_run_id,supersedes_run_id,source_s2_run_id,s3_selection_rank,s3_selected_reason,requires_s5_review,git_commit,config_sha256,completed_generations,hv_converged,certified_normalized_hypervolume,evaluation_count,feasible_count,failure_count,raw_archive_size,pareto_size,front_revalidation_solver_calls,revalidation_quarantined_count,manifest_sha256,checksums_sha256,pareto_sha256
DC-A,SBVCHP_SBORC,Cyclopentane,R227EA,17,S4_DCA_SBVCHP-SBORC_Cyclopentane_R227EA_seed017_20260720T095135Z,${CBSIM_RUNS_ROOT}/S4_FORMAL/BATCH_S4_20260720T095135Z/runs/S4_DCA_SBVCHP-SBORC_Cyclopentane_R227EA_seed017_20260720T095135Z,${CBSIM_RUNS_ROOT}/S4_FORMAL/BATCH_S4_20260720T095135Z/runs/S4_DCA_SBVCHP-SBORC_Cyclopentane_R227EA_seed017_20260720T095135Z/metadata/manifest.json,base,S4_DCA_SBVCHP-SBORC_Cyclopentane_R227EA_seed017_20260720T095135Z,,S2_DCA_SBVCHP-SBORC_Cyclopentane_R227EA_seed042_20260717T060425Z,5,greedy_incremental_hypervolume,False,36b2c8588490339ef136ec141f9a21089b52daf7,2452bed17143498748ed5fe2e446308e3f8f1c3e669d60cb35bb75c90938d88d,150,True,0.09613791227527262,13718,12659,1059,2232,2229,4464,3,b8d266cdf3d9a26fbdee62ab07592177b7c7d3b2bb570db004e9b36c571e561b,b663ade5c4488ba57d56e334b296d85a2640ff780daa2be3b785343c213a4f42,801b57cc3524123cf5d9cb79b8401a344b8a3adc119194dca631efc9da9e4d79
DC-A,SBVCHP_SBORC,Cyclopentane,R227EA,42,S4_DCA_SBVCHP-SBORC_Cyclopentane_R227EA_seed042_20260720T095135Z,${CBSIM_RUNS_ROOT}/S4_FORMAL/BATCH_S4_20260720T095135Z/runs/S4_DCA_SBVCHP-SBORC_Cyclopentane_R227EA_seed042_20260720T095135Z,${CBSIM_RUNS_ROOT}/S4_FORMAL/BATCH_S4_20260720T095135Z/runs/S4_DCA_SBVCHP-SBORC_Cyclopentane_R227EA_seed042_20260720T095135Z/metadata/manifest.json,base,S4_DCA_SBVCHP-SBORC_Cyclopentane_R227EA_seed042_20260720T095135Z,,S2_DCA_SBVCHP-SBORC_Cyclopentane_R227EA_seed042_20260717T060425Z,5,greedy_incremental_hypervolume,False,36b2c8588490339ef136ec141f9a21089b52daf7,2452bed17143498748ed5fe2e446308e3f8f1c3e669d60cb35bb75c90938d88d,150,True,0.09671988990981276,13749,12705,1044,2398,2391,4796,7,b75c48f7461adb976ff0d151da36d2f1d3f1df9b3d8014742406d7c1d71754e9,8fab5ad19b541da23167116c2de620f8c3ebe0fe330ce2f2134abf640d2e672d,b2e64f21fda227a39fec2bd262f9dd45d20f86db600bf6052350cd6057ef3ff9
DC-A,SBVCHP_SBORC,Cyclopentane,R227EA,73,S4_DCA_SBVCHP-SBORC_Cyclopentane_R227EA_seed073_20260720T095135Z,${CBSIM_RUNS_ROOT}/S4_FORMAL/BATCH_S4_20260720T095135Z/runs/S4_DCA_SBVCHP-SBORC_Cyclopentane_R227EA_seed073_20260720T095135Z,${CBSIM_RUNS_ROOT}/S4_FORMAL/BATCH_S4_20260720T095135Z/runs/S4_DCA_SBVCHP-SBORC_Cyclopentane_R227EA_seed073_20260720T095135Z/metadata/manifest.json,base,S4_DCA_SBVCHP-SBORC_Cyclopentane_R227EA_seed073_20260720T095135Z,,S2_DCA_SBVCHP-SBORC_Cyclopentane_R227EA_seed042_20260717T060425Z,5,greedy_incremental_hypervolume,False,36b2c8588490339ef136ec141f9a21089b52daf7,2452bed17143498748ed5fe2e446308e3f8f1c3e669d60cb35bb75c90938d88d,150,True,0.09638756630335198,13778,12558,1220,2196,2187,4392,9,0015fa737d42094585571406668d65f460ad898a467c5f1c0fe3ddf35fad6487,7e3bb42d238d6ada3e249ada68cd8195f760f53f0a124d9212cdb50a5232d6d3,a91bcae6ee05d83d7b3a949de9f004b87eae4a1aff79065ad3509c82081c5fde
DC-A,SBVCHP_SBORC,Cyclopentane,R227EA,101,S4_DCA_SBVCHP-SBORC_Cyclopentane_R227EA_seed101_20260720T095135Z,${CBSIM_RUNS_ROOT}/S4_FORMAL/BATCH_S4_20260720T095135Z/runs/S4_DCA_SBVCHP-SBORC_Cyclopentane_R227EA_seed101_20260720T095135Z,${CBSIM_RUNS_ROOT}/S4_FORMAL/BATCH_S4_20260720T095135Z/runs/S4_DCA_SBVCHP-SBORC_Cyclopentane_R227EA_seed101_20260720T095135Z/metadata/manifest.json,base,S4_DCA_SBVCHP-SBORC_Cyclopentane_R227EA_seed101_20260720T095135Z,,S2_DCA_SBVCHP-SBORC_Cyclopentane_R227EA_seed042_20260717T060425Z,5,greedy_incremental_hypervolume,False,36b2c8588490339ef136ec141f9a21089b52daf7,2452bed17143498748ed5fe2e446308e3f8f1c3e669d60cb35bb75c90938d88d,150,True,0.09688403487349108,13738,12682,1056,2342,2336,4684,6,3c343462b589fe47b37c470067a2113438ced4bd67a33240e477ab62c18c9b64,1ec5d5e04601e8b9172d244110f5abfdf9dffdbcaf23712f58e4e62be52901b6,8ee57d692893215605e8d5bc6e64816484342acab689a4b165c43444f80d77d0
DC-A,SBVCHP_SBORC,Cyclopentane,R227EA,202,S4_DCA_SBVCHP-SBORC_Cyclopentane_R227EA_seed202_20260721T031641Z,${CBSIM_RUNS_ROOT}/S4_EXTENSION/BATCH_S4_20260721T031641Z/runs/S4_DCA_SBVCHP-SBORC_Cyclopentane_R227EA_seed202_20260721T031641Z,${CBSIM_RUNS_ROOT}/S4_EXTENSION/BATCH_S4_20260721T031641Z/runs/S4_DCA_SBVCHP-SBORC_Cyclopentane_R227EA_seed202_20260721T031641Z/metadata/manifest.json,extension,S4_DCA_SBVCHP-SBORC_Cyclopentane_R227EA_seed202_20260720T095135Z,S4_DCA_SBVCHP-SBORC_Cyclopentane_R227EA_seed202_20260720T095135Z,S2_DCA_SBVCHP-SBORC_Cyclopentane_R227EA_seed042_20260717T060425Z,5,greedy_incremental_hypervolume,False,d8afee5d5a587723cf3e45f1975c4b4b4a181c25,2452bed17143498748ed5fe2e446308e3f8f1c3e669d60cb35bb75c90938d88d,165,True,0.09623585709019421,15151,13847,1304,2406,2401,9254,5,53b3e7ed0ab631488cc63b3a784b409fb42cb3623957152c120e8ee7a41295fc,d8ebde5c51ffc7a09ac11df9d3270d007a43a3b2b148946b3492e212d40fe2f8,2ae0351758317852fdad01ea7b0bc719ed1ac1ab914ecb4af96e3b45975a85e5
DC-A,SBVCHP_SBORC,Cyclopentane,R236fa,17,S4_DCA_SBVCHP-SBORC_Cyclopentane_R236fa_seed017_20260720T095135Z,${CBSIM_RUNS_ROOT}/S4_FORMAL/BATCH_S4_20260720T095135Z/runs/S4_DCA_SBVCHP-SBORC_Cyclopentane_R236fa_seed017_20260720T095135Z,${CBSIM_RUNS_ROOT}/S4_FORMAL/BATCH_S4_20260720T095135Z/runs/S4_DCA_SBVCHP-SBORC_Cyclopentane_R236fa_seed017_20260720T095135Z/metadata/manifest.json,base,S4_DCA_SBVCHP-SBORC_Cyclopentane_R236fa_seed017_20260720T095135Z,,S2_DCA_SBVCHP-SBORC_Cyclopentane_R236fa_seed042_20260717T060425Z,4,greedy_incremental_hypervolume,False,36b2c8588490339ef136ec141f9a21089b52daf7,2452bed17143498748ed5fe2e446308e3f8f1c3e669d60cb35bb75c90938d88d,150,True,0.10439328679917188,13709,13273,436,1994,1994,3988,0,ad8925c17f74d7d20a8db32dade5d6a60a7352e794b7bf43a842f553bfc6445f,0f77e24063c2cd786db7035643e4a6f9bf0579c92617bf6579d136205c152029,890b0479d03aefc319dce6abf46587ec8eea123a4b107f1c1ff1e0fbec2245fe
DC-A,SBVCHP_SBORC,Cyclopentane,R236fa,42,S4_DCA_SBVCHP-SBORC_Cyclopentane_R236fa_seed042_20260720T095135Z,${CBSIM_RUNS_ROOT}/S4_FORMAL/BATCH_S4_20260720T095135Z/runs/S4_DCA_SBVCHP-SBORC_Cyclopentane_R236fa_seed042_20260720T095135Z,${CBSIM_RUNS_ROOT}/S4_FORMAL/BATCH_S4_20260720T095135Z/runs/S4_DCA_SBVCHP-SBORC_Cyclopentane_R236fa_seed042_20260720T095135Z/metadata/manifest.json,base,S4_DCA_SBVCHP-SBORC_Cyclopentane_R236fa_seed042_20260720T095135Z,,S2_DCA_SBVCHP-SBORC_Cyclopentane_R236fa_seed042_20260717T060425Z,4,greedy_incremental_hypervolume,False,36b2c8588490339ef136ec141f9a21089b52daf7,2452bed17143498748ed5fe2e446308e3f8f1c3e669d60cb35bb75c90938d88d,150,True,0.10388841686883327,13761,13212,549,3064,3064,6128,0,37b7ffa1ac6270488911b7fdbaa991bde12e36feb3d8916ea31e19c0d9839239,00819160eeea94df3d1c5c365bb66c748b69c668b501aee2b5e58a4f2c36e523,f7ab32514057960bbc242892118f754d09139d3b5ae1a8d47d202e33c1776881
DC-A,SBVCHP_SBORC,Cyclopentane,R236fa,73,S4_DCA_SBVCHP-SBORC_Cyclopentane_R236fa_seed073_20260720T095135Z,${CBSIM_RUNS_ROOT}/S4_FORMAL/BATCH_S4_20260720T095135Z/runs/S4_DCA_SBVCHP-SBORC_Cyclopentane_R236fa_seed073_20260720T095135Z,${CBSIM_RUNS_ROOT}/S4_FORMAL/BATCH_S4_20260720T095135Z/runs/S4_DCA_SBVCHP-SBORC_Cyclopentane_R236fa_seed073_20260720T095135Z/metadata/manifest.json,base,S4_DCA_SBVCHP-SBORC_Cyclopentane_R236fa_seed073_20260720T095135Z,,S2_DCA_SBVCHP-SBORC_Cyclopentane_R236fa_seed042_20260717T060425Z,4,greedy_incremental_hypervolume,False,36b2c8588490339ef136ec141f9a21089b52daf7,2452bed17143498748ed5fe2e446308e3f8f1c3e669d60cb35bb75c90938d88d,150,True,0.10514230002889548,13640,13146,494,1975,1975,3950,0,51b6b21b148017f7d60b09d2bfa807fa3ca02deea3d4cb0bef36187594c7ce3a,6a3d40645957330f24fb440b71c664cea2585935e167bb30e1e01119db1c567b,4c72cae0c3813a5a607b81d216d4c0d6f8eb102de0d9527756010646b3bede55
DC-A,SBVCHP_SBORC,Cyclopentane,R236fa,101,S4_DCA_SBVCHP-SBORC_Cyclopentane_R236fa_seed101_20260720T095135Z,${CBSIM_RUNS_ROOT}/S4_FORMAL/BATCH_S4_20260720T095135Z/runs/S4_DCA_SBVCHP-SBORC_Cyclopentane_R236fa_seed101_20260720T095135Z,${CBSIM_RUNS_ROOT}/S4_FORMAL/BATCH_S4_20260720T095135Z/runs/S4_DCA_SBVCHP-SBORC_Cyclopentane_R236fa_seed101_20260720T095135Z/metadata/manifest.json,base,S4_DCA_SBVCHP-SBORC_Cyclopentane_R236fa_seed101_20260720T095135Z,,S2_DCA_SBVCHP-SBORC_Cyclopentane_R236fa_seed042_20260717T060425Z,4,greedy_incremental_hypervolume,False,36b2c8588490339ef136ec141f9a21089b52daf7,2452bed17143498748ed5fe2e446308e3f8f1c3e669d60cb35bb75c90938d88d,150,True,0.10543018912082192,13672,13161,511,2433,2433,4866,0,3bec900c57ebfa1fcc4958c59f3d4138704b09fcf68ef289fe7cbe399c4cdf71,f906c1fec7ddfb967d6fe9808635f0bb51da22bb2a5fa6999744df994e645311,e4a4a9c4375ffd447011efc8ddbd65fdf83378ab5897fb05199f5003e9008dcd
DC-A,SBVCHP_SBORC,Cyclopentane,R236fa,202,S4_DCA_SBVCHP-SBORC_Cyclopentane_R236fa_seed202_20260720T095135Z,${CBSIM_RUNS_ROOT}/S4_FORMAL/BATCH_S4_20260720T095135Z/runs/S4_DCA_SBVCHP-SBORC_Cyclopentane_R236fa_seed202_20260720T095135Z,${CBSIM_RUNS_ROOT}/S4_FORMAL/BATCH_S4_20260720T095135Z/runs/S4_DCA_SBVCHP-SBORC_Cyclopentane_R236fa_seed202_20260720T095135Z/metadata/manifest.json,base,S4_DCA_SBVCHP-SBORC_Cyclopentane_R236fa_seed202_20260720T095135Z,,S2_DCA_SBVCHP-SBORC_Cyclopentane_R236fa_seed042_20260717T060425Z,4,greedy_incremental_hypervolume,False,36b2c8588490339ef136ec141f9a21089b52daf7,2452bed17143498748ed5fe2e446308e3f8f1c3e669d60cb35bb75c90938d88d,150,True,0.10468792091257594,13865,13347,518,2650,2650,5300,0,31b302e1a0185113cf74902a562e5415f46c7c4f630ae03a3eb8b6e626eb94a0,ef913787b1e547a360677a2c1d33a2ebd11f95697288c6ce85dcea3a70fce8de,84891219077230301b13f9fc45772f7e6c7908c030ecd6503afa5f17901a09fe
DC-A,SBVCHP_SBORC,Cyclopentane,R245fa,17,S4_DCA_SBVCHP-SBORC_Cyclopentane_R245fa_seed017_20260720T095135Z,${CBSIM_RUNS_ROOT}/S4_FORMAL/BATCH_S4_20260720T095135Z/runs/S4_DCA_SBVCHP-SBORC_Cyclopentane_R245fa_seed017_20260720T095135Z,${CBSIM_RUNS_ROOT}/S4_FORMAL/BATCH_S4_20260720T095135Z/runs/S4_DCA_SBVCHP-SBORC_Cyclopentane_R245fa_seed017_20260720T095135Z/metadata/manifest.json,base,S4_DCA_SBVCHP-SBORC_Cyclopentane_R245fa_seed017_20260720T095135Z,,S2_DCA_SBVCHP-SBORC_Cyclopentane_R245fa_seed042_20260717T060425Z,1,extreme_eta_p2p;extreme_exergy_efficiency,True,36b2c8588490339ef136ec141f9a21089b52daf7,2452bed17143498748ed5fe2e446308e3f8f1c3e669d60cb35bb75c90938d88d,150,True,0.111240832010836,13766,13364,402,1968,1968,3936,0,931545a7e31133f5fe64734c0857f1d04a7f3bedd421bfa50614341147c13e53,eb52761c6cba3e233a8da8f915c31ba1bf4f954035de707b7006836f1e7fbd7b,0fd702e65911eecf212c3e61d75cbe8447847a56e7d0c765fc3f4163ebe60552
DC-A,SBVCHP_SBORC,Cyclopentane,R245fa,42,S4_DCA_SBVCHP-SBORC_Cyclopentane_R245fa_seed042_20260721T031641Z,${CBSIM_RUNS_ROOT}/S4_EXTENSION/BATCH_S4_20260721T031641Z/runs/S4_DCA_SBVCHP-SBORC_Cyclopentane_R245fa_seed042_20260721T031641Z,${CBSIM_RUNS_ROOT}/S4_EXTENSION/BATCH_S4_20260721T031641Z/runs/S4_DCA_SBVCHP-SBORC_Cyclopentane_R245fa_seed042_20260721T031641Z/metadata/manifest.json,extension,S4_DCA_SBVCHP-SBORC_Cyclopentane_R245fa_seed042_20260720T095135Z,S4_DCA_SBVCHP-SBORC_Cyclopentane_R245fa_seed042_20260720T095135Z,S2_DCA_SBVCHP-SBORC_Cyclopentane_R245fa_seed042_20260717T060425Z,1,extreme_eta_p2p;extreme_exergy_efficiency,True,d8afee5d5a587723cf3e45f1975c4b4b4a181c25,2452bed17143498748ed5fe2e446308e3f8f1c3e669d60cb35bb75c90938d88d,192,True,0.11176010392554092,17597,17032,565,2022,2022,7314,0,c04136f41a5769302763a7d902f19e10aec78afade1e553d541d8fa77d7ed214,3defc6140193e4b2a50889a4b06de954dad31434f0f4e14031c4d868f10e4f04,2a7df94139adf1fb16e2eebbe0aebf0f1179b372fcc69294bf148fbd58539bcc
DC-A,SBVCHP_SBORC,Cyclopentane,R245fa,73,S4_DCA_SBVCHP-SBORC_Cyclopentane_R245fa_seed073_20260721T031641Z,${CBSIM_RUNS_ROOT}/S4_EXTENSION/BATCH_S4_20260721T031641Z/runs/S4_DCA_SBVCHP-SBORC_Cyclopentane_R245fa_seed073_20260721T031641Z,${CBSIM_RUNS_ROOT}/S4_EXTENSION/BATCH_S4_20260721T031641Z/runs/S4_DCA_SBVCHP-SBORC_Cyclopentane_R245fa_seed073_20260721T031641Z/metadata/manifest.json,extension,S4_DCA_SBVCHP-SBORC_Cyclopentane_R245fa_seed073_20260720T095135Z,S4_DCA_SBVCHP-SBORC_Cyclopentane_R245fa_seed073_20260720T095135Z,S2_DCA_SBVCHP-SBORC_Cyclopentane_R245fa_seed042_20260717T060425Z,1,extreme_eta_p2p;extreme_exergy_efficiency,True,d8afee5d5a587723cf3e45f1975c4b4b4a181c25,2452bed17143498748ed5fe2e446308e3f8f1c3e669d60cb35bb75c90938d88d,152,True,0.11168464145505685,13852,13517,335,2199,2199,8688,0,c4e88fd6fe10760e589984e36b2dffc16d6f993f0a35d64105d90ed808b8b37d,1935f4145f8a465d3d8a9b212b3af51bf222ff62e73b23bbff50564acaec12e2,cbf824ee8e851a7c318430436a29b154e34921638170ccc4cdf5b29b396cfb87
DC-A,SBVCHP_SBORC,Cyclopentane,R245fa,101,S4_DCA_SBVCHP-SBORC_Cyclopentane_R245fa_seed101_20260720T095135Z,${CBSIM_RUNS_ROOT}/S4_FORMAL/BATCH_S4_20260720T095135Z/runs/S4_DCA_SBVCHP-SBORC_Cyclopentane_R245fa_seed101_20260720T095135Z,${CBSIM_RUNS_ROOT}/S4_FORMAL/BATCH_S4_20260720T095135Z/runs/S4_DCA_SBVCHP-SBORC_Cyclopentane_R245fa_seed101_20260720T095135Z/metadata/manifest.json,base,S4_DCA_SBVCHP-SBORC_Cyclopentane_R245fa_seed101_20260720T095135Z,,S2_DCA_SBVCHP-SBORC_Cyclopentane_R245fa_seed042_20260717T060425Z,1,extreme_eta_p2p;extreme_exergy_efficiency,True,36b2c8588490339ef136ec141f9a21089b52daf7,2452bed17143498748ed5fe2e446308e3f8f1c3e669d60cb35bb75c90938d88d,150,True,0.1128580119523752,13798,13436,362,2278,2278,4556,0,cba8b3fd376b54ec3647a8aed4e9d906975832a3528f76475be8182ae218a017,3f5ab057a699e01463810fb3031dc9d8dea31c331b1f58c0bd73120737801746,e2e7288a3a7befb4281f0bd16af642024b2ac44a32130520c63754848fecf823
DC-A,SBVCHP_SBORC,Cyclopentane,R245fa,202,S4_DCA_SBVCHP-SBORC_Cyclopentane_R245fa_seed202_20260721T031641Z,${CBSIM_RUNS_ROOT}/S4_EXTENSION/BATCH_S4_20260721T031641Z/runs/S4_DCA_SBVCHP-SBORC_Cyclopentane_R245fa_seed202_20260721T031641Z,${CBSIM_RUNS_ROOT}/S4_EXTENSION/BATCH_S4_20260721T031641Z/runs/S4_DCA_SBVCHP-SBORC_Cyclopentane_R245fa_seed202_20260721T031641Z/metadata/manifest.json,extension,S4_DCA_SBVCHP-SBORC_Cyclopentane_R245fa_seed202_20260720T095135Z,S4_DCA_SBVCHP-SBORC_Cyclopentane_R245fa_seed202_20260720T095135Z,S2_DCA_SBVCHP-SBORC_Cyclopentane_R245fa_seed042_20260717T060425Z,1,extreme_eta_p2p;extreme_exergy_efficiency,True,d8afee5d5a587723cf3e45f1975c4b4b4a181c25,2452bed17143498748ed5fe2e446308e3f8f1c3e669d60cb35bb75c90938d88d,168,True,0.11104634762740506,15447,14943,504,2595,2595,9802,0,150561e1427b60e86c08971e4cbbd6af4517403bc2792ceec571151dad877556,b8b38e08840c036776796e7c89478a51d1903ceb35cd963ea2fccfd52d1ae7ad,158b72495b22837c210740c89975bfe5f80a1ba53bcfed2d1efbe9560dcbe01d
DC-A,SBVCHP_SBORC,Cyclopentane,R600,17,S4_DCA_SBVCHP-SBORC_Cyclopentane_R600_seed017_20260720T095135Z,${CBSIM_RUNS_ROOT}/S4_FORMAL/BATCH_S4_20260720T095135Z/runs/S4_DCA_SBVCHP-SBORC_Cyclopentane_R600_seed017_20260720T095135Z,${CBSIM_RUNS_ROOT}/S4_FORMAL/BATCH_S4_20260720T095135Z/runs/S4_DCA_SBVCHP-SBORC_Cyclopentane_R600_seed017_20260720T095135Z/metadata/manifest.json,base,S4_DCA_SBVCHP-SBORC_Cyclopentane_R600_seed017_20260720T095135Z,,S2_DCA_SBVCHP-SBORC_Cyclopentane_R600_seed042_20260717T060425Z,3,greedy_incremental_hypervolume,False,36b2c8588490339ef136ec141f9a21089b52daf7,2452bed17143498748ed5fe2e446308e3f8f1c3e669d60cb35bb75c90938d88d,150,True,0.11023169895889993,13721,13400,321,2694,2694,5388,0,58d23788902a4b450ff0ed1c2302645d9e27a08cfd7581fecce4db99f7c7be1a,cc7a62ac8d4c343bddf2d5369917ef9bd128fe0958d84957e23acd5fa5687cc0,faa18ea26d02e707abca093b50f61507037813130e1755dabab25b42cea17981
DC-A,SBVCHP_SBORC,Cyclopentane,R600,42,S4_DCA_SBVCHP-SBORC_Cyclopentane_R600_seed042_20260720T095135Z,${CBSIM_RUNS_ROOT}/S4_FORMAL/BATCH_S4_20260720T095135Z/runs/S4_DCA_SBVCHP-SBORC_Cyclopentane_R600_seed042_20260720T095135Z,${CBSIM_RUNS_ROOT}/S4_FORMAL/BATCH_S4_20260720T095135Z/runs/S4_DCA_SBVCHP-SBORC_Cyclopentane_R600_seed042_20260720T095135Z/metadata/manifest.json,base,S4_DCA_SBVCHP-SBORC_Cyclopentane_R600_seed042_20260720T095135Z,,S2_DCA_SBVCHP-SBORC_Cyclopentane_R600_seed042_20260717T060425Z,3,greedy_incremental_hypervolume,False,36b2c8588490339ef136ec141f9a21089b52daf7,2452bed17143498748ed5fe2e446308e3f8f1c3e669d60cb35bb75c90938d88d,150,True,0.11129475163706831,13743,13447,296,2344,2344,4688,0,66595634c2d5e6440071bb88e17e402fea93e68a3baca432beb4437d81963b07,90f8f2588c9c743d78820c8048c1bc03f418db53c7ba50340ae466d00af5e2d9,526eedc89f8ff5d22f993b3d8117c6116a4c2d72c8bab6d2dd2333b42de24551
DC-A,SBVCHP_SBORC,Cyclopentane,R600,73,S4_DCA_SBVCHP-SBORC_Cyclopentane_R600_seed073_20260721T031641Z,${CBSIM_RUNS_ROOT}/S4_EXTENSION/BATCH_S4_20260721T031641Z/runs/S4_DCA_SBVCHP-SBORC_Cyclopentane_R600_seed073_20260721T031641Z,${CBSIM_RUNS_ROOT}/S4_EXTENSION/BATCH_S4_20260721T031641Z/runs/S4_DCA_SBVCHP-SBORC_Cyclopentane_R600_seed073_20260721T031641Z/metadata/manifest.json,extension,S4_DCA_SBVCHP-SBORC_Cyclopentane_R600_seed073_20260720T095135Z,S4_DCA_SBVCHP-SBORC_Cyclopentane_R600_seed073_20260720T095135Z,S2_DCA_SBVCHP-SBORC_Cyclopentane_R600_seed042_20260717T060425Z,3,greedy_incremental_hypervolume,False,d8afee5d5a587723cf3e45f1975c4b4b4a181c25,2452bed17143498748ed5fe2e446308e3f8f1c3e669d60cb35bb75c90938d88d,154,True,0.11102973531244885,14036,13709,327,2129,2129,8442,0,2fc76b8148c932d73e0f76128dca92c4dff83b3b8232aca1eb615455de74f276,1670f82adfc13b761df97b9e60c24e7dd1d8ef98fc9c1b721c43bfb993480bee,478c81e592ca5e0e9fd1f7d6944961466a9916348a0788ab40d33ee14e0579d8
DC-A,SBVCHP_SBORC,Cyclopentane,R600,101,S4_DCA_SBVCHP-SBORC_Cyclopentane_R600_seed101_20260720T095135Z,${CBSIM_RUNS_ROOT}/S4_FORMAL/BATCH_S4_20260720T095135Z/runs/S4_DCA_SBVCHP-SBORC_Cyclopentane_R600_seed101_20260720T095135Z,${CBSIM_RUNS_ROOT}/S4_FORMAL/BATCH_S4_20260720T095135Z/runs/S4_DCA_SBVCHP-SBORC_Cyclopentane_R600_seed101_20260720T095135Z/metadata/manifest.json,base,S4_DCA_SBVCHP-SBORC_Cyclopentane_R600_seed101_20260720T095135Z,,S2_DCA_SBVCHP-SBORC_Cyclopentane_R600_seed042_20260717T060425Z,3,greedy_incremental_hypervolume,False,36b2c8588490339ef136ec141f9a21089b52daf7,2452bed17143498748ed5fe2e446308e3f8f1c3e669d60cb35bb75c90938d88d,150,True,0.11126401842939027,13736,13334,402,2357,2357,4714,0,5de8854c836075d76f80d51c834b508fee1b5fe8ee477f8458749e8239085414,09dc90c52d818770bf2f5a80d6bfbd6500b308fc8f4e1260982f7e8126a612d8,7cac71d910798cceeb55d412f5c78eb6cb45cf79e2780c674a0c52b9f371e5e8
DC-A,SBVCHP_SBORC,Cyclopentane,R600,202,S4_DCA_SBVCHP-SBORC_Cyclopentane_R600_seed202_20260720T095135Z,${CBSIM_RUNS_ROOT}/S4_FORMAL/BATCH_S4_20260720T095135Z/runs/S4_DCA_SBVCHP-SBORC_Cyclopentane_R600_seed202_20260720T095135Z,${CBSIM_RUNS_ROOT}/S4_FORMAL/BATCH_S4_20260720T095135Z/runs/S4_DCA_SBVCHP-SBORC_Cyclopentane_R600_seed202_20260720T095135Z/metadata/manifest.json,base,S4_DCA_SBVCHP-SBORC_Cyclopentane_R600_seed202_20260720T095135Z,,S2_DCA_SBVCHP-SBORC_Cyclopentane_R600_seed042_20260717T060425Z,3,greedy_incremental_hypervolume,False,36b2c8588490339ef136ec141f9a21089b52daf7,2452bed17143498748ed5fe2e446308e3f8f1c3e669d60cb35bb75c90938d88d,150,True,0.11158759793481271,13797,13384,413,2369,2369,4738,0,0af67a068ba50490d44d9647f86e7ba79fcead251973298ca44d6e8327ee9b55,0dbafb1a9b577aef6b1806dbd30e060341d32b53dfa51da6a85c6ab9e85dced9,5c4ab6cf4b7f873c5cd220a9119390b3aad1a873ca4f047cf809d0909a50d1c3
DC-A,SBVCHP_SBORC,R1233zd(E),R227EA,17,S4_DCA_SBVCHP-SBORC_R1233zdE_R227EA_seed017_20260721T031641Z,${CBSIM_RUNS_ROOT}/S4_EXTENSION/BATCH_S4_20260721T031641Z/runs/S4_DCA_SBVCHP-SBORC_R1233zdE_R227EA_seed017_20260721T031641Z,${CBSIM_RUNS_ROOT}/S4_EXTENSION/BATCH_S4_20260721T031641Z/runs/S4_DCA_SBVCHP-SBORC_R1233zdE_R227EA_seed017_20260721T031641Z/metadata/manifest.json,extension,S4_DCA_SBVCHP-SBORC_R1233zdE_R227EA_seed017_20260720T095135Z,S4_DCA_SBVCHP-SBORC_R1233zdE_R227EA_seed017_20260720T095135Z,S2_DCA_SBVCHP-SBORC_R1233zdE_R227EA_seed042_20260717T060425Z,2,extreme_energy_density_thermal,True,d8afee5d5a587723cf3e45f1975c4b4b4a181c25,2452bed17143498748ed5fe2e446308e3f8f1c3e669d60cb35bb75c90938d88d,161,True,0.08282234673703129,14752,12567,2185,1806,1804,6978,2,531c877f8a296f5d05d2b99cfeaa3d26a1b9e0076927c67f52734a11edea9536,c748ee58cc971080425dc529b99dc315fb070988cacea7cfc9a8b619a91f1b7d,9e6fb800ef2fa70bff397af75eec557405deeabee10c2e501d8cf7011c070b7e
DC-A,SBVCHP_SBORC,R1233zd(E),R227EA,42,S4_DCA_SBVCHP-SBORC_R1233zdE_R227EA_seed042_20260720T095135Z,${CBSIM_RUNS_ROOT}/S4_FORMAL/BATCH_S4_20260720T095135Z/runs/S4_DCA_SBVCHP-SBORC_R1233zdE_R227EA_seed042_20260720T095135Z,${CBSIM_RUNS_ROOT}/S4_FORMAL/BATCH_S4_20260720T095135Z/runs/S4_DCA_SBVCHP-SBORC_R1233zdE_R227EA_seed042_20260720T095135Z/metadata/manifest.json,base,S4_DCA_SBVCHP-SBORC_R1233zdE_R227EA_seed042_20260720T095135Z,,S2_DCA_SBVCHP-SBORC_R1233zdE_R227EA_seed042_20260717T060425Z,2,extreme_energy_density_thermal,True,36b2c8588490339ef136ec141f9a21089b52daf7,2452bed17143498748ed5fe2e446308e3f8f1c3e669d60cb35bb75c90938d88d,150,True,0.08182393157488713,13792,12239,1553,1704,1702,3408,2,5041a49bf0f3259b6e8add71c58a71676cdf285cf55d0612ee84f9a2202e0285,5e16520192ba0e71765398a47c3d7db0df499c687ea73b56444a983ee41f5476,f932905ad6819903dbe41bf9711da5179787480f6e1826ad96a039bb6d45e915
DC-A,SBVCHP_SBORC,R1233zd(E),R227EA,73,S4_DCA_SBVCHP-SBORC_R1233zdE_R227EA_seed073_20260720T095135Z,${CBSIM_RUNS_ROOT}/S4_FORMAL/BATCH_S4_20260720T095135Z/runs/S4_DCA_SBVCHP-SBORC_R1233zdE_R227EA_seed073_20260720T095135Z,${CBSIM_RUNS_ROOT}/S4_FORMAL/BATCH_S4_20260720T095135Z/runs/S4_DCA_SBVCHP-SBORC_R1233zdE_R227EA_seed073_20260720T095135Z/metadata/manifest.json,base,S4_DCA_SBVCHP-SBORC_R1233zdE_R227EA_seed073_20260720T095135Z,,S2_DCA_SBVCHP-SBORC_R1233zdE_R227EA_seed042_20260717T060425Z,2,extreme_energy_density_thermal,True,36b2c8588490339ef136ec141f9a21089b52daf7,2452bed17143498748ed5fe2e446308e3f8f1c3e669d60cb35bb75c90938d88d,150,True,0.08236217452842975,13726,11865,1861,1520,1513,3040,2,9cf40d056e87ed5129eceb7672a1880668b673e2852f95724f187ccab00eb3e6,07cc248a2214e8d63a7a44b8a14e81cf4548e613d9a5c2e08d9d23941568476b,50f8653e1883b94cd327108d6c1076df33b968d9c879466000772a741e273b71
DC-A,SBVCHP_SBORC,R1233zd(E),R227EA,101,S4_DCA_SBVCHP-SBORC_R1233zdE_R227EA_seed101_20260721T031641Z,${CBSIM_RUNS_ROOT}/S4_EXTENSION/BATCH_S4_20260721T031641Z/runs/S4_DCA_SBVCHP-SBORC_R1233zdE_R227EA_seed101_20260721T031641Z,${CBSIM_RUNS_ROOT}/S4_EXTENSION/BATCH_S4_20260721T031641Z/runs/S4_DCA_SBVCHP-SBORC_R1233zdE_R227EA_seed101_20260721T031641Z/metadata/manifest.json,extension,S4_DCA_SBVCHP-SBORC_R1233zdE_R227EA_seed101_20260720T095135Z,S4_DCA_SBVCHP-SBORC_R1233zdE_R227EA_seed101_20260720T095135Z,S2_DCA_SBVCHP-SBORC_R1233zdE_R227EA_seed042_20260717T060425Z,2,extreme_energy_density_thermal,True,d8afee5d5a587723cf3e45f1975c4b4b4a181c25,2452bed17143498748ed5fe2e446308e3f8f1c3e669d60cb35bb75c90938d88d,154,True,0.08219178742320916,14022,11870,2152,1545,1544,6132,1,199ae0d02327613fcde4d1cdf201661ee19ca81c8319a1d206c91287d2f2f5b3,629110e901dc6bc1446f29d5111259f47c70025bd6dccb35a3f15289d4f78d00,350ebfc0e4d365049b1bb3c607bc8fa6fd81fc49f7e152907656aec2f20209c5
DC-A,SBVCHP_SBORC,R1233zd(E),R227EA,202,S4_DCA_SBVCHP-SBORC_R1233zdE_R227EA_seed202_20260720T095135Z,${CBSIM_RUNS_ROOT}/S4_FORMAL/BATCH_S4_20260720T095135Z/runs/S4_DCA_SBVCHP-SBORC_R1233zdE_R227EA_seed202_20260720T095135Z,${CBSIM_RUNS_ROOT}/S4_FORMAL/BATCH_S4_20260720T095135Z/runs/S4_DCA_SBVCHP-SBORC_R1233zdE_R227EA_seed202_20260720T095135Z/metadata/manifest.json,base,S4_DCA_SBVCHP-SBORC_R1233zdE_R227EA_seed202_20260720T095135Z,,S2_DCA_SBVCHP-SBORC_R1233zdE_R227EA_seed042_20260717T060425Z,2,extreme_energy_density_thermal,True,36b2c8588490339ef136ec141f9a21089b52daf7,2452bed17143498748ed5fe2e446308e3f8f1c3e669d60cb35bb75c90938d88d,150,True,0.08086913334853875,13739,11992,1747,1614,1611,3228,2,6ed65e5c5bef9352a60678a7847525f6a2d4b01b23e5c1fd210a0f05ca750874,65dd2f7bc5e87b18825c2176d44344a15abce1fbd49ac74a7881e2dedd98a106,c22a62c1f3519e511ad354812dc7a3b2f51327e54398c8c3a9d9ff40f9a3464e
DC-A,SRVCHP_SRORC,Cyclopentane,R236ea,17,S4_DCA_SRVCHP-SRORC_Cyclopentane_R236ea_seed017_20260720T095135Z,${CBSIM_RUNS_ROOT}/S4_FORMAL/BATCH_S4_20260720T095135Z/runs/S4_DCA_SRVCHP-SRORC_Cyclopentane_R236ea_seed017_20260720T095135Z,${CBSIM_RUNS_ROOT}/S4_FORMAL/BATCH_S4_20260720T095135Z/runs/S4_DCA_SRVCHP-SRORC_Cyclopentane_R236ea_seed017_20260720T095135Z/metadata/manifest.json,base,S4_DCA_SRVCHP-SRORC_Cyclopentane_R236ea_seed017_20260720T095135Z,,S2_DCA_SRVCHP-SRORC_Cyclopentane_R236ea_seed042_20260717T060425Z,3,greedy_incremental_hypervolume,False,36b2c8588490339ef136ec141f9a21089b52daf7,2452bed17143498748ed5fe2e446308e3f8f1c3e669d60cb35bb75c90938d88d,150,True,0.14650890502336758,13786,13233,553,2428,2428,4856,0,89fab1d5c71c3709bf205a958ba36c6c77371e7bea3aa078f9cdc647a79cf7d4,7da19795ffd709d311140ec5a836391520121fa732afd9b2c88e75e4a6830c81,75fa7801c37f892c8c6b93c8527242c45d7dda458e26e34e8c9775535d20165a
DC-A,SRVCHP_SRORC,Cyclopentane,R236ea,42,S4_DCA_SRVCHP-SRORC_Cyclopentane_R236ea_seed042_20260720T095135Z,${CBSIM_RUNS_ROOT}/S4_FORMAL/BATCH_S4_20260720T095135Z/runs/S4_DCA_SRVCHP-SRORC_Cyclopentane_R236ea_seed042_20260720T095135Z,${CBSIM_RUNS_ROOT}/S4_FORMAL/BATCH_S4_20260720T095135Z/runs/S4_DCA_SRVCHP-SRORC_Cyclopentane_R236ea_seed042_20260720T095135Z/metadata/manifest.json,base,S4_DCA_SRVCHP-SRORC_Cyclopentane_R236ea_seed042_20260720T095135Z,,S2_DCA_SRVCHP-SRORC_Cyclopentane_R236ea_seed042_20260717T060425Z,3,greedy_incremental_hypervolume,False,36b2c8588490339ef136ec141f9a21089b52daf7,2452bed17143498748ed5fe2e446308e3f8f1c3e669d60cb35bb75c90938d88d,150,True,0.14646123926109952,13741,13046,695,2329,2329,4658,0,c94c532f23b31615af7d29b51b16b25f4e4fdc0d7d4b411d15186982ef4592ab,9aabbe482fbe0d42308afe7e9246b0082d922eb6c210724a0b4bfadcae0873c6,58d5c9d5f797274f3fa64d0ae5b6801e758b92f8f024ba24779c572460f5e987
DC-A,SRVCHP_SRORC,Cyclopentane,R236ea,73,S4_DCA_SRVCHP-SRORC_Cyclopentane_R236ea_seed073_20260720T095135Z,${CBSIM_RUNS_ROOT}/S4_FORMAL/BATCH_S4_20260720T095135Z/runs/S4_DCA_SRVCHP-SRORC_Cyclopentane_R236ea_seed073_20260720T095135Z,${CBSIM_RUNS_ROOT}/S4_FORMAL/BATCH_S4_20260720T095135Z/runs/S4_DCA_SRVCHP-SRORC_Cyclopentane_R236ea_seed073_20260720T095135Z/metadata/manifest.json,base,S4_DCA_SRVCHP-SRORC_Cyclopentane_R236ea_seed073_20260720T095135Z,,S2_DCA_SRVCHP-SRORC_Cyclopentane_R236ea_seed042_20260717T060425Z,3,greedy_incremental_hypervolume,False,36b2c8588490339ef136ec141f9a21089b52daf7,2452bed17143498748ed5fe2e446308e3f8f1c3e669d60cb35bb75c90938d88d,150,True,0.14618513990582677,13719,12890,829,2070,2070,4140,0,ca9c70498d799c18fba743c052fe892c810ca013cb446defc00adcf997f22400,7dc452eed661688509493c79b2fa1ddfd82e0c6af7a602e3413655bbd3c8619c,8bb6be50285e31b2db7bace676228fde06e5f1964ae5cb86e9d8fe725d02bbb7
DC-A,SRVCHP_SRORC,Cyclopentane,R236ea,101,S4_DCA_SRVCHP-SRORC_Cyclopentane_R236ea_seed101_20260720T095135Z,${CBSIM_RUNS_ROOT}/S4_FORMAL/BATCH_S4_20260720T095135Z/runs/S4_DCA_SRVCHP-SRORC_Cyclopentane_R236ea_seed101_20260720T095135Z,${CBSIM_RUNS_ROOT}/S4_FORMAL/BATCH_S4_20260720T095135Z/runs/S4_DCA_SRVCHP-SRORC_Cyclopentane_R236ea_seed101_20260720T095135Z/metadata/manifest.json,base,S4_DCA_SRVCHP-SRORC_Cyclopentane_R236ea_seed101_20260720T095135Z,,S2_DCA_SRVCHP-SRORC_Cyclopentane_R236ea_seed042_20260717T060425Z,3,greedy_incremental_hypervolume,False,36b2c8588490339ef136ec141f9a21089b52daf7,2452bed17143498748ed5fe2e446308e3f8f1c3e669d60cb35bb75c90938d88d,150,True,0.14703231392409857,13750,13031,719,2841,2841,5682,0,cfac836224709c47ed2258b8de7fbdfd0e8bfdefc1015c8c4767209ffbb33410,5189b19c6a474b06b43b4baa6a35483c7e655185ecd7868f2388cc5ce8f83641,b63970bba38e5c3004f033c6b356b11d1a6490de1225b312ae9559a372610a04
DC-A,SRVCHP_SRORC,Cyclopentane,R236ea,202,S4_DCA_SRVCHP-SRORC_Cyclopentane_R236ea_seed202_20260721T031641Z,${CBSIM_RUNS_ROOT}/S4_EXTENSION/BATCH_S4_20260721T031641Z/runs/S4_DCA_SRVCHP-SRORC_Cyclopentane_R236ea_seed202_20260721T031641Z,${CBSIM_RUNS_ROOT}/S4_EXTENSION/BATCH_S4_20260721T031641Z/runs/S4_DCA_SRVCHP-SRORC_Cyclopentane_R236ea_seed202_20260721T031641Z/metadata/manifest.json,extension,S4_DCA_SRVCHP-SRORC_Cyclopentane_R236ea_seed202_20260720T095135Z,S4_DCA_SRVCHP-SRORC_Cyclopentane_R236ea_seed202_20260720T095135Z,S2_DCA_SRVCHP-SRORC_Cyclopentane_R236ea_seed042_20260717T060425Z,3,greedy_incremental_hypervolume,False,d8afee5d5a587723cf3e45f1975c4b4b4a181c25,2452bed17143498748ed5fe2e446308e3f8f1c3e669d60cb35bb75c90938d88d,163,True,0.146548574921562,15002,13987,1015,2101,2101,7994,0,525f934c62f8fda72203f2806dac8a1c59d9d3eacb3d612b21ec7536eb6c8a30,2b6b8a8a20c5af6bc8984fe9e5c026efc51bb536a1d1905991008c16905d87a0,da51016784ce7095e3f8c388fd53255018ad7be9417ec3511a55df8e8854be0f
DC-A,SRVCHP_SRORC,Cyclopentane,R245fa,17,S4_DCA_SRVCHP-SRORC_Cyclopentane_R245fa_seed017_20260720T095135Z,${CBSIM_RUNS_ROOT}/S4_FORMAL/BATCH_S4_20260720T095135Z/runs/S4_DCA_SRVCHP-SRORC_Cyclopentane_R245fa_seed017_20260720T095135Z,${CBSIM_RUNS_ROOT}/S4_FORMAL/BATCH_S4_20260720T095135Z/runs/S4_DCA_SRVCHP-SRORC_Cyclopentane_R245fa_seed017_20260720T095135Z/metadata/manifest.json,base,S4_DCA_SRVCHP-SRORC_Cyclopentane_R245fa_seed017_20260720T095135Z,,S2_DCA_SRVCHP-SRORC_Cyclopentane_R245fa_seed042_20260717T060425Z,1,extreme_eta_p2p;extreme_exergy_efficiency,True,36b2c8588490339ef136ec141f9a21089b52daf7,2452bed17143498748ed5fe2e446308e3f8f1c3e669d60cb35bb75c90938d88d,150,True,0.1481397920839912,13767,13053,714,2335,2335,4670,0,df0e6bbbfd7382b034357928c9d3d8573411ec9406a8b3729955e49c48287f0e,7be597cce5573e95961a2bc233b3950f769b5b38a2465ea58773662dbd3ee186,c828123149db2a768b6bdaf777886dd3c9f802bcbb8da5a8c36e09c8f6325c77
DC-A,SRVCHP_SRORC,Cyclopentane,R245fa,42,S4_DCA_SRVCHP-SRORC_Cyclopentane_R245fa_seed042_20260720T095135Z,${CBSIM_RUNS_ROOT}/S4_FORMAL/BATCH_S4_20260720T095135Z/runs/S4_DCA_SRVCHP-SRORC_Cyclopentane_R245fa_seed042_20260720T095135Z,${CBSIM_RUNS_ROOT}/S4_FORMAL/BATCH_S4_20260720T095135Z/runs/S4_DCA_SRVCHP-SRORC_Cyclopentane_R245fa_seed042_20260720T095135Z/metadata/manifest.json,base,S4_DCA_SRVCHP-SRORC_Cyclopentane_R245fa_seed042_20260720T095135Z,,S2_DCA_SRVCHP-SRORC_Cyclopentane_R245fa_seed042_20260717T060425Z,1,extreme_eta_p2p;extreme_exergy_efficiency,True,36b2c8588490339ef136ec141f9a21089b52daf7,2452bed17143498748ed5fe2e446308e3f8f1c3e669d60cb35bb75c90938d88d,150,True,0.14830022368164955,13777,12943,834,2230,2230,4460,0,40c7ad95d13d54903a49d1ff4355b0f19b19d64c4a1f1e6cc459c3d10a4660ea,da468908d85f235e30ba3be494fa6193b4aeb927cb9e722a631bd1358760a08e,4cdfe0e9f397a38d0eba20ff494f0636c75e644dbfcda12ffbb235ad292f5299
DC-A,SRVCHP_SRORC,Cyclopentane,R245fa,73,S4_DCA_SRVCHP-SRORC_Cyclopentane_R245fa_seed073_20260720T095135Z,${CBSIM_RUNS_ROOT}/S4_FORMAL/BATCH_S4_20260720T095135Z/runs/S4_DCA_SRVCHP-SRORC_Cyclopentane_R245fa_seed073_20260720T095135Z,${CBSIM_RUNS_ROOT}/S4_FORMAL/BATCH_S4_20260720T095135Z/runs/S4_DCA_SRVCHP-SRORC_Cyclopentane_R245fa_seed073_20260720T095135Z/metadata/manifest.json,base,S4_DCA_SRVCHP-SRORC_Cyclopentane_R245fa_seed073_20260720T095135Z,,S2_DCA_SRVCHP-SRORC_Cyclopentane_R245fa_seed042_20260717T060425Z,1,extreme_eta_p2p;extreme_exergy_efficiency,True,36b2c8588490339ef136ec141f9a21089b52daf7,2452bed17143498748ed5fe2e446308e3f8f1c3e669d60cb35bb75c90938d88d,150,True,0.14731472842677842,13728,12521,1207,1879,1879,3758,0,551aa785417947ba9bf3b4926bc6296fefa337f23726b2fc8395fb7d873acdba,6377319660a34f45ba636fc8b0c02a2b3ada315ca0c6b2634d76cc98d50aa541,ef854463e6cb992ca0e0f8fe521e6639de34c4c85f9c6e6cc81973bc794af0d0
DC-A,SRVCHP_SRORC,Cyclopentane,R245fa,101,S4_DCA_SRVCHP-SRORC_Cyclopentane_R245fa_seed101_20260720T095135Z,${CBSIM_RUNS_ROOT}/S4_FORMAL/BATCH_S4_20260720T095135Z/runs/S4_DCA_SRVCHP-SRORC_Cyclopentane_R245fa_seed101_20260720T095135Z,${CBSIM_RUNS_ROOT}/S4_FORMAL/BATCH_S4_20260720T095135Z/runs/S4_DCA_SRVCHP-SRORC_Cyclopentane_R245fa_seed101_20260720T095135Z/metadata/manifest.json,base,S4_DCA_SRVCHP-SRORC_Cyclopentane_R245fa_seed101_20260720T095135Z,,S2_DCA_SRVCHP-SRORC_Cyclopentane_R245fa_seed042_20260717T060425Z,1,extreme_eta_p2p;extreme_exergy_efficiency,True,36b2c8588490339ef136ec141f9a21089b52daf7,2452bed17143498748ed5fe2e446308e3f8f1c3e669d60cb35bb75c90938d88d,150,True,0.14826103307405447,13711,12945,766,2482,2482,4964,0,9ef8f614caf27a7b3646e7c24d3489882de69b65e4d5b2d668bafa233e42e49c,8fa5af8cefd95dc7026cb514cfb2ca6b042d30dc927f92f0ca8668a1fefd29b7,5a15fcc973cdf11fe0fadf0edec607ab6857b01cc9c83ef4e14a5c708db1d403
DC-A,SRVCHP_SRORC,Cyclopentane,R245fa,202,S4_DCA_SRVCHP-SRORC_Cyclopentane_R245fa_seed202_20260720T095135Z,${CBSIM_RUNS_ROOT}/S4_FORMAL/BATCH_S4_20260720T095135Z/runs/S4_DCA_SRVCHP-SRORC_Cyclopentane_R245fa_seed202_20260720T095135Z,${CBSIM_RUNS_ROOT}/S4_FORMAL/BATCH_S4_20260720T095135Z/runs/S4_DCA_SRVCHP-SRORC_Cyclopentane_R245fa_seed202_20260720T095135Z/metadata/manifest.json,base,S4_DCA_SRVCHP-SRORC_Cyclopentane_R245fa_seed202_20260720T095135Z,,S2_DCA_SRVCHP-SRORC_Cyclopentane_R245fa_seed042_20260717T060425Z,1,extreme_eta_p2p;extreme_exergy_efficiency,True,36b2c8588490339ef136ec141f9a21089b52daf7,2452bed17143498748ed5fe2e446308e3f8f1c3e669d60cb35bb75c90938d88d,150,True,0.14822035691752064,13722,12620,1102,2369,2369,4738,0,48ad795d65009fa4788fc9d565f16f95a22a8289755f15df010cc52e7b36962e,a5e3e4b277948afa5147765d6b219fd2349742162a13e4b9d61b40668da7a07d,d9db15892708aea5c1c48d7e0f265e5c1412612a83b79c6527d1a4f8b31b59f3
DC-A,SRVCHP_SRORC,R1233zd(E),R227EA,17,S4_DCA_SRVCHP-SRORC_R1233zdE_R227EA_seed017_20260720T095135Z,${CBSIM_RUNS_ROOT}/S4_FORMAL/BATCH_S4_20260720T095135Z/runs/S4_DCA_SRVCHP-SRORC_R1233zdE_R227EA_seed017_20260720T095135Z,${CBSIM_RUNS_ROOT}/S4_FORMAL/BATCH_S4_20260720T095135Z/runs/S4_DCA_SRVCHP-SRORC_R1233zdE_R227EA_seed017_20260720T095135Z/metadata/manifest.json,base,S4_DCA_SRVCHP-SRORC_R1233zdE_R227EA_seed017_20260720T095135Z,,S2_DCA_SRVCHP-SRORC_R1233zdE_R227EA_seed042_20260717T060425Z,4,greedy_incremental_hypervolume,False,36b2c8588490339ef136ec141f9a21089b52daf7,2452bed17143498748ed5fe2e446308e3f8f1c3e669d60cb35bb75c90938d88d,150,True,0.12403900651946578,13783,11435,2348,1619,1611,3238,6,6f4b6ff0c69e1996eaf8059b9208be153b8e19002cd2e19c937556735c46863a,94a4c2287b7d80dbf2a5bf1d19c8554438e52b0b4bfc21d15a2402b155c257b4,155f647124e88aa9e84c422e0f737568bedf6cc1b650c45963ca66dd3f599afe
DC-A,SRVCHP_SRORC,R1233zd(E),R227EA,42,S4_DCA_SRVCHP-SRORC_R1233zdE_R227EA_seed042_20260720T095135Z,${CBSIM_RUNS_ROOT}/S4_FORMAL/BATCH_S4_20260720T095135Z/runs/S4_DCA_SRVCHP-SRORC_R1233zdE_R227EA_seed042_20260720T095135Z,${CBSIM_RUNS_ROOT}/S4_FORMAL/BATCH_S4_20260720T095135Z/runs/S4_DCA_SRVCHP-SRORC_R1233zdE_R227EA_seed042_20260720T095135Z/metadata/manifest.json,base,S4_DCA_SRVCHP-SRORC_R1233zdE_R227EA_seed042_20260720T095135Z,,S2_DCA_SRVCHP-SRORC_R1233zdE_R227EA_seed042_20260717T060425Z,4,greedy_incremental_hypervolume,False,36b2c8588490339ef136ec141f9a21089b52daf7,2452bed17143498748ed5fe2e446308e3f8f1c3e669d60cb35bb75c90938d88d,150,True,0.1254999904762114,13662,11383,2279,1699,1682,3398,16,f53df31a7775f916a41e0a98ec460f97485f527fc5f948d5ee7aa654e5d36ab6,92c7fbb1908f607443e44e0a7d01bb691b33f47ed3b05646ee24a03ebf2686cd,e4a76fbeda114b98ba80a670d689cb419eb0d91909081908173a16c383af0f02
DC-A,SRVCHP_SRORC,R1233zd(E),R227EA,73,S4_DCA_SRVCHP-SRORC_R1233zdE_R227EA_seed073_20260720T095135Z,${CBSIM_RUNS_ROOT}/S4_FORMAL/BATCH_S4_20260720T095135Z/runs/S4_DCA_SRVCHP-SRORC_R1233zdE_R227EA_seed073_20260720T095135Z,${CBSIM_RUNS_ROOT}/S4_FORMAL/BATCH_S4_20260720T095135Z/runs/S4_DCA_SRVCHP-SRORC_R1233zdE_R227EA_seed073_20260720T095135Z/metadata/manifest.json,base,S4_DCA_SRVCHP-SRORC_R1233zdE_R227EA_seed073_20260720T095135Z,,S2_DCA_SRVCHP-SRORC_R1233zdE_R227EA_seed042_20260717T060425Z,4,greedy_incremental_hypervolume,False,36b2c8588490339ef136ec141f9a21089b52daf7,2452bed17143498748ed5fe2e446308e3f8f1c3e669d60cb35bb75c90938d88d,150,True,0.12606562513582556,13656,11280,2376,1420,1412,2840,6,82174b4186dbc595e8e9bcd1c284709ec5343667e4edb3a6ff0501a8488a0c05,47544e707b87e5157f4e95a8293bad0abf00bcf77db14c10d54682a01041c3b1,e5d016496320c201bb439ccfae544cd62a88208f32eb34c720e06e5b9d678939
DC-A,SRVCHP_SRORC,R1233zd(E),R227EA,101,S4_DCA_SRVCHP-SRORC_R1233zdE_R227EA_seed101_20260720T095135Z,${CBSIM_RUNS_ROOT}/S4_FORMAL/BATCH_S4_20260720T095135Z/runs/S4_DCA_SRVCHP-SRORC_R1233zdE_R227EA_seed101_20260720T095135Z,${CBSIM_RUNS_ROOT}/S4_FORMAL/BATCH_S4_20260720T095135Z/runs/S4_DCA_SRVCHP-SRORC_R1233zdE_R227EA_seed101_20260720T095135Z/metadata/manifest.json,base,S4_DCA_SRVCHP-SRORC_R1233zdE_R227EA_seed101_20260720T095135Z,,S2_DCA_SRVCHP-SRORC_R1233zdE_R227EA_seed042_20260717T060425Z,4,greedy_incremental_hypervolume,False,36b2c8588490339ef136ec141f9a21089b52daf7,2452bed17143498748ed5fe2e446308e3f8f1c3e669d60cb35bb75c90938d88d,150,True,0.12554832493311927,13722,11295,2427,1951,1940,3902,10,afe28e1313b34f22e214274e2a67c64da7d75f9a108a703fc1d8ace9a1336aae,2192d666b76ee73933be219de58ada88248c1bbf54d29aaeb941e0e568637179,5bf0d4b4f672f793ef6a0edcbf67f9892329553960dad9d5b076212a135179d7
DC-A,SRVCHP_SRORC,R1233zd(E),R227EA,202,S4_DCA_SRVCHP-SRORC_R1233zdE_R227EA_seed202_20260721T031641Z,${CBSIM_RUNS_ROOT}/S4_EXTENSION/BATCH_S4_20260721T031641Z/runs/S4_DCA_SRVCHP-SRORC_R1233zdE_R227EA_seed202_20260721T031641Z,${CBSIM_RUNS_ROOT}/S4_EXTENSION/BATCH_S4_20260721T031641Z/runs/S4_DCA_SRVCHP-SRORC_R1233zdE_R227EA_seed202_20260721T031641Z/metadata/manifest.json,extension,S4_DCA_SRVCHP-SRORC_R1233zdE_R227EA_seed202_20260720T095135Z,S4_DCA_SRVCHP-SRORC_R1233zdE_R227EA_seed202_20260720T095135Z,S2_DCA_SRVCHP-SRORC_R1233zdE_R227EA_seed042_20260717T060425Z,4,greedy_incremental_hypervolume,False,d8afee5d5a587723cf3e45f1975c4b4b4a181c25,2452bed17143498748ed5fe2e446308e3f8f1c3e669d60cb35bb75c90938d88d,162,True,0.12506515887444283,14892,12131,2761,1462,1454,5616,6,4fafccd4c33e790ffabdebc5e0dd78be863ac77924ee38a8dd1d6e581ae05c7d,284ae8ee72e565d3a23df1ff764e50284beed9951996705b6cc39f5838d48d9f,5914497d8dcce3a4449679f3623ff6bf60ba491e9f73aaafdc68e08df3f96202
DC-A,SRVCHP_SRORC,R245fa,R227EA,17,S4_DCA_SRVCHP-SRORC_R245fa_R227EA_seed017_20260720T095135Z,${CBSIM_RUNS_ROOT}/S4_FORMAL/BATCH_S4_20260720T095135Z/runs/S4_DCA_SRVCHP-SRORC_R245fa_R227EA_seed017_20260720T095135Z,${CBSIM_RUNS_ROOT}/S4_FORMAL/BATCH_S4_20260720T095135Z/runs/S4_DCA_SRVCHP-SRORC_R245fa_R227EA_seed017_20260720T095135Z/metadata/manifest.json,base,S4_DCA_SRVCHP-SRORC_R245fa_R227EA_seed017_20260720T095135Z,,S2_DCA_SRVCHP-SRORC_R245fa_R227EA_seed042_20260717T060425Z,2,extreme_energy_density_thermal,True,36b2c8588490339ef136ec141f9a21089b52daf7,2452bed17143498748ed5fe2e446308e3f8f1c3e669d60cb35bb75c90938d88d,150,True,0.12432506091421808,13745,10854,2891,1621,1607,3242,11,f1bda5465c5bdce73dd7564b1f2715b50409ed2b4b24ede51ad0dc96d5cdedb1,a915c724709eea9092a89a52d5fb73c36b6517c45e7dec0f1f81df5c78f7bef4,1670b1a9ccdab368c90993a3f363298669c76686eb5df6d12cb2fd72e4484cd7
DC-A,SRVCHP_SRORC,R245fa,R227EA,42,S4_DCA_SRVCHP-SRORC_R245fa_R227EA_seed042_20260721T031641Z,${CBSIM_RUNS_ROOT}/S4_EXTENSION/BATCH_S4_20260721T031641Z/runs/S4_DCA_SRVCHP-SRORC_R245fa_R227EA_seed042_20260721T031641Z,${CBSIM_RUNS_ROOT}/S4_EXTENSION/BATCH_S4_20260721T031641Z/runs/S4_DCA_SRVCHP-SRORC_R245fa_R227EA_seed042_20260721T031641Z/metadata/manifest.json,extension,S4_DCA_SRVCHP-SRORC_R245fa_R227EA_seed042_20260720T095135Z,S4_DCA_SRVCHP-SRORC_R245fa_R227EA_seed042_20260720T095135Z,S2_DCA_SRVCHP-SRORC_R245fa_R227EA_seed042_20260717T060425Z,2,extreme_energy_density_thermal,True,d8afee5d5a587723cf3e45f1975c4b4b4a181c25,2452bed17143498748ed5fe2e446308e3f8f1c3e669d60cb35bb75c90938d88d,158,True,0.12270431888962964,14506,11861,2645,1444,1431,5572,10,497ebcbfbe9b575907a9d97aaae28a8050b67ea46a7dd481b11fcb3ce67d28b6,61fa8e04eac5f79f895bb24f50eac931d57bc8a4e5f3c02127453b726d7dfa32,187c1d48ae2e90dc0a36a88721439626da99cf02e81fa8fdb80c0b1a8a95a988
DC-A,SRVCHP_SRORC,R245fa,R227EA,73,S4_DCA_SRVCHP-SRORC_R245fa_R227EA_seed073_20260720T095135Z,${CBSIM_RUNS_ROOT}/S4_FORMAL/BATCH_S4_20260720T095135Z/runs/S4_DCA_SRVCHP-SRORC_R245fa_R227EA_seed073_20260720T095135Z,${CBSIM_RUNS_ROOT}/S4_FORMAL/BATCH_S4_20260720T095135Z/runs/S4_DCA_SRVCHP-SRORC_R245fa_R227EA_seed073_20260720T095135Z/metadata/manifest.json,base,S4_DCA_SRVCHP-SRORC_R245fa_R227EA_seed073_20260720T095135Z,,S2_DCA_SRVCHP-SRORC_R245fa_R227EA_seed042_20260717T060425Z,2,extreme_energy_density_thermal,True,36b2c8588490339ef136ec141f9a21089b52daf7,2452bed17143498748ed5fe2e446308e3f8f1c3e669d60cb35bb75c90938d88d,150,True,0.12380883594493167,13657,10868,2789,1551,1529,3102,20,d889f607d75758dbc470b5ffe40855715928f716589c8f0a081654590dde0f9d,97ffc54b423da788ab6b0cc02279d9ae364009cacc91a1cdb88dddd306caf9cb,0ad05fc9d0a5a20e0f06aaad4eb6bfaa0b09b82869e9032c2e4b76770c68528c
DC-A,SRVCHP_SRORC,R245fa,R227EA,101,S4_DCA_SRVCHP-SRORC_R245fa_R227EA_seed101_20260720T095135Z,${CBSIM_RUNS_ROOT}/S4_FORMAL/BATCH_S4_20260720T095135Z/runs/S4_DCA_SRVCHP-SRORC_R245fa_R227EA_seed101_20260720T095135Z,${CBSIM_RUNS_ROOT}/S4_FORMAL/BATCH_S4_20260720T095135Z/runs/S4_DCA_SRVCHP-SRORC_R245fa_R227EA_seed101_20260720T095135Z/metadata/manifest.json,base,S4_DCA_SRVCHP-SRORC_R245fa_R227EA_seed101_20260720T095135Z,,S2_DCA_SRVCHP-SRORC_R245fa_R227EA_seed042_20260717T060425Z,2,extreme_energy_density_thermal,True,36b2c8588490339ef136ec141f9a21089b52daf7,2452bed17143498748ed5fe2e446308e3f8f1c3e669d60cb35bb75c90938d88d,150,True,0.1243044555370851,13691,11024,2667,1536,1511,3072,21,7a563da212758de76289e04315e89402a145858ed8b7582b1994589ca168eeed,ae9526354ecdc14b558ce3a0321eb5e149de66ccabd88d2ef13040721463b6f4,3a43ab287cc95dfcf978b79b99f404c1b5247ec6abed2fd82ab600ddd838a586
DC-A,SRVCHP_SRORC,R245fa,R227EA,202,S4_DCA_SRVCHP-SRORC_R245fa_R227EA_seed202_20260720T095135Z,${CBSIM_RUNS_ROOT}/S4_FORMAL/BATCH_S4_20260720T095135Z/runs/S4_DCA_SRVCHP-SRORC_R245fa_R227EA_seed202_20260720T095135Z,${CBSIM_RUNS_ROOT}/S4_FORMAL/BATCH_S4_20260720T095135Z/runs/S4_DCA_SRVCHP-SRORC_R245fa_R227EA_seed202_20260720T095135Z/metadata/manifest.json,base,S4_DCA_SRVCHP-SRORC_R245fa_R227EA_seed202_20260720T095135Z,,S2_DCA_SRVCHP-SRORC_R245fa_R227EA_seed042_20260717T060425Z,2,extreme_energy_density_thermal,True,36b2c8588490339ef136ec141f9a21089b52daf7,2452bed17143498748ed5fe2e446308e3f8f1c3e669d60cb35bb75c90938d88d,150,True,0.12282410261565477,13796,11338,2458,1858,1841,3716,12,66050ea531063c1c1ba7f09a8f92db0f9ed65ffc9d7eaa499885698107e091df,fb99b69059e25e34def73d72160e81ccf08b3a28e9abd3215f63707acdd928e5,27330ecec525376e419584990329416aad27f22d12f850811274d80d019d583a
DC-A,SRVCHP_SRORC,R600,R236ea,17,S4_DCA_SRVCHP-SRORC_R600_R236ea_seed017_20260720T095135Z,${CBSIM_RUNS_ROOT}/S4_FORMAL/BATCH_S4_20260720T095135Z/runs/S4_DCA_SRVCHP-SRORC_R600_R236ea_seed017_20260720T095135Z,${CBSIM_RUNS_ROOT}/S4_FORMAL/BATCH_S4_20260720T095135Z/runs/S4_DCA_SRVCHP-SRORC_R600_R236ea_seed017_20260720T095135Z/metadata/manifest.json,base,S4_DCA_SRVCHP-SRORC_R600_R236ea_seed017_20260720T095135Z,,S2_DCA_SRVCHP-SRORC_R600_R236ea_seed042_20260717T060425Z,5,greedy_incremental_hypervolume,False,36b2c8588490339ef136ec141f9a21089b52daf7,2452bed17143498748ed5fe2e446308e3f8f1c3e669d60cb35bb75c90938d88d,150,True,0.13691048861549016,13734,12831,903,2146,2146,4292,0,2af0d3081a9ea6cebda12a6f4f1afdb3a3cb2ae7a7d0a4f35e1f86bc33533ae7,8936eac2768087612ca8da313c5000c750fe7d87d5efb1d97858a1dec071ba64,f71c765c0fe01f07a3b89c2156e88baa99ba84946599cc5dbe542e72978cfd61
DC-A,SRVCHP_SRORC,R600,R236ea,42,S4_DCA_SRVCHP-SRORC_R600_R236ea_seed042_20260720T095135Z,${CBSIM_RUNS_ROOT}/S4_FORMAL/BATCH_S4_20260720T095135Z/runs/S4_DCA_SRVCHP-SRORC_R600_R236ea_seed042_20260720T095135Z,${CBSIM_RUNS_ROOT}/S4_FORMAL/BATCH_S4_20260720T095135Z/runs/S4_DCA_SRVCHP-SRORC_R600_R236ea_seed042_20260720T095135Z/metadata/manifest.json,base,S4_DCA_SRVCHP-SRORC_R600_R236ea_seed042_20260720T095135Z,,S2_DCA_SRVCHP-SRORC_R600_R236ea_seed042_20260717T060425Z,5,greedy_incremental_hypervolume,False,36b2c8588490339ef136ec141f9a21089b52daf7,2452bed17143498748ed5fe2e446308e3f8f1c3e669d60cb35bb75c90938d88d,150,True,0.13770630961916133,13764,12693,1071,2003,2003,4006,0,028dbe6a037fbecf1c57672ee3fc2bec4257625a77de80f844b95b52370b6fa7,1c2e1c43897c13b9769e86d8eaa493ce4aaf31f31d22abeac2464137475ed825,073072c583e854f52c7c3fdafb2b3b68cf1dd98ea57565e00b1046f0e2f0e066
DC-A,SRVCHP_SRORC,R600,R236ea,73,S4_DCA_SRVCHP-SRORC_R600_R236ea_seed073_20260720T095135Z,${CBSIM_RUNS_ROOT}/S4_FORMAL/BATCH_S4_20260720T095135Z/runs/S4_DCA_SRVCHP-SRORC_R600_R236ea_seed073_20260720T095135Z,${CBSIM_RUNS_ROOT}/S4_FORMAL/BATCH_S4_20260720T095135Z/runs/S4_DCA_SRVCHP-SRORC_R600_R236ea_seed073_20260720T095135Z/metadata/manifest.json,base,S4_DCA_SRVCHP-SRORC_R600_R236ea_seed073_20260720T095135Z,,S2_DCA_SRVCHP-SRORC_R600_R236ea_seed042_20260717T060425Z,5,greedy_incremental_hypervolume,False,36b2c8588490339ef136ec141f9a21089b52daf7,2452bed17143498748ed5fe2e446308e3f8f1c3e669d60cb35bb75c90938d88d,150,True,0.13689048374546356,13762,12872,890,2307,2307,4614,0,af54516a84733c2e3d99dd2851ee0b6096f6cf447ea6471ec0546215da57543f,2e35e120f972d0df5fc72694f6c34afa20d6554ac289b593e2bdd29ec781b1a5,5d764539274bd2400ca0d621792f1eb1ae768ece805da5895ed3e7fb395417e4
DC-A,SRVCHP_SRORC,R600,R236ea,101,S4_DCA_SRVCHP-SRORC_R600_R236ea_seed101_20260720T095135Z,${CBSIM_RUNS_ROOT}/S4_FORMAL/BATCH_S4_20260720T095135Z/runs/S4_DCA_SRVCHP-SRORC_R600_R236ea_seed101_20260720T095135Z,${CBSIM_RUNS_ROOT}/S4_FORMAL/BATCH_S4_20260720T095135Z/runs/S4_DCA_SRVCHP-SRORC_R600_R236ea_seed101_20260720T095135Z/metadata/manifest.json,base,S4_DCA_SRVCHP-SRORC_R600_R236ea_seed101_20260720T095135Z,,S2_DCA_SRVCHP-SRORC_R600_R236ea_seed042_20260717T060425Z,5,greedy_incremental_hypervolume,False,36b2c8588490339ef136ec141f9a21089b52daf7,2452bed17143498748ed5fe2e446308e3f8f1c3e669d60cb35bb75c90938d88d,150,True,0.13718479515845913,13766,12542,1224,2185,2185,4370,0,4b0e4a7b82abb9ba9e3d99aaeee1806342f6ffb3edd2ef677a99e5edd6b89015,08670bbb1fff7c11a8243eca53f66cc415f5ec3c38d5030c8d5fa1bb555eb9c4,2e211a4b7cd158b1435a8715bde58dc3db5cd187c9ae6103b84bd52aa2f26b65
DC-A,SRVCHP_SRORC,R600,R236ea,202,S4_DCA_SRVCHP-SRORC_R600_R236ea_seed202_20260720T095135Z,${CBSIM_RUNS_ROOT}/S4_FORMAL/BATCH_S4_20260720T095135Z/runs/S4_DCA_SRVCHP-SRORC_R600_R236ea_seed202_20260720T095135Z,${CBSIM_RUNS_ROOT}/S4_FORMAL/BATCH_S4_20260720T095135Z/runs/S4_DCA_SRVCHP-SRORC_R600_R236ea_seed202_20260720T095135Z/metadata/manifest.json,base,S4_DCA_SRVCHP-SRORC_R600_R236ea_seed202_20260720T095135Z,,S2_DCA_SRVCHP-SRORC_R600_R236ea_seed042_20260717T060425Z,5,greedy_incremental_hypervolume,False,36b2c8588490339ef136ec141f9a21089b52daf7,2452bed17143498748ed5fe2e446308e3f8f1c3e669d60cb35bb75c90938d88d,150,True,0.13659931453942886,13754,12928,826,2439,2439,4878,0,5bd5bc037f25ddb62437cc838199a164085e0d1ff1486274a3e059693ba7faab,1655552d25bf7e31e250e3b5a180968731c04e733c95bdfeb9229cf7c920e488,a257b9e24ec91ef093b1238ab3cdc8471145ec836d0d19d4f5164b7eb051ed65
DC-B,SBVCHP_SBORC,Cyclopentane,R227EA,17,S4_DCB_SBVCHP-SBORC_Cyclopentane_R227EA_seed017_20260721T031641Z,${CBSIM_RUNS_ROOT}/S4_EXTENSION/BATCH_S4_20260721T031641Z/runs/S4_DCB_SBVCHP-SBORC_Cyclopentane_R227EA_seed017_20260721T031641Z,${CBSIM_RUNS_ROOT}/S4_EXTENSION/BATCH_S4_20260721T031641Z/runs/S4_DCB_SBVCHP-SBORC_Cyclopentane_R227EA_seed017_20260721T031641Z/metadata/manifest.json,extension,S4_DCB_SBVCHP-SBORC_Cyclopentane_R227EA_seed017_20260720T095135Z,S4_DCB_SBVCHP-SBORC_Cyclopentane_R227EA_seed017_20260720T095135Z,S2_DCB_SBVCHP-SBORC_Cyclopentane_R227EA_seed042_20260717T060425Z,1,extreme_energy_density_thermal,True,d8afee5d5a587723cf3e45f1975c4b4b4a181c25,2452bed17143498748ed5fe2e446308e3f8f1c3e669d60cb35bb75c90938d88d,158,True,0.0633312795599567,14468,12434,2034,1447,1442,5636,5,032e3256d95f4ca0dbb6baac33fdb7029ef3be7b3147a31eb4f9dd207ac687b8,4df821f0a57dd83ad57ff912c809db7e677773e1b8c28f006dd67acb42ccc6ac,2c5f4b4267508a1d48e1e439649799797889aa52b1a7794a390132d30f7513f0
DC-B,SBVCHP_SBORC,Cyclopentane,R227EA,42,S4_DCB_SBVCHP-SBORC_Cyclopentane_R227EA_seed042_20260721T031641Z,${CBSIM_RUNS_ROOT}/S4_EXTENSION/BATCH_S4_20260721T031641Z/runs/S4_DCB_SBVCHP-SBORC_Cyclopentane_R227EA_seed042_20260721T031641Z,${CBSIM_RUNS_ROOT}/S4_EXTENSION/BATCH_S4_20260721T031641Z/runs/S4_DCB_SBVCHP-SBORC_Cyclopentane_R227EA_seed042_20260721T031641Z/metadata/manifest.json,extension,S4_DCB_SBVCHP-SBORC_Cyclopentane_R227EA_seed042_20260720T095135Z,S4_DCB_SBVCHP-SBORC_Cyclopentane_R227EA_seed042_20260720T095135Z,S2_DCB_SBVCHP-SBORC_Cyclopentane_R227EA_seed042_20260717T060425Z,1,extreme_energy_density_thermal,True,d8afee5d5a587723cf3e45f1975c4b4b4a181c25,2452bed17143498748ed5fe2e446308e3f8f1c3e669d60cb35bb75c90938d88d,173,True,0.06381502894059873,15806,13494,2312,1853,1849,6944,4,f264880786c65cad3aecb14b6897e9cd8529d00f5fa005200c250ad2b52253ba,584c606fd8dd34cb625d4c882f54f3538ad6b40ec5b79c08e0290a963e3e7ce3,04f3c94a850b272e044091ed1bd910bc52ec5de6f26d506647c6bb3eb8cbd95f
DC-B,SBVCHP_SBORC,Cyclopentane,R227EA,73,S4_DCB_SBVCHP-SBORC_Cyclopentane_R227EA_seed073_20260720T095135Z,${CBSIM_RUNS_ROOT}/S4_FORMAL/BATCH_S4_20260720T095135Z/runs/S4_DCB_SBVCHP-SBORC_Cyclopentane_R227EA_seed073_20260720T095135Z,${CBSIM_RUNS_ROOT}/S4_FORMAL/BATCH_S4_20260720T095135Z/runs/S4_DCB_SBVCHP-SBORC_Cyclopentane_R227EA_seed073_20260720T095135Z/metadata/manifest.json,base,S4_DCB_SBVCHP-SBORC_Cyclopentane_R227EA_seed073_20260720T095135Z,,S2_DCB_SBVCHP-SBORC_Cyclopentane_R227EA_seed042_20260717T060425Z,1,extreme_energy_density_thermal,True,36b2c8588490339ef136ec141f9a21089b52daf7,2452bed17143498748ed5fe2e446308e3f8f1c3e669d60cb35bb75c90938d88d,150,True,0.06376744375919399,13740,11768,1972,1566,1557,3132,9,3f1feba8b6799a2ce7bf5fbcd1d1c45e63a53079a889e651c717d6ff4568bf8b,d3e5ff76b80f756307dc0d39684cd3e8093a3ae22d8a854d20eb830d8382cddc,6a330023d19da25e0ab4384e427b741e4209131d2c5c93a0824608b468d9aa79
DC-B,SBVCHP_SBORC,Cyclopentane,R227EA,101,S4_DCB_SBVCHP-SBORC_Cyclopentane_R227EA_seed101_20260720T095135Z,${CBSIM_RUNS_ROOT}/S4_FORMAL/BATCH_S4_20260720T095135Z/runs/S4_DCB_SBVCHP-SBORC_Cyclopentane_R227EA_seed101_20260720T095135Z,${CBSIM_RUNS_ROOT}/S4_FORMAL/BATCH_S4_20260720T095135Z/runs/S4_DCB_SBVCHP-SBORC_Cyclopentane_R227EA_seed101_20260720T095135Z/metadata/manifest.json,base,S4_DCB_SBVCHP-SBORC_Cyclopentane_R227EA_seed101_20260720T095135Z,,S2_DCB_SBVCHP-SBORC_Cyclopentane_R227EA_seed042_20260717T060425Z,1,extreme_energy_density_thermal,True,36b2c8588490339ef136ec141f9a21089b52daf7,2452bed17143498748ed5fe2e446308e3f8f1c3e669d60cb35bb75c90938d88d,150,True,0.06394332106757823,13771,11707,2064,1450,1443,2900,7,74710fcad6d11fbf6c5f428a36215059639fbd38197d76ba1c57b7631cdc96f9,e69d68a335ad3b645d512497f67f9d4fa8251e2c444d01c8316d3e2d9108fd8a,498a403f90e72649d2290f8aad5d7efd9c9b8e6f0343bac767dd8beb398729cf
DC-B,SBVCHP_SBORC,Cyclopentane,R227EA,202,S4_DCB_SBVCHP-SBORC_Cyclopentane_R227EA_seed202_20260721T031641Z,${CBSIM_RUNS_ROOT}/S4_EXTENSION/BATCH_S4_20260721T031641Z/runs/S4_DCB_SBVCHP-SBORC_Cyclopentane_R227EA_seed202_20260721T031641Z,${CBSIM_RUNS_ROOT}/S4_EXTENSION/BATCH_S4_20260721T031641Z/runs/S4_DCB_SBVCHP-SBORC_Cyclopentane_R227EA_seed202_20260721T031641Z/metadata/manifest.json,extension,S4_DCB_SBVCHP-SBORC_Cyclopentane_R227EA_seed202_20260720T095135Z,S4_DCB_SBVCHP-SBORC_Cyclopentane_R227EA_seed202_20260720T095135Z,S2_DCB_SBVCHP-SBORC_Cyclopentane_R227EA_seed042_20260717T060425Z,1,extreme_energy_density_thermal,True,d8afee5d5a587723cf3e45f1975c4b4b4a181c25,2452bed17143498748ed5fe2e446308e3f8f1c3e669d60cb35bb75c90938d88d,188,True,0.06396404430020569,17282,15232,2050,2005,1994,7252,11,bd2389c1571b91bf8144a3f5e5d30068b51e4e37e0ec160dca5724263d413834,5dc425d7abe17595834d0df4c6615c8812f2ac9ec63145b8af38f1881cff7f12,e9dd82f22e0c97d7ace1b5798c9351384346269ee4c94a5b7bfbe8f0446854e5
DC-B,SBVCHP_SBORC,Cyclopentane,R236ea,17,S4_DCB_SBVCHP-SBORC_Cyclopentane_R236ea_seed017_20260720T095135Z,${CBSIM_RUNS_ROOT}/S4_FORMAL/BATCH_S4_20260720T095135Z/runs/S4_DCB_SBVCHP-SBORC_Cyclopentane_R236ea_seed017_20260720T095135Z,${CBSIM_RUNS_ROOT}/S4_FORMAL/BATCH_S4_20260720T095135Z/runs/S4_DCB_SBVCHP-SBORC_Cyclopentane_R236ea_seed017_20260720T095135Z/metadata/manifest.json,base,S4_DCB_SBVCHP-SBORC_Cyclopentane_R236ea_seed017_20260720T095135Z,,S2_DCB_SBVCHP-SBORC_Cyclopentane_R236ea_seed042_20260717T060425Z,4,greedy_incremental_hypervolume,False,36b2c8588490339ef136ec141f9a21089b52daf7,2452bed17143498748ed5fe2e446308e3f8f1c3e669d60cb35bb75c90938d88d,150,True,0.07278373944648822,13768,13038,730,1925,1925,3850,0,5e6d73bf50c0880556413de690b166f4631f78527ade9fa1eb379ae07c8b44d1,9b1d1fce2c75307e8374c7a1bff3bb78a0bc025aed8990a85aa9595de1229666,db78dfd5b1330c6fe05df3c672bc377030d6e6299036cdee09496c8d8582e157
DC-B,SBVCHP_SBORC,Cyclopentane,R236ea,42,S4_DCB_SBVCHP-SBORC_Cyclopentane_R236ea_seed042_20260720T095135Z,${CBSIM_RUNS_ROOT}/S4_FORMAL/BATCH_S4_20260720T095135Z/runs/S4_DCB_SBVCHP-SBORC_Cyclopentane_R236ea_seed042_20260720T095135Z,${CBSIM_RUNS_ROOT}/S4_FORMAL/BATCH_S4_20260720T095135Z/runs/S4_DCB_SBVCHP-SBORC_Cyclopentane_R236ea_seed042_20260720T095135Z/metadata/manifest.json,base,S4_DCB_SBVCHP-SBORC_Cyclopentane_R236ea_seed042_20260720T095135Z,,S2_DCB_SBVCHP-SBORC_Cyclopentane_R236ea_seed042_20260717T060425Z,4,greedy_incremental_hypervolume,False,36b2c8588490339ef136ec141f9a21089b52daf7,2452bed17143498748ed5fe2e446308e3f8f1c3e669d60cb35bb75c90938d88d,150,True,0.07265743042587391,13662,13252,410,1988,1988,3976,0,0bd78cfb8ea9196053dd741861d9ca1bb4925acbe772c2751191215ce8b35ada,dd7a0d91103f1ae129e8f1481877104e380e28687d5ba62d9457b183bfbaf86c,4dfb4bcdd8f2a5d03129258b2096a915e3c80fe6b117478e40797761d321db49
DC-B,SBVCHP_SBORC,Cyclopentane,R236ea,73,S4_DCB_SBVCHP-SBORC_Cyclopentane_R236ea_seed073_20260720T095135Z,${CBSIM_RUNS_ROOT}/S4_FORMAL/BATCH_S4_20260720T095135Z/runs/S4_DCB_SBVCHP-SBORC_Cyclopentane_R236ea_seed073_20260720T095135Z,${CBSIM_RUNS_ROOT}/S4_FORMAL/BATCH_S4_20260720T095135Z/runs/S4_DCB_SBVCHP-SBORC_Cyclopentane_R236ea_seed073_20260720T095135Z/metadata/manifest.json,base,S4_DCB_SBVCHP-SBORC_Cyclopentane_R236ea_seed073_20260720T095135Z,,S2_DCB_SBVCHP-SBORC_Cyclopentane_R236ea_seed042_20260717T060425Z,4,greedy_incremental_hypervolume,False,36b2c8588490339ef136ec141f9a21089b52daf7,2452bed17143498748ed5fe2e446308e3f8f1c3e669d60cb35bb75c90938d88d,150,True,0.07264684093672881,13649,13094,555,1895,1895,3790,0,eee6c1e8aa1b7e5fca0d2e2cf748c326d5cb19b66d7bfcea650423b48dd1a308,90edc64305009070f30f1fe4abb6d6c98d9bad2999c6f4a7898b702a86cf69e6,148e6112ad8cd795dd3550cfcc5420759c9a8e0a12706aacb1c5e47ddd037d7b
DC-B,SBVCHP_SBORC,Cyclopentane,R236ea,101,S4_DCB_SBVCHP-SBORC_Cyclopentane_R236ea_seed101_20260720T095135Z,${CBSIM_RUNS_ROOT}/S4_FORMAL/BATCH_S4_20260720T095135Z/runs/S4_DCB_SBVCHP-SBORC_Cyclopentane_R236ea_seed101_20260720T095135Z,${CBSIM_RUNS_ROOT}/S4_FORMAL/BATCH_S4_20260720T095135Z/runs/S4_DCB_SBVCHP-SBORC_Cyclopentane_R236ea_seed101_20260720T095135Z/metadata/manifest.json,base,S4_DCB_SBVCHP-SBORC_Cyclopentane_R236ea_seed101_20260720T095135Z,,S2_DCB_SBVCHP-SBORC_Cyclopentane_R236ea_seed042_20260717T060425Z,4,greedy_incremental_hypervolume,False,36b2c8588490339ef136ec141f9a21089b52daf7,2452bed17143498748ed5fe2e446308e3f8f1c3e669d60cb35bb75c90938d88d,150,True,0.07286663500720197,13677,13047,630,1877,1877,3754,0,784455ffa6209a1e5b39b591fe4d547b385c1c3f4c680a1ecca6c0fc4927fc21,2dc443a9811f157bf51e299cfa95f7022552d6fbfe6e60fed4d96cb457c66558,1e0af05a319a517f5f3f601ad3debac58895c1b96025a51d2db849f9cda803e0
DC-B,SBVCHP_SBORC,Cyclopentane,R236ea,202,S4_DCB_SBVCHP-SBORC_Cyclopentane_R236ea_seed202_20260720T095135Z,${CBSIM_RUNS_ROOT}/S4_FORMAL/BATCH_S4_20260720T095135Z/runs/S4_DCB_SBVCHP-SBORC_Cyclopentane_R236ea_seed202_20260720T095135Z,${CBSIM_RUNS_ROOT}/S4_FORMAL/BATCH_S4_20260720T095135Z/runs/S4_DCB_SBVCHP-SBORC_Cyclopentane_R236ea_seed202_20260720T095135Z/metadata/manifest.json,base,S4_DCB_SBVCHP-SBORC_Cyclopentane_R236ea_seed202_20260720T095135Z,,S2_DCB_SBVCHP-SBORC_Cyclopentane_R236ea_seed042_20260717T060425Z,4,greedy_incremental_hypervolume,False,36b2c8588490339ef136ec141f9a21089b52daf7,2452bed17143498748ed5fe2e446308e3f8f1c3e669d60cb35bb75c90938d88d,150,True,0.07289575946537705,13812,13249,563,1812,1812,3624,0,68c9528aaf95e5c485f034c62354aa5b4581ef73bb941435544a6167db048dfb,0a9a52a51e00d5dc5ea409721703cee4941cb9eaf8baf48bae2c3537b88ebd9a,200be2913b84a061e1a73a0384975ca217e58ab239bf7c0972be300598a56e71
DC-B,SBVCHP_SBORC,Cyclopentane,R245fa,17,S4_DCB_SBVCHP-SBORC_Cyclopentane_R245fa_seed017_20260720T095135Z,${CBSIM_RUNS_ROOT}/S4_FORMAL/BATCH_S4_20260720T095135Z/runs/S4_DCB_SBVCHP-SBORC_Cyclopentane_R245fa_seed017_20260720T095135Z,${CBSIM_RUNS_ROOT}/S4_FORMAL/BATCH_S4_20260720T095135Z/runs/S4_DCB_SBVCHP-SBORC_Cyclopentane_R245fa_seed017_20260720T095135Z/metadata/manifest.json,base,S4_DCB_SBVCHP-SBORC_Cyclopentane_R245fa_seed017_20260720T095135Z,,S2_DCB_SBVCHP-SBORC_Cyclopentane_R245fa_seed042_20260717T060425Z,3,extreme_eta_p2p,True,36b2c8588490339ef136ec141f9a21089b52daf7,2452bed17143498748ed5fe2e446308e3f8f1c3e669d60cb35bb75c90938d88d,150,True,0.07552066593882761,13712,13209,503,1799,1799,3598,0,2e0a40bd8b4c8a2f678d801434a8d65656620d26cf8d33188e139c9f802d4470,23cfad4fe09311d87a5c828efeabfb53a0bbce5631a37e7bf1e8909f087c47cd,28ed4b9bd42eae3853a67e59da53bbd84ceb407b963f466b8d0074f3f84ea7a2
DC-B,SBVCHP_SBORC,Cyclopentane,R245fa,42,S4_DCB_SBVCHP-SBORC_Cyclopentane_R245fa_seed042_20260720T095135Z,${CBSIM_RUNS_ROOT}/S4_FORMAL/BATCH_S4_20260720T095135Z/runs/S4_DCB_SBVCHP-SBORC_Cyclopentane_R245fa_seed042_20260720T095135Z,${CBSIM_RUNS_ROOT}/S4_FORMAL/BATCH_S4_20260720T095135Z/runs/S4_DCB_SBVCHP-SBORC_Cyclopentane_R245fa_seed042_20260720T095135Z/metadata/manifest.json,base,S4_DCB_SBVCHP-SBORC_Cyclopentane_R245fa_seed042_20260720T095135Z,,S2_DCB_SBVCHP-SBORC_Cyclopentane_R245fa_seed042_20260717T060425Z,3,extreme_eta_p2p,True,36b2c8588490339ef136ec141f9a21089b52daf7,2452bed17143498748ed5fe2e446308e3f8f1c3e669d60cb35bb75c90938d88d,150,True,0.075071455069077,13701,13447,254,1793,1793,3586,0,dd1249e097c720961458c618ec56a13e9e58afd58cd78b3709e62783d4e8fe47,a108c7a257a5b31535583f93071893e51f8386e079d86aa4c9f9b2c813d85cba,eb9f05f38805dd12112429a341e02dc7b6716486e9cecdfb0978e4d34f372594
DC-B,SBVCHP_SBORC,Cyclopentane,R245fa,73,S4_DCB_SBVCHP-SBORC_Cyclopentane_R245fa_seed073_20260721T031641Z,${CBSIM_RUNS_ROOT}/S4_EXTENSION/BATCH_S4_20260721T031641Z/runs/S4_DCB_SBVCHP-SBORC_Cyclopentane_R245fa_seed073_20260721T031641Z,${CBSIM_RUNS_ROOT}/S4_EXTENSION/BATCH_S4_20260721T031641Z/runs/S4_DCB_SBVCHP-SBORC_Cyclopentane_R245fa_seed073_20260721T031641Z/metadata/manifest.json,extension,S4_DCB_SBVCHP-SBORC_Cyclopentane_R245fa_seed073_20260720T095135Z,S4_DCB_SBVCHP-SBORC_Cyclopentane_R245fa_seed073_20260720T095135Z,S2_DCB_SBVCHP-SBORC_Cyclopentane_R245fa_seed042_20260717T060425Z,3,extreme_eta_p2p,True,d8afee5d5a587723cf3e45f1975c4b4b4a181c25,2452bed17143498748ed5fe2e446308e3f8f1c3e669d60cb35bb75c90938d88d,152,True,0.07474016315787099,13812,13448,364,1705,1705,6772,0,4e02cedf8ebecd6af8a7bc4eafb1bed777c5966db72d5c3cf398d407299b0e2e,d25642e5cf4e08f0cbe2109f70984b79dc1dd92450ca716c8ad1076e6f69392c,15a6fbe7cd27e81b4494831b0de9be15700a54f6ae67d31fc3c89a36883ca503
DC-B,SBVCHP_SBORC,Cyclopentane,R245fa,101,S4_DCB_SBVCHP-SBORC_Cyclopentane_R245fa_seed101_20260720T095135Z,${CBSIM_RUNS_ROOT}/S4_FORMAL/BATCH_S4_20260720T095135Z/runs/S4_DCB_SBVCHP-SBORC_Cyclopentane_R245fa_seed101_20260720T095135Z,${CBSIM_RUNS_ROOT}/S4_FORMAL/BATCH_S4_20260720T095135Z/runs/S4_DCB_SBVCHP-SBORC_Cyclopentane_R245fa_seed101_20260720T095135Z/metadata/manifest.json,base,S4_DCB_SBVCHP-SBORC_Cyclopentane_R245fa_seed101_20260720T095135Z,,S2_DCB_SBVCHP-SBORC_Cyclopentane_R245fa_seed042_20260717T060425Z,3,extreme_eta_p2p,True,36b2c8588490339ef136ec141f9a21089b52daf7,2452bed17143498748ed5fe2e446308e3f8f1c3e669d60cb35bb75c90938d88d,150,True,0.07557570745409138,13683,12965,718,2148,2148,4296,0,f00f3a33ff74a90b53e7bdbc9eb110bf13fbe1caf865594b81bd404e2284bcb4,f1bc2a1e36d1f28f18f0049abcfbf2b8a2a8f4abe209627489e5273a56c8d946,4c2cbc1d6cd149169bdd56cb628c02f2aabcc91c1a4d6fe971ae20fd142215d6
DC-B,SBVCHP_SBORC,Cyclopentane,R245fa,202,S4_DCB_SBVCHP-SBORC_Cyclopentane_R245fa_seed202_20260720T095135Z,${CBSIM_RUNS_ROOT}/S4_FORMAL/BATCH_S4_20260720T095135Z/runs/S4_DCB_SBVCHP-SBORC_Cyclopentane_R245fa_seed202_20260720T095135Z,${CBSIM_RUNS_ROOT}/S4_FORMAL/BATCH_S4_20260720T095135Z/runs/S4_DCB_SBVCHP-SBORC_Cyclopentane_R245fa_seed202_20260720T095135Z/metadata/manifest.json,base,S4_DCB_SBVCHP-SBORC_Cyclopentane_R245fa_seed202_20260720T095135Z,,S2_DCB_SBVCHP-SBORC_Cyclopentane_R245fa_seed042_20260717T060425Z,3,extreme_eta_p2p,True,36b2c8588490339ef136ec141f9a21089b52daf7,2452bed17143498748ed5fe2e446308e3f8f1c3e669d60cb35bb75c90938d88d,150,True,0.07283680638608446,13823,13573,250,1419,1419,2838,0,7499261d50774274aaf056f3cee8ff7cb604785f5be0e40130030148170e1126,bdd6e2e71f53431a3c59c295d7b70ac9f9a5a11828defdcce8b4fd786cd498fa,99eaf762bd0a23a095f2875a75622b8e1e04c85b510a2d9fcddf3d3303e813bf
DC-B,SBVCHP_SBORC,Cyclopentane,R365MFC,17,S4_DCB_SBVCHP-SBORC_Cyclopentane_R365MFC_seed017_20260720T095135Z,${CBSIM_RUNS_ROOT}/S4_FORMAL/BATCH_S4_20260720T095135Z/runs/S4_DCB_SBVCHP-SBORC_Cyclopentane_R365MFC_seed017_20260720T095135Z,${CBSIM_RUNS_ROOT}/S4_FORMAL/BATCH_S4_20260720T095135Z/runs/S4_DCB_SBVCHP-SBORC_Cyclopentane_R365MFC_seed017_20260720T095135Z/metadata/manifest.json,base,S4_DCB_SBVCHP-SBORC_Cyclopentane_R365MFC_seed017_20260720T095135Z,,S2_DCB_SBVCHP-SBORC_Cyclopentane_R365MFC_seed042_20260717T060425Z,2,extreme_exergy_efficiency,True,36b2c8588490339ef136ec141f9a21089b52daf7,2452bed17143498748ed5fe2e446308e3f8f1c3e669d60cb35bb75c90938d88d,150,True,0.07654653660225921,13741,13064,677,1772,1772,3544,0,9f231b057c9763df1703ddea6921e101e5d24bd369a04dc1a95e1e9d4b7feafa,b1fefb9ad3accfcf5275225e55925ec8ee409f065081e0d2f87d0fb64d08b279,fb815bb8ea0e6574301ca5fdec94b34418ce883f86974a8bcb5cd675374ec079
DC-B,SBVCHP_SBORC,Cyclopentane,R365MFC,42,S4_DCB_SBVCHP-SBORC_Cyclopentane_R365MFC_seed042_20260720T095135Z,${CBSIM_RUNS_ROOT}/S4_FORMAL/BATCH_S4_20260720T095135Z/runs/S4_DCB_SBVCHP-SBORC_Cyclopentane_R365MFC_seed042_20260720T095135Z,${CBSIM_RUNS_ROOT}/S4_FORMAL/BATCH_S4_20260720T095135Z/runs/S4_DCB_SBVCHP-SBORC_Cyclopentane_R365MFC_seed042_20260720T095135Z/metadata/manifest.json,base,S4_DCB_SBVCHP-SBORC_Cyclopentane_R365MFC_seed042_20260720T095135Z,,S2_DCB_SBVCHP-SBORC_Cyclopentane_R365MFC_seed042_20260717T060425Z,2,extreme_exergy_efficiency,True,36b2c8588490339ef136ec141f9a21089b52daf7,2452bed17143498748ed5fe2e446308e3f8f1c3e669d60cb35bb75c90938d88d,150,True,0.07601401741079508,13739,13323,416,2248,2248,4496,0,c2b2d22ece5020fda8744a8565e9537ae656ffede2135e1cf18a53d4ac5cf767,8b9acb54e7e82646e689f30b82f1ead2564574c558a5a2a1d5d5af7ddbf3950d,f85e216979c3eb5714086458ccc49ef9e033e9f5da0966717bf3f7a129a1ac54
DC-B,SBVCHP_SBORC,Cyclopentane,R365MFC,73,S4_DCB_SBVCHP-SBORC_Cyclopentane_R365MFC_seed073_20260720T095135Z,${CBSIM_RUNS_ROOT}/S4_FORMAL/BATCH_S4_20260720T095135Z/runs/S4_DCB_SBVCHP-SBORC_Cyclopentane_R365MFC_seed073_20260720T095135Z,${CBSIM_RUNS_ROOT}/S4_FORMAL/BATCH_S4_20260720T095135Z/runs/S4_DCB_SBVCHP-SBORC_Cyclopentane_R365MFC_seed073_20260720T095135Z/metadata/manifest.json,base,S4_DCB_SBVCHP-SBORC_Cyclopentane_R365MFC_seed073_20260720T095135Z,,S2_DCB_SBVCHP-SBORC_Cyclopentane_R365MFC_seed042_20260717T060425Z,2,extreme_exergy_efficiency,True,36b2c8588490339ef136ec141f9a21089b52daf7,2452bed17143498748ed5fe2e446308e3f8f1c3e669d60cb35bb75c90938d88d,150,True,0.07593028671608582,13699,13534,165,1768,1768,3536,0,69cb002d500b2ae16c9553d80fe6f5ccfba56de3ef5da5850439f70a0855bb7d,653bb9c2fb5090f88289e1cc5d1d9a793fa023d9015a9f2425411cfe773247e5,731053e07723f63f99978b50e43c2eea6626bb1cdacc1cbade9e54775533a558
DC-B,SBVCHP_SBORC,Cyclopentane,R365MFC,101,S4_DCB_SBVCHP-SBORC_Cyclopentane_R365MFC_seed101_20260720T095135Z,${CBSIM_RUNS_ROOT}/S4_FORMAL/BATCH_S4_20260720T095135Z/runs/S4_DCB_SBVCHP-SBORC_Cyclopentane_R365MFC_seed101_20260720T095135Z,${CBSIM_RUNS_ROOT}/S4_FORMAL/BATCH_S4_20260720T095135Z/runs/S4_DCB_SBVCHP-SBORC_Cyclopentane_R365MFC_seed101_20260720T095135Z/metadata/manifest.json,base,S4_DCB_SBVCHP-SBORC_Cyclopentane_R365MFC_seed101_20260720T095135Z,,S2_DCB_SBVCHP-SBORC_Cyclopentane_R365MFC_seed042_20260717T060425Z,2,extreme_exergy_efficiency,True,36b2c8588490339ef136ec141f9a21089b52daf7,2452bed17143498748ed5fe2e446308e3f8f1c3e669d60cb35bb75c90938d88d,150,True,0.07679222031870728,13679,13170,509,1706,1706,3412,0,145dd3426e7bc64f2f1c96d70bc9c04930a7a7a83e387d125db20f643064f73d,cf6fb0d878a796584c3a72588ebe55b3b74a4e81daf014a9664ca73bb66fb39f,7f337458becb846bba209c12033eb6718077e57d8f5252c3e8769dbb63204407
DC-B,SBVCHP_SBORC,Cyclopentane,R365MFC,202,S4_DCB_SBVCHP-SBORC_Cyclopentane_R365MFC_seed202_20260720T095135Z,${CBSIM_RUNS_ROOT}/S4_FORMAL/BATCH_S4_20260720T095135Z/runs/S4_DCB_SBVCHP-SBORC_Cyclopentane_R365MFC_seed202_20260720T095135Z,${CBSIM_RUNS_ROOT}/S4_FORMAL/BATCH_S4_20260720T095135Z/runs/S4_DCB_SBVCHP-SBORC_Cyclopentane_R365MFC_seed202_20260720T095135Z/metadata/manifest.json,base,S4_DCB_SBVCHP-SBORC_Cyclopentane_R365MFC_seed202_20260720T095135Z,,S2_DCB_SBVCHP-SBORC_Cyclopentane_R365MFC_seed042_20260717T060425Z,2,extreme_exergy_efficiency,True,36b2c8588490339ef136ec141f9a21089b52daf7,2452bed17143498748ed5fe2e446308e3f8f1c3e669d60cb35bb75c90938d88d,150,True,0.07656974834318582,13835,13134,701,1922,1922,3844,0,4d85de842462c28f204e722a94cba7eba317fa6abbc895b485dbd9568e8f4fa4,e6e5220e5dcd8eafa810a004266a46e2b2e38390eff4b0de906a1da43e3a636f,679cc58edf8df0565d77b690269b3dd9ac2fd851bec4e921cce07f7180bba0e0
DC-B,SBVCHP_SBORC,Cyclopentane,R600,17,S4_DCB_SBVCHP-SBORC_Cyclopentane_R600_seed017_20260720T095135Z,${CBSIM_RUNS_ROOT}/S4_FORMAL/BATCH_S4_20260720T095135Z/runs/S4_DCB_SBVCHP-SBORC_Cyclopentane_R600_seed017_20260720T095135Z,${CBSIM_RUNS_ROOT}/S4_FORMAL/BATCH_S4_20260720T095135Z/runs/S4_DCB_SBVCHP-SBORC_Cyclopentane_R600_seed017_20260720T095135Z/metadata/manifest.json,base,S4_DCB_SBVCHP-SBORC_Cyclopentane_R600_seed017_20260720T095135Z,,S2_DCB_SBVCHP-SBORC_Cyclopentane_R600_seed042_20260717T060425Z,5,greedy_incremental_hypervolume,False,36b2c8588490339ef136ec141f9a21089b52daf7,2452bed17143498748ed5fe2e446308e3f8f1c3e669d60cb35bb75c90938d88d,150,True,0.07433010742994024,13762,13360,402,2054,2054,4108,0,58405ef24d75a29fa6145cc128058a932e1a0952482b41b6233e30a55931891b,81679405b2253679c81f29dd68701e6ca6633770e95c950580fac4e4ef7c225a,a64777b601c5263aaae2349baadd0a5e20e0f69e64a5538a273a6179ec8d1794
DC-B,SBVCHP_SBORC,Cyclopentane,R600,42,S4_DCB_SBVCHP-SBORC_Cyclopentane_R600_seed042_20260720T095135Z,${CBSIM_RUNS_ROOT}/S4_FORMAL/BATCH_S4_20260720T095135Z/runs/S4_DCB_SBVCHP-SBORC_Cyclopentane_R600_seed042_20260720T095135Z,${CBSIM_RUNS_ROOT}/S4_FORMAL/BATCH_S4_20260720T095135Z/runs/S4_DCB_SBVCHP-SBORC_Cyclopentane_R600_seed042_20260720T095135Z/metadata/manifest.json,base,S4_DCB_SBVCHP-SBORC_Cyclopentane_R600_seed042_20260720T095135Z,,S2_DCB_SBVCHP-SBORC_Cyclopentane_R600_seed042_20260717T060425Z,5,greedy_incremental_hypervolume,False,36b2c8588490339ef136ec141f9a21089b52daf7,2452bed17143498748ed5fe2e446308e3f8f1c3e669d60cb35bb75c90938d88d,150,True,0.07395179292085234,13728,13526,202,2557,2557,5114,0,75185b92f5d7bf0e06627eff8fddf0441a179969ac08f5ed8dfe6ef9b3dc975f,a3f5191888629d5575562aa5735229f76552570024b54c0afd36f8773f11bc42,5c51e13194bb37921e9a96a91e2ecc5f735610076733624782ec16d8d1d4432b
DC-B,SBVCHP_SBORC,Cyclopentane,R600,73,S4_DCB_SBVCHP-SBORC_Cyclopentane_R600_seed073_20260720T095135Z,${CBSIM_RUNS_ROOT}/S4_FORMAL/BATCH_S4_20260720T095135Z/runs/S4_DCB_SBVCHP-SBORC_Cyclopentane_R600_seed073_20260720T095135Z,${CBSIM_RUNS_ROOT}/S4_FORMAL/BATCH_S4_20260720T095135Z/runs/S4_DCB_SBVCHP-SBORC_Cyclopentane_R600_seed073_20260720T095135Z/metadata/manifest.json,base,S4_DCB_SBVCHP-SBORC_Cyclopentane_R600_seed073_20260720T095135Z,,S2_DCB_SBVCHP-SBORC_Cyclopentane_R600_seed042_20260717T060425Z,5,greedy_incremental_hypervolume,False,36b2c8588490339ef136ec141f9a21089b52daf7,2452bed17143498748ed5fe2e446308e3f8f1c3e669d60cb35bb75c90938d88d,150,True,0.07379297091135348,13795,13564,231,2207,2207,4414,0,32c1d7afcf4b77c15e344d1da124e0b0707abc60da8660b173acb8820470c8c4,910247fca50ddcbc566c9fb13b22e42030b5203f554fabf991acc70e67667254,4ecd407123dc10dd0447a814f395d32e893e33b5c42e13001b803230d180a0d5
DC-B,SBVCHP_SBORC,Cyclopentane,R600,101,S4_DCB_SBVCHP-SBORC_Cyclopentane_R600_seed101_20260720T095135Z,${CBSIM_RUNS_ROOT}/S4_FORMAL/BATCH_S4_20260720T095135Z/runs/S4_DCB_SBVCHP-SBORC_Cyclopentane_R600_seed101_20260720T095135Z,${CBSIM_RUNS_ROOT}/S4_FORMAL/BATCH_S4_20260720T095135Z/runs/S4_DCB_SBVCHP-SBORC_Cyclopentane_R600_seed101_20260720T095135Z/metadata/manifest.json,base,S4_DCB_SBVCHP-SBORC_Cyclopentane_R600_seed101_20260720T095135Z,,S2_DCB_SBVCHP-SBORC_Cyclopentane_R600_seed042_20260717T060425Z,5,greedy_incremental_hypervolume,False,36b2c8588490339ef136ec141f9a21089b52daf7,2452bed17143498748ed5fe2e446308e3f8f1c3e669d60cb35bb75c90938d88d,150,True,0.07482270328789536,13660,12909,751,1784,1784,3568,0,1f58695f03e83aad98f9e7c4d456de195040a85a3dbc8f44b6fe5f3126a1e912,95d28dbc1c963ceb8370161dbc33492834d8358351cb09be98d17f0b0db13277,c7495464bb962011504b4fb8be3fa89ad48a45230c38bb19655e6542f8164c7f
DC-B,SBVCHP_SBORC,Cyclopentane,R600,202,S4_DCB_SBVCHP-SBORC_Cyclopentane_R600_seed202_20260720T095135Z,${CBSIM_RUNS_ROOT}/S4_FORMAL/BATCH_S4_20260720T095135Z/runs/S4_DCB_SBVCHP-SBORC_Cyclopentane_R600_seed202_20260720T095135Z,${CBSIM_RUNS_ROOT}/S4_FORMAL/BATCH_S4_20260720T095135Z/runs/S4_DCB_SBVCHP-SBORC_Cyclopentane_R600_seed202_20260720T095135Z/metadata/manifest.json,base,S4_DCB_SBVCHP-SBORC_Cyclopentane_R600_seed202_20260720T095135Z,,S2_DCB_SBVCHP-SBORC_Cyclopentane_R600_seed042_20260717T060425Z,5,greedy_incremental_hypervolume,False,36b2c8588490339ef136ec141f9a21089b52daf7,2452bed17143498748ed5fe2e446308e3f8f1c3e669d60cb35bb75c90938d88d,150,True,0.07472461646402455,13780,13391,389,2274,2274,4548,0,8adaaf54d2f59d803d78b3856c46e86c431cb2addae3947b6673e95050e4e6cf,0de0d45bb3b191e507979c2f99e4da11c50ef92340997e19cad9bde2ae0dd83d,1bda0d9d051fbc3405d576783a6036ec4fbeb52ff50587af6ed9ea982b233348
DC-B,SRVCHP_SRORC,Cyclopentane,R236ea,17,S4_DCB_SRVCHP-SRORC_Cyclopentane_R236ea_seed017_20260720T095135Z,${CBSIM_RUNS_ROOT}/S4_FORMAL/BATCH_S4_20260720T095135Z/runs/S4_DCB_SRVCHP-SRORC_Cyclopentane_R236ea_seed017_20260720T095135Z,${CBSIM_RUNS_ROOT}/S4_FORMAL/BATCH_S4_20260720T095135Z/runs/S4_DCB_SRVCHP-SRORC_Cyclopentane_R236ea_seed017_20260720T095135Z/metadata/manifest.json,base,S4_DCB_SRVCHP-SRORC_Cyclopentane_R236ea_seed017_20260720T095135Z,,S2_DCB_SRVCHP-SRORC_Cyclopentane_R236ea_seed042_20260717T060425Z,4,greedy_incremental_hypervolume,False,36b2c8588490339ef136ec141f9a21089b52daf7,2452bed17143498748ed5fe2e446308e3f8f1c3e669d60cb35bb75c90938d88d,150,True,0.1004384537555338,13747,12940,807,2577,2577,5154,0,6efe391b50b6372014515c2fb6a08f86e58562a8ac08d1933b5ecb2f4b683e1b,6dd33321fe24529f9180a028fc137457d7c92c5885ef058111752bab3d9376b3,03ce65a3509858798949d65383c9eb9d75d3011fdd2802a3c2d03ad1c6f8fa07
DC-B,SRVCHP_SRORC,Cyclopentane,R236ea,42,S4_DCB_SRVCHP-SRORC_Cyclopentane_R236ea_seed042_20260720T095135Z,${CBSIM_RUNS_ROOT}/S4_FORMAL/BATCH_S4_20260720T095135Z/runs/S4_DCB_SRVCHP-SRORC_Cyclopentane_R236ea_seed042_20260720T095135Z,${CBSIM_RUNS_ROOT}/S4_FORMAL/BATCH_S4_20260720T095135Z/runs/S4_DCB_SRVCHP-SRORC_Cyclopentane_R236ea_seed042_20260720T095135Z/metadata/manifest.json,base,S4_DCB_SRVCHP-SRORC_Cyclopentane_R236ea_seed042_20260720T095135Z,,S2_DCB_SRVCHP-SRORC_Cyclopentane_R236ea_seed042_20260717T060425Z,4,greedy_incremental_hypervolume,False,36b2c8588490339ef136ec141f9a21089b52daf7,2452bed17143498748ed5fe2e446308e3f8f1c3e669d60cb35bb75c90938d88d,150,True,0.10051725966775854,13783,13144,639,2146,2146,4292,0,13ca4372e9a71a949abcbce8bd57aa0105f55bd6c00c6ec0d2ce616f399e5d04,b1444fa85ad3032bb46ad39d3e54a2464325ca09fa88f6b36f75babfb0d37619,c159df0d477177173f7b5d9133a99d7605fb7ab26161ff84d5cd5f27db352903
DC-B,SRVCHP_SRORC,Cyclopentane,R236ea,73,S4_DCB_SRVCHP-SRORC_Cyclopentane_R236ea_seed073_20260720T095135Z,${CBSIM_RUNS_ROOT}/S4_FORMAL/BATCH_S4_20260720T095135Z/runs/S4_DCB_SRVCHP-SRORC_Cyclopentane_R236ea_seed073_20260720T095135Z,${CBSIM_RUNS_ROOT}/S4_FORMAL/BATCH_S4_20260720T095135Z/runs/S4_DCB_SRVCHP-SRORC_Cyclopentane_R236ea_seed073_20260720T095135Z/metadata/manifest.json,base,S4_DCB_SRVCHP-SRORC_Cyclopentane_R236ea_seed073_20260720T095135Z,,S2_DCB_SRVCHP-SRORC_Cyclopentane_R236ea_seed042_20260717T060425Z,4,greedy_incremental_hypervolume,False,36b2c8588490339ef136ec141f9a21089b52daf7,2452bed17143498748ed5fe2e446308e3f8f1c3e669d60cb35bb75c90938d88d,150,True,0.1004332311257461,13760,13014,746,1935,1935,3870,0,802fcaceb1fd95da138de0f884dd0ad52f8afa8e902fd6c73676b17413350c05,102e02736dd4bd14ccc33fdae3f0c7cc5b509029d614fc72038fd1f6408d7223,b2627eff4c0990ddeb7037952bdb0b807d8a90d9f5d2eeda22adcfa844cb4642
DC-B,SRVCHP_SRORC,Cyclopentane,R236ea,101,S4_DCB_SRVCHP-SRORC_Cyclopentane_R236ea_seed101_20260720T095135Z,${CBSIM_RUNS_ROOT}/S4_FORMAL/BATCH_S4_20260720T095135Z/runs/S4_DCB_SRVCHP-SRORC_Cyclopentane_R236ea_seed101_20260720T095135Z,${CBSIM_RUNS_ROOT}/S4_FORMAL/BATCH_S4_20260720T095135Z/runs/S4_DCB_SRVCHP-SRORC_Cyclopentane_R236ea_seed101_20260720T095135Z/metadata/manifest.json,base,S4_DCB_SRVCHP-SRORC_Cyclopentane_R236ea_seed101_20260720T095135Z,,S2_DCB_SRVCHP-SRORC_Cyclopentane_R236ea_seed042_20260717T060425Z,4,greedy_incremental_hypervolume,False,36b2c8588490339ef136ec141f9a21089b52daf7,2452bed17143498748ed5fe2e446308e3f8f1c3e669d60cb35bb75c90938d88d,150,True,0.10030293060977104,13804,12841,963,1830,1830,3660,0,b0df42fc3e80a902240adabb6c1baf182051275b5d13d19e8d48ae77c508a7fa,b1b43f4ed665d658c30581e7500a7775c4e8000b00775509c1532a3a148cb38e,bafe861b19d793c39b8fce436e508ffe6a4d5aedb28e25203259b35e603c4878
DC-B,SRVCHP_SRORC,Cyclopentane,R236ea,202,S4_DCB_SRVCHP-SRORC_Cyclopentane_R236ea_seed202_20260721T031641Z,${CBSIM_RUNS_ROOT}/S4_EXTENSION/BATCH_S4_20260721T031641Z/runs/S4_DCB_SRVCHP-SRORC_Cyclopentane_R236ea_seed202_20260721T031641Z,${CBSIM_RUNS_ROOT}/S4_EXTENSION/BATCH_S4_20260721T031641Z/runs/S4_DCB_SRVCHP-SRORC_Cyclopentane_R236ea_seed202_20260721T031641Z/metadata/manifest.json,extension,S4_DCB_SRVCHP-SRORC_Cyclopentane_R236ea_seed202_20260720T095135Z,S4_DCB_SRVCHP-SRORC_Cyclopentane_R236ea_seed202_20260720T095135Z,S2_DCB_SRVCHP-SRORC_Cyclopentane_R236ea_seed042_20260717T060425Z,4,greedy_incremental_hypervolume,False,d8afee5d5a587723cf3e45f1975c4b4b4a181c25,2452bed17143498748ed5fe2e446308e3f8f1c3e669d60cb35bb75c90938d88d,156,True,0.09908237716409865,14354,13624,730,2720,2720,10662,0,cfa974b2af6a7d367a3e408c604676f638f1318b32bbdbfba332ad8344ac64cc,125d2826ec5e2e901888f73ab811c3d975d183ab86ae61101b9e58f5f30da87e,34abdf98c94398603492bc62f08c13ed595b4fba6060a3e274f8ec706d7b8d3d
DC-B,SRVCHP_SRORC,Cyclopentane,R365MFC,17,S4_DCB_SRVCHP-SRORC_Cyclopentane_R365MFC_seed017_20260720T095135Z,${CBSIM_RUNS_ROOT}/S4_FORMAL/BATCH_S4_20260720T095135Z/runs/S4_DCB_SRVCHP-SRORC_Cyclopentane_R365MFC_seed017_20260720T095135Z,${CBSIM_RUNS_ROOT}/S4_FORMAL/BATCH_S4_20260720T095135Z/runs/S4_DCB_SRVCHP-SRORC_Cyclopentane_R365MFC_seed017_20260720T095135Z/metadata/manifest.json,base,S4_DCB_SRVCHP-SRORC_Cyclopentane_R365MFC_seed017_20260720T095135Z,,S2_DCB_SRVCHP-SRORC_Cyclopentane_R365MFC_seed042_20260717T060425Z,1,extreme_eta_p2p;extreme_exergy_efficiency,True,36b2c8588490339ef136ec141f9a21089b52daf7,2452bed17143498748ed5fe2e446308e3f8f1c3e669d60cb35bb75c90938d88d,150,True,0.10657447435332464,13701,12981,720,2559,2559,5118,0,abdd992faf5282659ea8b5b519db291ab2726094d7236103daee96339d141f8d,a70c7b554617cfb0092f4fe4e58157403939d8f1929fd18b543959a6d52b0c0c,39205de3f76204169c9cfb133197ecf342e74518462adf85c15928cbd3495df8
DC-B,SRVCHP_SRORC,Cyclopentane,R365MFC,42,S4_DCB_SRVCHP-SRORC_Cyclopentane_R365MFC_seed042_20260720T095135Z,${CBSIM_RUNS_ROOT}/S4_FORMAL/BATCH_S4_20260720T095135Z/runs/S4_DCB_SRVCHP-SRORC_Cyclopentane_R365MFC_seed042_20260720T095135Z,${CBSIM_RUNS_ROOT}/S4_FORMAL/BATCH_S4_20260720T095135Z/runs/S4_DCB_SRVCHP-SRORC_Cyclopentane_R365MFC_seed042_20260720T095135Z/metadata/manifest.json,base,S4_DCB_SRVCHP-SRORC_Cyclopentane_R365MFC_seed042_20260720T095135Z,,S2_DCB_SRVCHP-SRORC_Cyclopentane_R365MFC_seed042_20260717T060425Z,1,extreme_eta_p2p;extreme_exergy_efficiency,True,36b2c8588490339ef136ec141f9a21089b52daf7,2452bed17143498748ed5fe2e446308e3f8f1c3e669d60cb35bb75c90938d88d,150,True,0.10666158519565132,13782,13147,635,1915,1915,3830,0,1f9f4aca7d4f8cb1213e75072b52461ac22ff11fff174e1a466b375a4d0c7759,b2c62f72442c0882c1c413e5fc276f88d07a22a9da5af216f7da4bbc3c7ed291,d9b013db2f15a46fa679341a782fc11da168b56fde32231fa385ae73e9445722
DC-B,SRVCHP_SRORC,Cyclopentane,R365MFC,73,S4_DCB_SRVCHP-SRORC_Cyclopentane_R365MFC_seed073_20260720T095135Z,${CBSIM_RUNS_ROOT}/S4_FORMAL/BATCH_S4_20260720T095135Z/runs/S4_DCB_SRVCHP-SRORC_Cyclopentane_R365MFC_seed073_20260720T095135Z,${CBSIM_RUNS_ROOT}/S4_FORMAL/BATCH_S4_20260720T095135Z/runs/S4_DCB_SRVCHP-SRORC_Cyclopentane_R365MFC_seed073_20260720T095135Z/metadata/manifest.json,base,S4_DCB_SRVCHP-SRORC_Cyclopentane_R365MFC_seed073_20260720T095135Z,,S2_DCB_SRVCHP-SRORC_Cyclopentane_R365MFC_seed042_20260717T060425Z,1,extreme_eta_p2p;extreme_exergy_efficiency,True,36b2c8588490339ef136ec141f9a21089b52daf7,2452bed17143498748ed5fe2e446308e3f8f1c3e669d60cb35bb75c90938d88d,150,True,0.10581132356138655,13740,12997,743,2534,2534,5068,0,9a57472423c39f475d8c50ddd3f2cd4c78f2ab061fb12e01dd472bf004bcb2c8,46390fae6ac068b01d7c906f1bbc86ec6baa797ff819b52863447c5fa758f9dd,b03b9998628478281162bddcf9f0c2ee52dd3359b9c56d1f8dc19c65794c150e
DC-B,SRVCHP_SRORC,Cyclopentane,R365MFC,101,S4_DCB_SRVCHP-SRORC_Cyclopentane_R365MFC_seed101_20260720T095135Z,${CBSIM_RUNS_ROOT}/S4_FORMAL/BATCH_S4_20260720T095135Z/runs/S4_DCB_SRVCHP-SRORC_Cyclopentane_R365MFC_seed101_20260720T095135Z,${CBSIM_RUNS_ROOT}/S4_FORMAL/BATCH_S4_20260720T095135Z/runs/S4_DCB_SRVCHP-SRORC_Cyclopentane_R365MFC_seed101_20260720T095135Z/metadata/manifest.json,base,S4_DCB_SRVCHP-SRORC_Cyclopentane_R365MFC_seed101_20260720T095135Z,,S2_DCB_SRVCHP-SRORC_Cyclopentane_R365MFC_seed042_20260717T060425Z,1,extreme_eta_p2p;extreme_exergy_efficiency,True,36b2c8588490339ef136ec141f9a21089b52daf7,2452bed17143498748ed5fe2e446308e3f8f1c3e669d60cb35bb75c90938d88d,150,True,0.1067883709358858,13725,13025,700,2300,2300,4600,0,5130ea7ed5e152471b18a65e007bc7f47b155c3b21f2ac21ef30e274355928d7,56ff7bee647eebe4adbf3f8d36d188d5b018161e6eb33131b7ab63167f350bc3,d1bc193e91d55ba0d96fed16f577ddb5d8c089f543719876154879cce80b84f5
DC-B,SRVCHP_SRORC,Cyclopentane,R365MFC,202,S4_DCB_SRVCHP-SRORC_Cyclopentane_R365MFC_seed202_20260720T095135Z,${CBSIM_RUNS_ROOT}/S4_FORMAL/BATCH_S4_20260720T095135Z/runs/S4_DCB_SRVCHP-SRORC_Cyclopentane_R365MFC_seed202_20260720T095135Z,${CBSIM_RUNS_ROOT}/S4_FORMAL/BATCH_S4_20260720T095135Z/runs/S4_DCB_SRVCHP-SRORC_Cyclopentane_R365MFC_seed202_20260720T095135Z/metadata/manifest.json,base,S4_DCB_SRVCHP-SRORC_Cyclopentane_R365MFC_seed202_20260720T095135Z,,S2_DCB_SRVCHP-SRORC_Cyclopentane_R365MFC_seed042_20260717T060425Z,1,extreme_eta_p2p;extreme_exergy_efficiency,True,36b2c8588490339ef136ec141f9a21089b52daf7,2452bed17143498748ed5fe2e446308e3f8f1c3e669d60cb35bb75c90938d88d,150,True,0.10693939264159416,13744,12839,905,2385,2385,4770,0,4e6fecaf2a914966679ec55b04120d27a6c0795af3eb038fb66438b561cd9854,437f1cbbe3bbf1b3021cb90f719b95b6d0772632e7cc0caf15b9d5c03d04ab74,0efce2d44df8558df05a5bcc145da9cd3067ab689ac0c703712f7ba203b47490
DC-B,SRVCHP_SRORC,R245fa,R227EA,17,S4_DCB_SRVCHP-SRORC_R245fa_R227EA_seed017_20260721T031641Z,${CBSIM_RUNS_ROOT}/S4_EXTENSION/BATCH_S4_20260721T031641Z/runs/S4_DCB_SRVCHP-SRORC_R245fa_R227EA_seed017_20260721T031641Z,${CBSIM_RUNS_ROOT}/S4_EXTENSION/BATCH_S4_20260721T031641Z/runs/S4_DCB_SRVCHP-SRORC_R245fa_R227EA_seed017_20260721T031641Z/metadata/manifest.json,extension,S4_DCB_SRVCHP-SRORC_R245fa_R227EA_seed017_20260720T095135Z,S4_DCB_SRVCHP-SRORC_R245fa_R227EA_seed017_20260720T095135Z,S2_DCB_SRVCHP-SRORC_R245fa_R227EA_seed042_20260717T060425Z,3,greedy_incremental_hypervolume,False,d8afee5d5a587723cf3e45f1975c4b4b4a181c25,2452bed17143498748ed5fe2e446308e3f8f1c3e669d60cb35bb75c90938d88d,157,True,0.08191664179714742,14355,9824,4531,878,863,3462,13,4d3b7c1bb9de59fd5a31c3e01e2bbcdfc474e4b1d3cac4485e6ad9212411953d,d57f17d5e6f9d20ab47b52b602bb6b2d83e6fe38103c227fe75d01d7c052a5d1,7a5c5f8ba6c6519a766b9b0f971a9a580c8e56710f3dea2e7a6d2923770da1be
DC-B,SRVCHP_SRORC,R245fa,R227EA,42,S4_DCB_SRVCHP-SRORC_R245fa_R227EA_seed042_20260721T031641Z,${CBSIM_RUNS_ROOT}/S4_EXTENSION/BATCH_S4_20260721T031641Z/runs/S4_DCB_SRVCHP-SRORC_R245fa_R227EA_seed042_20260721T031641Z,${CBSIM_RUNS_ROOT}/S4_EXTENSION/BATCH_S4_20260721T031641Z/runs/S4_DCB_SRVCHP-SRORC_R245fa_R227EA_seed042_20260721T031641Z/metadata/manifest.json,extension,S4_DCB_SRVCHP-SRORC_R245fa_R227EA_seed042_20260720T095135Z,S4_DCB_SRVCHP-SRORC_R245fa_R227EA_seed042_20260720T095135Z,S2_DCB_SRVCHP-SRORC_R245fa_R227EA_seed042_20260717T060425Z,3,greedy_incremental_hypervolume,False,d8afee5d5a587723cf3e45f1975c4b4b4a181c25,2452bed17143498748ed5fe2e446308e3f8f1c3e669d60cb35bb75c90938d88d,154,True,0.08115518504401117,14099,10102,3997,1195,1179,4698,12,609ae0ae5a31874fb64ad6172863d5e40bca7a76f9e0602ebde25111bb0d48a0,b6ef6e3fdaa6e4e56bd13fd47cba7cbb115d8170c9f1dc5a47103609bd1701e9,e7a7888d02bc1e75663b0873fc44f9ee57895f20cc04d6bf94e06832c2351c35
DC-B,SRVCHP_SRORC,R245fa,R227EA,73,S4_DCB_SRVCHP-SRORC_R245fa_R227EA_seed073_20260721T031641Z,${CBSIM_RUNS_ROOT}/S4_EXTENSION/BATCH_S4_20260721T031641Z/runs/S4_DCB_SRVCHP-SRORC_R245fa_R227EA_seed073_20260721T031641Z,${CBSIM_RUNS_ROOT}/S4_EXTENSION/BATCH_S4_20260721T031641Z/runs/S4_DCB_SRVCHP-SRORC_R245fa_R227EA_seed073_20260721T031641Z/metadata/manifest.json,extension,S4_DCB_SRVCHP-SRORC_R245fa_R227EA_seed073_20260720T095135Z,S4_DCB_SRVCHP-SRORC_R245fa_R227EA_seed073_20260720T095135Z,S2_DCB_SRVCHP-SRORC_R245fa_R227EA_seed042_20260717T060425Z,3,greedy_incremental_hypervolume,False,d8afee5d5a587723cf3e45f1975c4b4b4a181c25,2452bed17143498748ed5fe2e446308e3f8f1c3e669d60cb35bb75c90938d88d,195,True,0.08156404694680461,17817,12720,5097,1278,1263,4602,13,8c86917dadd12309721f953ff5b4083f5385aee64806172d551f9b7c0d4df377,3a9e628ebb3eaf098d48038baa8adf58c34be7bc6f4287ef4f94ddbfdcbeddb4,4d2ba7f522990f23f1b92ac6da1abc2c388192e6fb8fe612c8edb15bf85b951f
DC-B,SRVCHP_SRORC,R245fa,R227EA,101,S4_DCB_SRVCHP-SRORC_R245fa_R227EA_seed101_20260720T095135Z,${CBSIM_RUNS_ROOT}/S4_FORMAL/BATCH_S4_20260720T095135Z/runs/S4_DCB_SRVCHP-SRORC_R245fa_R227EA_seed101_20260720T095135Z,${CBSIM_RUNS_ROOT}/S4_FORMAL/BATCH_S4_20260720T095135Z/runs/S4_DCB_SRVCHP-SRORC_R245fa_R227EA_seed101_20260720T095135Z/metadata/manifest.json,base,S4_DCB_SRVCHP-SRORC_R245fa_R227EA_seed101_20260720T095135Z,,S2_DCB_SRVCHP-SRORC_R245fa_R227EA_seed042_20260717T060425Z,3,greedy_incremental_hypervolume,False,36b2c8588490339ef136ec141f9a21089b52daf7,2452bed17143498748ed5fe2e446308e3f8f1c3e669d60cb35bb75c90938d88d,150,True,0.08128317471689084,13708,9508,4200,1080,1060,2160,19,70f7285e71611858975c1a9f747f20eb7525099ba2a1ed6bb82823f9bf0d1637,9fbbf3e19533dfc525b4bcc0c16ec73b44afc20bf6cee2c10dd7e063d8c36d3d,b54265aa94ddbbc75b7a7ef96150ac11e26e899f575b3eea78406322af92c0ed
DC-B,SRVCHP_SRORC,R245fa,R227EA,202,S4_DCB_SRVCHP-SRORC_R245fa_R227EA_seed202_20260721T031641Z,${CBSIM_RUNS_ROOT}/S4_EXTENSION/BATCH_S4_20260721T031641Z/runs/S4_DCB_SRVCHP-SRORC_R245fa_R227EA_seed202_20260721T031641Z,${CBSIM_RUNS_ROOT}/S4_EXTENSION/BATCH_S4_20260721T031641Z/runs/S4_DCB_SRVCHP-SRORC_R245fa_R227EA_seed202_20260721T031641Z/metadata/manifest.json,extension,S4_DCB_SRVCHP-SRORC_R245fa_R227EA_seed202_20260720T095135Z,S4_DCB_SRVCHP-SRORC_R245fa_R227EA_seed202_20260720T095135Z,S2_DCB_SRVCHP-SRORC_R245fa_R227EA_seed042_20260717T060425Z,3,greedy_incremental_hypervolume,False,d8afee5d5a587723cf3e45f1975c4b4b4a181c25,2452bed17143498748ed5fe2e446308e3f8f1c3e669d60cb35bb75c90938d88d,170,True,0.08149629485156348,15597,10470,5127,1128,1109,4240,18,2e60633a6eba9ae6d6f2026ba365baaf820cc1cedc6bbab25f24a60de62cca2b,b832d9c0db5645dba022afcede67070710eccef096ac5135472749468fe7e1fe,47af8b558e35278ab2ab63e495129d619db7293a8fc01cd600cf11d475c3d4a4
DC-B,SRVCHP_SRORC,R600,R227EA,17,S4_DCB_SRVCHP-SRORC_R600_R227EA_seed017_20260720T095135Z,${CBSIM_RUNS_ROOT}/S4_FORMAL/BATCH_S4_20260720T095135Z/runs/S4_DCB_SRVCHP-SRORC_R600_R227EA_seed017_20260720T095135Z,${CBSIM_RUNS_ROOT}/S4_FORMAL/BATCH_S4_20260720T095135Z/runs/S4_DCB_SRVCHP-SRORC_R600_R227EA_seed017_20260720T095135Z/metadata/manifest.json,base,S4_DCB_SRVCHP-SRORC_R600_R227EA_seed017_20260720T095135Z,,S2_DCB_SRVCHP-SRORC_R600_R227EA_seed042_20260717T060425Z,2,extreme_energy_density_thermal,True,36b2c8588490339ef136ec141f9a21089b52daf7,2452bed17143498748ed5fe2e446308e3f8f1c3e669d60cb35bb75c90938d88d,150,True,0.08140371180501733,13830,9726,4104,1091,1079,2182,12,31e31354b7f0946cd682dad133dd5a36b67874f28fb260a15f0fdc4699aea039,4feea4f63d2ba5271d3214e85182df2adafd40d9876e083c744f89d9e17efbc7,8c0687ed72adfd0608fba81c6a7fbe862027a70d1604b4ea74df1c1e7d364f1a
DC-B,SRVCHP_SRORC,R600,R227EA,42,S4_DCB_SRVCHP-SRORC_R600_R227EA_seed042_20260720T095135Z,${CBSIM_RUNS_ROOT}/S4_FORMAL/BATCH_S4_20260720T095135Z/runs/S4_DCB_SRVCHP-SRORC_R600_R227EA_seed042_20260720T095135Z,${CBSIM_RUNS_ROOT}/S4_FORMAL/BATCH_S4_20260720T095135Z/runs/S4_DCB_SRVCHP-SRORC_R600_R227EA_seed042_20260720T095135Z/metadata/manifest.json,base,S4_DCB_SRVCHP-SRORC_R600_R227EA_seed042_20260720T095135Z,,S2_DCB_SRVCHP-SRORC_R600_R227EA_seed042_20260717T060425Z,2,extreme_energy_density_thermal,True,36b2c8588490339ef136ec141f9a21089b52daf7,2452bed17143498748ed5fe2e446308e3f8f1c3e669d60cb35bb75c90938d88d,150,True,0.08037137494712127,13773,10771,3002,1307,1295,2614,11,a0a1f24b10c1f2d403da0c297c2d3ba2a1849296053395a2e49d895d9fd2a0f0,281d180eded347b90d5a485c371b7b4d21effc79ce021d053783b9c19ec43a79,add7bd2a6fd4dd7c077e83a76215aed9b6ea39f98b2378b8cb64e750e64f92f6
DC-B,SRVCHP_SRORC,R600,R227EA,73,S4_DCB_SRVCHP-SRORC_R600_R227EA_seed073_20260720T095135Z,${CBSIM_RUNS_ROOT}/S4_FORMAL/BATCH_S4_20260720T095135Z/runs/S4_DCB_SRVCHP-SRORC_R600_R227EA_seed073_20260720T095135Z,${CBSIM_RUNS_ROOT}/S4_FORMAL/BATCH_S4_20260720T095135Z/runs/S4_DCB_SRVCHP-SRORC_R600_R227EA_seed073_20260720T095135Z/metadata/manifest.json,base,S4_DCB_SRVCHP-SRORC_R600_R227EA_seed073_20260720T095135Z,,S2_DCB_SRVCHP-SRORC_R600_R227EA_seed042_20260717T060425Z,2,extreme_energy_density_thermal,True,36b2c8588490339ef136ec141f9a21089b52daf7,2452bed17143498748ed5fe2e446308e3f8f1c3e669d60cb35bb75c90938d88d,150,True,0.08142363360912738,13643,10529,3114,1164,1154,2328,9,c7e1eaf66ebecc2ee0aabe15c01dc7af85fff08178bcb36115268a223f6d7405,4ec118172289a53940e99dbd9984ba0533104c8f256757a9dd8a78e5b2dc8749,5e28933930ed92142a073a3f00baeae8a734d66bc8dee863f382fcdb2e4f9e93
DC-B,SRVCHP_SRORC,R600,R227EA,101,S4_DCB_SRVCHP-SRORC_R600_R227EA_seed101_20260720T095135Z,${CBSIM_RUNS_ROOT}/S4_FORMAL/BATCH_S4_20260720T095135Z/runs/S4_DCB_SRVCHP-SRORC_R600_R227EA_seed101_20260720T095135Z,${CBSIM_RUNS_ROOT}/S4_FORMAL/BATCH_S4_20260720T095135Z/runs/S4_DCB_SRVCHP-SRORC_R600_R227EA_seed101_20260720T095135Z/metadata/manifest.json,base,S4_DCB_SRVCHP-SRORC_R600_R227EA_seed101_20260720T095135Z,,S2_DCB_SRVCHP-SRORC_R600_R227EA_seed042_20260717T060425Z,2,extreme_energy_density_thermal,True,36b2c8588490339ef136ec141f9a21089b52daf7,2452bed17143498748ed5fe2e446308e3f8f1c3e669d60cb35bb75c90938d88d,150,True,0.0820893839408113,13688,10218,3470,908,899,1816,9,87a6d9c1bd22fa8f67f942eae13c91b485e83150c8b0f6de64473dde418224b5,9e6bf2b1c23aad88ff7ab29051ae436c1ffcb0d430396e4bdc2f64345ef69319,45263106cb61decbce97e688d1175461e3bc4667e437487106202fcabb94734c
DC-B,SRVCHP_SRORC,R600,R227EA,202,S4_DCB_SRVCHP-SRORC_R600_R227EA_seed202_20260720T095135Z,${CBSIM_RUNS_ROOT}/S4_FORMAL/BATCH_S4_20260720T095135Z/runs/S4_DCB_SRVCHP-SRORC_R600_R227EA_seed202_20260720T095135Z,${CBSIM_RUNS_ROOT}/S4_FORMAL/BATCH_S4_20260720T095135Z/runs/S4_DCB_SRVCHP-SRORC_R600_R227EA_seed202_20260720T095135Z/metadata/manifest.json,base,S4_DCB_SRVCHP-SRORC_R600_R227EA_seed202_20260720T095135Z,,S2_DCB_SRVCHP-SRORC_R600_R227EA_seed042_20260717T060425Z,2,extreme_energy_density_thermal,True,36b2c8588490339ef136ec141f9a21089b52daf7,2452bed17143498748ed5fe2e446308e3f8f1c3e669d60cb35bb75c90938d88d,150,True,0.08174428341550517,13795,9670,4125,879,867,1758,12,3709e1375c87bdb266caa21d47a8fa69a9fb5192dc98a640ba4da9233ee74aee,41c85433d68d911d579f8b8765ff0d546184390c25df3d85f89e911a2a6d2d24,a9999bed5494b07c9a924b16994faa939ba8558989e722d562e110cada8acfe7
DC-B,SRVCHP_SRORC,R601a,R227EA,17,S4_DCB_SRVCHP-SRORC_R601a_R227EA_seed017_20260720T095135Z,${CBSIM_RUNS_ROOT}/S4_FORMAL/BATCH_S4_20260720T095135Z/runs/S4_DCB_SRVCHP-SRORC_R601a_R227EA_seed017_20260720T095135Z,${CBSIM_RUNS_ROOT}/S4_FORMAL/BATCH_S4_20260720T095135Z/runs/S4_DCB_SRVCHP-SRORC_R601a_R227EA_seed017_20260720T095135Z/metadata/manifest.json,base,S4_DCB_SRVCHP-SRORC_R601a_R227EA_seed017_20260720T095135Z,,S2_DCB_SRVCHP-SRORC_R601a_R227EA_seed042_20260717T060425Z,5,greedy_incremental_hypervolume,False,36b2c8588490339ef136ec141f9a21089b52daf7,2452bed17143498748ed5fe2e446308e3f8f1c3e669d60cb35bb75c90938d88d,150,True,0.08378508684802827,13741,9878,3863,921,914,1842,7,96518bee9c8f48453c738cb1190f1c7d3e180ed2ca6a2b62e3bdcacd1e696e9e,73c2a8021e627804461fbc5dc8b6616ab3f4040efa77883c32182c512e21b5a7,4a8d30628bc12614c2f6b508bb4f60b08c748290f457713c6f35f533a13ad6ea
DC-B,SRVCHP_SRORC,R601a,R227EA,42,S4_DCB_SRVCHP-SRORC_R601a_R227EA_seed042_20260721T031641Z,${CBSIM_RUNS_ROOT}/S4_EXTENSION/BATCH_S4_20260721T031641Z/runs/S4_DCB_SRVCHP-SRORC_R601a_R227EA_seed042_20260721T031641Z,${CBSIM_RUNS_ROOT}/S4_EXTENSION/BATCH_S4_20260721T031641Z/runs/S4_DCB_SRVCHP-SRORC_R601a_R227EA_seed042_20260721T031641Z/metadata/manifest.json,extension,S4_DCB_SRVCHP-SRORC_R601a_R227EA_seed042_20260720T095135Z,S4_DCB_SRVCHP-SRORC_R601a_R227EA_seed042_20260720T095135Z,S2_DCB_SRVCHP-SRORC_R601a_R227EA_seed042_20260717T060425Z,5,greedy_incremental_hypervolume,False,d8afee5d5a587723cf3e45f1975c4b4b4a181c25,2452bed17143498748ed5fe2e446308e3f8f1c3e669d60cb35bb75c90938d88d,161,True,0.08268002984436962,14707,10875,3832,863,858,3264,5,e9b7026824c3c82b6a3c9f4fda7b96a7b8404b1ac88791cc94c5f0477be0d33f,10f9057e5964706bd0d26408ba98781347d2989d6579442e6ac17dfd28187aa4,83246a1cec2187c6950f70636cd2ce70c171355ed65ad2241f9421f316ae156a
DC-B,SRVCHP_SRORC,R601a,R227EA,73,S4_DCB_SRVCHP-SRORC_R601a_R227EA_seed073_20260720T095135Z,${CBSIM_RUNS_ROOT}/S4_FORMAL/BATCH_S4_20260720T095135Z/runs/S4_DCB_SRVCHP-SRORC_R601a_R227EA_seed073_20260720T095135Z,${CBSIM_RUNS_ROOT}/S4_FORMAL/BATCH_S4_20260720T095135Z/runs/S4_DCB_SRVCHP-SRORC_R601a_R227EA_seed073_20260720T095135Z/metadata/manifest.json,base,S4_DCB_SRVCHP-SRORC_R601a_R227EA_seed073_20260720T095135Z,,S2_DCB_SRVCHP-SRORC_R601a_R227EA_seed042_20260717T060425Z,5,greedy_incremental_hypervolume,False,36b2c8588490339ef136ec141f9a21089b52daf7,2452bed17143498748ed5fe2e446308e3f8f1c3e669d60cb35bb75c90938d88d,150,True,0.08311156146100719,13703,9800,3903,988,983,1976,5,aadaafaa7ec5f17d16ba0387e6f0a7edcde248cc4d056d43cf62fb7bb958c4cb,e2ed5899307c8e52e6f609b55bb02013f671e1764729b6dd91ad5cad8705eff7,64f3af37f4e61ac50207e247fcf91308d9776058fa06e914b30abc5c1bcb540a
DC-B,SRVCHP_SRORC,R601a,R227EA,101,S4_DCB_SRVCHP-SRORC_R601a_R227EA_seed101_20260720T095135Z,${CBSIM_RUNS_ROOT}/S4_FORMAL/BATCH_S4_20260720T095135Z/runs/S4_DCB_SRVCHP-SRORC_R601a_R227EA_seed101_20260720T095135Z,${CBSIM_RUNS_ROOT}/S4_FORMAL/BATCH_S4_20260720T095135Z/runs/S4_DCB_SRVCHP-SRORC_R601a_R227EA_seed101_20260720T095135Z/metadata/manifest.json,base,S4_DCB_SRVCHP-SRORC_R601a_R227EA_seed101_20260720T095135Z,,S2_DCB_SRVCHP-SRORC_R601a_R227EA_seed042_20260717T060425Z,5,greedy_incremental_hypervolume,False,36b2c8588490339ef136ec141f9a21089b52daf7,2452bed17143498748ed5fe2e446308e3f8f1c3e669d60cb35bb75c90938d88d,150,True,0.08377534105023518,13694,9855,3839,939,929,1878,10,11f832221646b7ce245a2210cc5961c9b4e1be2be0bb8f77a8d54e5e0fafa8b7,f4d59695c6bd8137a5b9abb07699c733b5112716dbc5b0c253f98b0f88156ad1,86a3530a512e0ec59b5c90608d333788f3d76cd0809c9ead9930025e89387b19
DC-B,SRVCHP_SRORC,R601a,R227EA,202,S4_DCB_SRVCHP-SRORC_R601a_R227EA_seed202_20260720T095135Z,${CBSIM_RUNS_ROOT}/S4_FORMAL/BATCH_S4_20260720T095135Z/runs/S4_DCB_SRVCHP-SRORC_R601a_R227EA_seed202_20260720T095135Z,${CBSIM_RUNS_ROOT}/S4_FORMAL/BATCH_S4_20260720T095135Z/runs/S4_DCB_SRVCHP-SRORC_R601a_R227EA_seed202_20260720T095135Z/metadata/manifest.json,base,S4_DCB_SRVCHP-SRORC_R601a_R227EA_seed202_20260720T095135Z,,S2_DCB_SRVCHP-SRORC_R601a_R227EA_seed042_20260717T060425Z,5,greedy_incremental_hypervolume,False,36b2c8588490339ef136ec141f9a21089b52daf7,2452bed17143498748ed5fe2e446308e3f8f1c3e669d60cb35bb75c90938d88d,150,True,0.08282278758038827,13827,9887,3940,909,901,1818,8,5e27bf194db4caa39dbbb801ed00e7791044fd39c05540e156cdbb50eaa68032,db302a0136d25577baaa78aad22b058209d8bed08cae2c6d70e5a15c56aa078c,01244c6d44cae4c141bb2c7ff618a7080cd8794c5fd7d320e91396f9a74bb7af
DC-C,SBVCHP_SBORC,Acetone,R236fa,17,S4_DCC_SBVCHP-SBORC_Acetone_R236fa_seed017_20260720T095135Z,${CBSIM_RUNS_ROOT}/S4_FORMAL/BATCH_S4_20260720T095135Z/runs/S4_DCC_SBVCHP-SBORC_Acetone_R236fa_seed017_20260720T095135Z,${CBSIM_RUNS_ROOT}/S4_FORMAL/BATCH_S4_20260720T095135Z/runs/S4_DCC_SBVCHP-SBORC_Acetone_R236fa_seed017_20260720T095135Z/metadata/manifest.json,base,S4_DCC_SBVCHP-SBORC_Acetone_R236fa_seed017_20260720T095135Z,,S2_DCC_SBVCHP-SBORC_Acetone_R236fa_seed042_20260717T060425Z,4,greedy_incremental_hypervolume,False,36b2c8588490339ef136ec141f9a21089b52daf7,2452bed17143498748ed5fe2e446308e3f8f1c3e669d60cb35bb75c90938d88d,150,True,0.15194523072032246,13710,12563,1147,2399,2383,4798,3,e92d53d6abff30247a1ee098e82615c052e08beda764019495eda120146f94df,a7fd0da6d0a7be90461e3d80cbab797a11b05631dc87e2d2e33e2657e48c41f3,7a8e918bd40ea06b3bdfc19cd98d77b16b18af96a83a4d7677b76b12fddf4769
DC-C,SBVCHP_SBORC,Acetone,R236fa,42,S4_DCC_SBVCHP-SBORC_Acetone_R236fa_seed042_20260720T095135Z,${CBSIM_RUNS_ROOT}/S4_FORMAL/BATCH_S4_20260720T095135Z/runs/S4_DCC_SBVCHP-SBORC_Acetone_R236fa_seed042_20260720T095135Z,${CBSIM_RUNS_ROOT}/S4_FORMAL/BATCH_S4_20260720T095135Z/runs/S4_DCC_SBVCHP-SBORC_Acetone_R236fa_seed042_20260720T095135Z/metadata/manifest.json,base,S4_DCC_SBVCHP-SBORC_Acetone_R236fa_seed042_20260720T095135Z,,S2_DCC_SBVCHP-SBORC_Acetone_R236fa_seed042_20260717T060425Z,4,greedy_incremental_hypervolume,False,36b2c8588490339ef136ec141f9a21089b52daf7,2452bed17143498748ed5fe2e446308e3f8f1c3e669d60cb35bb75c90938d88d,150,True,0.15246758552500098,13722,12701,1021,2697,2679,5394,13,3aeb587510b50d8b458e5be3471070d8c8d4749746a2a895e94727ba62168d23,a34c3e0c4c553684597a15cd478a234a92eae9d8ddfdbd0a7ad762612318c8fb,a71c33b54a21b414066280fba97636c440ad3ae442e0e977f392c01e13849de5
DC-C,SBVCHP_SBORC,Acetone,R236fa,73,S4_DCC_SBVCHP-SBORC_Acetone_R236fa_seed073_20260720T095135Z,${CBSIM_RUNS_ROOT}/S4_FORMAL/BATCH_S4_20260720T095135Z/runs/S4_DCC_SBVCHP-SBORC_Acetone_R236fa_seed073_20260720T095135Z,${CBSIM_RUNS_ROOT}/S4_FORMAL/BATCH_S4_20260720T095135Z/runs/S4_DCC_SBVCHP-SBORC_Acetone_R236fa_seed073_20260720T095135Z/metadata/manifest.json,base,S4_DCC_SBVCHP-SBORC_Acetone_R236fa_seed073_20260720T095135Z,,S2_DCC_SBVCHP-SBORC_Acetone_R236fa_seed042_20260717T060425Z,4,greedy_incremental_hypervolume,False,36b2c8588490339ef136ec141f9a21089b52daf7,2452bed17143498748ed5fe2e446308e3f8f1c3e669d60cb35bb75c90938d88d,150,True,0.1520539144169955,13674,12896,778,2559,2548,5118,7,1c45c41b8935d85a0f4c47c6a184a1ee0eb07ecf8eae9020711be94ef4fe23e9,3b7fcc42a105cbd0a67a6fca6b9ec5227d53c159ada69f8ed4201d513f9156d1,c4589cbaaf8272b13410aafcd602ffa2c62012633ede45db808b005fbf5a8aad
DC-C,SBVCHP_SBORC,Acetone,R236fa,101,S4_DCC_SBVCHP-SBORC_Acetone_R236fa_seed101_20260721T031641Z,${CBSIM_RUNS_ROOT}/S4_EXTENSION/BATCH_S4_20260721T031641Z/runs/S4_DCC_SBVCHP-SBORC_Acetone_R236fa_seed101_20260721T031641Z,${CBSIM_RUNS_ROOT}/S4_EXTENSION/BATCH_S4_20260721T031641Z/runs/S4_DCC_SBVCHP-SBORC_Acetone_R236fa_seed101_20260721T031641Z/metadata/manifest.json,extension,S4_DCC_SBVCHP-SBORC_Acetone_R236fa_seed101_20260720T095135Z,S4_DCC_SBVCHP-SBORC_Acetone_R236fa_seed101_20260720T095135Z,S2_DCC_SBVCHP-SBORC_Acetone_R236fa_seed042_20260717T060425Z,4,greedy_incremental_hypervolume,False,d8afee5d5a587723cf3e45f1975c4b4b4a181c25,2452bed17143498748ed5fe2e446308e3f8f1c3e669d60cb35bb75c90938d88d,165,True,0.15170384749340718,15099,14006,1093,2443,2422,9500,8,fa5936c2fdd9b7aefeb6b25deab8db5ef72bc131b79d732f4bc9be69f6920276,44e6f06b0085533efbccc999801ac9015a27804a2af0d04f17992133d0fe0d26,b6234bc8cd1e5504e64a3dc930c7098119f1b47b9d3efd436b18bf31ef45472d
DC-C,SBVCHP_SBORC,Acetone,R236fa,202,S4_DCC_SBVCHP-SBORC_Acetone_R236fa_seed202_20260721T031641Z,${CBSIM_RUNS_ROOT}/S4_EXTENSION/BATCH_S4_20260721T031641Z/runs/S4_DCC_SBVCHP-SBORC_Acetone_R236fa_seed202_20260721T031641Z,${CBSIM_RUNS_ROOT}/S4_EXTENSION/BATCH_S4_20260721T031641Z/runs/S4_DCC_SBVCHP-SBORC_Acetone_R236fa_seed202_20260721T031641Z/metadata/manifest.json,extension,S4_DCC_SBVCHP-SBORC_Acetone_R236fa_seed202_20260720T095135Z,S4_DCC_SBVCHP-SBORC_Acetone_R236fa_seed202_20260720T095135Z,S2_DCC_SBVCHP-SBORC_Acetone_R236fa_seed042_20260717T060425Z,4,greedy_incremental_hypervolume,False,d8afee5d5a587723cf3e45f1975c4b4b4a181c25,2452bed17143498748ed5fe2e446308e3f8f1c3e669d60cb35bb75c90938d88d,173,True,0.15200111574481698,15934,14750,1184,2662,2653,9998,3,7a30a69cf979831ab403dd2f2aff72f327b377f5b12a8b655954c5b74068192c,b9e61ae7028d38b0c28385a5141acfdcc90c018296b85080f533050622fc1abf,68e3a1b32b0eba5e33535065c89d4db727c69dcd91e4727836b9f9cc1aeec6c2
DC-C,SBVCHP_SBORC,Acetone,R245fa,17,S4_DCC_SBVCHP-SBORC_Acetone_R245fa_seed017_20260720T095135Z,${CBSIM_RUNS_ROOT}/S4_FORMAL/BATCH_S4_20260720T095135Z/runs/S4_DCC_SBVCHP-SBORC_Acetone_R245fa_seed017_20260720T095135Z,${CBSIM_RUNS_ROOT}/S4_FORMAL/BATCH_S4_20260720T095135Z/runs/S4_DCC_SBVCHP-SBORC_Acetone_R245fa_seed017_20260720T095135Z/metadata/manifest.json,base,S4_DCC_SBVCHP-SBORC_Acetone_R245fa_seed017_20260720T095135Z,,S2_DCC_SBVCHP-SBORC_Acetone_R245fa_seed042_20260717T060425Z,1,extreme_eta_p2p;extreme_exergy_efficiency,True,36b2c8588490339ef136ec141f9a21089b52daf7,2452bed17143498748ed5fe2e446308e3f8f1c3e669d60cb35bb75c90938d88d,150,True,0.16119607471826536,13816,12853,963,2427,2401,4854,20,de8d7fbc0bd1b81aeaaec9dd22161e59590bbc432f0f4e6e136e138a78153633,0c812889990d95ab98766084a312a76d4937139c23df60064d1fe347a0e2ab23,ef254dc906f5af9d3b9d8f9a21fb78b16125258067ed85445407153e0d29ed7d
DC-C,SBVCHP_SBORC,Acetone,R245fa,42,S4_DCC_SBVCHP-SBORC_Acetone_R245fa_seed042_20260720T095135Z,${CBSIM_RUNS_ROOT}/S4_FORMAL/BATCH_S4_20260720T095135Z/runs/S4_DCC_SBVCHP-SBORC_Acetone_R245fa_seed042_20260720T095135Z,${CBSIM_RUNS_ROOT}/S4_FORMAL/BATCH_S4_20260720T095135Z/runs/S4_DCC_SBVCHP-SBORC_Acetone_R245fa_seed042_20260720T095135Z/metadata/manifest.json,base,S4_DCC_SBVCHP-SBORC_Acetone_R245fa_seed042_20260720T095135Z,,S2_DCC_SBVCHP-SBORC_Acetone_R245fa_seed042_20260717T060425Z,1,extreme_eta_p2p;extreme_exergy_efficiency,True,36b2c8588490339ef136ec141f9a21089b52daf7,2452bed17143498748ed5fe2e446308e3f8f1c3e669d60cb35bb75c90938d88d,150,True,0.16204280977046345,13777,12954,823,2592,2579,5184,6,26f6d6b4f3685c9689d73b2a95569f9c89044ba93d3f989cc9f1698e5cd8bad9,e9df4d66cfa518c291221e61432df676332a429ed193148b177ef5d947427e48,1d0862a2a9abb58de84799c6be35c2b185d174bb4f6eb61600df9ff00a5199c5
DC-C,SBVCHP_SBORC,Acetone,R245fa,73,S4_DCC_SBVCHP-SBORC_Acetone_R245fa_seed073_20260720T095135Z,${CBSIM_RUNS_ROOT}/S4_FORMAL/BATCH_S4_20260720T095135Z/runs/S4_DCC_SBVCHP-SBORC_Acetone_R245fa_seed073_20260720T095135Z,${CBSIM_RUNS_ROOT}/S4_FORMAL/BATCH_S4_20260720T095135Z/runs/S4_DCC_SBVCHP-SBORC_Acetone_R245fa_seed073_20260720T095135Z/metadata/manifest.json,base,S4_DCC_SBVCHP-SBORC_Acetone_R245fa_seed073_20260720T095135Z,,S2_DCC_SBVCHP-SBORC_Acetone_R245fa_seed042_20260717T060425Z,1,extreme_eta_p2p;extreme_exergy_efficiency,True,36b2c8588490339ef136ec141f9a21089b52daf7,2452bed17143498748ed5fe2e446308e3f8f1c3e669d60cb35bb75c90938d88d,150,True,0.16293460341347651,13705,12803,902,2757,2743,5514,4,e5cf7b22b26a9ef502af8f9e63950a59fa936745b1d8724908d75f898baba744,b38255ee0f8f492dcb202a21f5a5b9e0bf7312ce3850babd926dfcb75d1a724c,2ebfc28c3bf0aa3a08c10f601040d963382da8d22ea596a1534d87cd298b3f23
DC-C,SBVCHP_SBORC,Acetone,R245fa,101,S4_DCC_SBVCHP-SBORC_Acetone_R245fa_seed101_20260720T095135Z,${CBSIM_RUNS_ROOT}/S4_FORMAL/BATCH_S4_20260720T095135Z/runs/S4_DCC_SBVCHP-SBORC_Acetone_R245fa_seed101_20260720T095135Z,${CBSIM_RUNS_ROOT}/S4_FORMAL/BATCH_S4_20260720T095135Z/runs/S4_DCC_SBVCHP-SBORC_Acetone_R245fa_seed101_20260720T095135Z/metadata/manifest.json,base,S4_DCC_SBVCHP-SBORC_Acetone_R245fa_seed101_20260720T095135Z,,S2_DCC_SBVCHP-SBORC_Acetone_R245fa_seed042_20260717T060425Z,1,extreme_eta_p2p;extreme_exergy_efficiency,True,36b2c8588490339ef136ec141f9a21089b52daf7,2452bed17143498748ed5fe2e446308e3f8f1c3e669d60cb35bb75c90938d88d,150,True,0.16119198149397548,13728,12828,900,2361,2346,4722,12,dc84e49061a66f0f2d0b32f3b8d0e4c733ff85849cda4854f6a4ab65ebae7f5c,6305a4d7ced85eb1db2cc2804601db7fc190dee13518de2541b289806e90fd16,663a4b6b0e5c0d930f1cf90378f5ba2f52f5ee9780aadf6f81b9653339fd98aa
DC-C,SBVCHP_SBORC,Acetone,R245fa,202,S4_DCC_SBVCHP-SBORC_Acetone_R245fa_seed202_20260721T031641Z,${CBSIM_RUNS_ROOT}/S4_EXTENSION/BATCH_S4_20260721T031641Z/runs/S4_DCC_SBVCHP-SBORC_Acetone_R245fa_seed202_20260721T031641Z,${CBSIM_RUNS_ROOT}/S4_EXTENSION/BATCH_S4_20260721T031641Z/runs/S4_DCC_SBVCHP-SBORC_Acetone_R245fa_seed202_20260721T031641Z/metadata/manifest.json,extension,S4_DCC_SBVCHP-SBORC_Acetone_R245fa_seed202_20260720T095135Z,S4_DCC_SBVCHP-SBORC_Acetone_R245fa_seed202_20260720T095135Z,S2_DCC_SBVCHP-SBORC_Acetone_R245fa_seed042_20260717T060425Z,1,extreme_eta_p2p;extreme_exergy_efficiency,True,d8afee5d5a587723cf3e45f1975c4b4b4a181c25,2452bed17143498748ed5fe2e446308e3f8f1c3e669d60cb35bb75c90938d88d,158,True,0.1611873829677216,14443,13376,1067,3025,3003,11734,13,d000d72f0345dc7f57fe74f83e99fc1061d97a09f60f2345de2e27e75fbe1bcf,9be6245dca7b3c3d664835b2395b6eb9e86d5a4983d1c21b7c801dae32335cbc,9d8714a94664b7adaffc9db4c4483873c1a2a467f91c1bde2b3432dd34951691
DC-C,SBVCHP_SBORC,Acetone,R600,17,S4_DCC_SBVCHP-SBORC_Acetone_R600_seed017_20260720T095135Z,${CBSIM_RUNS_ROOT}/S4_FORMAL/BATCH_S4_20260720T095135Z/runs/S4_DCC_SBVCHP-SBORC_Acetone_R600_seed017_20260720T095135Z,${CBSIM_RUNS_ROOT}/S4_FORMAL/BATCH_S4_20260720T095135Z/runs/S4_DCC_SBVCHP-SBORC_Acetone_R600_seed017_20260720T095135Z/metadata/manifest.json,base,S4_DCC_SBVCHP-SBORC_Acetone_R600_seed017_20260720T095135Z,,S2_DCC_SBVCHP-SBORC_Acetone_R600_seed042_20260717T060425Z,3,greedy_incremental_hypervolume,False,36b2c8588490339ef136ec141f9a21089b52daf7,2452bed17143498748ed5fe2e446308e3f8f1c3e669d60cb35bb75c90938d88d,150,True,0.16015954953537415,13717,12555,1162,2634,2613,5268,12,edb4b8645c56903ab40292e5f987eab0a41c32b2226941df2fb1dffedbfeac6b,3ad51712b018ab726b07fa988f74bc941993dca47b469a384bcdb4b13388cc0b,3441482f9f5820bb7e6b3fb1939472deeb0a1e5bc8a81b0b14da847b697e562e
DC-C,SBVCHP_SBORC,Acetone,R600,42,S4_DCC_SBVCHP-SBORC_Acetone_R600_seed042_20260720T095135Z,${CBSIM_RUNS_ROOT}/S4_FORMAL/BATCH_S4_20260720T095135Z/runs/S4_DCC_SBVCHP-SBORC_Acetone_R600_seed042_20260720T095135Z,${CBSIM_RUNS_ROOT}/S4_FORMAL/BATCH_S4_20260720T095135Z/runs/S4_DCC_SBVCHP-SBORC_Acetone_R600_seed042_20260720T095135Z/metadata/manifest.json,base,S4_DCC_SBVCHP-SBORC_Acetone_R600_seed042_20260720T095135Z,,S2_DCC_SBVCHP-SBORC_Acetone_R600_seed042_20260717T060425Z,3,greedy_incremental_hypervolume,False,36b2c8588490339ef136ec141f9a21089b52daf7,2452bed17143498748ed5fe2e446308e3f8f1c3e669d60cb35bb75c90938d88d,150,True,0.15955128914207278,13823,13032,791,2671,2664,5342,2,95c56db8804d559332869761da67d043d4806daddbbe377aacf342cfe6656cd2,34b5e913b7af640859ee5bf52740fe681134f493ab4920cc0bbd4f901fc5ad66,6d8cb4e27a1629c5f0a10db4dafcfd3e7d33598af2464d56ab6935776c6b1c23
DC-C,SBVCHP_SBORC,Acetone,R600,73,S4_DCC_SBVCHP-SBORC_Acetone_R600_seed073_20260721T031641Z,${CBSIM_RUNS_ROOT}/S4_EXTENSION/BATCH_S4_20260721T031641Z/runs/S4_DCC_SBVCHP-SBORC_Acetone_R600_seed073_20260721T031641Z,${CBSIM_RUNS_ROOT}/S4_EXTENSION/BATCH_S4_20260721T031641Z/runs/S4_DCC_SBVCHP-SBORC_Acetone_R600_seed073_20260721T031641Z/metadata/manifest.json,extension,S4_DCC_SBVCHP-SBORC_Acetone_R600_seed073_20260720T095135Z,S4_DCC_SBVCHP-SBORC_Acetone_R600_seed073_20260720T095135Z,S2_DCC_SBVCHP-SBORC_Acetone_R600_seed042_20260717T060425Z,3,greedy_incremental_hypervolume,False,d8afee5d5a587723cf3e45f1975c4b4b4a181c25,2452bed17143498748ed5fe2e446308e3f8f1c3e669d60cb35bb75c90938d88d,165,True,0.16072431451138128,15161,14261,900,2467,2459,9406,4,d5f1c690830f87f7a4b94c0766645342672f72584a4cb173934c6d8724be01df,54ffbf24b5f8716cbb582d843f48b6e42c1e0a70691e5192d4ff62e1c6193da1,689d6c35913b55bcbae6f0cd29ae0c557e088f190850224d6b2d7d907e632913
DC-C,SBVCHP_SBORC,Acetone,R600,101,S4_DCC_SBVCHP-SBORC_Acetone_R600_seed101_20260720T095135Z,${CBSIM_RUNS_ROOT}/S4_FORMAL/BATCH_S4_20260720T095135Z/runs/S4_DCC_SBVCHP-SBORC_Acetone_R600_seed101_20260720T095135Z,${CBSIM_RUNS_ROOT}/S4_FORMAL/BATCH_S4_20260720T095135Z/runs/S4_DCC_SBVCHP-SBORC_Acetone_R600_seed101_20260720T095135Z/metadata/manifest.json,base,S4_DCC_SBVCHP-SBORC_Acetone_R600_seed101_20260720T095135Z,,S2_DCC_SBVCHP-SBORC_Acetone_R600_seed042_20260717T060425Z,3,greedy_incremental_hypervolume,False,36b2c8588490339ef136ec141f9a21089b52daf7,2452bed17143498748ed5fe2e446308e3f8f1c3e669d60cb35bb75c90938d88d,150,True,0.1609098943633487,13680,12560,1120,2590,2570,5180,9,7bb3965277f4ed95ae9089ab5e507301fa5dac9e268874ec4cab4c20ab648a09,77c72411d787428cd3ed51527052f0f35a8720360e48dcb4efe2affdb269aad4,9a595a271d138e9d37f5615e9ef95dcd2efc4a4ca853e23775845d2fb416b859
DC-C,SBVCHP_SBORC,Acetone,R600,202,S4_DCC_SBVCHP-SBORC_Acetone_R600_seed202_20260720T095135Z,${CBSIM_RUNS_ROOT}/S4_FORMAL/BATCH_S4_20260720T095135Z/runs/S4_DCC_SBVCHP-SBORC_Acetone_R600_seed202_20260720T095135Z,${CBSIM_RUNS_ROOT}/S4_FORMAL/BATCH_S4_20260720T095135Z/runs/S4_DCC_SBVCHP-SBORC_Acetone_R600_seed202_20260720T095135Z/metadata/manifest.json,base,S4_DCC_SBVCHP-SBORC_Acetone_R600_seed202_20260720T095135Z,,S2_DCC_SBVCHP-SBORC_Acetone_R600_seed042_20260717T060425Z,3,greedy_incremental_hypervolume,False,36b2c8588490339ef136ec141f9a21089b52daf7,2452bed17143498748ed5fe2e446308e3f8f1c3e669d60cb35bb75c90938d88d,150,True,0.16076683553344023,13692,12762,930,2672,2655,5344,11,1ab1f48f065016cbc06d72bcaec02e7db71b80048ed5f482837bd9ae27db68d1,f92d32c2d6ac0739d86cbdd56021ae3c511fffb5e154440cf444103ad0dfb47c,aeb0b60b014971890ed5c17e32231d63133fb507d047a291ce9b153bce87f196
DC-C,SBVCHP_SBORC,Acetone,R600a,17,S4_DCC_SBVCHP-SBORC_Acetone_R600a_seed017_20260720T095135Z,${CBSIM_RUNS_ROOT}/S4_FORMAL/BATCH_S4_20260720T095135Z/runs/S4_DCC_SBVCHP-SBORC_Acetone_R600a_seed017_20260720T095135Z,${CBSIM_RUNS_ROOT}/S4_FORMAL/BATCH_S4_20260720T095135Z/runs/S4_DCC_SBVCHP-SBORC_Acetone_R600a_seed017_20260720T095135Z/metadata/manifest.json,base,S4_DCC_SBVCHP-SBORC_Acetone_R600a_seed017_20260720T095135Z,,S2_DCC_SBVCHP-SBORC_Acetone_R600a_seed042_20260717T060425Z,5,greedy_incremental_hypervolume,False,36b2c8588490339ef136ec141f9a21089b52daf7,2452bed17143498748ed5fe2e446308e3f8f1c3e669d60cb35bb75c90938d88d,150,True,0.15627306095958388,13729,12714,1015,2251,2234,4502,9,bfca72b5bb0b83aac12c2817063b20040c310c2a9e579b2962db44853d2ce1a5,6f9d96980ff71dfa375a454fc0c5eae52e30b3fd6f459262d9bc2c28dd7e443a,a2101a355f8ba88d889b0704ee8a9601352815fac8a4efd66bb0e4132a191d56
DC-C,SBVCHP_SBORC,Acetone,R600a,42,S4_DCC_SBVCHP-SBORC_Acetone_R600a_seed042_20260720T095135Z,${CBSIM_RUNS_ROOT}/S4_FORMAL/BATCH_S4_20260720T095135Z/runs/S4_DCC_SBVCHP-SBORC_Acetone_R600a_seed042_20260720T095135Z,${CBSIM_RUNS_ROOT}/S4_FORMAL/BATCH_S4_20260720T095135Z/runs/S4_DCC_SBVCHP-SBORC_Acetone_R600a_seed042_20260720T095135Z/metadata/manifest.json,base,S4_DCC_SBVCHP-SBORC_Acetone_R600a_seed042_20260720T095135Z,,S2_DCC_SBVCHP-SBORC_Acetone_R600a_seed042_20260717T060425Z,5,greedy_incremental_hypervolume,False,36b2c8588490339ef136ec141f9a21089b52daf7,2452bed17143498748ed5fe2e446308e3f8f1c3e669d60cb35bb75c90938d88d,150,True,0.15627157807486905,13746,12698,1048,2678,2663,5356,7,0e853253c4bd11bdaa06b9f22793880e73db4f95fe3b09b2e7369e8f750fa5ed,71a51438543b7d5c5cf45fef21503c04f1335169096de36d28fa7dc6c30ed474,0e49ca9b511d21632ffbd2416d6d3a939146888ed9701b586d2e6cdd7b980dc1
DC-C,SBVCHP_SBORC,Acetone,R600a,73,S4_DCC_SBVCHP-SBORC_Acetone_R600a_seed073_20260720T095135Z,${CBSIM_RUNS_ROOT}/S4_FORMAL/BATCH_S4_20260720T095135Z/runs/S4_DCC_SBVCHP-SBORC_Acetone_R600a_seed073_20260720T095135Z,${CBSIM_RUNS_ROOT}/S4_FORMAL/BATCH_S4_20260720T095135Z/runs/S4_DCC_SBVCHP-SBORC_Acetone_R600a_seed073_20260720T095135Z/metadata/manifest.json,base,S4_DCC_SBVCHP-SBORC_Acetone_R600a_seed073_20260720T095135Z,,S2_DCC_SBVCHP-SBORC_Acetone_R600a_seed042_20260717T060425Z,5,greedy_incremental_hypervolume,False,36b2c8588490339ef136ec141f9a21089b52daf7,2452bed17143498748ed5fe2e446308e3f8f1c3e669d60cb35bb75c90938d88d,150,True,0.15368899414510864,13743,13016,727,2593,2575,5186,7,403083f7290a11ad19181885e8a60e96ad02a3a6a8b8c4bac2dd82f818bc124d,dd160c2e5bff7db5d867b3bc8a21c36fe160a8b7a4cb2ea6ad1cb30bad817dad,dfef31385cf779b0d911f9ead4f1095f97d2635cb4edeca194423392519aaa59
DC-C,SBVCHP_SBORC,Acetone,R600a,101,S4_DCC_SBVCHP-SBORC_Acetone_R600a_seed101_20260720T095135Z,${CBSIM_RUNS_ROOT}/S4_FORMAL/BATCH_S4_20260720T095135Z/runs/S4_DCC_SBVCHP-SBORC_Acetone_R600a_seed101_20260720T095135Z,${CBSIM_RUNS_ROOT}/S4_FORMAL/BATCH_S4_20260720T095135Z/runs/S4_DCC_SBVCHP-SBORC_Acetone_R600a_seed101_20260720T095135Z/metadata/manifest.json,base,S4_DCC_SBVCHP-SBORC_Acetone_R600a_seed101_20260720T095135Z,,S2_DCC_SBVCHP-SBORC_Acetone_R600a_seed042_20260717T060425Z,5,greedy_incremental_hypervolume,False,36b2c8588490339ef136ec141f9a21089b52daf7,2452bed17143498748ed5fe2e446308e3f8f1c3e669d60cb35bb75c90938d88d,150,True,0.1555702105813827,13688,12752,936,2564,2554,5128,3,33c60f5bcdc5f0d8c38a30e1e3defd96443a099cb53e39667487db917d761928,bc1f7e81e556122b9331e608610c6688f673db6bc802d0d81d3939ce1f02418d,3c3cb63dfc035a4dd6c2b8ca0e50cf675837b278b6e3a2776e8fa5ebfed48d3d
DC-C,SBVCHP_SBORC,Acetone,R600a,202,S4_DCC_SBVCHP-SBORC_Acetone_R600a_seed202_20260720T095135Z,${CBSIM_RUNS_ROOT}/S4_FORMAL/BATCH_S4_20260720T095135Z/runs/S4_DCC_SBVCHP-SBORC_Acetone_R600a_seed202_20260720T095135Z,${CBSIM_RUNS_ROOT}/S4_FORMAL/BATCH_S4_20260720T095135Z/runs/S4_DCC_SBVCHP-SBORC_Acetone_R600a_seed202_20260720T095135Z/metadata/manifest.json,base,S4_DCC_SBVCHP-SBORC_Acetone_R600a_seed202_20260720T095135Z,,S2_DCC_SBVCHP-SBORC_Acetone_R600a_seed042_20260717T060425Z,5,greedy_incremental_hypervolume,False,36b2c8588490339ef136ec141f9a21089b52daf7,2452bed17143498748ed5fe2e446308e3f8f1c3e669d60cb35bb75c90938d88d,150,True,0.15565459215273475,13774,12666,1108,2554,2546,5108,1,e59d4fed3a15bbf50a48ecb197a3b88ca5a4e548e3310e9d6f207514ea62415a,f17d7a74edfb5d5a44574d8d2a3478198d49b001abd9784085af6e17577d62af,7014dfd18e2e17c83df316ef24c9af6af31e1ee28264d00793c17fdd33476607
DC-C,SBVCHP_SBORC,R1233zd(E),R227EA,17,S4_DCC_SBVCHP-SBORC_R1233zdE_R227EA_seed017_20260721T031641Z,${CBSIM_RUNS_ROOT}/S4_EXTENSION/BATCH_S4_20260721T031641Z/runs/S4_DCC_SBVCHP-SBORC_R1233zdE_R227EA_seed017_20260721T031641Z,${CBSIM_RUNS_ROOT}/S4_EXTENSION/BATCH_S4_20260721T031641Z/runs/S4_DCC_SBVCHP-SBORC_R1233zdE_R227EA_seed017_20260721T031641Z/metadata/manifest.json,extension,S4_DCC_SBVCHP-SBORC_R1233zdE_R227EA_seed017_20260720T095135Z,S4_DCC_SBVCHP-SBORC_R1233zdE_R227EA_seed017_20260720T095135Z,S2_DCC_SBVCHP-SBORC_R1233zdE_R227EA_seed042_20260717T060425Z,2,extreme_energy_density_thermal,True,d8afee5d5a587723cf3e45f1975c4b4b4a181c25,2452bed17143498748ed5fe2e446308e3f8f1c3e669d60cb35bb75c90938d88d,174,True,0.11544012883286596,15978,13083,2895,1995,1991,7712,4,c6cbd520f9248f50c4acf976b1ea73a269b3481bae89d69adcb65a7a09c1ba90,d9b2d4966521a78f64759054740adc821e56e2ead4431b187024201164e30a95,956379b649ec5571e152c605ceea81fad8fc1df8d1e2ea7f16d628d07aa22f9e
DC-C,SBVCHP_SBORC,R1233zd(E),R227EA,42,S4_DCC_SBVCHP-SBORC_R1233zdE_R227EA_seed042_20260720T095135Z,${CBSIM_RUNS_ROOT}/S4_FORMAL/BATCH_S4_20260720T095135Z/runs/S4_DCC_SBVCHP-SBORC_R1233zdE_R227EA_seed042_20260720T095135Z,${CBSIM_RUNS_ROOT}/S4_FORMAL/BATCH_S4_20260720T095135Z/runs/S4_DCC_SBVCHP-SBORC_R1233zdE_R227EA_seed042_20260720T095135Z/metadata/manifest.json,base,S4_DCC_SBVCHP-SBORC_R1233zdE_R227EA_seed042_20260720T095135Z,,S2_DCC_SBVCHP-SBORC_R1233zdE_R227EA_seed042_20260717T060425Z,2,extreme_energy_density_thermal,True,36b2c8588490339ef136ec141f9a21089b52daf7,2452bed17143498748ed5fe2e446308e3f8f1c3e669d60cb35bb75c90938d88d,150,True,0.11511499023253577,13760,11851,1909,1947,1945,3894,2,b5444baafcc38c038ef25955b64ca133a49a5c95d48aa9c9abdb3c4201e7912c,7ad87b7b5e406fe83ecfc2e5de7d461bc7778c3054649a91e106a6951c1fcab9,94231b4ced224fb4f3ad28e3f1e619631eb3b2a8538412f77e54199d9ecf6929
DC-C,SBVCHP_SBORC,R1233zd(E),R227EA,73,S4_DCC_SBVCHP-SBORC_R1233zdE_R227EA_seed073_20260720T095135Z,${CBSIM_RUNS_ROOT}/S4_FORMAL/BATCH_S4_20260720T095135Z/runs/S4_DCC_SBVCHP-SBORC_R1233zdE_R227EA_seed073_20260720T095135Z,${CBSIM_RUNS_ROOT}/S4_FORMAL/BATCH_S4_20260720T095135Z/runs/S4_DCC_SBVCHP-SBORC_R1233zdE_R227EA_seed073_20260720T095135Z/metadata/manifest.json,base,S4_DCC_SBVCHP-SBORC_R1233zdE_R227EA_seed073_20260720T095135Z,,S2_DCC_SBVCHP-SBORC_R1233zdE_R227EA_seed042_20260717T060425Z,2,extreme_energy_density_thermal,True,36b2c8588490339ef136ec141f9a21089b52daf7,2452bed17143498748ed5fe2e446308e3f8f1c3e669d60cb35bb75c90938d88d,150,True,0.11318186253046941,13671,12078,1593,1845,1840,3690,4,5a58e95315316cae82d5a26dc55d3ed7f1d62ada811167364b655fe94a98b666,bb7c6e8e2ad94c63145794bbe6e83a9fbcf719f8c8c74d61e17d410796f3011e,1b6397f1831e4e703cd9010505acaaaef89162509a89292cd50f9df914b98881
DC-C,SBVCHP_SBORC,R1233zd(E),R227EA,101,S4_DCC_SBVCHP-SBORC_R1233zdE_R227EA_seed101_20260720T095135Z,${CBSIM_RUNS_ROOT}/S4_FORMAL/BATCH_S4_20260720T095135Z/runs/S4_DCC_SBVCHP-SBORC_R1233zdE_R227EA_seed101_20260720T095135Z,${CBSIM_RUNS_ROOT}/S4_FORMAL/BATCH_S4_20260720T095135Z/runs/S4_DCC_SBVCHP-SBORC_R1233zdE_R227EA_seed101_20260720T095135Z/metadata/manifest.json,base,S4_DCC_SBVCHP-SBORC_R1233zdE_R227EA_seed101_20260720T095135Z,,S2_DCC_SBVCHP-SBORC_R1233zdE_R227EA_seed042_20260717T060425Z,2,extreme_energy_density_thermal,True,36b2c8588490339ef136ec141f9a21089b52daf7,2452bed17143498748ed5fe2e446308e3f8f1c3e669d60cb35bb75c90938d88d,150,True,0.11513171132310052,13703,11102,2601,1793,1788,3586,5,6af17b32ef292fdb7540e919f0f59f2a5fb6cceaa1d7e803dd54734e7f510f0f,191b5f04c848fd3af8877bd56a1f05527911dff282661ef430603d1294075f49,483700e925809053c81bd0ad8b4314a0ca5dd1b97480feff220b51c07558ddb1
DC-C,SBVCHP_SBORC,R1233zd(E),R227EA,202,S4_DCC_SBVCHP-SBORC_R1233zdE_R227EA_seed202_20260721T031641Z,${CBSIM_RUNS_ROOT}/S4_EXTENSION/BATCH_S4_20260721T031641Z/runs/S4_DCC_SBVCHP-SBORC_R1233zdE_R227EA_seed202_20260721T031641Z,${CBSIM_RUNS_ROOT}/S4_EXTENSION/BATCH_S4_20260721T031641Z/runs/S4_DCC_SBVCHP-SBORC_R1233zdE_R227EA_seed202_20260721T031641Z/metadata/manifest.json,extension,S4_DCC_SBVCHP-SBORC_R1233zdE_R227EA_seed202_20260720T095135Z,S4_DCC_SBVCHP-SBORC_R1233zdE_R227EA_seed202_20260720T095135Z,S2_DCC_SBVCHP-SBORC_R1233zdE_R227EA_seed042_20260717T060425Z,2,extreme_energy_density_thermal,True,d8afee5d5a587723cf3e45f1975c4b4b4a181c25,2452bed17143498748ed5fe2e446308e3f8f1c3e669d60cb35bb75c90938d88d,161,True,0.11535568111753579,14739,12586,2153,1904,1901,7376,3,f8dfb3fe39dea1f17406f340dc89955bad9c2e08debc1b06a477ee5a31e90ae0,b7a6cccefd7255f93ac3d58d5a1c789a2921b938230e0a1d05febff8d53fb480,ff3e12f03aab0e2fdb5eec5d9cf6eba8c13f42355cde6f44bb259a92907e4e3b
DC-C,SRVCHP_SRORC,Acetone,R236ea,17,S4_DCC_SRVCHP-SRORC_Acetone_R236ea_seed017_20260720T095135Z,${CBSIM_RUNS_ROOT}/S4_FORMAL/BATCH_S4_20260720T095135Z/runs/S4_DCC_SRVCHP-SRORC_Acetone_R236ea_seed017_20260720T095135Z,${CBSIM_RUNS_ROOT}/S4_FORMAL/BATCH_S4_20260720T095135Z/runs/S4_DCC_SRVCHP-SRORC_Acetone_R236ea_seed017_20260720T095135Z/metadata/manifest.json,base,S4_DCC_SRVCHP-SRORC_Acetone_R236ea_seed017_20260720T095135Z,,S2_DCC_SRVCHP-SRORC_Acetone_R236ea_seed042_20260717T060425Z,1,extreme_eta_p2p,True,36b2c8588490339ef136ec141f9a21089b52daf7,2452bed17143498748ed5fe2e446308e3f8f1c3e669d60cb35bb75c90938d88d,150,True,0.19077819461667667,13749,11669,2080,2619,2600,5238,11,4075e3117ad42ac97b5cc6eb597197c0f61b5541eb86127c7131c8a2f466f28c,a044180577bf095e37e1b6537a2c838f8f1c76ec2cefbe1d8f407a781b43bae4,ffc795f72ffea5d5aa7e3d1355fc21b6280c09344c6c3577a7e0e8ad8c987009
DC-C,SRVCHP_SRORC,Acetone,R236ea,42,S4_DCC_SRVCHP-SRORC_Acetone_R236ea_seed042_20260720T095135Z,${CBSIM_RUNS_ROOT}/S4_FORMAL/BATCH_S4_20260720T095135Z/runs/S4_DCC_SRVCHP-SRORC_Acetone_R236ea_seed042_20260720T095135Z,${CBSIM_RUNS_ROOT}/S4_FORMAL/BATCH_S4_20260720T095135Z/runs/S4_DCC_SRVCHP-SRORC_Acetone_R236ea_seed042_20260720T095135Z/metadata/manifest.json,base,S4_DCC_SRVCHP-SRORC_Acetone_R236ea_seed042_20260720T095135Z,,S2_DCC_SRVCHP-SRORC_Acetone_R236ea_seed042_20260717T060425Z,1,extreme_eta_p2p,True,36b2c8588490339ef136ec141f9a21089b52daf7,2452bed17143498748ed5fe2e446308e3f8f1c3e669d60cb35bb75c90938d88d,150,True,0.1875833879096082,13759,11781,1978,2636,2610,5272,12,46e62e09fdb52d548cc84ad3c74010c785a1a4a5faf0c146ab49da251f89b99e,35f58684ecdaee42a8bea0e097d888995034b07d80ccdea93f39071a42a300c8,9dd81337c40ea8a959880391e266a2977f3f09914fff1d179e96621fdd214af9
DC-C,SRVCHP_SRORC,Acetone,R236ea,73,S4_DCC_SRVCHP-SRORC_Acetone_R236ea_seed073_20260720T095135Z,${CBSIM_RUNS_ROOT}/S4_FORMAL/BATCH_S4_20260720T095135Z/runs/S4_DCC_SRVCHP-SRORC_Acetone_R236ea_seed073_20260720T095135Z,${CBSIM_RUNS_ROOT}/S4_FORMAL/BATCH_S4_20260720T095135Z/runs/S4_DCC_SRVCHP-SRORC_Acetone_R236ea_seed073_20260720T095135Z/metadata/manifest.json,base,S4_DCC_SRVCHP-SRORC_Acetone_R236ea_seed073_20260720T095135Z,,S2_DCC_SRVCHP-SRORC_Acetone_R236ea_seed042_20260717T060425Z,1,extreme_eta_p2p,True,36b2c8588490339ef136ec141f9a21089b52daf7,2452bed17143498748ed5fe2e446308e3f8f1c3e669d60cb35bb75c90938d88d,150,True,0.1903073016362375,13623,11658,1965,2495,2465,4990,14,ab385dfa01bb59f60299eaa5cd30834884ed69423e3544a1a4fcb70daac13d39,01cac7c291efe11b9fa62ad4e812f407ca34ac6c949d983f21942c6bb8bc8945,03feb35470de6b5ddf196d7100829f7571ee4bfc8cbd98a5804b15e0c80c3b1b
DC-C,SRVCHP_SRORC,Acetone,R236ea,101,S4_DCC_SRVCHP-SRORC_Acetone_R236ea_seed101_20260720T095135Z,${CBSIM_RUNS_ROOT}/S4_FORMAL/BATCH_S4_20260720T095135Z/runs/S4_DCC_SRVCHP-SRORC_Acetone_R236ea_seed101_20260720T095135Z,${CBSIM_RUNS_ROOT}/S4_FORMAL/BATCH_S4_20260720T095135Z/runs/S4_DCC_SRVCHP-SRORC_Acetone_R236ea_seed101_20260720T095135Z/metadata/manifest.json,base,S4_DCC_SRVCHP-SRORC_Acetone_R236ea_seed101_20260720T095135Z,,S2_DCC_SRVCHP-SRORC_Acetone_R236ea_seed042_20260717T060425Z,1,extreme_eta_p2p,True,36b2c8588490339ef136ec141f9a21089b52daf7,2452bed17143498748ed5fe2e446308e3f8f1c3e669d60cb35bb75c90938d88d,150,True,0.191618759166566,13697,11594,2103,2725,2701,5450,13,189d467b4aff1f6c9e9f7ff91a860278d56e4a812597c2bd4f3be72766b06ba1,83e4ff1a2d4ff278544e541c9d87929f23f9909783e5ddeb16f710a3a8706d04,bee8833e9ae1cd54263e6af4ea7d761f05cd3570d7488e690838c25ec872e03a
DC-C,SRVCHP_SRORC,Acetone,R236ea,202,S4_DCC_SRVCHP-SRORC_Acetone_R236ea_seed202_20260720T095135Z,${CBSIM_RUNS_ROOT}/S4_FORMAL/BATCH_S4_20260720T095135Z/runs/S4_DCC_SRVCHP-SRORC_Acetone_R236ea_seed202_20260720T095135Z,${CBSIM_RUNS_ROOT}/S4_FORMAL/BATCH_S4_20260720T095135Z/runs/S4_DCC_SRVCHP-SRORC_Acetone_R236ea_seed202_20260720T095135Z/metadata/manifest.json,base,S4_DCC_SRVCHP-SRORC_Acetone_R236ea_seed202_20260720T095135Z,,S2_DCC_SRVCHP-SRORC_Acetone_R236ea_seed042_20260717T060425Z,1,extreme_eta_p2p,True,36b2c8588490339ef136ec141f9a21089b52daf7,2452bed17143498748ed5fe2e446308e3f8f1c3e669d60cb35bb75c90938d88d,150,True,0.19024227293026164,13747,11481,2266,2578,2562,5156,8,275b3816a4209d4412281e8f4e06fd78f8b101f0f5e372bbad13dfc77f766621,4c8bf31098ce22bc98a13fabd510ef50e014ee37d1e7439aa5b1fc1a29edc53c,fdae09a3fe43bc2ed35347e9a2cf97bc8121137844921cee5bf7ef65116114c1
DC-C,SRVCHP_SRORC,Cyclopentane,R236ea,17,S4_DCC_SRVCHP-SRORC_Cyclopentane_R236ea_seed017_20260720T095135Z,${CBSIM_RUNS_ROOT}/S4_FORMAL/BATCH_S4_20260720T095135Z/runs/S4_DCC_SRVCHP-SRORC_Cyclopentane_R236ea_seed017_20260720T095135Z,${CBSIM_RUNS_ROOT}/S4_FORMAL/BATCH_S4_20260720T095135Z/runs/S4_DCC_SRVCHP-SRORC_Cyclopentane_R236ea_seed017_20260720T095135Z/metadata/manifest.json,base,S4_DCC_SRVCHP-SRORC_Cyclopentane_R236ea_seed017_20260720T095135Z,,S2_DCC_SRVCHP-SRORC_Cyclopentane_R236ea_seed042_20260717T060425Z,4,greedy_incremental_hypervolume,False,36b2c8588490339ef136ec141f9a21089b52daf7,2452bed17143498748ed5fe2e446308e3f8f1c3e669d60cb35bb75c90938d88d,150,True,0.19112491563041498,13746,12383,1363,2909,2909,5818,0,1e85269baa4986a5588d9a6613edbe49db9ef2af7ff93a1dd0b0ea584a126021,28762d19eb35fa44337dbbf606a11ce8f268c30cc0502dc7ba4cc46ee49b98f6,b1818a6c8b8b9304b18217e52dc544ce3ca36a674ebecbed1554dd0c29ad4efa
DC-C,SRVCHP_SRORC,Cyclopentane,R236ea,42,S4_DCC_SRVCHP-SRORC_Cyclopentane_R236ea_seed042_20260720T095135Z,${CBSIM_RUNS_ROOT}/S4_FORMAL/BATCH_S4_20260720T095135Z/runs/S4_DCC_SRVCHP-SRORC_Cyclopentane_R236ea_seed042_20260720T095135Z,${CBSIM_RUNS_ROOT}/S4_FORMAL/BATCH_S4_20260720T095135Z/runs/S4_DCC_SRVCHP-SRORC_Cyclopentane_R236ea_seed042_20260720T095135Z/metadata/manifest.json,base,S4_DCC_SRVCHP-SRORC_Cyclopentane_R236ea_seed042_20260720T095135Z,,S2_DCC_SRVCHP-SRORC_Cyclopentane_R236ea_seed042_20260717T060425Z,4,greedy_incremental_hypervolume,False,36b2c8588490339ef136ec141f9a21089b52daf7,2452bed17143498748ed5fe2e446308e3f8f1c3e669d60cb35bb75c90938d88d,150,True,0.1911350807662377,13838,12958,880,2876,2876,5752,0,6b1ae5dd4e23b8dc1c1b7f002cc994d00f5be684ca510ecf5306cbcf59f76eea,33c29b1400290411ac1c50fcaac0e896613975d6124391b765a62a054acd09be,3c017280d8b1cd00f5c1b5ac7d5adbbeb3322696028d8c8f843d0a6c7fbc17f0
DC-C,SRVCHP_SRORC,Cyclopentane,R236ea,73,S4_DCC_SRVCHP-SRORC_Cyclopentane_R236ea_seed073_20260720T095135Z,${CBSIM_RUNS_ROOT}/S4_FORMAL/BATCH_S4_20260720T095135Z/runs/S4_DCC_SRVCHP-SRORC_Cyclopentane_R236ea_seed073_20260720T095135Z,${CBSIM_RUNS_ROOT}/S4_FORMAL/BATCH_S4_20260720T095135Z/runs/S4_DCC_SRVCHP-SRORC_Cyclopentane_R236ea_seed073_20260720T095135Z/metadata/manifest.json,base,S4_DCC_SRVCHP-SRORC_Cyclopentane_R236ea_seed073_20260720T095135Z,,S2_DCC_SRVCHP-SRORC_Cyclopentane_R236ea_seed042_20260717T060425Z,4,greedy_incremental_hypervolume,False,36b2c8588490339ef136ec141f9a21089b52daf7,2452bed17143498748ed5fe2e446308e3f8f1c3e669d60cb35bb75c90938d88d,150,True,0.19097106942318437,13702,12723,979,2431,2431,4862,0,ba010a27f9a8e79c983136c0f550ae4a258998e8f142c1637d895a960f6864f1,2f4aa5e5d4812ffb767338958f1ddb0a9d825893bee7f07ee4885f0c9969466a,fcf3b5b0f039bbecf4934d0829557b124fb6cf301d1ed47acf75849249683fce
DC-C,SRVCHP_SRORC,Cyclopentane,R236ea,101,S4_DCC_SRVCHP-SRORC_Cyclopentane_R236ea_seed101_20260720T095135Z,${CBSIM_RUNS_ROOT}/S4_FORMAL/BATCH_S4_20260720T095135Z/runs/S4_DCC_SRVCHP-SRORC_Cyclopentane_R236ea_seed101_20260720T095135Z,${CBSIM_RUNS_ROOT}/S4_FORMAL/BATCH_S4_20260720T095135Z/runs/S4_DCC_SRVCHP-SRORC_Cyclopentane_R236ea_seed101_20260720T095135Z/metadata/manifest.json,base,S4_DCC_SRVCHP-SRORC_Cyclopentane_R236ea_seed101_20260720T095135Z,,S2_DCC_SRVCHP-SRORC_Cyclopentane_R236ea_seed042_20260717T060425Z,4,greedy_incremental_hypervolume,False,36b2c8588490339ef136ec141f9a21089b52daf7,2452bed17143498748ed5fe2e446308e3f8f1c3e669d60cb35bb75c90938d88d,150,True,0.19121523153539904,13761,12783,978,2872,2872,5744,0,8c91b2f657c2bb24be0e90ffcf81323271427b3c1724322ead95afde30c3abe1,42d13a7b5199707fff982bdb174a81438336fdb0ffa1c0464dc4ddd365bdac67,75d1d19a2d82be0d6334193031ab24a26bee014b587fea944fff7e147d732b44
DC-C,SRVCHP_SRORC,Cyclopentane,R236ea,202,S4_DCC_SRVCHP-SRORC_Cyclopentane_R236ea_seed202_20260720T095135Z,${CBSIM_RUNS_ROOT}/S4_FORMAL/BATCH_S4_20260720T095135Z/runs/S4_DCC_SRVCHP-SRORC_Cyclopentane_R236ea_seed202_20260720T095135Z,${CBSIM_RUNS_ROOT}/S4_FORMAL/BATCH_S4_20260720T095135Z/runs/S4_DCC_SRVCHP-SRORC_Cyclopentane_R236ea_seed202_20260720T095135Z/metadata/manifest.json,base,S4_DCC_SRVCHP-SRORC_Cyclopentane_R236ea_seed202_20260720T095135Z,,S2_DCC_SRVCHP-SRORC_Cyclopentane_R236ea_seed042_20260717T060425Z,4,greedy_incremental_hypervolume,False,36b2c8588490339ef136ec141f9a21089b52daf7,2452bed17143498748ed5fe2e446308e3f8f1c3e669d60cb35bb75c90938d88d,150,True,0.19143022708482946,13761,12762,999,2704,2704,5408,0,b30255e9a46e15039d80586006fe1c92a1fb5bb36a75374dfc9cce9463c72dc8,d33b304ae8f3dfe8df584ac0ce4fc01793cb5256d2443320ad56590df1f82600,f48e9cfba0c52f8c43cb1756bb72b57a4b6fd9e6fd0e9b413f55e0aef5f0bf1e
DC-C,SRVCHP_SRORC,Cyclopentane,R600,17,S4_DCC_SRVCHP-SRORC_Cyclopentane_R600_seed017_20260720T095135Z,${CBSIM_RUNS_ROOT}/S4_FORMAL/BATCH_S4_20260720T095135Z/runs/S4_DCC_SRVCHP-SRORC_Cyclopentane_R600_seed017_20260720T095135Z,${CBSIM_RUNS_ROOT}/S4_FORMAL/BATCH_S4_20260720T095135Z/runs/S4_DCC_SRVCHP-SRORC_Cyclopentane_R600_seed017_20260720T095135Z/metadata/manifest.json,base,S4_DCC_SRVCHP-SRORC_Cyclopentane_R600_seed017_20260720T095135Z,,S2_DCC_SRVCHP-SRORC_Cyclopentane_R600_seed042_20260717T060425Z,2,extreme_exergy_efficiency,True,36b2c8588490339ef136ec141f9a21089b52daf7,2452bed17143498748ed5fe2e446308e3f8f1c3e669d60cb35bb75c90938d88d,150,True,0.19066724948735014,13699,12439,1260,2955,2955,5910,0,b001c9c1df28ee8f83cc9e3c84badca2b2b9306cb8dd16cbeb3ea19e4518d304,652939282576bd9d068d26ae7cab31c391c54ae0e11e28342a5d8003a1a01508,53391fa96fad2f92de2ca0ff72d4623a314b8bdc671e60fa483e213a73f22f98
DC-C,SRVCHP_SRORC,Cyclopentane,R600,42,S4_DCC_SRVCHP-SRORC_Cyclopentane_R600_seed042_20260721T031641Z,${CBSIM_RUNS_ROOT}/S4_EXTENSION/BATCH_S4_20260721T031641Z/runs/S4_DCC_SRVCHP-SRORC_Cyclopentane_R600_seed042_20260721T031641Z,${CBSIM_RUNS_ROOT}/S4_EXTENSION/BATCH_S4_20260721T031641Z/runs/S4_DCC_SRVCHP-SRORC_Cyclopentane_R600_seed042_20260721T031641Z/metadata/manifest.json,extension,S4_DCC_SRVCHP-SRORC_Cyclopentane_R600_seed042_20260720T095135Z,S4_DCC_SRVCHP-SRORC_Cyclopentane_R600_seed042_20260720T095135Z,S2_DCC_SRVCHP-SRORC_Cyclopentane_R600_seed042_20260717T060425Z,2,extreme_exergy_efficiency,True,d8afee5d5a587723cf3e45f1975c4b4b4a181c25,2452bed17143498748ed5fe2e446308e3f8f1c3e669d60cb35bb75c90938d88d,163,True,0.189950991119052,14904,13978,926,3040,3040,11760,0,4803e72153ce3d530fd998d6fed78bf8385750819dd602c1f4f3bd16a9df590c,f7ca8d073bcfd733b238126142977dfc70d3c5150ea8f76e27d0ea5617be1007,d24a570a8106c382750f5cde821889c2b6b3084b5dcb97ae8356efcfa5d51497
DC-C,SRVCHP_SRORC,Cyclopentane,R600,73,S4_DCC_SRVCHP-SRORC_Cyclopentane_R600_seed073_20260720T095135Z,${CBSIM_RUNS_ROOT}/S4_FORMAL/BATCH_S4_20260720T095135Z/runs/S4_DCC_SRVCHP-SRORC_Cyclopentane_R600_seed073_20260720T095135Z,${CBSIM_RUNS_ROOT}/S4_FORMAL/BATCH_S4_20260720T095135Z/runs/S4_DCC_SRVCHP-SRORC_Cyclopentane_R600_seed073_20260720T095135Z/metadata/manifest.json,base,S4_DCC_SRVCHP-SRORC_Cyclopentane_R600_seed073_20260720T095135Z,,S2_DCC_SRVCHP-SRORC_Cyclopentane_R600_seed042_20260717T060425Z,2,extreme_exergy_efficiency,True,36b2c8588490339ef136ec141f9a21089b52daf7,2452bed17143498748ed5fe2e446308e3f8f1c3e669d60cb35bb75c90938d88d,150,True,0.18950342291455585,13735,12521,1214,2841,2841,5682,0,ae81285838aca9b3c42aabc5e11a5b16396b5b13e60b22cb56434aaf3dbf6e6d,e6dc57c53c7b9d0cc4b18048e6a8e15c2c70cdac4e8671ebbc3440122f5f9c93,8c5ba616f66f39b666227023029676fb782cdd49cb5e695b8c3ef72ef5b01224
DC-C,SRVCHP_SRORC,Cyclopentane,R600,101,S4_DCC_SRVCHP-SRORC_Cyclopentane_R600_seed101_20260720T095135Z,${CBSIM_RUNS_ROOT}/S4_FORMAL/BATCH_S4_20260720T095135Z/runs/S4_DCC_SRVCHP-SRORC_Cyclopentane_R600_seed101_20260720T095135Z,${CBSIM_RUNS_ROOT}/S4_FORMAL/BATCH_S4_20260720T095135Z/runs/S4_DCC_SRVCHP-SRORC_Cyclopentane_R600_seed101_20260720T095135Z/metadata/manifest.json,base,S4_DCC_SRVCHP-SRORC_Cyclopentane_R600_seed101_20260720T095135Z,,S2_DCC_SRVCHP-SRORC_Cyclopentane_R600_seed042_20260717T060425Z,2,extreme_exergy_efficiency,True,36b2c8588490339ef136ec141f9a21089b52daf7,2452bed17143498748ed5fe2e446308e3f8f1c3e669d60cb35bb75c90938d88d,150,True,0.1917639172959886,13726,12537,1189,2755,2755,5510,0,604912270a4f9df9bebf3c694416bb2134d6d39d9e9df1c0e067ae9486e70873,4637253d8ab514735b32919f8b3afecbcf65423aabb9dd3568a3010109a916e9,336ec7bcbdd48c84bd9ddf0ebe927e44887971a0b0535b7be547f5dee13176d5
DC-C,SRVCHP_SRORC,Cyclopentane,R600,202,S4_DCC_SRVCHP-SRORC_Cyclopentane_R600_seed202_20260720T095135Z,${CBSIM_RUNS_ROOT}/S4_FORMAL/BATCH_S4_20260720T095135Z/runs/S4_DCC_SRVCHP-SRORC_Cyclopentane_R600_seed202_20260720T095135Z,${CBSIM_RUNS_ROOT}/S4_FORMAL/BATCH_S4_20260720T095135Z/runs/S4_DCC_SRVCHP-SRORC_Cyclopentane_R600_seed202_20260720T095135Z/metadata/manifest.json,base,S4_DCC_SRVCHP-SRORC_Cyclopentane_R600_seed202_20260720T095135Z,,S2_DCC_SRVCHP-SRORC_Cyclopentane_R600_seed042_20260717T060425Z,2,extreme_exergy_efficiency,True,36b2c8588490339ef136ec141f9a21089b52daf7,2452bed17143498748ed5fe2e446308e3f8f1c3e669d60cb35bb75c90938d88d,150,True,0.1900996978148363,13848,12202,1646,2208,2208,4416,0,c1a718091586158b70f3febd17b08ba53b0a2e0c9d4939526ff7e062e367a3a2,6e9dc80f50ca5347995822b2ae41372f3865d27b4097b6c40e08d6633fdca24d,665518f8d5defc828a4e6a5d6c3315c5b3d5bf42401658d0862ad920c499a7db
DC-C,SRVCHP_SRORC,R1233zd(E),R227EA,17,S4_DCC_SRVCHP-SRORC_R1233zdE_R227EA_seed017_20260721T031641Z,${CBSIM_RUNS_ROOT}/S4_EXTENSION/BATCH_S4_20260721T031641Z/runs/S4_DCC_SRVCHP-SRORC_R1233zdE_R227EA_seed017_20260721T031641Z,${CBSIM_RUNS_ROOT}/S4_EXTENSION/BATCH_S4_20260721T031641Z/runs/S4_DCC_SRVCHP-SRORC_R1233zdE_R227EA_seed017_20260721T031641Z/metadata/manifest.json,extension,S4_DCC_SRVCHP-SRORC_R1233zdE_R227EA_seed017_20260720T095135Z,S4_DCC_SRVCHP-SRORC_R1233zdE_R227EA_seed017_20260720T095135Z,S2_DCC_SRVCHP-SRORC_R1233zdE_R227EA_seed042_20260717T060425Z,5,greedy_incremental_hypervolume,False,d8afee5d5a587723cf3e45f1975c4b4b4a181c25,2452bed17143498748ed5fe2e446308e3f8f1c3e669d60cb35bb75c90938d88d,152,True,0.16643361642330162,13893,10346,3547,1619,1602,6430,15,333ef4be8c461e8442032bd25e6107b28fa1b02701ed54584d589a9a35c70166,3ecc98f2a82886e7433a59f82df8d1fa3ba048072a9d141c4d9d5b4226fece73,8d9ad4d861d00f7ea829f41e10352905698343920a3fdc69506d0a88abcf6274
DC-C,SRVCHP_SRORC,R1233zd(E),R227EA,42,S4_DCC_SRVCHP-SRORC_R1233zdE_R227EA_seed042_20260720T095135Z,${CBSIM_RUNS_ROOT}/S4_FORMAL/BATCH_S4_20260720T095135Z/runs/S4_DCC_SRVCHP-SRORC_R1233zdE_R227EA_seed042_20260720T095135Z,${CBSIM_RUNS_ROOT}/S4_FORMAL/BATCH_S4_20260720T095135Z/runs/S4_DCC_SRVCHP-SRORC_R1233zdE_R227EA_seed042_20260720T095135Z/metadata/manifest.json,base,S4_DCC_SRVCHP-SRORC_R1233zdE_R227EA_seed042_20260720T095135Z,,S2_DCC_SRVCHP-SRORC_R1233zdE_R227EA_seed042_20260717T060425Z,5,greedy_incremental_hypervolume,False,36b2c8588490339ef136ec141f9a21089b52daf7,2452bed17143498748ed5fe2e446308e3f8f1c3e669d60cb35bb75c90938d88d,150,True,0.1673251666984363,13788,10661,3127,1795,1777,3590,18,94dd9c175ebbe1913a9d49086aa6d3ebe39f1e9d1a8867259a9d09d0596e372f,bb834b42db72538c4d5a00962d22c1d65409176143489e011635b9df1a60a413,12d12e69c34f0450c61d3dec5d2ab4c19f0788a3c598578c78693224033e227f
DC-C,SRVCHP_SRORC,R1233zd(E),R227EA,73,S4_DCC_SRVCHP-SRORC_R1233zdE_R227EA_seed073_20260720T095135Z,${CBSIM_RUNS_ROOT}/S4_FORMAL/BATCH_S4_20260720T095135Z/runs/S4_DCC_SRVCHP-SRORC_R1233zdE_R227EA_seed073_20260720T095135Z,${CBSIM_RUNS_ROOT}/S4_FORMAL/BATCH_S4_20260720T095135Z/runs/S4_DCC_SRVCHP-SRORC_R1233zdE_R227EA_seed073_20260720T095135Z/metadata/manifest.json,base,S4_DCC_SRVCHP-SRORC_R1233zdE_R227EA_seed073_20260720T095135Z,,S2_DCC_SRVCHP-SRORC_R1233zdE_R227EA_seed042_20260717T060425Z,5,greedy_incremental_hypervolume,False,36b2c8588490339ef136ec141f9a21089b52daf7,2452bed17143498748ed5fe2e446308e3f8f1c3e669d60cb35bb75c90938d88d,150,True,0.16572835080443862,13677,10369,3308,1885,1868,3770,16,062845160fc40f62d8fb7a3c16f5235bb840bf40b3c2dde7e4ed93646d96fe45,0fda6db864cc95ffb5fd63b941b51e879ee28d65cd9b94cae1cd2ed3d9bd0d36,412b1ac756f5332c052995661ff561b451da8b9d5c5aa4c54c8cdc8aef48e72f
DC-C,SRVCHP_SRORC,R1233zd(E),R227EA,101,S4_DCC_SRVCHP-SRORC_R1233zdE_R227EA_seed101_20260720T095135Z,${CBSIM_RUNS_ROOT}/S4_FORMAL/BATCH_S4_20260720T095135Z/runs/S4_DCC_SRVCHP-SRORC_R1233zdE_R227EA_seed101_20260720T095135Z,${CBSIM_RUNS_ROOT}/S4_FORMAL/BATCH_S4_20260720T095135Z/runs/S4_DCC_SRVCHP-SRORC_R1233zdE_R227EA_seed101_20260720T095135Z/metadata/manifest.json,base,S4_DCC_SRVCHP-SRORC_R1233zdE_R227EA_seed101_20260720T095135Z,,S2_DCC_SRVCHP-SRORC_R1233zdE_R227EA_seed042_20260717T060425Z,5,greedy_incremental_hypervolume,False,36b2c8588490339ef136ec141f9a21089b52daf7,2452bed17143498748ed5fe2e446308e3f8f1c3e669d60cb35bb75c90938d88d,150,True,0.16646841905917728,13737,10210,3527,1790,1775,3580,15,60e11602e3f2a7da647a723984705d3380c54fc04d06023d41cf60e3e686a690,effbd62098bb9f08b3e114ff64ba2bbf4b1da8720747f94d2757c97a2850bd0b,d5f3e66d84d533536a0cd7c32d85941dfb3e59be31cbff111194165327598bd6
DC-C,SRVCHP_SRORC,R1233zd(E),R227EA,202,S4_DCC_SRVCHP-SRORC_R1233zdE_R227EA_seed202_20260721T031641Z,${CBSIM_RUNS_ROOT}/S4_EXTENSION/BATCH_S4_20260721T031641Z/runs/S4_DCC_SRVCHP-SRORC_R1233zdE_R227EA_seed202_20260721T031641Z,${CBSIM_RUNS_ROOT}/S4_EXTENSION/BATCH_S4_20260721T031641Z/runs/S4_DCC_SRVCHP-SRORC_R1233zdE_R227EA_seed202_20260721T031641Z/metadata/manifest.json,extension,S4_DCC_SRVCHP-SRORC_R1233zdE_R227EA_seed202_20260720T095135Z,S4_DCC_SRVCHP-SRORC_R1233zdE_R227EA_seed202_20260720T095135Z,S2_DCC_SRVCHP-SRORC_R1233zdE_R227EA_seed042_20260717T060425Z,5,greedy_incremental_hypervolume,False,d8afee5d5a587723cf3e45f1975c4b4b4a181c25,2452bed17143498748ed5fe2e446308e3f8f1c3e669d60cb35bb75c90938d88d,159,True,0.16681393825695584,14616,11040,3576,1961,1951,7708,10,863bd86ba25756b708b010ad309992349f7497bdddabdb2169d4fd894695464d,ac8745828533eb51582c49b3f697f2c6858d97f53938567747ab7dfe16018512,b4b137f517c779044b69046b39ec69320c76af59d2ef488704028dbdad5edba2
DC-C,SRVCHP_SRORC,R600,R236ea,17,S4_DCC_SRVCHP-SRORC_R600_R236ea_seed017_20260720T095135Z,${CBSIM_RUNS_ROOT}/S4_FORMAL/BATCH_S4_20260720T095135Z/runs/S4_DCC_SRVCHP-SRORC_R600_R236ea_seed017_20260720T095135Z,${CBSIM_RUNS_ROOT}/S4_FORMAL/BATCH_S4_20260720T095135Z/runs/S4_DCC_SRVCHP-SRORC_R600_R236ea_seed017_20260720T095135Z/metadata/manifest.json,base,S4_DCC_SRVCHP-SRORC_R600_R236ea_seed017_20260720T095135Z,,S2_DCC_SRVCHP-SRORC_R600_R236ea_seed042_20260717T060425Z,3,extreme_energy_density_thermal,True,36b2c8588490339ef136ec141f9a21089b52daf7,2452bed17143498748ed5fe2e446308e3f8f1c3e669d60cb35bb75c90938d88d,150,True,0.1819938528014245,13718,12321,1397,2406,2405,4812,1,ad229f946a1ab9ac4368f56e028b7082b0b6174db3f4b571b10ea8229a8af6f2,c4b06473246cde8dfd7bcb3179f88e39cc710ff0d9f459db7aebf72dcb58be5a,850ce536b7eebc0212c90b1a5ffba6fae740ee7b31bdd1fb517da40f6f69868c
DC-C,SRVCHP_SRORC,R600,R236ea,42,S4_DCC_SRVCHP-SRORC_R600_R236ea_seed042_20260721T031641Z,${CBSIM_RUNS_ROOT}/S4_EXTENSION/BATCH_S4_20260721T031641Z/runs/S4_DCC_SRVCHP-SRORC_R600_R236ea_seed042_20260721T031641Z,${CBSIM_RUNS_ROOT}/S4_EXTENSION/BATCH_S4_20260721T031641Z/runs/S4_DCC_SRVCHP-SRORC_R600_R236ea_seed042_20260721T031641Z/metadata/manifest.json,extension,S4_DCC_SRVCHP-SRORC_R600_R236ea_seed042_20260720T095135Z,S4_DCC_SRVCHP-SRORC_R600_R236ea_seed042_20260720T095135Z,S2_DCC_SRVCHP-SRORC_R600_R236ea_seed042_20260717T060425Z,3,extreme_energy_density_thermal,True,d8afee5d5a587723cf3e45f1975c4b4b4a181c25,2452bed17143498748ed5fe2e446308e3f8f1c3e669d60cb35bb75c90938d88d,166,True,0.18211026733282365,15218,14168,1050,2599,2599,9950,0,7f63b7d03f98c7384f8adb88aea044d82b11ed01d67e1736352d51fa0b30744f,3556a64b7e513e7d6c84bf5536b417a9a914b4564dc193b445baa7f8c5ee8bf8,11a0b4ff17bf4e7996d671d16f573e2fc91a27724cc2a6cf47c15a30eae8f74e
DC-C,SRVCHP_SRORC,R600,R236ea,73,S4_DCC_SRVCHP-SRORC_R600_R236ea_seed073_20260720T095135Z,${CBSIM_RUNS_ROOT}/S4_FORMAL/BATCH_S4_20260720T095135Z/runs/S4_DCC_SRVCHP-SRORC_R600_R236ea_seed073_20260720T095135Z,${CBSIM_RUNS_ROOT}/S4_FORMAL/BATCH_S4_20260720T095135Z/runs/S4_DCC_SRVCHP-SRORC_R600_R236ea_seed073_20260720T095135Z/metadata/manifest.json,base,S4_DCC_SRVCHP-SRORC_R600_R236ea_seed073_20260720T095135Z,,S2_DCC_SRVCHP-SRORC_R600_R236ea_seed042_20260717T060425Z,3,extreme_energy_density_thermal,True,36b2c8588490339ef136ec141f9a21089b52daf7,2452bed17143498748ed5fe2e446308e3f8f1c3e669d60cb35bb75c90938d88d,150,True,0.18035877462452507,13681,12600,1081,2627,2627,5254,0,a92d4f5dbb8080ab88f8d72c6a6b4dfe4ac1b11b6c8f13bb51d57d7dd81b278e,83df0d1e9744977d9585a39e0024c66ec5c360fd7a99830e14ebfeff34b6c2c5,112f7c5eade5bafb195137addc14d90f1f529359d7633e6a84f37287ed0d2f34
DC-C,SRVCHP_SRORC,R600,R236ea,101,S4_DCC_SRVCHP-SRORC_R600_R236ea_seed101_20260720T095135Z,${CBSIM_RUNS_ROOT}/S4_FORMAL/BATCH_S4_20260720T095135Z/runs/S4_DCC_SRVCHP-SRORC_R600_R236ea_seed101_20260720T095135Z,${CBSIM_RUNS_ROOT}/S4_FORMAL/BATCH_S4_20260720T095135Z/runs/S4_DCC_SRVCHP-SRORC_R600_R236ea_seed101_20260720T095135Z/metadata/manifest.json,base,S4_DCC_SRVCHP-SRORC_R600_R236ea_seed101_20260720T095135Z,,S2_DCC_SRVCHP-SRORC_R600_R236ea_seed042_20260717T060425Z,3,extreme_energy_density_thermal,True,36b2c8588490339ef136ec141f9a21089b52daf7,2452bed17143498748ed5fe2e446308e3f8f1c3e669d60cb35bb75c90938d88d,150,True,0.18204010642136928,13728,12571,1157,2571,2571,5142,0,76296c8e2e1b0f804dc8945a6e73c50fa6067258b1ca43a053e9d37a35de40f0,4dfc5dee74e5902935e32781dd2de0f812bbfc29a06ab6b0df32602cc9163c95,c0b84a50dc430605b2f1890c16491fbd5005e5827f760be068c6c65470fc0a24
DC-C,SRVCHP_SRORC,R600,R236ea,202,S4_DCC_SRVCHP-SRORC_R600_R236ea_seed202_20260720T095135Z,${CBSIM_RUNS_ROOT}/S4_FORMAL/BATCH_S4_20260720T095135Z/runs/S4_DCC_SRVCHP-SRORC_R600_R236ea_seed202_20260720T095135Z,${CBSIM_RUNS_ROOT}/S4_FORMAL/BATCH_S4_20260720T095135Z/runs/S4_DCC_SRVCHP-SRORC_R600_R236ea_seed202_20260720T095135Z/metadata/manifest.json,base,S4_DCC_SRVCHP-SRORC_R600_R236ea_seed202_20260720T095135Z,,S2_DCC_SRVCHP-SRORC_R600_R236ea_seed042_20260717T060425Z,3,extreme_energy_density_thermal,True,36b2c8588490339ef136ec141f9a21089b52daf7,2452bed17143498748ed5fe2e446308e3f8f1c3e669d60cb35bb75c90938d88d,150,True,0.18223570720970142,13720,12237,1483,2387,2387,4774,0,2bf3cd7f5b6a6a87ed07183e276ccfe8aa881dd67a70bacf493db529bba66b69,5e71489d172bfd0564d894fb32967b4c00393a7be12d5a119ff4e18419650303,fd28390eff4342be75ed484fd08c17709914001ab23b0198f2dcc364c93ffa12
DC-D,SBVCHP_SBORC,Acetone,R236ea,17,S4_DCD_SBVCHP-SBORC_Acetone_R236ea_seed017_20260720T095135Z,${CBSIM_RUNS_ROOT}/S4_FORMAL/BATCH_S4_20260720T095135Z/runs/S4_DCD_SBVCHP-SBORC_Acetone_R236ea_seed017_20260720T095135Z,${CBSIM_RUNS_ROOT}/S4_FORMAL/BATCH_S4_20260720T095135Z/runs/S4_DCD_SBVCHP-SBORC_Acetone_R236ea_seed017_20260720T095135Z/metadata/manifest.json,base,S4_DCD_SBVCHP-SBORC_Acetone_R236ea_seed017_20260720T095135Z,,S2_DCD_SBVCHP-SBORC_Acetone_R236ea_seed042_20260717T060425Z,5,greedy_incremental_hypervolume,False,36b2c8588490339ef136ec141f9a21089b52daf7,2452bed17143498748ed5fe2e446308e3f8f1c3e669d60cb35bb75c90938d88d,150,True,0.10978348583161204,13776,13421,355,2543,2538,5086,0,671de15b72ea48de746650d12dd5a64de8b6a52b6b853156e558c5ecc2307a78,04fabe05deaf9072b676f7bcf50af4cac2fb2b295c8f4062a69b1d5889e758dd,11b60a265fbf1cefb9e6cec38488cc4084327b5eebcc62cf344a4550eb207f5f
DC-D,SBVCHP_SBORC,Acetone,R236ea,42,S4_DCD_SBVCHP-SBORC_Acetone_R236ea_seed042_20260721T031641Z,${CBSIM_RUNS_ROOT}/S4_EXTENSION/BATCH_S4_20260721T031641Z/runs/S4_DCD_SBVCHP-SBORC_Acetone_R236ea_seed042_20260721T031641Z,${CBSIM_RUNS_ROOT}/S4_EXTENSION/BATCH_S4_20260721T031641Z/runs/S4_DCD_SBVCHP-SBORC_Acetone_R236ea_seed042_20260721T031641Z/metadata/manifest.json,extension,S4_DCD_SBVCHP-SBORC_Acetone_R236ea_seed042_20260720T095135Z,S4_DCD_SBVCHP-SBORC_Acetone_R236ea_seed042_20260720T095135Z,S2_DCD_SBVCHP-SBORC_Acetone_R236ea_seed042_20260717T060425Z,5,greedy_incremental_hypervolume,False,d8afee5d5a587723cf3e45f1975c4b4b4a181c25,2452bed17143498748ed5fe2e446308e3f8f1c3e669d60cb35bb75c90938d88d,152,True,0.10965205789282621,13904,13240,664,1949,1947,7738,2,e5bc5b5e2bd9517b364e7f68a020d05236a2172cdfd831e6f305bc3a673a0be1,82d2f35c66b99e532639c6e2acb745ddb281f330d992ecc800ab6eb577a12c9d,65a349795a4c3ef75cc075accb575c41b7053e81feed09fd5a2f446260eb33ec
DC-D,SBVCHP_SBORC,Acetone,R236ea,73,S4_DCD_SBVCHP-SBORC_Acetone_R236ea_seed073_20260720T095135Z,${CBSIM_RUNS_ROOT}/S4_FORMAL/BATCH_S4_20260720T095135Z/runs/S4_DCD_SBVCHP-SBORC_Acetone_R236ea_seed073_20260720T095135Z,${CBSIM_RUNS_ROOT}/S4_FORMAL/BATCH_S4_20260720T095135Z/runs/S4_DCD_SBVCHP-SBORC_Acetone_R236ea_seed073_20260720T095135Z/metadata/manifest.json,base,S4_DCD_SBVCHP-SBORC_Acetone_R236ea_seed073_20260720T095135Z,,S2_DCD_SBVCHP-SBORC_Acetone_R236ea_seed042_20260717T060425Z,5,greedy_incremental_hypervolume,False,36b2c8588490339ef136ec141f9a21089b52daf7,2452bed17143498748ed5fe2e446308e3f8f1c3e669d60cb35bb75c90938d88d,150,True,0.10961702545779052,13736,13233,503,2469,2461,4938,0,93c2e53fd21429c411d47ba45ba860cc7f16b1de40851a298136dbb81a03fc8e,f57d0018a0268b4b03addda2da283415b23119af6bffa36ed2c05c11dbb2c020,ba6cbcca26cc78f9b46317c5d68c462ec576b456cf52ab5758af8584005a9f38
DC-D,SBVCHP_SBORC,Acetone,R236ea,101,S4_DCD_SBVCHP-SBORC_Acetone_R236ea_seed101_20260720T095135Z,${CBSIM_RUNS_ROOT}/S4_FORMAL/BATCH_S4_20260720T095135Z/runs/S4_DCD_SBVCHP-SBORC_Acetone_R236ea_seed101_20260720T095135Z,${CBSIM_RUNS_ROOT}/S4_FORMAL/BATCH_S4_20260720T095135Z/runs/S4_DCD_SBVCHP-SBORC_Acetone_R236ea_seed101_20260720T095135Z/metadata/manifest.json,base,S4_DCD_SBVCHP-SBORC_Acetone_R236ea_seed101_20260720T095135Z,,S2_DCD_SBVCHP-SBORC_Acetone_R236ea_seed042_20260717T060425Z,5,greedy_incremental_hypervolume,False,36b2c8588490339ef136ec141f9a21089b52daf7,2452bed17143498748ed5fe2e446308e3f8f1c3e669d60cb35bb75c90938d88d,150,True,0.10975991674553334,13685,13080,605,2579,2575,5158,2,532116f00f8d932ffeb4e346570c9a53523669c2dbb5ff5d482884811ffc6cc5,c254dc454d6da76955b92b5cc828bc850b4fd56e243257393228e74eb39e3802,c21e8573b9727fbc27891e5865ef6bd094fc3c2efb5a177d705daae07a3a37d8
DC-D,SBVCHP_SBORC,Acetone,R236ea,202,S4_DCD_SBVCHP-SBORC_Acetone_R236ea_seed202_20260720T095135Z,${CBSIM_RUNS_ROOT}/S4_FORMAL/BATCH_S4_20260720T095135Z/runs/S4_DCD_SBVCHP-SBORC_Acetone_R236ea_seed202_20260720T095135Z,${CBSIM_RUNS_ROOT}/S4_FORMAL/BATCH_S4_20260720T095135Z/runs/S4_DCD_SBVCHP-SBORC_Acetone_R236ea_seed202_20260720T095135Z/metadata/manifest.json,base,S4_DCD_SBVCHP-SBORC_Acetone_R236ea_seed202_20260720T095135Z,,S2_DCD_SBVCHP-SBORC_Acetone_R236ea_seed042_20260717T060425Z,5,greedy_incremental_hypervolume,False,36b2c8588490339ef136ec141f9a21089b52daf7,2452bed17143498748ed5fe2e446308e3f8f1c3e669d60cb35bb75c90938d88d,150,True,0.10989774198735926,13850,13333,517,2374,2369,4748,1,ffab31ad4e0ba5430c6c745ec393d4e64c34080b94b0e5e862b20ca4086010b3,5d6bdfde50aaf7d5b676692da4d9ecd6e7a10591a9f36530a073781b9980c6c8,759c0b4f44cf8a8f6a606a00de6fb0b43a6fa73c0692e7176fa0b688aa85c057
DC-D,SBVCHP_SBORC,Acetone,R236fa,17,S4_DCD_SBVCHP-SBORC_Acetone_R236fa_seed017_20260720T095135Z,${CBSIM_RUNS_ROOT}/S4_FORMAL/BATCH_S4_20260720T095135Z/runs/S4_DCD_SBVCHP-SBORC_Acetone_R236fa_seed017_20260720T095135Z,${CBSIM_RUNS_ROOT}/S4_FORMAL/BATCH_S4_20260720T095135Z/runs/S4_DCD_SBVCHP-SBORC_Acetone_R236fa_seed017_20260720T095135Z/metadata/manifest.json,base,S4_DCD_SBVCHP-SBORC_Acetone_R236fa_seed017_20260720T095135Z,,S2_DCD_SBVCHP-SBORC_Acetone_R236fa_seed042_20260717T060425Z,3,greedy_incremental_hypervolume,False,36b2c8588490339ef136ec141f9a21089b52daf7,2452bed17143498748ed5fe2e446308e3f8f1c3e669d60cb35bb75c90938d88d,150,True,0.10556843468362438,13736,13293,443,2517,2506,5034,2,87532e143145c874a39c118b3421b10bd961ee0a0b196d95020f02071b799f79,bfb2bebc531eff93ed5b286e7012220762dd0803283b6035c95c416f185a0832,9500156286a3c2d9962aa6a942478d9c7ec23f99544734679f62d7f37b048c7a
DC-D,SBVCHP_SBORC,Acetone,R236fa,42,S4_DCD_SBVCHP-SBORC_Acetone_R236fa_seed042_20260720T095135Z,${CBSIM_RUNS_ROOT}/S4_FORMAL/BATCH_S4_20260720T095135Z/runs/S4_DCD_SBVCHP-SBORC_Acetone_R236fa_seed042_20260720T095135Z,${CBSIM_RUNS_ROOT}/S4_FORMAL/BATCH_S4_20260720T095135Z/runs/S4_DCD_SBVCHP-SBORC_Acetone_R236fa_seed042_20260720T095135Z/metadata/manifest.json,base,S4_DCD_SBVCHP-SBORC_Acetone_R236fa_seed042_20260720T095135Z,,S2_DCD_SBVCHP-SBORC_Acetone_R236fa_seed042_20260717T060425Z,3,greedy_incremental_hypervolume,False,36b2c8588490339ef136ec141f9a21089b52daf7,2452bed17143498748ed5fe2e446308e3f8f1c3e669d60cb35bb75c90938d88d,150,True,0.1066951971710219,13829,13286,543,2368,2361,4736,2,8a1582c87dff86e2c4a06f6fe0c45c351f89c23018e2e852b0c6982939609507,dc94852b680e5f09118061aa70ac8717d77ffb373f1071a94bf2b5afc90127b3,e4e47c20c8db11666b83c8293c02ecd6c3ade4a0c4d92d464baf05d9fa6b7a93
DC-D,SBVCHP_SBORC,Acetone,R236fa,73,S4_DCD_SBVCHP-SBORC_Acetone_R236fa_seed073_20260721T031641Z,${CBSIM_RUNS_ROOT}/S4_EXTENSION/BATCH_S4_20260721T031641Z/runs/S4_DCD_SBVCHP-SBORC_Acetone_R236fa_seed073_20260721T031641Z,${CBSIM_RUNS_ROOT}/S4_EXTENSION/BATCH_S4_20260721T031641Z/runs/S4_DCD_SBVCHP-SBORC_Acetone_R236fa_seed073_20260721T031641Z/metadata/manifest.json,extension,S4_DCD_SBVCHP-SBORC_Acetone_R236fa_seed073_20260720T095135Z,S4_DCD_SBVCHP-SBORC_Acetone_R236fa_seed073_20260720T095135Z,S2_DCD_SBVCHP-SBORC_Acetone_R236fa_seed042_20260717T060425Z,3,greedy_incremental_hypervolume,False,d8afee5d5a587723cf3e45f1975c4b4b4a181c25,2452bed17143498748ed5fe2e446308e3f8f1c3e669d60cb35bb75c90938d88d,163,True,0.10615603233452382,14910,14370,540,2139,2138,8210,0,10e8cce50c0336cdb3b3e95f727ffb5803c38ab86950f3b00286252e2f289eb3,a68d38f1caf162c964e6d929cb38fedd4c73a4a0ec9ac04a74e071c4ff6fa3a5,df2e456d444a4b7bfbce12c8086f3c432964d79cf484e48046ce6c8cdd9f554a
DC-D,SBVCHP_SBORC,Acetone,R236fa,101,S4_DCD_SBVCHP-SBORC_Acetone_R236fa_seed101_20260720T095135Z,${CBSIM_RUNS_ROOT}/S4_FORMAL/BATCH_S4_20260720T095135Z/runs/S4_DCD_SBVCHP-SBORC_Acetone_R236fa_seed101_20260720T095135Z,${CBSIM_RUNS_ROOT}/S4_FORMAL/BATCH_S4_20260720T095135Z/runs/S4_DCD_SBVCHP-SBORC_Acetone_R236fa_seed101_20260720T095135Z/metadata/manifest.json,base,S4_DCD_SBVCHP-SBORC_Acetone_R236fa_seed101_20260720T095135Z,,S2_DCD_SBVCHP-SBORC_Acetone_R236fa_seed042_20260717T060425Z,3,greedy_incremental_hypervolume,False,36b2c8588490339ef136ec141f9a21089b52daf7,2452bed17143498748ed5fe2e446308e3f8f1c3e669d60cb35bb75c90938d88d,150,True,0.10612645568650006,13693,12869,824,1971,1964,3942,2,3166e0f1ad812b226b04d07b9033a3c66bf4f2637985c521cb7f62bfed3ae203,96b2d9292c3357d7a8cd95f26d067831f11bddea64b26bb51fbf19f05db319a9,e064549186890c8f60b8fc3457f58c023dd556d878e3538b28c3579c0d6e4378
DC-D,SBVCHP_SBORC,Acetone,R236fa,202,S4_DCD_SBVCHP-SBORC_Acetone_R236fa_seed202_20260720T095135Z,${CBSIM_RUNS_ROOT}/S4_FORMAL/BATCH_S4_20260720T095135Z/runs/S4_DCD_SBVCHP-SBORC_Acetone_R236fa_seed202_20260720T095135Z,${CBSIM_RUNS_ROOT}/S4_FORMAL/BATCH_S4_20260720T095135Z/runs/S4_DCD_SBVCHP-SBORC_Acetone_R236fa_seed202_20260720T095135Z/metadata/manifest.json,base,S4_DCD_SBVCHP-SBORC_Acetone_R236fa_seed202_20260720T095135Z,,S2_DCD_SBVCHP-SBORC_Acetone_R236fa_seed042_20260717T060425Z,3,greedy_incremental_hypervolume,False,36b2c8588490339ef136ec141f9a21089b52daf7,2452bed17143498748ed5fe2e446308e3f8f1c3e669d60cb35bb75c90938d88d,150,True,0.10728062419585047,13790,12904,886,2418,2411,4836,6,20deb05377399eef0af0b07ed9e7828e9c3a92eb474c9ce53c215d7ffd4293a0,7670e9b1544cdddc8cdd3d648f76adc2f1d7485b57445e1f53a40342781a880c,f7d34082b590843d0fe8cff9dfe484e032a80bcabfe8519632a8a1ec25f0deea
DC-D,SBVCHP_SBORC,Acetone,R245fa,17,S4_DCD_SBVCHP-SBORC_Acetone_R245fa_seed017_20260720T095135Z,${CBSIM_RUNS_ROOT}/S4_FORMAL/BATCH_S4_20260720T095135Z/runs/S4_DCD_SBVCHP-SBORC_Acetone_R245fa_seed017_20260720T095135Z,${CBSIM_RUNS_ROOT}/S4_FORMAL/BATCH_S4_20260720T095135Z/runs/S4_DCD_SBVCHP-SBORC_Acetone_R245fa_seed017_20260720T095135Z/metadata/manifest.json,base,S4_DCD_SBVCHP-SBORC_Acetone_R245fa_seed017_20260720T095135Z,,S2_DCD_SBVCHP-SBORC_Acetone_R245fa_seed042_20260717T060425Z,4,greedy_incremental_hypervolume,False,36b2c8588490339ef136ec141f9a21089b52daf7,2452bed17143498748ed5fe2e446308e3f8f1c3e669d60cb35bb75c90938d88d,150,True,0.11389450943894582,13741,13125,616,2316,2312,4632,3,27474b3daa8217ca6e802c0fda2565680f6ac05812af0d41da1fea653bda1346,61a8ed13aacd1f97ac2db36658b51ecf4e32e8c14fbe9eab6cd1355bbc869703,57d584c1880bfe7f6adb7b49d39bca5ff23d595720f00e63a7598d13e34bdcea
DC-D,SBVCHP_SBORC,Acetone,R245fa,42,S4_DCD_SBVCHP-SBORC_Acetone_R245fa_seed042_20260720T095135Z,${CBSIM_RUNS_ROOT}/S4_FORMAL/BATCH_S4_20260720T095135Z/runs/S4_DCD_SBVCHP-SBORC_Acetone_R245fa_seed042_20260720T095135Z,${CBSIM_RUNS_ROOT}/S4_FORMAL/BATCH_S4_20260720T095135Z/runs/S4_DCD_SBVCHP-SBORC_Acetone_R245fa_seed042_20260720T095135Z/metadata/manifest.json,base,S4_DCD_SBVCHP-SBORC_Acetone_R245fa_seed042_20260720T095135Z,,S2_DCD_SBVCHP-SBORC_Acetone_R245fa_seed042_20260717T060425Z,4,greedy_incremental_hypervolume,False,36b2c8588490339ef136ec141f9a21089b52daf7,2452bed17143498748ed5fe2e446308e3f8f1c3e669d60cb35bb75c90938d88d,150,True,0.113664937813395,13770,13267,503,2400,2393,4800,0,9ea61833374cf5a8c879f9a18b682fc5fb1fd06255e8b9875f7137e7ba95166a,6d5ee68455f9c36bdb11a13f901a3e653c2b4e52608c7a3c0da108fabca64f4e,4d44aa0d958547b9021cb45a4ed2fe644b4c2a3b3213fab50f15b3b393fa64a0
DC-D,SBVCHP_SBORC,Acetone,R245fa,73,S4_DCD_SBVCHP-SBORC_Acetone_R245fa_seed073_20260720T095135Z,${CBSIM_RUNS_ROOT}/S4_FORMAL/BATCH_S4_20260720T095135Z/runs/S4_DCD_SBVCHP-SBORC_Acetone_R245fa_seed073_20260720T095135Z,${CBSIM_RUNS_ROOT}/S4_FORMAL/BATCH_S4_20260720T095135Z/runs/S4_DCD_SBVCHP-SBORC_Acetone_R245fa_seed073_20260720T095135Z/metadata/manifest.json,base,S4_DCD_SBVCHP-SBORC_Acetone_R245fa_seed073_20260720T095135Z,,S2_DCD_SBVCHP-SBORC_Acetone_R245fa_seed042_20260717T060425Z,4,greedy_incremental_hypervolume,False,36b2c8588490339ef136ec141f9a21089b52daf7,2452bed17143498748ed5fe2e446308e3f8f1c3e669d60cb35bb75c90938d88d,150,True,0.1140655633072184,13726,13231,495,2197,2193,4394,0,8f736185f3bfe811a7bc6c5aa2017188bd630894ea33675874e844613585561d,24b5e56831d763b435e52646675a5e9605a490a9cb97176400dbf5fb9be898c8,db2a20a596684fb46c7627858490f567da0d8e3dbae2d8658c03443f1f6f69de
DC-D,SBVCHP_SBORC,Acetone,R245fa,101,S4_DCD_SBVCHP-SBORC_Acetone_R245fa_seed101_20260720T095135Z,${CBSIM_RUNS_ROOT}/S4_FORMAL/BATCH_S4_20260720T095135Z/runs/S4_DCD_SBVCHP-SBORC_Acetone_R245fa_seed101_20260720T095135Z,${CBSIM_RUNS_ROOT}/S4_FORMAL/BATCH_S4_20260720T095135Z/runs/S4_DCD_SBVCHP-SBORC_Acetone_R245fa_seed101_20260720T095135Z/metadata/manifest.json,base,S4_DCD_SBVCHP-SBORC_Acetone_R245fa_seed101_20260720T095135Z,,S2_DCD_SBVCHP-SBORC_Acetone_R245fa_seed042_20260717T060425Z,4,greedy_incremental_hypervolume,False,36b2c8588490339ef136ec141f9a21089b52daf7,2452bed17143498748ed5fe2e446308e3f8f1c3e669d60cb35bb75c90938d88d,150,True,0.11422228505218485,13700,13150,550,2468,2466,4936,0,06bb165812481b4e2178c753e85c45493b8884f9861e9897d6dade11eda4d8d2,eca17ff668073206c06e3ca79a8ca4600d57ddf7c6196daed610dffa6e9eb145,e797216ad5a8a0ad2f144e01d1b6c9e9ba25e4685979169159e1e608ec977de6
DC-D,SBVCHP_SBORC,Acetone,R245fa,202,S4_DCD_SBVCHP-SBORC_Acetone_R245fa_seed202_20260720T095135Z,${CBSIM_RUNS_ROOT}/S4_FORMAL/BATCH_S4_20260720T095135Z/runs/S4_DCD_SBVCHP-SBORC_Acetone_R245fa_seed202_20260720T095135Z,${CBSIM_RUNS_ROOT}/S4_FORMAL/BATCH_S4_20260720T095135Z/runs/S4_DCD_SBVCHP-SBORC_Acetone_R245fa_seed202_20260720T095135Z/metadata/manifest.json,base,S4_DCD_SBVCHP-SBORC_Acetone_R245fa_seed202_20260720T095135Z,,S2_DCD_SBVCHP-SBORC_Acetone_R245fa_seed042_20260717T060425Z,4,greedy_incremental_hypervolume,False,36b2c8588490339ef136ec141f9a21089b52daf7,2452bed17143498748ed5fe2e446308e3f8f1c3e669d60cb35bb75c90938d88d,150,True,0.11300801189753397,13779,13197,582,3014,3008,6028,0,07680c1cd7737bc9f73e5b0c86e868040a487d5fd2828f2e5450cc67e9d7f3c5,8739eee6c2f7c11585c714304192c882b88429c4347f6500589b6fd196350bd7,1916397c45c42c9dbbbc646a7442e9e61a169a0163433d712d23c86c2897094a
DC-D,SBVCHP_SBORC,Acetone,R365MFC,17,S4_DCD_SBVCHP-SBORC_Acetone_R365MFC_seed017_20260720T095135Z,${CBSIM_RUNS_ROOT}/S4_FORMAL/BATCH_S4_20260720T095135Z/runs/S4_DCD_SBVCHP-SBORC_Acetone_R365MFC_seed017_20260720T095135Z,${CBSIM_RUNS_ROOT}/S4_FORMAL/BATCH_S4_20260720T095135Z/runs/S4_DCD_SBVCHP-SBORC_Acetone_R365MFC_seed017_20260720T095135Z/metadata/manifest.json,base,S4_DCD_SBVCHP-SBORC_Acetone_R365MFC_seed017_20260720T095135Z,,S2_DCD_SBVCHP-SBORC_Acetone_R365MFC_seed042_20260717T060425Z,2,extreme_eta_p2p;extreme_exergy_efficiency,True,36b2c8588490339ef136ec141f9a21089b52daf7,2452bed17143498748ed5fe2e446308e3f8f1c3e669d60cb35bb75c90938d88d,150,True,0.11408868571076745,13778,13378,400,2739,2736,5478,0,88b59dccbb851c5f6c62fc8c7d53a6f1fefc1e06de533d7f199cbe0095928770,198a1fb2b9041ce48d24ba8581130d8954acc72dd5c0eae32dc4e6498148e5dc,56189f5d6e31f255fbbdcd53362fdfec5a0a3f6bae7732228f2e0cb225c24bc4
DC-D,SBVCHP_SBORC,Acetone,R365MFC,42,S4_DCD_SBVCHP-SBORC_Acetone_R365MFC_seed042_20260720T095135Z,${CBSIM_RUNS_ROOT}/S4_FORMAL/BATCH_S4_20260720T095135Z/runs/S4_DCD_SBVCHP-SBORC_Acetone_R365MFC_seed042_20260720T095135Z,${CBSIM_RUNS_ROOT}/S4_FORMAL/BATCH_S4_20260720T095135Z/runs/S4_DCD_SBVCHP-SBORC_Acetone_R365MFC_seed042_20260720T095135Z/metadata/manifest.json,base,S4_DCD_SBVCHP-SBORC_Acetone_R365MFC_seed042_20260720T095135Z,,S2_DCD_SBVCHP-SBORC_Acetone_R365MFC_seed042_20260717T060425Z,2,extreme_eta_p2p;extreme_exergy_efficiency,True,36b2c8588490339ef136ec141f9a21089b52daf7,2452bed17143498748ed5fe2e446308e3f8f1c3e669d60cb35bb75c90938d88d,150,True,0.11442536313263135,13826,13396,430,2435,2432,4870,1,ac36d75c6b354e358a073f85ff69de90bb9f1c8ca9675dc6cdb5e49ae7e654bf,3813437c1eb495858433fd6c21c6e60e7a6084137b76d40da4c0e9c8a8f6ae35,c723c195f27067c2f075b3a032e46abcea3b0d5101da9fa434c9044bc0f0d258
DC-D,SBVCHP_SBORC,Acetone,R365MFC,73,S4_DCD_SBVCHP-SBORC_Acetone_R365MFC_seed073_20260720T095135Z,${CBSIM_RUNS_ROOT}/S4_FORMAL/BATCH_S4_20260720T095135Z/runs/S4_DCD_SBVCHP-SBORC_Acetone_R365MFC_seed073_20260720T095135Z,${CBSIM_RUNS_ROOT}/S4_FORMAL/BATCH_S4_20260720T095135Z/runs/S4_DCD_SBVCHP-SBORC_Acetone_R365MFC_seed073_20260720T095135Z/metadata/manifest.json,base,S4_DCD_SBVCHP-SBORC_Acetone_R365MFC_seed073_20260720T095135Z,,S2_DCD_SBVCHP-SBORC_Acetone_R365MFC_seed042_20260717T060425Z,2,extreme_eta_p2p;extreme_exergy_efficiency,True,36b2c8588490339ef136ec141f9a21089b52daf7,2452bed17143498748ed5fe2e446308e3f8f1c3e669d60cb35bb75c90938d88d,150,True,0.11451295569658726,13776,13543,233,2439,2439,4878,0,5ab05b33d75ba881d89240dca865f4f0ffe0e1d8638728b33921c38c51fac90a,4f9b4e49c171e052067b6c852fa22a210130ad7cfaced0f37ec98d7c3f37325d,af76e3b700e0b35e1b96b5878860aaf72b4d10aab32692dabb9ad98956003c41
DC-D,SBVCHP_SBORC,Acetone,R365MFC,101,S4_DCD_SBVCHP-SBORC_Acetone_R365MFC_seed101_20260720T095135Z,${CBSIM_RUNS_ROOT}/S4_FORMAL/BATCH_S4_20260720T095135Z/runs/S4_DCD_SBVCHP-SBORC_Acetone_R365MFC_seed101_20260720T095135Z,${CBSIM_RUNS_ROOT}/S4_FORMAL/BATCH_S4_20260720T095135Z/runs/S4_DCD_SBVCHP-SBORC_Acetone_R365MFC_seed101_20260720T095135Z/metadata/manifest.json,base,S4_DCD_SBVCHP-SBORC_Acetone_R365MFC_seed101_20260720T095135Z,,S2_DCD_SBVCHP-SBORC_Acetone_R365MFC_seed042_20260717T060425Z,2,extreme_eta_p2p;extreme_exergy_efficiency,True,36b2c8588490339ef136ec141f9a21089b52daf7,2452bed17143498748ed5fe2e446308e3f8f1c3e669d60cb35bb75c90938d88d,150,True,0.11512851395291589,13691,13133,558,2996,2993,5992,0,31efe8c61a6590506a168f35b1964d6d314bc8155a56bc85048576d936c975b8,ccbbfede232c9a75697ec2a10635d05f24f620c90b24608970aaf70d9267f237,c6f0912102470ebf5d1e5c4ff145a33ef8ffc9f80290e3ad61ba31f588443277
DC-D,SBVCHP_SBORC,Acetone,R365MFC,202,S4_DCD_SBVCHP-SBORC_Acetone_R365MFC_seed202_20260720T095135Z,${CBSIM_RUNS_ROOT}/S4_FORMAL/BATCH_S4_20260720T095135Z/runs/S4_DCD_SBVCHP-SBORC_Acetone_R365MFC_seed202_20260720T095135Z,${CBSIM_RUNS_ROOT}/S4_FORMAL/BATCH_S4_20260720T095135Z/runs/S4_DCD_SBVCHP-SBORC_Acetone_R365MFC_seed202_20260720T095135Z/metadata/manifest.json,base,S4_DCD_SBVCHP-SBORC_Acetone_R365MFC_seed202_20260720T095135Z,,S2_DCD_SBVCHP-SBORC_Acetone_R365MFC_seed042_20260717T060425Z,2,extreme_eta_p2p;extreme_exergy_efficiency,True,36b2c8588490339ef136ec141f9a21089b52daf7,2452bed17143498748ed5fe2e446308e3f8f1c3e669d60cb35bb75c90938d88d,150,True,0.114750994089111,13789,13175,614,2835,2833,5670,0,e1cbc4401916a0d916bfd7aadf35ff4f3894bf524dcb9764cd6139a7e248f308,e072be06687ab6964e6d1fbaecdb55619be69eed8f9c281e3d06fcef09a873f9,30e727cb55150ef851c57df9ef391ec626c877ff6e4f63948c733a442531bb15
DC-D,SBVCHP_SBORC,R1233zd(E),R227EA,17,S4_DCD_SBVCHP-SBORC_R1233zdE_R227EA_seed017_20260720T095135Z,${CBSIM_RUNS_ROOT}/S4_FORMAL/BATCH_S4_20260720T095135Z/runs/S4_DCD_SBVCHP-SBORC_R1233zdE_R227EA_seed017_20260720T095135Z,${CBSIM_RUNS_ROOT}/S4_FORMAL/BATCH_S4_20260720T095135Z/runs/S4_DCD_SBVCHP-SBORC_R1233zdE_R227EA_seed017_20260720T095135Z/metadata/manifest.json,base,S4_DCD_SBVCHP-SBORC_R1233zdE_R227EA_seed017_20260720T095135Z,,S2_DCD_SBVCHP-SBORC_R1233zdE_R227EA_seed042_20260717T060425Z,1,extreme_energy_density_thermal,True,36b2c8588490339ef136ec141f9a21089b52daf7,2452bed17143498748ed5fe2e446308e3f8f1c3e669d60cb35bb75c90938d88d,150,True,0.07142582114386545,13704,9908,3796,1056,1052,2112,3,d68e5ee4d7d513df385ace665a644737edb9276ac143225c5f5e570ea6943159,b24d995edf74fbeab3c4b388efb481a8fd095ead849a6c13474d8cbff2d0ad57,2c4db5c7b4ba539f539e0072438e647f3cc763e5425ee1366470d5fe9d2c615e
DC-D,SBVCHP_SBORC,R1233zd(E),R227EA,42,S4_DCD_SBVCHP-SBORC_R1233zdE_R227EA_seed042_20260720T095135Z,${CBSIM_RUNS_ROOT}/S4_FORMAL/BATCH_S4_20260720T095135Z/runs/S4_DCD_SBVCHP-SBORC_R1233zdE_R227EA_seed042_20260720T095135Z,${CBSIM_RUNS_ROOT}/S4_FORMAL/BATCH_S4_20260720T095135Z/runs/S4_DCD_SBVCHP-SBORC_R1233zdE_R227EA_seed042_20260720T095135Z/metadata/manifest.json,base,S4_DCD_SBVCHP-SBORC_R1233zdE_R227EA_seed042_20260720T095135Z,,S2_DCD_SBVCHP-SBORC_R1233zdE_R227EA_seed042_20260717T060425Z,1,extreme_energy_density_thermal,True,36b2c8588490339ef136ec141f9a21089b52daf7,2452bed17143498748ed5fe2e446308e3f8f1c3e669d60cb35bb75c90938d88d,150,True,0.07209504895061594,13695,10455,3240,1500,1489,3000,7,ed85b01f971d61bb9060ec3240687658816bf8e5f196a08370fac59092d3f40d,de13f9e38760eea41c714288b913505a932055160455d0fb21b1961434a6605b,9e0a916a67c1cf2d81a08c1eac1cde546d9aedf6613989fa95dca8f1720e258a
DC-D,SBVCHP_SBORC,R1233zd(E),R227EA,73,S4_DCD_SBVCHP-SBORC_R1233zdE_R227EA_seed073_20260721T031641Z,${CBSIM_RUNS_ROOT}/S4_EXTENSION/BATCH_S4_20260721T031641Z/runs/S4_DCD_SBVCHP-SBORC_R1233zdE_R227EA_seed073_20260721T031641Z,${CBSIM_RUNS_ROOT}/S4_EXTENSION/BATCH_S4_20260721T031641Z/runs/S4_DCD_SBVCHP-SBORC_R1233zdE_R227EA_seed073_20260721T031641Z/metadata/manifest.json,extension,S4_DCD_SBVCHP-SBORC_R1233zdE_R227EA_seed073_20260720T095135Z,S4_DCD_SBVCHP-SBORC_R1233zdE_R227EA_seed073_20260720T095135Z,S2_DCD_SBVCHP-SBORC_R1233zdE_R227EA_seed042_20260717T060425Z,1,extreme_energy_density_thermal,True,d8afee5d5a587723cf3e45f1975c4b4b4a181c25,2452bed17143498748ed5fe2e446308e3f8f1c3e669d60cb35bb75c90938d88d,163,True,0.07236105302998043,14819,10754,4065,1081,1072,4168,6,b045a6fce3a38b659dc1433a0875e9607bfedc5c5a2524eaa8a7f0457a408cc5,76af95924cff4ced4949e566868d302e93fef61c368cf3a8567a15f95d1875ca,e2e1237e51310a5aae168bfb6fc1e7235f563e9a77168b366fc6cb445f4977d5
DC-D,SBVCHP_SBORC,R1233zd(E),R227EA,101,S4_DCD_SBVCHP-SBORC_R1233zdE_R227EA_seed101_20260721T031641Z,${CBSIM_RUNS_ROOT}/S4_EXTENSION/BATCH_S4_20260721T031641Z/runs/S4_DCD_SBVCHP-SBORC_R1233zdE_R227EA_seed101_20260721T031641Z,${CBSIM_RUNS_ROOT}/S4_EXTENSION/BATCH_S4_20260721T031641Z/runs/S4_DCD_SBVCHP-SBORC_R1233zdE_R227EA_seed101_20260721T031641Z/metadata/manifest.json,extension,S4_DCD_SBVCHP-SBORC_R1233zdE_R227EA_seed101_20260720T095135Z,S4_DCD_SBVCHP-SBORC_R1233zdE_R227EA_seed101_20260720T095135Z,S2_DCD_SBVCHP-SBORC_R1233zdE_R227EA_seed042_20260717T060425Z,1,extreme_energy_density_thermal,True,d8afee5d5a587723cf3e45f1975c4b4b4a181c25,2452bed17143498748ed5fe2e446308e3f8f1c3e669d60cb35bb75c90938d88d,159,True,0.07181722505336285,14564,11121,3443,1554,1543,6074,11,36e62eaca0692960547367817c518465950a6cd2a8afaf8269edc3024bd70131,9fc93c9778ad5d4de9fd2d94b1f9499474094ec70cb73e743f46752d23ee39f0,6fd26e9331f38d209a5cc50b9acd58ca549be0841d08a4013ed98a7d60ca9dbb
DC-D,SBVCHP_SBORC,R1233zd(E),R227EA,202,S4_DCD_SBVCHP-SBORC_R1233zdE_R227EA_seed202_20260721T031641Z,${CBSIM_RUNS_ROOT}/S4_EXTENSION/BATCH_S4_20260721T031641Z/runs/S4_DCD_SBVCHP-SBORC_R1233zdE_R227EA_seed202_20260721T031641Z,${CBSIM_RUNS_ROOT}/S4_EXTENSION/BATCH_S4_20260721T031641Z/runs/S4_DCD_SBVCHP-SBORC_R1233zdE_R227EA_seed202_20260721T031641Z/metadata/manifest.json,extension,S4_DCD_SBVCHP-SBORC_R1233zdE_R227EA_seed202_20260720T095135Z,S4_DCD_SBVCHP-SBORC_R1233zdE_R227EA_seed202_20260720T095135Z,S2_DCD_SBVCHP-SBORC_R1233zdE_R227EA_seed042_20260717T060425Z,1,extreme_energy_density_thermal,True,d8afee5d5a587723cf3e45f1975c4b4b4a181c25,2452bed17143498748ed5fe2e446308e3f8f1c3e669d60cb35bb75c90938d88d,193,True,0.07333634110824486,17680,12781,4899,1409,1399,5170,8,eaa40bb9e2283a5fb01019e97f35d6a28f1c3673f83302b814d5d4f4e159dc7b,2562b13799d7c23036783aebb595b98ad50fa8a121d910b342955a2b316b0658,3901a354a4dfdbe9523e941bd57e9b1d41518713aa2e7f9dff53c07cbaf08e2f
DC-D,SRVCHP_SRORC,Acetone,R236ea,17,S4_DCD_SRVCHP-SRORC_Acetone_R236ea_seed017_20260720T095135Z,${CBSIM_RUNS_ROOT}/S4_FORMAL/BATCH_S4_20260720T095135Z/runs/S4_DCD_SRVCHP-SRORC_Acetone_R236ea_seed017_20260720T095135Z,${CBSIM_RUNS_ROOT}/S4_FORMAL/BATCH_S4_20260720T095135Z/runs/S4_DCD_SRVCHP-SRORC_Acetone_R236ea_seed017_20260720T095135Z/metadata/manifest.json,base,S4_DCD_SRVCHP-SRORC_Acetone_R236ea_seed017_20260720T095135Z,,S2_DCD_SRVCHP-SRORC_Acetone_R236ea_seed042_20260717T060425Z,5,greedy_incremental_hypervolume,False,36b2c8588490339ef136ec141f9a21089b52daf7,2452bed17143498748ed5fe2e446308e3f8f1c3e669d60cb35bb75c90938d88d,150,True,0.13338076356548972,13787,13045,742,2570,2568,5140,2,07a58c1b34a10252c7a7bf86ad83e6afade63f7a2e0312a1d4a11dc34f108b29,89321ad90ca82c1322eb7b419895e6737a6588a33c1520a553cc0482faee4578,38b7862d25fb6fc1bc4f2ee0b4184e19d400172fb0e317056d636772ae42d273
DC-D,SRVCHP_SRORC,Acetone,R236ea,42,S4_DCD_SRVCHP-SRORC_Acetone_R236ea_seed042_20260720T095135Z,${CBSIM_RUNS_ROOT}/S4_FORMAL/BATCH_S4_20260720T095135Z/runs/S4_DCD_SRVCHP-SRORC_Acetone_R236ea_seed042_20260720T095135Z,${CBSIM_RUNS_ROOT}/S4_FORMAL/BATCH_S4_20260720T095135Z/runs/S4_DCD_SRVCHP-SRORC_Acetone_R236ea_seed042_20260720T095135Z/metadata/manifest.json,base,S4_DCD_SRVCHP-SRORC_Acetone_R236ea_seed042_20260720T095135Z,,S2_DCD_SRVCHP-SRORC_Acetone_R236ea_seed042_20260717T060425Z,5,greedy_incremental_hypervolume,False,36b2c8588490339ef136ec141f9a21089b52daf7,2452bed17143498748ed5fe2e446308e3f8f1c3e669d60cb35bb75c90938d88d,150,True,0.13439165013938953,13863,13134,729,3117,3114,6234,3,d77d2f15940a17554a1d6186c5f3874c397d952ceec9a071b9b19e117e2ba70c,2f5107e28d45875954107a59591dc664127a9da45222b7c72d386ba6ae3f398e,33fef8b85f0f041d73e4c1822fb77c7c2bdf1804127f9837064b94bc92a78e46
DC-D,SRVCHP_SRORC,Acetone,R236ea,73,S4_DCD_SRVCHP-SRORC_Acetone_R236ea_seed073_20260721T031641Z,${CBSIM_RUNS_ROOT}/S4_EXTENSION/BATCH_S4_20260721T031641Z/runs/S4_DCD_SRVCHP-SRORC_Acetone_R236ea_seed073_20260721T031641Z,${CBSIM_RUNS_ROOT}/S4_EXTENSION/BATCH_S4_20260721T031641Z/runs/S4_DCD_SRVCHP-SRORC_Acetone_R236ea_seed073_20260721T031641Z/metadata/manifest.json,extension,S4_DCD_SRVCHP-SRORC_Acetone_R236ea_seed073_20260720T095135Z,S4_DCD_SRVCHP-SRORC_Acetone_R236ea_seed073_20260720T095135Z,S2_DCD_SRVCHP-SRORC_Acetone_R236ea_seed042_20260717T060425Z,5,greedy_incremental_hypervolume,False,d8afee5d5a587723cf3e45f1975c4b4b4a181c25,2452bed17143498748ed5fe2e446308e3f8f1c3e669d60cb35bb75c90938d88d,156,True,0.13379627412275266,14310,13611,699,2520,2520,9890,0,a7d4c2c7e629493b6e60635252235277d4ace23bbd851a31c41ee81479c59078,744c934fa565aa5cbfad9b7bf1c00eb72955389b68a93ce105e14f04c9da8755,82db9190d73993b4d2e187545fbac867f01a2437166b98677b80fec75241bbbf
DC-D,SRVCHP_SRORC,Acetone,R236ea,101,S4_DCD_SRVCHP-SRORC_Acetone_R236ea_seed101_20260720T095135Z,${CBSIM_RUNS_ROOT}/S4_FORMAL/BATCH_S4_20260720T095135Z/runs/S4_DCD_SRVCHP-SRORC_Acetone_R236ea_seed101_20260720T095135Z,${CBSIM_RUNS_ROOT}/S4_FORMAL/BATCH_S4_20260720T095135Z/runs/S4_DCD_SRVCHP-SRORC_Acetone_R236ea_seed101_20260720T095135Z/metadata/manifest.json,base,S4_DCD_SRVCHP-SRORC_Acetone_R236ea_seed101_20260720T095135Z,,S2_DCD_SRVCHP-SRORC_Acetone_R236ea_seed042_20260717T060425Z,5,greedy_incremental_hypervolume,False,36b2c8588490339ef136ec141f9a21089b52daf7,2452bed17143498748ed5fe2e446308e3f8f1c3e669d60cb35bb75c90938d88d,150,True,0.13387525102758657,13741,13030,711,2897,2895,5794,2,12cad0b55a68f31d86d4ecac15409ad3828282ac4854d0b740c111cc5b2b8a7b,b3c9ab1917038bd21db0f247081dd86dff7082610f62caa16d5ae9926ecc5008,efdda731dd4844fe123a9426086edcf724558a5c513b8f4362acc33a2b88d19f
DC-D,SRVCHP_SRORC,Acetone,R236ea,202,S4_DCD_SRVCHP-SRORC_Acetone_R236ea_seed202_20260720T095135Z,${CBSIM_RUNS_ROOT}/S4_FORMAL/BATCH_S4_20260720T095135Z/runs/S4_DCD_SRVCHP-SRORC_Acetone_R236ea_seed202_20260720T095135Z,${CBSIM_RUNS_ROOT}/S4_FORMAL/BATCH_S4_20260720T095135Z/runs/S4_DCD_SRVCHP-SRORC_Acetone_R236ea_seed202_20260720T095135Z/metadata/manifest.json,base,S4_DCD_SRVCHP-SRORC_Acetone_R236ea_seed202_20260720T095135Z,,S2_DCD_SRVCHP-SRORC_Acetone_R236ea_seed042_20260717T060425Z,5,greedy_incremental_hypervolume,False,36b2c8588490339ef136ec141f9a21089b52daf7,2452bed17143498748ed5fe2e446308e3f8f1c3e669d60cb35bb75c90938d88d,150,True,0.13378038140108944,13789,13107,682,3136,3135,6272,1,b62e1a649d530fffbe634d2a1c902c4f86640e619351310c90ca098e92e87c6b,a12993412e4e5f825e15164ead0ec48bb7f8661e71b62fa70afc17c54a1db8f3,344daa0eaaa0262713c14ac241f090a8641972fbe1f9020a03b7a20310e8ebbd
DC-D,SRVCHP_SRORC,Acetone,R365MFC,17,S4_DCD_SRVCHP-SRORC_Acetone_R365MFC_seed017_20260720T095135Z,${CBSIM_RUNS_ROOT}/S4_FORMAL/BATCH_S4_20260720T095135Z/runs/S4_DCD_SRVCHP-SRORC_Acetone_R365MFC_seed017_20260720T095135Z,${CBSIM_RUNS_ROOT}/S4_FORMAL/BATCH_S4_20260720T095135Z/runs/S4_DCD_SRVCHP-SRORC_Acetone_R365MFC_seed017_20260720T095135Z/metadata/manifest.json,base,S4_DCD_SRVCHP-SRORC_Acetone_R365MFC_seed017_20260720T095135Z,,S2_DCD_SRVCHP-SRORC_Acetone_R365MFC_seed042_20260717T060425Z,4,greedy_incremental_hypervolume,False,36b2c8588490339ef136ec141f9a21089b52daf7,2452bed17143498748ed5fe2e446308e3f8f1c3e669d60cb35bb75c90938d88d,150,True,0.1411992960375048,13681,12941,740,3028,3027,6056,0,1896a844c75044cae92c6631e67629df62f5262315b9f22db2703440fd2746d3,827b30300ccb838cbcb19865232fe1a8207f57358a6fb10af1ddf79cd8f29d80,61aed663a47f9b8cc85a4714257cb5c6011a1b6f93925c1cf6df6ba45f4a5937
DC-D,SRVCHP_SRORC,Acetone,R365MFC,42,S4_DCD_SRVCHP-SRORC_Acetone_R365MFC_seed042_20260720T095135Z,${CBSIM_RUNS_ROOT}/S4_FORMAL/BATCH_S4_20260720T095135Z/runs/S4_DCD_SRVCHP-SRORC_Acetone_R365MFC_seed042_20260720T095135Z,${CBSIM_RUNS_ROOT}/S4_FORMAL/BATCH_S4_20260720T095135Z/runs/S4_DCD_SRVCHP-SRORC_Acetone_R365MFC_seed042_20260720T095135Z/metadata/manifest.json,base,S4_DCD_SRVCHP-SRORC_Acetone_R365MFC_seed042_20260720T095135Z,,S2_DCD_SRVCHP-SRORC_Acetone_R365MFC_seed042_20260717T060425Z,4,greedy_incremental_hypervolume,False,36b2c8588490339ef136ec141f9a21089b52daf7,2452bed17143498748ed5fe2e446308e3f8f1c3e669d60cb35bb75c90938d88d,150,True,0.1405015706901088,13758,13238,520,3946,3946,7892,0,ed126cdbf510f1f9a961a6240d72195438a0257be215f38e4fbf73166647b78c,48afed23d5df8e207ffa2e7a4bec48f330a4add069fc71fcf07c017d9ece7ac4,e81e59448a9871517beaab5c00866d5c025160aafb2b57f2d5d867d658fa184c
DC-D,SRVCHP_SRORC,Acetone,R365MFC,73,S4_DCD_SRVCHP-SRORC_Acetone_R365MFC_seed073_20260720T095135Z,${CBSIM_RUNS_ROOT}/S4_FORMAL/BATCH_S4_20260720T095135Z/runs/S4_DCD_SRVCHP-SRORC_Acetone_R365MFC_seed073_20260720T095135Z,${CBSIM_RUNS_ROOT}/S4_FORMAL/BATCH_S4_20260720T095135Z/runs/S4_DCD_SRVCHP-SRORC_Acetone_R365MFC_seed073_20260720T095135Z/metadata/manifest.json,base,S4_DCD_SRVCHP-SRORC_Acetone_R365MFC_seed073_20260720T095135Z,,S2_DCD_SRVCHP-SRORC_Acetone_R365MFC_seed042_20260717T060425Z,4,greedy_incremental_hypervolume,False,36b2c8588490339ef136ec141f9a21089b52daf7,2452bed17143498748ed5fe2e446308e3f8f1c3e669d60cb35bb75c90938d88d,150,True,0.14063864607871507,13789,13163,626,2839,2839,5678,0,b428e1e5f2b8d53312cc6176c2f6b9b4af620dea7e59b2ba19b168d4f8902dea,b1ab76a1f2fb8872092f57bee927b344405fc9429792bcab16c36a2e7eaf1b4a,d9ea3ce48051557d849aa704b9e5fab9b895f731d6a60c14e2381b1671f89b7c
DC-D,SRVCHP_SRORC,Acetone,R365MFC,101,S4_DCD_SRVCHP-SRORC_Acetone_R365MFC_seed101_20260720T095135Z,${CBSIM_RUNS_ROOT}/S4_FORMAL/BATCH_S4_20260720T095135Z/runs/S4_DCD_SRVCHP-SRORC_Acetone_R365MFC_seed101_20260720T095135Z,${CBSIM_RUNS_ROOT}/S4_FORMAL/BATCH_S4_20260720T095135Z/runs/S4_DCD_SRVCHP-SRORC_Acetone_R365MFC_seed101_20260720T095135Z/metadata/manifest.json,base,S4_DCD_SRVCHP-SRORC_Acetone_R365MFC_seed101_20260720T095135Z,,S2_DCD_SRVCHP-SRORC_Acetone_R365MFC_seed042_20260717T060425Z,4,greedy_incremental_hypervolume,False,36b2c8588490339ef136ec141f9a21089b52daf7,2452bed17143498748ed5fe2e446308e3f8f1c3e669d60cb35bb75c90938d88d,150,True,0.1407817912311513,13718,13071,647,3340,3340,6680,0,fea4a1bfe56379c2ad3590a38d5eeb514cc3e97b81fd5acb7ac5ef107bde03b6,2bf73e2ea550fe13100f9cf26f9a7182ed70e7d2eb8ffb4cf75e3b100763cbfc,0a23a2314ea97802c7205288c9ec710e3279e8d859dcdd1e99910d2e55e268d2
DC-D,SRVCHP_SRORC,Acetone,R365MFC,202,S4_DCD_SRVCHP-SRORC_Acetone_R365MFC_seed202_20260720T095135Z,${CBSIM_RUNS_ROOT}/S4_FORMAL/BATCH_S4_20260720T095135Z/runs/S4_DCD_SRVCHP-SRORC_Acetone_R365MFC_seed202_20260720T095135Z,${CBSIM_RUNS_ROOT}/S4_FORMAL/BATCH_S4_20260720T095135Z/runs/S4_DCD_SRVCHP-SRORC_Acetone_R365MFC_seed202_20260720T095135Z/metadata/manifest.json,base,S4_DCD_SRVCHP-SRORC_Acetone_R365MFC_seed202_20260720T095135Z,,S2_DCD_SRVCHP-SRORC_Acetone_R365MFC_seed042_20260717T060425Z,4,greedy_incremental_hypervolume,False,36b2c8588490339ef136ec141f9a21089b52daf7,2452bed17143498748ed5fe2e446308e3f8f1c3e669d60cb35bb75c90938d88d,150,True,0.14197113982267254,13702,12959,743,3946,3946,7892,0,e7137737f5fe356873a5afe02e694d1bf5a71e8ecb63f0318d1ca281dc0427e7,ef3a4b92db028c82d8300800a0520959780a0dfc32cde822f341b707d54affe7,77f807609c44d6c2909c8a93ce610db60bfad5e575dbb5e45b034faaeffaeb32
DC-D,SRVCHP_SRORC,Cyclopentane,R227EA,17,S4_DCD_SRVCHP-SRORC_Cyclopentane_R227EA_seed017_20260721T031641Z,${CBSIM_RUNS_ROOT}/S4_EXTENSION/BATCH_S4_20260721T031641Z/runs/S4_DCD_SRVCHP-SRORC_Cyclopentane_R227EA_seed017_20260721T031641Z,${CBSIM_RUNS_ROOT}/S4_EXTENSION/BATCH_S4_20260721T031641Z/runs/S4_DCD_SRVCHP-SRORC_Cyclopentane_R227EA_seed017_20260721T031641Z/metadata/manifest.json,extension,S4_DCD_SRVCHP-SRORC_Cyclopentane_R227EA_seed017_20260720T095135Z,S4_DCD_SRVCHP-SRORC_Cyclopentane_R227EA_seed017_20260720T095135Z,S2_DCD_SRVCHP-SRORC_Cyclopentane_R227EA_seed042_20260720T015713Z,3,greedy_incremental_hypervolume,False,d8afee5d5a587723cf3e45f1975c4b4b4a181c25,2452bed17143498748ed5fe2e446308e3f8f1c3e669d60cb35bb75c90938d88d,195,True,0.11726983620966552,17822,11086,6736,1218,1206,4596,12,ee9f837bd97132e7c0b5b60eb58a2d63dc4d1ea32601ce0772b2a0d6532e1dfd,72a10cb2a196c3a9b14fabb72fcffeb838cce3f0f7b5471ab7ce2c47a380cf08,bd8f21b9ccc061f8d664b755a267fc6f1db8594c8fa3cb683ab515c175c35ef2
DC-D,SRVCHP_SRORC,Cyclopentane,R227EA,42,S4_DCD_SRVCHP-SRORC_Cyclopentane_R227EA_seed042_20260720T095135Z,${CBSIM_RUNS_ROOT}/S4_FORMAL/BATCH_S4_20260720T095135Z/runs/S4_DCD_SRVCHP-SRORC_Cyclopentane_R227EA_seed042_20260720T095135Z,${CBSIM_RUNS_ROOT}/S4_FORMAL/BATCH_S4_20260720T095135Z/runs/S4_DCD_SRVCHP-SRORC_Cyclopentane_R227EA_seed042_20260720T095135Z/metadata/manifest.json,base,S4_DCD_SRVCHP-SRORC_Cyclopentane_R227EA_seed042_20260720T095135Z,,S2_DCD_SRVCHP-SRORC_Cyclopentane_R227EA_seed042_20260720T015713Z,3,greedy_incremental_hypervolume,False,36b2c8588490339ef136ec141f9a21089b52daf7,2452bed17143498748ed5fe2e446308e3f8f1c3e669d60cb35bb75c90938d88d,150,True,0.1161983984094065,13813,9063,4750,1188,1174,2376,13,9337ee3f6f70b0f30a65c27d96c9bd70c25633a1b0a4a6ffb1787a97f8c58dfc,e6c7d750c51cd101cb601e7f5aa0a93673f750ca07a50d8b6dc959e1f7e63c27,5770540c6d72b56de0a76329bc53b43923a05a190ce66ab8f81e218b175a572f
DC-D,SRVCHP_SRORC,Cyclopentane,R227EA,73,S4_DCD_SRVCHP-SRORC_Cyclopentane_R227EA_seed073_20260720T095135Z,${CBSIM_RUNS_ROOT}/S4_FORMAL/BATCH_S4_20260720T095135Z/runs/S4_DCD_SRVCHP-SRORC_Cyclopentane_R227EA_seed073_20260720T095135Z,${CBSIM_RUNS_ROOT}/S4_FORMAL/BATCH_S4_20260720T095135Z/runs/S4_DCD_SRVCHP-SRORC_Cyclopentane_R227EA_seed073_20260720T095135Z/metadata/manifest.json,base,S4_DCD_SRVCHP-SRORC_Cyclopentane_R227EA_seed073_20260720T095135Z,,S2_DCD_SRVCHP-SRORC_Cyclopentane_R227EA_seed042_20260720T015713Z,3,greedy_incremental_hypervolume,False,36b2c8588490339ef136ec141f9a21089b52daf7,2452bed17143498748ed5fe2e446308e3f8f1c3e669d60cb35bb75c90938d88d,150,True,0.11347873949417636,13628,8639,4989,936,925,1872,11,43a686676fc9bac42303d0cf5fad25559f15b7e599525b7ebc72f5d357f31dfe,2fc758af6b55349cf164d8900ddb295b41c81d9a8f881036c8e4dc747aa08dd9,d8da8068a018c3819a97f8315d10699f45caa850b0e171643e162adfcdbc1d03
DC-D,SRVCHP_SRORC,Cyclopentane,R227EA,101,S4_DCD_SRVCHP-SRORC_Cyclopentane_R227EA_seed101_20260720T095135Z,${CBSIM_RUNS_ROOT}/S4_FORMAL/BATCH_S4_20260720T095135Z/runs/S4_DCD_SRVCHP-SRORC_Cyclopentane_R227EA_seed101_20260720T095135Z,${CBSIM_RUNS_ROOT}/S4_FORMAL/BATCH_S4_20260720T095135Z/runs/S4_DCD_SRVCHP-SRORC_Cyclopentane_R227EA_seed101_20260720T095135Z/metadata/manifest.json,base,S4_DCD_SRVCHP-SRORC_Cyclopentane_R227EA_seed101_20260720T095135Z,,S2_DCD_SRVCHP-SRORC_Cyclopentane_R227EA_seed042_20260720T015713Z,3,greedy_incremental_hypervolume,False,36b2c8588490339ef136ec141f9a21089b52daf7,2452bed17143498748ed5fe2e446308e3f8f1c3e669d60cb35bb75c90938d88d,150,True,0.11457420053492179,13762,8809,4953,1225,1213,2450,12,8ac4a2eb05f8fbf17721087a1301628049c8f04fddae8812b22f10cb0c708859,8d4ab884eda50a8b0a6618d6963b50602a2a1e6807531f3a2b3debc31ae2bd29,f97c07ea116aedcae6afc33d8c4d60a9fcb2e6098281f98094faf96935d5502d
DC-D,SRVCHP_SRORC,Cyclopentane,R227EA,202,S4_DCD_SRVCHP-SRORC_Cyclopentane_R227EA_seed202_20260721T031641Z,${CBSIM_RUNS_ROOT}/S4_EXTENSION/BATCH_S4_20260721T031641Z/runs/S4_DCD_SRVCHP-SRORC_Cyclopentane_R227EA_seed202_20260721T031641Z,${CBSIM_RUNS_ROOT}/S4_EXTENSION/BATCH_S4_20260721T031641Z/runs/S4_DCD_SRVCHP-SRORC_Cyclopentane_R227EA_seed202_20260721T031641Z/metadata/manifest.json,extension,S4_DCD_SRVCHP-SRORC_Cyclopentane_R227EA_seed202_20260720T095135Z,S4_DCD_SRVCHP-SRORC_Cyclopentane_R227EA_seed202_20260720T095135Z,S2_DCD_SRVCHP-SRORC_Cyclopentane_R227EA_seed042_20260720T015713Z,3,greedy_incremental_hypervolume,False,d8afee5d5a587723cf3e45f1975c4b4b4a181c25,2452bed17143498748ed5fe2e446308e3f8f1c3e669d60cb35bb75c90938d88d,195,True,0.11450364959708803,17819,11288,6531,1040,1031,4018,9,30e2ea3cd70b751929ac30fd679e9671eaf1457e6a8c17a2f4a9025b480c32b4,cb1d5634a5bdac9acb326852890873c835a92a91fb6851916c7043fb70c23caf,06f89bbdd033dee287ddf1f35d9a85cc002c8431d6bcc6f3f426f501635e7253
DC-D,SRVCHP_SRORC,Cyclopentane,R365MFC,17,S4_DCD_SRVCHP-SRORC_Cyclopentane_R365MFC_seed017_20260720T095135Z,${CBSIM_RUNS_ROOT}/S4_FORMAL/BATCH_S4_20260720T095135Z/runs/S4_DCD_SRVCHP-SRORC_Cyclopentane_R365MFC_seed017_20260720T095135Z,${CBSIM_RUNS_ROOT}/S4_FORMAL/BATCH_S4_20260720T095135Z/runs/S4_DCD_SRVCHP-SRORC_Cyclopentane_R365MFC_seed017_20260720T095135Z/metadata/manifest.json,base,S4_DCD_SRVCHP-SRORC_Cyclopentane_R365MFC_seed017_20260720T095135Z,,S2_DCD_SRVCHP-SRORC_Cyclopentane_R365MFC_seed042_20260717T060425Z,1,extreme_eta_p2p;extreme_exergy_efficiency,True,36b2c8588490339ef136ec141f9a21089b52daf7,2452bed17143498748ed5fe2e446308e3f8f1c3e669d60cb35bb75c90938d88d,150,True,0.14066650333946104,13721,12979,742,2647,2647,5294,0,3404ff262068d83b7877b9a8d005f67c172f89bbca313e2154e4ea1592e04a1e,667d3b74c22b89f8649ba0890c3feece76c23d78d66ec8d46490715206dc6175,630324c7f79e766dcca2d33305d7a84647e1a992c6b3d816724e784d067c0b21
DC-D,SRVCHP_SRORC,Cyclopentane,R365MFC,42,S4_DCD_SRVCHP-SRORC_Cyclopentane_R365MFC_seed042_20260720T095135Z,${CBSIM_RUNS_ROOT}/S4_FORMAL/BATCH_S4_20260720T095135Z/runs/S4_DCD_SRVCHP-SRORC_Cyclopentane_R365MFC_seed042_20260720T095135Z,${CBSIM_RUNS_ROOT}/S4_FORMAL/BATCH_S4_20260720T095135Z/runs/S4_DCD_SRVCHP-SRORC_Cyclopentane_R365MFC_seed042_20260720T095135Z/metadata/manifest.json,base,S4_DCD_SRVCHP-SRORC_Cyclopentane_R365MFC_seed042_20260720T095135Z,,S2_DCD_SRVCHP-SRORC_Cyclopentane_R365MFC_seed042_20260717T060425Z,1,extreme_eta_p2p;extreme_exergy_efficiency,True,36b2c8588490339ef136ec141f9a21089b52daf7,2452bed17143498748ed5fe2e446308e3f8f1c3e669d60cb35bb75c90938d88d,150,True,0.14119991426749512,13714,13096,618,2413,2413,4826,0,c9ed34c08079c690d7df2eb98922bf01ba3a092f377e0edf324de168267816a9,2b44d60ce36c1dde1d90e6573ce5376b0e1651035487332fcd3459867d411b4f,41439b88eae314baaa58aac154466b756ee586cd9e7549a3a21de4ee9381711f
DC-D,SRVCHP_SRORC,Cyclopentane,R365MFC,73,S4_DCD_SRVCHP-SRORC_Cyclopentane_R365MFC_seed073_20260720T095135Z,${CBSIM_RUNS_ROOT}/S4_FORMAL/BATCH_S4_20260720T095135Z/runs/S4_DCD_SRVCHP-SRORC_Cyclopentane_R365MFC_seed073_20260720T095135Z,${CBSIM_RUNS_ROOT}/S4_FORMAL/BATCH_S4_20260720T095135Z/runs/S4_DCD_SRVCHP-SRORC_Cyclopentane_R365MFC_seed073_20260720T095135Z/metadata/manifest.json,base,S4_DCD_SRVCHP-SRORC_Cyclopentane_R365MFC_seed073_20260720T095135Z,,S2_DCD_SRVCHP-SRORC_Cyclopentane_R365MFC_seed042_20260717T060425Z,1,extreme_eta_p2p;extreme_exergy_efficiency,True,36b2c8588490339ef136ec141f9a21089b52daf7,2452bed17143498748ed5fe2e446308e3f8f1c3e669d60cb35bb75c90938d88d,150,True,0.1420837762724597,13753,13085,668,2423,2423,4846,0,31fa983e867905892b128dd8df325d65f1d074afe710d60fee119dabb5426601,258db0ed42aab07d93e61745a5d38fc87ba423186b52e7828a0fc225b528ab4d,d4ba0e7e4ab71c5e73fa498d76877f3ea61c7ecc04636356fa226957ec0e260d
DC-D,SRVCHP_SRORC,Cyclopentane,R365MFC,101,S4_DCD_SRVCHP-SRORC_Cyclopentane_R365MFC_seed101_20260720T095135Z,${CBSIM_RUNS_ROOT}/S4_FORMAL/BATCH_S4_20260720T095135Z/runs/S4_DCD_SRVCHP-SRORC_Cyclopentane_R365MFC_seed101_20260720T095135Z,${CBSIM_RUNS_ROOT}/S4_FORMAL/BATCH_S4_20260720T095135Z/runs/S4_DCD_SRVCHP-SRORC_Cyclopentane_R365MFC_seed101_20260720T095135Z/metadata/manifest.json,base,S4_DCD_SRVCHP-SRORC_Cyclopentane_R365MFC_seed101_20260720T095135Z,,S2_DCD_SRVCHP-SRORC_Cyclopentane_R365MFC_seed042_20260717T060425Z,1,extreme_eta_p2p;extreme_exergy_efficiency,True,36b2c8588490339ef136ec141f9a21089b52daf7,2452bed17143498748ed5fe2e446308e3f8f1c3e669d60cb35bb75c90938d88d,150,True,0.14118627992779095,13708,13014,694,3442,3442,6884,0,8fac3e7d7916527803a6f28221455e8f0403461f1a17d6b047824c2f29b2d5e1,d19c5b481afcd654ec11c8bff51fe3472a8bd9261664b6e71da116fe732db255,f8d0857a938a776124c7d319013e2d31dc7aa5af49d85d7d113d3956357e58d8
DC-D,SRVCHP_SRORC,Cyclopentane,R365MFC,202,S4_DCD_SRVCHP-SRORC_Cyclopentane_R365MFC_seed202_20260720T095135Z,${CBSIM_RUNS_ROOT}/S4_FORMAL/BATCH_S4_20260720T095135Z/runs/S4_DCD_SRVCHP-SRORC_Cyclopentane_R365MFC_seed202_20260720T095135Z,${CBSIM_RUNS_ROOT}/S4_FORMAL/BATCH_S4_20260720T095135Z/runs/S4_DCD_SRVCHP-SRORC_Cyclopentane_R365MFC_seed202_20260720T095135Z/metadata/manifest.json,base,S4_DCD_SRVCHP-SRORC_Cyclopentane_R365MFC_seed202_20260720T095135Z,,S2_DCD_SRVCHP-SRORC_Cyclopentane_R365MFC_seed042_20260717T060425Z,1,extreme_eta_p2p;extreme_exergy_efficiency,True,36b2c8588490339ef136ec141f9a21089b52daf7,2452bed17143498748ed5fe2e446308e3f8f1c3e669d60cb35bb75c90938d88d,150,True,0.14144840776526607,13797,13194,603,3744,3744,7488,0,f1489da3ca0934c46bdac1f13a3f512c6329aa0b3ee978639d5fead7f527b948,026f9cce8a26e1290fdb3e966bbb6a9f4e3bdd3cb30d5871cc04c7e92688bdc6,ae2ae495fe6c30a34bd03762d74f60017cfd5264a7558243dbcffbf84b3df9be
DC-D,SRVCHP_SRORC,R1233zd(E),R227EA,17,S4_DCD_SRVCHP-SRORC_R1233zdE_R227EA_seed017_20260721T031641Z,${CBSIM_RUNS_ROOT}/S4_EXTENSION/BATCH_S4_20260721T031641Z/runs/S4_DCD_SRVCHP-SRORC_R1233zdE_R227EA_seed017_20260721T031641Z,${CBSIM_RUNS_ROOT}/S4_EXTENSION/BATCH_S4_20260721T031641Z/runs/S4_DCD_SRVCHP-SRORC_R1233zdE_R227EA_seed017_20260721T031641Z/metadata/manifest.json,extension,S4_DCD_SRVCHP-SRORC_R1233zdE_R227EA_seed017_20260720T095135Z,S4_DCD_SRVCHP-SRORC_R1233zdE_R227EA_seed017_20260720T095135Z,S2_DCD_SRVCHP-SRORC_R1233zdE_R227EA_seed042_20260717T060425Z,2,extreme_energy_density_thermal,True,d8afee5d5a587723cf3e45f1975c4b4b4a181c25,2452bed17143498748ed5fe2e446308e3f8f1c3e669d60cb35bb75c90938d88d,176,True,0.11242034837019335,16060,9814,6246,1073,1062,4164,8,109b7971d23c4cb104ce4d1a148883d2aad4748f274898631d74651e4ad19eb1,1e9c3d6b136c105e885f34662f70b2290333022d1f1ea97af83a90ca2846db32,0cda44b2baebdd1918ea28bce5b80d2330c232fa00a4a0594554580c99a91c2a
DC-D,SRVCHP_SRORC,R1233zd(E),R227EA,42,S4_DCD_SRVCHP-SRORC_R1233zdE_R227EA_seed042_20260721T031641Z,${CBSIM_RUNS_ROOT}/S4_EXTENSION/BATCH_S4_20260721T031641Z/runs/S4_DCD_SRVCHP-SRORC_R1233zdE_R227EA_seed042_20260721T031641Z,${CBSIM_RUNS_ROOT}/S4_EXTENSION/BATCH_S4_20260721T031641Z/runs/S4_DCD_SRVCHP-SRORC_R1233zdE_R227EA_seed042_20260721T031641Z/metadata/manifest.json,extension,S4_DCD_SRVCHP-SRORC_R1233zdE_R227EA_seed042_20260720T095135Z,S4_DCD_SRVCHP-SRORC_R1233zdE_R227EA_seed042_20260720T095135Z,S2_DCD_SRVCHP-SRORC_R1233zdE_R227EA_seed042_20260717T060425Z,2,extreme_energy_density_thermal,True,d8afee5d5a587723cf3e45f1975c4b4b4a181c25,2452bed17143498748ed5fe2e446308e3f8f1c3e669d60cb35bb75c90938d88d,154,True,0.11176961547558203,14126,9430,4696,1040,1022,4098,15,0957e564e3e094c47323ae5d28b7fea1d66a36a586d29e605de9dcf12b11753e,09d66f1c47e93a8cb1d0b719b3612dbf66181814cd9a72deadb932f344acaa8b,ae7c5ab5e0c8ac1e31a23b64c1fb206c7c2599b7fb3ed63547c0320272c2d733
DC-D,SRVCHP_SRORC,R1233zd(E),R227EA,73,S4_DCD_SRVCHP-SRORC_R1233zdE_R227EA_seed073_20260721T031641Z,${CBSIM_RUNS_ROOT}/S4_EXTENSION/BATCH_S4_20260721T031641Z/runs/S4_DCD_SRVCHP-SRORC_R1233zdE_R227EA_seed073_20260721T031641Z,${CBSIM_RUNS_ROOT}/S4_EXTENSION/BATCH_S4_20260721T031641Z/runs/S4_DCD_SRVCHP-SRORC_R1233zdE_R227EA_seed073_20260721T031641Z/metadata/manifest.json,extension,S4_DCD_SRVCHP-SRORC_R1233zdE_R227EA_seed073_20260720T095135Z,S4_DCD_SRVCHP-SRORC_R1233zdE_R227EA_seed073_20260720T095135Z,S2_DCD_SRVCHP-SRORC_R1233zdE_R227EA_seed042_20260717T060425Z,2,extreme_energy_density_thermal,True,d8afee5d5a587723cf3e45f1975c4b4b4a181c25,2452bed17143498748ed5fe2e446308e3f8f1c3e669d60cb35bb75c90938d88d,162,True,0.11236578123791917,14829,9442,5387,1015,1000,3880,13,42a55d67284cfc7a7f7d39a8cd2bf41ec3fb351486496729778c039d605a009a,8b5ca46bb57f3039500ec8dd32c7a4525b82a77218e1986eccb2383cb8d57bcd,d9df536251d7602d433ad6fbfb58ed26757f0cd103ea3b1c11c3bd57917027b6
DC-D,SRVCHP_SRORC,R1233zd(E),R227EA,101,S4_DCD_SRVCHP-SRORC_R1233zdE_R227EA_seed101_20260721T031641Z,${CBSIM_RUNS_ROOT}/S4_EXTENSION/BATCH_S4_20260721T031641Z/runs/S4_DCD_SRVCHP-SRORC_R1233zdE_R227EA_seed101_20260721T031641Z,${CBSIM_RUNS_ROOT}/S4_EXTENSION/BATCH_S4_20260721T031641Z/runs/S4_DCD_SRVCHP-SRORC_R1233zdE_R227EA_seed101_20260721T031641Z/metadata/manifest.json,extension,S4_DCD_SRVCHP-SRORC_R1233zdE_R227EA_seed101_20260720T095135Z,S4_DCD_SRVCHP-SRORC_R1233zdE_R227EA_seed101_20260720T095135Z,S2_DCD_SRVCHP-SRORC_R1233zdE_R227EA_seed042_20260717T060425Z,2,extreme_energy_density_thermal,True,d8afee5d5a587723cf3e45f1975c4b4b4a181c25,2452bed17143498748ed5fe2e446308e3f8f1c3e669d60cb35bb75c90938d88d,169,True,0.11238859924040129,15492,9602,5890,1167,1148,4366,18,ce500d55fe90f178a666cd21406be80a3218ef904c35de26dfd225614e4e02c9,4d5a488286a117330a3860782b3fc80a58aeff7e993588d6ba2ff632f02fc028,533fbc954e4fa7dc1fdc7bd9f6115bd4516c90d1ad68a807001ae2f29c89a07b
DC-D,SRVCHP_SRORC,R1233zd(E),R227EA,202,S4_DCD_SRVCHP-SRORC_R1233zdE_R227EA_seed202_20260721T031641Z,${CBSIM_RUNS_ROOT}/S4_EXTENSION/BATCH_S4_20260721T031641Z/runs/S4_DCD_SRVCHP-SRORC_R1233zdE_R227EA_seed202_20260721T031641Z,${CBSIM_RUNS_ROOT}/S4_EXTENSION/BATCH_S4_20260721T031641Z/runs/S4_DCD_SRVCHP-SRORC_R1233zdE_R227EA_seed202_20260721T031641Z/metadata/manifest.json,extension,S4_DCD_SRVCHP-SRORC_R1233zdE_R227EA_seed202_20260720T095135Z,S4_DCD_SRVCHP-SRORC_R1233zdE_R227EA_seed202_20260720T095135Z,S2_DCD_SRVCHP-SRORC_R1233zdE_R227EA_seed042_20260717T060425Z,2,extreme_energy_density_thermal,True,d8afee5d5a587723cf3e45f1975c4b4b4a181c25,2452bed17143498748ed5fe2e446308e3f8f1c3e669d60cb35bb75c90938d88d,168,True,0.11146815165194193,15382,9238,6144,909,896,3440,8,f066501bab98e058a0b53643fecb5bc822f9d8102f50809b554df9d5298d6429,9ca59aaecd602e1dcf8c62099aa4bbbe7a79d13fa42fcb82da7666d18b8e0997,9b5c2c0eff9c849af806e274121e81ed8e2e3af276a76ec03d7e62f2c75eeb96
DC-E,SBVCHP_SBORC,Acetone,R1234ze(E),17,S4_DCE_SBVCHP-SBORC_Acetone_R1234zeE_seed017_20260720T095135Z,${CBSIM_RUNS_ROOT}/S4_FORMAL/BATCH_S4_20260720T095135Z/runs/S4_DCE_SBVCHP-SBORC_Acetone_R1234zeE_seed017_20260720T095135Z,${CBSIM_RUNS_ROOT}/S4_FORMAL/BATCH_S4_20260720T095135Z/runs/S4_DCE_SBVCHP-SBORC_Acetone_R1234zeE_seed017_20260720T095135Z/metadata/manifest.json,base,S4_DCE_SBVCHP-SBORC_Acetone_R1234zeE_seed017_20260720T095135Z,,S2_DCE_SBVCHP-SBORC_Acetone_R1234zeE_seed042_20260717T060425Z,4,greedy_incremental_hypervolume,False,36b2c8588490339ef136ec141f9a21089b52daf7,2452bed17143498748ed5fe2e446308e3f8f1c3e669d60cb35bb75c90938d88d,150,True,0.18035803441591472,13774,11429,2345,2590,2564,5180,14,8788abd7d3eb738ed72a98b45bbcf63a4fd376661b2b4972de28380bb02aff1f,30373e83d5b8d1bfa8c66a04c8b951460978d51b26719e48d65bbbe8a0def674,f95032458aa4eb4eaa2476a2e46d11a2ff5166c32ef2423bc37f0bddfc7c9c52
DC-E,SBVCHP_SBORC,Acetone,R1234ze(E),42,S4_DCE_SBVCHP-SBORC_Acetone_R1234zeE_seed042_20260721T031641Z,${CBSIM_RUNS_ROOT}/S4_EXTENSION/BATCH_S4_20260721T031641Z/runs/S4_DCE_SBVCHP-SBORC_Acetone_R1234zeE_seed042_20260721T031641Z,${CBSIM_RUNS_ROOT}/S4_EXTENSION/BATCH_S4_20260721T031641Z/runs/S4_DCE_SBVCHP-SBORC_Acetone_R1234zeE_seed042_20260721T031641Z/metadata/manifest.json,extension,S4_DCE_SBVCHP-SBORC_Acetone_R1234zeE_seed042_20260720T095135Z,S4_DCE_SBVCHP-SBORC_Acetone_R1234zeE_seed042_20260720T095135Z,S2_DCE_SBVCHP-SBORC_Acetone_R1234zeE_seed042_20260717T060425Z,4,greedy_incremental_hypervolume,False,d8afee5d5a587723cf3e45f1975c4b4b4a181c25,2452bed17143498748ed5fe2e446308e3f8f1c3e669d60cb35bb75c90938d88d,173,True,0.18096877973491163,15862,13083,2779,2349,2323,8840,19,24918678ababfcbbd84d3b9bac366a59c0751977f691747cd0d123c6fd6f80cf,61afc1a7a2985a53bbc0120a84aa8cd105e3e26da8fab9559d424d210552c69f,783989b394b86fa4963899ede64ce4f0fb8eab4a8eb044bc120f01bc307dcc02
DC-E,SBVCHP_SBORC,Acetone,R1234ze(E),73,S4_DCE_SBVCHP-SBORC_Acetone_R1234zeE_seed073_20260720T095135Z,${CBSIM_RUNS_ROOT}/S4_FORMAL/BATCH_S4_20260720T095135Z/runs/S4_DCE_SBVCHP-SBORC_Acetone_R1234zeE_seed073_20260720T095135Z,${CBSIM_RUNS_ROOT}/S4_FORMAL/BATCH_S4_20260720T095135Z/runs/S4_DCE_SBVCHP-SBORC_Acetone_R1234zeE_seed073_20260720T095135Z/metadata/manifest.json,base,S4_DCE_SBVCHP-SBORC_Acetone_R1234zeE_seed073_20260720T095135Z,,S2_DCE_SBVCHP-SBORC_Acetone_R1234zeE_seed042_20260717T060425Z,4,greedy_incremental_hypervolume,False,36b2c8588490339ef136ec141f9a21089b52daf7,2452bed17143498748ed5fe2e446308e3f8f1c3e669d60cb35bb75c90938d88d,150,True,0.18313590037967675,13755,11571,2184,2425,2404,4850,17,4943d914e5c2debaea1d013b39e3cdb61d5e36c4071072f1f22550e04d76e15f,9f814da9066ada09f8076b308b626453d88589edd64d49bffd61c3a0c71bba0f,4180c2b0a3f1e53ab91d91de374b97ee4186cc75135376f4dfb54da47daf68c3
DC-E,SBVCHP_SBORC,Acetone,R1234ze(E),101,S4_DCE_SBVCHP-SBORC_Acetone_R1234zeE_seed101_20260720T095135Z,${CBSIM_RUNS_ROOT}/S4_FORMAL/BATCH_S4_20260720T095135Z/runs/S4_DCE_SBVCHP-SBORC_Acetone_R1234zeE_seed101_20260720T095135Z,${CBSIM_RUNS_ROOT}/S4_FORMAL/BATCH_S4_20260720T095135Z/runs/S4_DCE_SBVCHP-SBORC_Acetone_R1234zeE_seed101_20260720T095135Z/metadata/manifest.json,base,S4_DCE_SBVCHP-SBORC_Acetone_R1234zeE_seed101_20260720T095135Z,,S2_DCE_SBVCHP-SBORC_Acetone_R1234zeE_seed042_20260717T060425Z,4,greedy_incremental_hypervolume,False,36b2c8588490339ef136ec141f9a21089b52daf7,2452bed17143498748ed5fe2e446308e3f8f1c3e669d60cb35bb75c90938d88d,150,True,0.18270108111924271,13757,11082,2675,2307,2283,4614,10,053833ab2e4021cbd44ed4711035510cc2228b5a5ae63c71b2ac39307893cfa0,9cf6d8a1eff42602e45dff5f255bd3c5751714c55cd66a6bf1e00e8d966929b4,1fd7c9b14dddc0303135fc90ccbcd12851b5f0e8213d517ae96d496dfc1657b3
DC-E,SBVCHP_SBORC,Acetone,R1234ze(E),202,S4_DCE_SBVCHP-SBORC_Acetone_R1234zeE_seed202_20260720T095135Z,${CBSIM_RUNS_ROOT}/S4_FORMAL/BATCH_S4_20260720T095135Z/runs/S4_DCE_SBVCHP-SBORC_Acetone_R1234zeE_seed202_20260720T095135Z,${CBSIM_RUNS_ROOT}/S4_FORMAL/BATCH_S4_20260720T095135Z/runs/S4_DCE_SBVCHP-SBORC_Acetone_R1234zeE_seed202_20260720T095135Z/metadata/manifest.json,base,S4_DCE_SBVCHP-SBORC_Acetone_R1234zeE_seed202_20260720T095135Z,,S2_DCE_SBVCHP-SBORC_Acetone_R1234zeE_seed042_20260717T060425Z,4,greedy_incremental_hypervolume,False,36b2c8588490339ef136ec141f9a21089b52daf7,2452bed17143498748ed5fe2e446308e3f8f1c3e669d60cb35bb75c90938d88d,150,True,0.17890289089984898,13748,11500,2248,2461,2449,4922,7,ab6a4c58a148448690605226cef7fee95ae91cf11fd17acf67c556797a8bac10,0f9aa7e2458738d4880d2edd829f2537d370e7db44911bf671bcc6a6d08a9f17,1ae71d2905465755ca87448a89c502087feaa4d1acd478b904640fe91a65f29c
DC-E,SBVCHP_SBORC,Acetone,R236ea,17,S4_DCE_SBVCHP-SBORC_Acetone_R236ea_seed017_20260720T095135Z,${CBSIM_RUNS_ROOT}/S4_FORMAL/BATCH_S4_20260720T095135Z/runs/S4_DCE_SBVCHP-SBORC_Acetone_R236ea_seed017_20260720T095135Z,${CBSIM_RUNS_ROOT}/S4_FORMAL/BATCH_S4_20260720T095135Z/runs/S4_DCE_SBVCHP-SBORC_Acetone_R236ea_seed017_20260720T095135Z/metadata/manifest.json,base,S4_DCE_SBVCHP-SBORC_Acetone_R236ea_seed017_20260720T095135Z,,S2_DCE_SBVCHP-SBORC_Acetone_R236ea_seed042_20260717T060425Z,5,greedy_incremental_hypervolume,False,36b2c8588490339ef136ec141f9a21089b52daf7,2452bed17143498748ed5fe2e446308e3f8f1c3e669d60cb35bb75c90938d88d,150,True,0.19264877148443135,13758,12221,1537,2480,2456,4960,13,bef99b1ba8636b1f37e7df9495df91c360443cefd82c97882883df2af46e47c2,6df9a1996ca9e868d538f5249e2e828fdd7718f823ca9018c357fe6397999cff,e6a8fe1701aac1fc8d6968b7d6eb5726deb55c17c135e54fc29d0e1eccd79b11
DC-E,SBVCHP_SBORC,Acetone,R236ea,42,S4_DCE_SBVCHP-SBORC_Acetone_R236ea_seed042_20260721T031641Z,${CBSIM_RUNS_ROOT}/S4_EXTENSION/BATCH_S4_20260721T031641Z/runs/S4_DCE_SBVCHP-SBORC_Acetone_R236ea_seed042_20260721T031641Z,${CBSIM_RUNS_ROOT}/S4_EXTENSION/BATCH_S4_20260721T031641Z/runs/S4_DCE_SBVCHP-SBORC_Acetone_R236ea_seed042_20260721T031641Z/metadata/manifest.json,extension,S4_DCE_SBVCHP-SBORC_Acetone_R236ea_seed042_20260720T095135Z,S4_DCE_SBVCHP-SBORC_Acetone_R236ea_seed042_20260720T095135Z,S2_DCE_SBVCHP-SBORC_Acetone_R236ea_seed042_20260717T060425Z,5,greedy_incremental_hypervolume,False,d8afee5d5a587723cf3e45f1975c4b4b4a181c25,2452bed17143498748ed5fe2e446308e3f8f1c3e669d60cb35bb75c90938d88d,155,True,0.18616790535900626,14196,12987,1209,2782,2754,10944,20,471eed44727e777a426349425d8caadb8ce1f558a4954b5afeda2d9605b7ff25,8ebbf903780a0a33ab3ceb38b2c714af5cd713268a13d4fdc76022747d4c15fb,a25ba6004da5d264202ff32b256159714d275a15da56cff50b5ea5444416386c
DC-E,SBVCHP_SBORC,Acetone,R236ea,73,S4_DCE_SBVCHP-SBORC_Acetone_R236ea_seed073_20260720T095135Z,${CBSIM_RUNS_ROOT}/S4_FORMAL/BATCH_S4_20260720T095135Z/runs/S4_DCE_SBVCHP-SBORC_Acetone_R236ea_seed073_20260720T095135Z,${CBSIM_RUNS_ROOT}/S4_FORMAL/BATCH_S4_20260720T095135Z/runs/S4_DCE_SBVCHP-SBORC_Acetone_R236ea_seed073_20260720T095135Z/metadata/manifest.json,base,S4_DCE_SBVCHP-SBORC_Acetone_R236ea_seed073_20260720T095135Z,,S2_DCE_SBVCHP-SBORC_Acetone_R236ea_seed042_20260717T060425Z,5,greedy_incremental_hypervolume,False,36b2c8588490339ef136ec141f9a21089b52daf7,2452bed17143498748ed5fe2e446308e3f8f1c3e669d60cb35bb75c90938d88d,150,True,0.19307358225155746,13645,12403,1242,2343,2323,4686,5,fc0c084001c9a8dfb091fd97147e8508731a561fb3cac78cd183c5bea3d1d8d2,852fd1b98075d7363236052d418cdc24f0011725c06039612fda9517646b34fd,3d14cab85b75e87b9a34be8b0050819b6064285d30602a1bbe7397963589284c
DC-E,SBVCHP_SBORC,Acetone,R236ea,101,S4_DCE_SBVCHP-SBORC_Acetone_R236ea_seed101_20260720T095135Z,${CBSIM_RUNS_ROOT}/S4_FORMAL/BATCH_S4_20260720T095135Z/runs/S4_DCE_SBVCHP-SBORC_Acetone_R236ea_seed101_20260720T095135Z,${CBSIM_RUNS_ROOT}/S4_FORMAL/BATCH_S4_20260720T095135Z/runs/S4_DCE_SBVCHP-SBORC_Acetone_R236ea_seed101_20260720T095135Z/metadata/manifest.json,base,S4_DCE_SBVCHP-SBORC_Acetone_R236ea_seed101_20260720T095135Z,,S2_DCE_SBVCHP-SBORC_Acetone_R236ea_seed042_20260717T060425Z,5,greedy_incremental_hypervolume,False,36b2c8588490339ef136ec141f9a21089b52daf7,2452bed17143498748ed5fe2e446308e3f8f1c3e669d60cb35bb75c90938d88d,150,True,0.19292889790437392,13750,12365,1385,2590,2583,5180,5,22f1f83b6b54e5847b63bdc50fc07b94ab833288f26a1ce8c790ab2c87ffe79b,90a2381f4b701766e83f4d9d3c512582ae278c5198dc09e50a1c3c7fe4c0265b,39fab8a921fa2f4045713de498422fe6fe9d4214b64f740dcf46275fd157446c
DC-E,SBVCHP_SBORC,Acetone,R236ea,202,S4_DCE_SBVCHP-SBORC_Acetone_R236ea_seed202_20260721T031641Z,${CBSIM_RUNS_ROOT}/S4_EXTENSION/BATCH_S4_20260721T031641Z/runs/S4_DCE_SBVCHP-SBORC_Acetone_R236ea_seed202_20260721T031641Z,${CBSIM_RUNS_ROOT}/S4_EXTENSION/BATCH_S4_20260721T031641Z/runs/S4_DCE_SBVCHP-SBORC_Acetone_R236ea_seed202_20260721T031641Z/metadata/manifest.json,extension,S4_DCE_SBVCHP-SBORC_Acetone_R236ea_seed202_20260720T095135Z,S4_DCE_SBVCHP-SBORC_Acetone_R236ea_seed202_20260720T095135Z,S2_DCE_SBVCHP-SBORC_Acetone_R236ea_seed042_20260717T060425Z,5,greedy_incremental_hypervolume,False,d8afee5d5a587723cf3e45f1975c4b4b4a181c25,2452bed17143498748ed5fe2e446308e3f8f1c3e669d60cb35bb75c90938d88d,155,True,0.19157413764789566,14264,12853,1411,2337,2325,9218,2,6446b8c01472c5f34dd80caa2cc50e5a235f6cc56e8d7c389792570f14267878,684f68ffa67b566feebc9e700b6270ccdbb13d2323038238d73d40716a712af7,460e57f8fe64faf812f01e9b32251cb88ae5ae12f51ff487a8925cd57ab1aa8b
DC-E,SBVCHP_SBORC,Acetone,R600,17,S4_DCE_SBVCHP-SBORC_Acetone_R600_seed017_20260720T095135Z,${CBSIM_RUNS_ROOT}/S4_FORMAL/BATCH_S4_20260720T095135Z/runs/S4_DCE_SBVCHP-SBORC_Acetone_R600_seed017_20260720T095135Z,${CBSIM_RUNS_ROOT}/S4_FORMAL/BATCH_S4_20260720T095135Z/runs/S4_DCE_SBVCHP-SBORC_Acetone_R600_seed017_20260720T095135Z/metadata/manifest.json,base,S4_DCE_SBVCHP-SBORC_Acetone_R600_seed017_20260720T095135Z,,S2_DCE_SBVCHP-SBORC_Acetone_R600_seed042_20260717T060425Z,1,extreme_exergy_efficiency,True,36b2c8588490339ef136ec141f9a21089b52daf7,2452bed17143498748ed5fe2e446308e3f8f1c3e669d60cb35bb75c90938d88d,150,True,0.1949845679267031,13724,12366,1358,2499,2483,4998,10,2d61eb18cd2e7b3e5767e56c47332c0e6af52fd2ced7bc24b931f213395204a1,ac4edbf353592c54ec7ae8ecad0d997db03215f6afc4ce178e3875dbfba63a5c,7a98f184e9b77fb99f01043cf1aa09093efd3ec791c3582941f52c8e70e09c12
DC-E,SBVCHP_SBORC,Acetone,R600,42,S4_DCE_SBVCHP-SBORC_Acetone_R600_seed042_20260720T095135Z,${CBSIM_RUNS_ROOT}/S4_FORMAL/BATCH_S4_20260720T095135Z/runs/S4_DCE_SBVCHP-SBORC_Acetone_R600_seed042_20260720T095135Z,${CBSIM_RUNS_ROOT}/S4_FORMAL/BATCH_S4_20260720T095135Z/runs/S4_DCE_SBVCHP-SBORC_Acetone_R600_seed042_20260720T095135Z/metadata/manifest.json,base,S4_DCE_SBVCHP-SBORC_Acetone_R600_seed042_20260720T095135Z,,S2_DCE_SBVCHP-SBORC_Acetone_R600_seed042_20260717T060425Z,1,extreme_exergy_efficiency,True,36b2c8588490339ef136ec141f9a21089b52daf7,2452bed17143498748ed5fe2e446308e3f8f1c3e669d60cb35bb75c90938d88d,150,True,0.1961567733197432,13753,12680,1073,2865,2855,5730,4,a02354ab6c483873eafeb954c5066b84e0ae3adf8a47e3aaf4ed341e069f1437,3dd97367a808b05d4093d851eafc5c69efcd6853a27d0bbd70b70b7b8fac9d63,1ecdd45bee6dc59e3507b3657c59c2f237b51a13a3b31e5124f65387ed2ec32a
DC-E,SBVCHP_SBORC,Acetone,R600,73,S4_DCE_SBVCHP-SBORC_Acetone_R600_seed073_20260721T031641Z,${CBSIM_RUNS_ROOT}/S4_EXTENSION/BATCH_S4_20260721T031641Z/runs/S4_DCE_SBVCHP-SBORC_Acetone_R600_seed073_20260721T031641Z,${CBSIM_RUNS_ROOT}/S4_EXTENSION/BATCH_S4_20260721T031641Z/runs/S4_DCE_SBVCHP-SBORC_Acetone_R600_seed073_20260721T031641Z/metadata/manifest.json,extension,S4_DCE_SBVCHP-SBORC_Acetone_R600_seed073_20260720T095135Z,S4_DCE_SBVCHP-SBORC_Acetone_R600_seed073_20260720T095135Z,S2_DCE_SBVCHP-SBORC_Acetone_R600_seed042_20260717T060425Z,1,extreme_exergy_efficiency,True,d8afee5d5a587723cf3e45f1975c4b4b4a181c25,2452bed17143498748ed5fe2e446308e3f8f1c3e669d60cb35bb75c90938d88d,161,True,0.19476225762618132,14708,13599,1109,2783,2770,10716,8,f66d0bbf6588cc99af6772dfc171d3a82a137abfa0fa8f021af294d104d2a425,8d23dc98afe079923711250860797054bcf0143d3c7cb8a4f52a4801a9a1efe0,b138550c91649ea2ddecd788035370d28179aacb3004f9e6913000c652546b8a
DC-E,SBVCHP_SBORC,Acetone,R600,101,S4_DCE_SBVCHP-SBORC_Acetone_R600_seed101_20260720T095135Z,${CBSIM_RUNS_ROOT}/S4_FORMAL/BATCH_S4_20260720T095135Z/runs/S4_DCE_SBVCHP-SBORC_Acetone_R600_seed101_20260720T095135Z,${CBSIM_RUNS_ROOT}/S4_FORMAL/BATCH_S4_20260720T095135Z/runs/S4_DCE_SBVCHP-SBORC_Acetone_R600_seed101_20260720T095135Z/metadata/manifest.json,base,S4_DCE_SBVCHP-SBORC_Acetone_R600_seed101_20260720T095135Z,,S2_DCE_SBVCHP-SBORC_Acetone_R600_seed042_20260717T060425Z,1,extreme_exergy_efficiency,True,36b2c8588490339ef136ec141f9a21089b52daf7,2452bed17143498748ed5fe2e446308e3f8f1c3e669d60cb35bb75c90938d88d,150,True,0.1966733944343306,13696,12386,1310,2636,2625,5272,11,dd2e1863f01979645b6faa370661f727a3d5ec79c8529bf71d80218628b2bac3,b3d10a9daac4f6500b4e4c4f554a4c1ff65a290970943bb2f0143c0e23ff0e9a,1012ff25cb958c3ce0cc60070e7037c6d7c51f035f94ced3d7e8d8db0840faf3
DC-E,SBVCHP_SBORC,Acetone,R600,202,S4_DCE_SBVCHP-SBORC_Acetone_R600_seed202_20260721T031641Z,${CBSIM_RUNS_ROOT}/S4_EXTENSION/BATCH_S4_20260721T031641Z/runs/S4_DCE_SBVCHP-SBORC_Acetone_R600_seed202_20260721T031641Z,${CBSIM_RUNS_ROOT}/S4_EXTENSION/BATCH_S4_20260721T031641Z/runs/S4_DCE_SBVCHP-SBORC_Acetone_R600_seed202_20260721T031641Z/metadata/manifest.json,extension,S4_DCE_SBVCHP-SBORC_Acetone_R600_seed202_20260720T095135Z,S4_DCE_SBVCHP-SBORC_Acetone_R600_seed202_20260720T095135Z,S2_DCE_SBVCHP-SBORC_Acetone_R600_seed042_20260717T060425Z,1,extreme_exergy_efficiency,True,d8afee5d5a587723cf3e45f1975c4b4b4a181c25,2452bed17143498748ed5fe2e446308e3f8f1c3e669d60cb35bb75c90938d88d,151,True,0.195452195707069,13855,12333,1522,2318,2288,9240,28,7c2dd7d95015814f82395837b076d230c2bff5798451abd378e6296554210814,8fb599e25e6250fa5da3e95786c466eba2b57fdcece3a073b69340494a180f28,3a5952ee467272b272c042b09435ecab48f59208a96c0c2eeae86a48e4f9a75c
DC-E,SBVCHP_SBORC,Acetone,R600a,17,S4_DCE_SBVCHP-SBORC_Acetone_R600a_seed017_20260721T031641Z,${CBSIM_RUNS_ROOT}/S4_EXTENSION/BATCH_S4_20260721T031641Z/runs/S4_DCE_SBVCHP-SBORC_Acetone_R600a_seed017_20260721T031641Z,${CBSIM_RUNS_ROOT}/S4_EXTENSION/BATCH_S4_20260721T031641Z/runs/S4_DCE_SBVCHP-SBORC_Acetone_R600a_seed017_20260721T031641Z/metadata/manifest.json,extension,S4_DCE_SBVCHP-SBORC_Acetone_R600a_seed017_20260720T095135Z,S4_DCE_SBVCHP-SBORC_Acetone_R600a_seed017_20260720T095135Z,S2_DCE_SBVCHP-SBORC_Acetone_R600a_seed042_20260717T060425Z,2,extreme_eta_p2p,True,d8afee5d5a587723cf3e45f1975c4b4b4a181c25,2452bed17143498748ed5fe2e446308e3f8f1c3e669d60cb35bb75c90938d88d,154,True,0.19102425198925452,14095,12821,1274,2574,2565,10248,3,50117609899aa1a99888ea865e181e6a8b920c006567720fe081cca6b0034f14,578b7f15ba0dac37b345b7fc23040274ca1e9fc4f5f310001e7ab7d39fe745cd,32649dce678f074393a994c4f90fdcec8183a288826123b5cd5e0eeee08b3633
DC-E,SBVCHP_SBORC,Acetone,R600a,42,S4_DCE_SBVCHP-SBORC_Acetone_R600a_seed042_20260720T095135Z,${CBSIM_RUNS_ROOT}/S4_FORMAL/BATCH_S4_20260720T095135Z/runs/S4_DCE_SBVCHP-SBORC_Acetone_R600a_seed042_20260720T095135Z,${CBSIM_RUNS_ROOT}/S4_FORMAL/BATCH_S4_20260720T095135Z/runs/S4_DCE_SBVCHP-SBORC_Acetone_R600a_seed042_20260720T095135Z/metadata/manifest.json,base,S4_DCE_SBVCHP-SBORC_Acetone_R600a_seed042_20260720T095135Z,,S2_DCE_SBVCHP-SBORC_Acetone_R600a_seed042_20260717T060425Z,2,extreme_eta_p2p,True,36b2c8588490339ef136ec141f9a21089b52daf7,2452bed17143498748ed5fe2e446308e3f8f1c3e669d60cb35bb75c90938d88d,150,True,0.1921351886966521,13776,12632,1144,2651,2627,5302,10,157494b841cbbc5e763726837f1b89840bb328b372c9f3938e860c6eb426af0b,97f5305b3af4575f712f3aa680e9f63a6036a765d4b4648d28df0ad1575394fd,b15a2ea94fbc886ba908a321d31a6c68fb936dee2f1dbb3bafc715cc2eb19da7
DC-E,SBVCHP_SBORC,Acetone,R600a,73,S4_DCE_SBVCHP-SBORC_Acetone_R600a_seed073_20260721T031641Z,${CBSIM_RUNS_ROOT}/S4_EXTENSION/BATCH_S4_20260721T031641Z/runs/S4_DCE_SBVCHP-SBORC_Acetone_R600a_seed073_20260721T031641Z,${CBSIM_RUNS_ROOT}/S4_EXTENSION/BATCH_S4_20260721T031641Z/runs/S4_DCE_SBVCHP-SBORC_Acetone_R600a_seed073_20260721T031641Z/metadata/manifest.json,extension,S4_DCE_SBVCHP-SBORC_Acetone_R600a_seed073_20260720T095135Z,S4_DCE_SBVCHP-SBORC_Acetone_R600a_seed073_20260720T095135Z,S2_DCE_SBVCHP-SBORC_Acetone_R600a_seed042_20260717T060425Z,2,extreme_eta_p2p,True,d8afee5d5a587723cf3e45f1975c4b4b4a181c25,2452bed17143498748ed5fe2e446308e3f8f1c3e669d60cb35bb75c90938d88d,156,True,0.1907689423264249,14271,13178,1093,2634,2610,10364,14,de6cbce11855336003f512599bbef0bfdc7c3cd48c652dfc2c75c036a4b0ead3,b00d48c38cbf25596fd43a56d6b53e806caffa4e9fa5a710d995853ab11fc60d,a11adfd44dada67bd2da103cf18ef9dc376bc8dc971753394c0a18d33bc4d41f
DC-E,SBVCHP_SBORC,Acetone,R600a,101,S4_DCE_SBVCHP-SBORC_Acetone_R600a_seed101_20260720T095135Z,${CBSIM_RUNS_ROOT}/S4_FORMAL/BATCH_S4_20260720T095135Z/runs/S4_DCE_SBVCHP-SBORC_Acetone_R600a_seed101_20260720T095135Z,${CBSIM_RUNS_ROOT}/S4_FORMAL/BATCH_S4_20260720T095135Z/runs/S4_DCE_SBVCHP-SBORC_Acetone_R600a_seed101_20260720T095135Z/metadata/manifest.json,base,S4_DCE_SBVCHP-SBORC_Acetone_R600a_seed101_20260720T095135Z,,S2_DCE_SBVCHP-SBORC_Acetone_R600a_seed042_20260717T060425Z,2,extreme_eta_p2p,True,36b2c8588490339ef136ec141f9a21089b52daf7,2452bed17143498748ed5fe2e446308e3f8f1c3e669d60cb35bb75c90938d88d,150,True,0.19245037817979757,13769,12544,1225,2775,2765,5550,4,4bf3f956711ce30a7498496e54cc1c2a2bdadf6556975124a420c2a7c0de85b0,eff755e2dbfb7cfaf62b5ed803e4dc861220b473b74efc79f5b609304850a0bd,9bfc81bc95c8d5223bf171808a9d97be66152a5345a2184908db02b43b95003c
DC-E,SBVCHP_SBORC,Acetone,R600a,202,S4_DCE_SBVCHP-SBORC_Acetone_R600a_seed202_20260720T095135Z,${CBSIM_RUNS_ROOT}/S4_FORMAL/BATCH_S4_20260720T095135Z/runs/S4_DCE_SBVCHP-SBORC_Acetone_R600a_seed202_20260720T095135Z,${CBSIM_RUNS_ROOT}/S4_FORMAL/BATCH_S4_20260720T095135Z/runs/S4_DCE_SBVCHP-SBORC_Acetone_R600a_seed202_20260720T095135Z/metadata/manifest.json,base,S4_DCE_SBVCHP-SBORC_Acetone_R600a_seed202_20260720T095135Z,,S2_DCE_SBVCHP-SBORC_Acetone_R600a_seed042_20260717T060425Z,2,extreme_eta_p2p,True,36b2c8588490339ef136ec141f9a21089b52daf7,2452bed17143498748ed5fe2e446308e3f8f1c3e669d60cb35bb75c90938d88d,150,True,0.19078422140473958,13743,12138,1605,2378,2357,4756,14,2bbbd67a8d2863694dee1d448f5d340c9406cfcfbc740001fc5c10844ebece52,efe77732905577387caadc33e35c7dc98580dc9d81a8a13ce301a714dc11e450,2be64dea85998510d92dc88f970188b9892fec9c3768ab3073518974d254b568
DC-E,SBVCHP_SBORC,Cyclopentane,R227EA,17,S4_DCE_SBVCHP-SBORC_Cyclopentane_R227EA_seed017_20260721T031641Z,${CBSIM_RUNS_ROOT}/S4_EXTENSION/BATCH_S4_20260721T031641Z/runs/S4_DCE_SBVCHP-SBORC_Cyclopentane_R227EA_seed017_20260721T031641Z,${CBSIM_RUNS_ROOT}/S4_EXTENSION/BATCH_S4_20260721T031641Z/runs/S4_DCE_SBVCHP-SBORC_Cyclopentane_R227EA_seed017_20260721T031641Z/metadata/manifest.json,extension,S4_DCE_SBVCHP-SBORC_Cyclopentane_R227EA_seed017_20260720T095135Z,S4_DCE_SBVCHP-SBORC_Cyclopentane_R227EA_seed017_20260720T095135Z,S2_DCE_SBVCHP-SBORC_Cyclopentane_R227EA_seed042_20260717T060425Z,3,extreme_energy_density_thermal,True,d8afee5d5a587723cf3e45f1975c4b4b4a181c25,2452bed17143498748ed5fe2e446308e3f8f1c3e669d60cb35bb75c90938d88d,169,True,0.16517100823216688,15470,12323,3147,2317,2310,8770,7,c99736fda7737c32a16446e960718dd97b6a530d6da0241071f14c16cd346d58,f8e2544d1907ed35bf80069c4cdb5818aad1b205a4107342ee753f6118b149a8,bb9e28ea6cd4bee353822e1c6886646847116be746ac34d81670e476e2caa2c0
DC-E,SBVCHP_SBORC,Cyclopentane,R227EA,42,S4_DCE_SBVCHP-SBORC_Cyclopentane_R227EA_seed042_20260720T095135Z,${CBSIM_RUNS_ROOT}/S4_FORMAL/BATCH_S4_20260720T095135Z/runs/S4_DCE_SBVCHP-SBORC_Cyclopentane_R227EA_seed042_20260720T095135Z,${CBSIM_RUNS_ROOT}/S4_FORMAL/BATCH_S4_20260720T095135Z/runs/S4_DCE_SBVCHP-SBORC_Cyclopentane_R227EA_seed042_20260720T095135Z/metadata/manifest.json,base,S4_DCE_SBVCHP-SBORC_Cyclopentane_R227EA_seed042_20260720T095135Z,,S2_DCE_SBVCHP-SBORC_Cyclopentane_R227EA_seed042_20260717T060425Z,3,extreme_energy_density_thermal,True,36b2c8588490339ef136ec141f9a21089b52daf7,2452bed17143498748ed5fe2e446308e3f8f1c3e669d60cb35bb75c90938d88d,150,True,0.16500915288809603,13794,11313,2481,2115,2114,4230,1,22f1a69aae7a154bfb1572eed845ffc36252e75988669a94f1f7adb6a5970564,896216c76af1a235b5b2b8707163804f613d880e3e83d5427ce8eb405a37ca57,99d3afadcefce4592121913ca14a19ef76a56e4b033665e66a55b20df9ba4975
DC-E,SBVCHP_SBORC,Cyclopentane,R227EA,73,S4_DCE_SBVCHP-SBORC_Cyclopentane_R227EA_seed073_20260720T095135Z,${CBSIM_RUNS_ROOT}/S4_FORMAL/BATCH_S4_20260720T095135Z/runs/S4_DCE_SBVCHP-SBORC_Cyclopentane_R227EA_seed073_20260720T095135Z,${CBSIM_RUNS_ROOT}/S4_FORMAL/BATCH_S4_20260720T095135Z/runs/S4_DCE_SBVCHP-SBORC_Cyclopentane_R227EA_seed073_20260720T095135Z/metadata/manifest.json,base,S4_DCE_SBVCHP-SBORC_Cyclopentane_R227EA_seed073_20260720T095135Z,,S2_DCE_SBVCHP-SBORC_Cyclopentane_R227EA_seed042_20260717T060425Z,3,extreme_energy_density_thermal,True,36b2c8588490339ef136ec141f9a21089b52daf7,2452bed17143498748ed5fe2e446308e3f8f1c3e669d60cb35bb75c90938d88d,150,True,0.16491684871729448,13658,11122,2536,2219,2215,4438,4,9ce199e310cc30f4024959546d1b15cf59feeed0f4899c67876779479e6c1ff8,99eb9777e9cc3088bbc15b34d6d17e3d5fe3dac47bacfcae4d00a006cf1ca0a5,a0e2fb64ab88f03803a811433165c0c219a8f86c6179b8c6011e53ffd165b16b
DC-E,SBVCHP_SBORC,Cyclopentane,R227EA,101,S4_DCE_SBVCHP-SBORC_Cyclopentane_R227EA_seed101_20260721T031641Z,${CBSIM_RUNS_ROOT}/S4_EXTENSION/BATCH_S4_20260721T031641Z/runs/S4_DCE_SBVCHP-SBORC_Cyclopentane_R227EA_seed101_20260721T031641Z,${CBSIM_RUNS_ROOT}/S4_EXTENSION/BATCH_S4_20260721T031641Z/runs/S4_DCE_SBVCHP-SBORC_Cyclopentane_R227EA_seed101_20260721T031641Z/metadata/manifest.json,extension,S4_DCE_SBVCHP-SBORC_Cyclopentane_R227EA_seed101_20260720T095135Z,S4_DCE_SBVCHP-SBORC_Cyclopentane_R227EA_seed101_20260720T095135Z,S2_DCE_SBVCHP-SBORC_Cyclopentane_R227EA_seed042_20260717T060425Z,3,extreme_energy_density_thermal,True,d8afee5d5a587723cf3e45f1975c4b4b4a181c25,2452bed17143498748ed5fe2e446308e3f8f1c3e669d60cb35bb75c90938d88d,158,True,0.16267642229736065,14459,11505,2954,2060,2054,8034,6,1ae08bc74ab26f71cd4de6f17235ac210ac8e22be7ac24895a18473a0d540862,4f6c239826a5e6d5f27b256be49dde48c57a87a8adbaff1d64326993d785e4a6,9fae8a8ff5791e3e466bbe8b358e030979e855acc015d73ddefecb7c572ae9fc
DC-E,SBVCHP_SBORC,Cyclopentane,R227EA,202,S4_DCE_SBVCHP-SBORC_Cyclopentane_R227EA_seed202_20260721T031641Z,${CBSIM_RUNS_ROOT}/S4_EXTENSION/BATCH_S4_20260721T031641Z/runs/S4_DCE_SBVCHP-SBORC_Cyclopentane_R227EA_seed202_20260721T031641Z,${CBSIM_RUNS_ROOT}/S4_EXTENSION/BATCH_S4_20260721T031641Z/runs/S4_DCE_SBVCHP-SBORC_Cyclopentane_R227EA_seed202_20260721T031641Z/metadata/manifest.json,extension,S4_DCE_SBVCHP-SBORC_Cyclopentane_R227EA_seed202_20260720T095135Z,S4_DCE_SBVCHP-SBORC_Cyclopentane_R227EA_seed202_20260720T095135Z,S2_DCE_SBVCHP-SBORC_Cyclopentane_R227EA_seed042_20260717T060425Z,3,extreme_energy_density_thermal,True,d8afee5d5a587723cf3e45f1975c4b4b4a181c25,2452bed17143498748ed5fe2e446308e3f8f1c3e669d60cb35bb75c90938d88d,174,True,0.1628925425671825,15967,13282,2685,2100,2099,7980,1,5d8189018468b8a74d885fbcf4a00942004e66beef14b760088a4b48a2e77362,9f1582a2db68566227bfba021ba533b7467b5ceda834d66e554cd80930de30ac,bfe4e01a56962eb4ea9fc76eb29aa423d84db44e38a6355067cd694ab9fb6eac
DC-E,SRVCHP_SRORC,Acetone,R236ea,17,S4_DCE_SRVCHP-SRORC_Acetone_R236ea_seed017_20260720T095135Z,${CBSIM_RUNS_ROOT}/S4_FORMAL/BATCH_S4_20260720T095135Z/runs/S4_DCE_SRVCHP-SRORC_Acetone_R236ea_seed017_20260720T095135Z,${CBSIM_RUNS_ROOT}/S4_FORMAL/BATCH_S4_20260720T095135Z/runs/S4_DCE_SRVCHP-SRORC_Acetone_R236ea_seed017_20260720T095135Z/metadata/manifest.json,base,S4_DCE_SRVCHP-SRORC_Acetone_R236ea_seed017_20260720T095135Z,,S2_DCE_SRVCHP-SRORC_Acetone_R236ea_seed042_20260717T060425Z,4,greedy_incremental_hypervolume,False,36b2c8588490339ef136ec141f9a21089b52daf7,2452bed17143498748ed5fe2e446308e3f8f1c3e669d60cb35bb75c90938d88d,150,True,0.22433688345333502,13709,11874,1835,2726,2716,5452,1,fc6892e087dc7881a2344fed39d785bc51978d0e861bc7ce64b545d1435f48a7,f703c3c62b32fec8c39b4a40f80bcb97f71aa51b90d1f71e6799d6d5316a2b9c,f27275c3bac9a4f3cb10ba2b06601b8f9978dbf9fc13145fb4bae632c95fb70a
DC-E,SRVCHP_SRORC,Acetone,R236ea,42,S4_DCE_SRVCHP-SRORC_Acetone_R236ea_seed042_20260720T095135Z,${CBSIM_RUNS_ROOT}/S4_FORMAL/BATCH_S4_20260720T095135Z/runs/S4_DCE_SRVCHP-SRORC_Acetone_R236ea_seed042_20260720T095135Z,${CBSIM_RUNS_ROOT}/S4_FORMAL/BATCH_S4_20260720T095135Z/runs/S4_DCE_SRVCHP-SRORC_Acetone_R236ea_seed042_20260720T095135Z/metadata/manifest.json,base,S4_DCE_SRVCHP-SRORC_Acetone_R236ea_seed042_20260720T095135Z,,S2_DCE_SRVCHP-SRORC_Acetone_R236ea_seed042_20260717T060425Z,4,greedy_incremental_hypervolume,False,36b2c8588490339ef136ec141f9a21089b52daf7,2452bed17143498748ed5fe2e446308e3f8f1c3e669d60cb35bb75c90938d88d,150,True,0.22498725064866135,13709,11980,1729,2968,2949,5936,4,898cc673175b84feacb91bef6aa6ef4fd7b684aee762c6eeb0430eb740c4ceed,c82023de6233772fa9e7a7f2bbf316305d50621bc232c2b10f6795396df8a876,9c6757ea58d8f459bb622e51ab2b03e45dcabf7176d9bea41b30435a7c7d1026
DC-E,SRVCHP_SRORC,Acetone,R236ea,73,S4_DCE_SRVCHP-SRORC_Acetone_R236ea_seed073_20260720T095135Z,${CBSIM_RUNS_ROOT}/S4_FORMAL/BATCH_S4_20260720T095135Z/runs/S4_DCE_SRVCHP-SRORC_Acetone_R236ea_seed073_20260720T095135Z,${CBSIM_RUNS_ROOT}/S4_FORMAL/BATCH_S4_20260720T095135Z/runs/S4_DCE_SRVCHP-SRORC_Acetone_R236ea_seed073_20260720T095135Z/metadata/manifest.json,base,S4_DCE_SRVCHP-SRORC_Acetone_R236ea_seed073_20260720T095135Z,,S2_DCE_SRVCHP-SRORC_Acetone_R236ea_seed042_20260717T060425Z,4,greedy_incremental_hypervolume,False,36b2c8588490339ef136ec141f9a21089b52daf7,2452bed17143498748ed5fe2e446308e3f8f1c3e669d60cb35bb75c90938d88d,150,True,0.22469814348813633,13728,11759,1969,2633,2622,5266,8,feb5872b3b4b2d201e78e1ca7326c009d4a4d5252661f58f6451b2cac861aeea,42d958c61478723c0834dc7573550a45baa4796b386d67d31c44265bb7b6b410,c261332ac846c31f9d72da6312048bb47f8d57acd10363184b8f32d5d565bcb9
DC-E,SRVCHP_SRORC,Acetone,R236ea,101,S4_DCE_SRVCHP-SRORC_Acetone_R236ea_seed101_20260720T095135Z,${CBSIM_RUNS_ROOT}/S4_FORMAL/BATCH_S4_20260720T095135Z/runs/S4_DCE_SRVCHP-SRORC_Acetone_R236ea_seed101_20260720T095135Z,${CBSIM_RUNS_ROOT}/S4_FORMAL/BATCH_S4_20260720T095135Z/runs/S4_DCE_SRVCHP-SRORC_Acetone_R236ea_seed101_20260720T095135Z/metadata/manifest.json,base,S4_DCE_SRVCHP-SRORC_Acetone_R236ea_seed101_20260720T095135Z,,S2_DCE_SRVCHP-SRORC_Acetone_R236ea_seed042_20260717T060425Z,4,greedy_incremental_hypervolume,False,36b2c8588490339ef136ec141f9a21089b52daf7,2452bed17143498748ed5fe2e446308e3f8f1c3e669d60cb35bb75c90938d88d,150,True,0.22578128292008873,13673,11714,1959,2866,2844,5732,10,cabbec236c7e119a7043891863860f8507f73088320f0a8bfb336e6a6ce9dbac,4992a1c83943e662c9ce876c462f085a24126710d1367ae3849305fa879584b5,3b252945fe65ac31653f83d74aa97698379a182ad7a46cfc150b83f12d508d8a
DC-E,SRVCHP_SRORC,Acetone,R236ea,202,S4_DCE_SRVCHP-SRORC_Acetone_R236ea_seed202_20260720T095135Z,${CBSIM_RUNS_ROOT}/S4_FORMAL/BATCH_S4_20260720T095135Z/runs/S4_DCE_SRVCHP-SRORC_Acetone_R236ea_seed202_20260720T095135Z,${CBSIM_RUNS_ROOT}/S4_FORMAL/BATCH_S4_20260720T095135Z/runs/S4_DCE_SRVCHP-SRORC_Acetone_R236ea_seed202_20260720T095135Z/metadata/manifest.json,base,S4_DCE_SRVCHP-SRORC_Acetone_R236ea_seed202_20260720T095135Z,,S2_DCE_SRVCHP-SRORC_Acetone_R236ea_seed042_20260717T060425Z,4,greedy_incremental_hypervolume,False,36b2c8588490339ef136ec141f9a21089b52daf7,2452bed17143498748ed5fe2e446308e3f8f1c3e669d60cb35bb75c90938d88d,150,True,0.22485926294062122,13740,11940,1800,2805,2793,5610,5,b12fc674dee9bae94dae4e1fc2c7a35f25ffecd8db9c96456a00787b0266c83c,edf8048597537283edf88e2973cc002e21679a215cead9989ac369ec178711f9,fce44b0724d7372f20646ace95af0a967f38bcb1b659823d9c517e4e657275ea
DC-E,SRVCHP_SRORC,Cyclopentane,R227EA,17,S4_DCE_SRVCHP-SRORC_Cyclopentane_R227EA_seed017_20260720T095135Z,${CBSIM_RUNS_ROOT}/S4_FORMAL/BATCH_S4_20260720T095135Z/runs/S4_DCE_SRVCHP-SRORC_Cyclopentane_R227EA_seed017_20260720T095135Z,${CBSIM_RUNS_ROOT}/S4_FORMAL/BATCH_S4_20260720T095135Z/runs/S4_DCE_SRVCHP-SRORC_Cyclopentane_R227EA_seed017_20260720T095135Z/metadata/manifest.json,base,S4_DCE_SRVCHP-SRORC_Cyclopentane_R227EA_seed017_20260720T095135Z,,S2_DCE_SRVCHP-SRORC_Cyclopentane_R227EA_seed042_20260717T060425Z,2,extreme_energy_density_thermal,True,36b2c8588490339ef136ec141f9a21089b52daf7,2452bed17143498748ed5fe2e446308e3f8f1c3e669d60cb35bb75c90938d88d,150,True,0.20673389621088176,13717,9805,3912,1922,1911,3844,11,660789f6f1857fd6b18948b340192f34cc7d42e7f7684b95a0383259f4a0bef8,eea6acc86fff6ba8add50ac5cfebdb0b6102e15158cda67b5476d0047094ee1a,359f4eb9e748a803bf692e4d7b27a8010d75130d96f496d54e8f3623fbe6728d
DC-E,SRVCHP_SRORC,Cyclopentane,R227EA,42,S4_DCE_SRVCHP-SRORC_Cyclopentane_R227EA_seed042_20260720T095135Z,${CBSIM_RUNS_ROOT}/S4_FORMAL/BATCH_S4_20260720T095135Z/runs/S4_DCE_SRVCHP-SRORC_Cyclopentane_R227EA_seed042_20260720T095135Z,${CBSIM_RUNS_ROOT}/S4_FORMAL/BATCH_S4_20260720T095135Z/runs/S4_DCE_SRVCHP-SRORC_Cyclopentane_R227EA_seed042_20260720T095135Z/metadata/manifest.json,base,S4_DCE_SRVCHP-SRORC_Cyclopentane_R227EA_seed042_20260720T095135Z,,S2_DCE_SRVCHP-SRORC_Cyclopentane_R227EA_seed042_20260717T060425Z,2,extreme_energy_density_thermal,True,36b2c8588490339ef136ec141f9a21089b52daf7,2452bed17143498748ed5fe2e446308e3f8f1c3e669d60cb35bb75c90938d88d,150,True,0.20661033724197586,13759,9602,4157,1870,1859,3740,11,a589f3a11fa764a454702f42cdd65f57c0c321648e3ffd4c096c297f99c25b93,34f5cd9552cb4ffb70af55f4f0c08e30363410f2f9edee66c6a65a632b12c998,cb572d95577c64e90e955e46f329991b0a0ac5c7f683845b4c0dd41921b959d1
DC-E,SRVCHP_SRORC,Cyclopentane,R227EA,73,S4_DCE_SRVCHP-SRORC_Cyclopentane_R227EA_seed073_20260721T031641Z,${CBSIM_RUNS_ROOT}/S4_EXTENSION/BATCH_S4_20260721T031641Z/runs/S4_DCE_SRVCHP-SRORC_Cyclopentane_R227EA_seed073_20260721T031641Z,${CBSIM_RUNS_ROOT}/S4_EXTENSION/BATCH_S4_20260721T031641Z/runs/S4_DCE_SRVCHP-SRORC_Cyclopentane_R227EA_seed073_20260721T031641Z/metadata/manifest.json,extension,S4_DCE_SRVCHP-SRORC_Cyclopentane_R227EA_seed073_20260720T095135Z,S4_DCE_SRVCHP-SRORC_Cyclopentane_R227EA_seed073_20260720T095135Z,S2_DCE_SRVCHP-SRORC_Cyclopentane_R227EA_seed042_20260717T060425Z,2,extreme_energy_density_thermal,True,d8afee5d5a587723cf3e45f1975c4b4b4a181c25,2452bed17143498748ed5fe2e446308e3f8f1c3e669d60cb35bb75c90938d88d,157,True,0.20435137245770546,14322,10228,4094,1851,1836,7240,15,a15ad5f9b1f6a3c02d0eb90fcc5aa7ebe82fa254d87f2d0b53d54955884888e5,b7ca35752155ef8914ab389e62100d81a8aef564fb9a9a9761301184e49fb539,af6b17072cff000217a292c4604845e094e07182a95c4e2ed16410698ccb6240
DC-E,SRVCHP_SRORC,Cyclopentane,R227EA,101,S4_DCE_SRVCHP-SRORC_Cyclopentane_R227EA_seed101_20260720T095135Z,${CBSIM_RUNS_ROOT}/S4_FORMAL/BATCH_S4_20260720T095135Z/runs/S4_DCE_SRVCHP-SRORC_Cyclopentane_R227EA_seed101_20260720T095135Z,${CBSIM_RUNS_ROOT}/S4_FORMAL/BATCH_S4_20260720T095135Z/runs/S4_DCE_SRVCHP-SRORC_Cyclopentane_R227EA_seed101_20260720T095135Z/metadata/manifest.json,base,S4_DCE_SRVCHP-SRORC_Cyclopentane_R227EA_seed101_20260720T095135Z,,S2_DCE_SRVCHP-SRORC_Cyclopentane_R227EA_seed042_20260717T060425Z,2,extreme_energy_density_thermal,True,36b2c8588490339ef136ec141f9a21089b52daf7,2452bed17143498748ed5fe2e446308e3f8f1c3e669d60cb35bb75c90938d88d,150,True,0.20486064528478823,13793,9303,4490,1699,1690,3398,9,85d5587bf3e49933bb077ca11ed5fcd7455f5e8637e185b45fe3d7e095a8eb2b,0cdd35550a963c4d95793d34881eeb686b1a0cf97db9764de816a1d49e1f415b,92dd25d0d6034136ed353fc180e9b43822287ec6376f74a24734e0cb76e32a5c
DC-E,SRVCHP_SRORC,Cyclopentane,R227EA,202,S4_DCE_SRVCHP-SRORC_Cyclopentane_R227EA_seed202_20260721T031641Z,${CBSIM_RUNS_ROOT}/S4_EXTENSION/BATCH_S4_20260721T031641Z/runs/S4_DCE_SRVCHP-SRORC_Cyclopentane_R227EA_seed202_20260721T031641Z,${CBSIM_RUNS_ROOT}/S4_EXTENSION/BATCH_S4_20260721T031641Z/runs/S4_DCE_SRVCHP-SRORC_Cyclopentane_R227EA_seed202_20260721T031641Z/metadata/manifest.json,extension,S4_DCE_SRVCHP-SRORC_Cyclopentane_R227EA_seed202_20260720T095135Z,S4_DCE_SRVCHP-SRORC_Cyclopentane_R227EA_seed202_20260720T095135Z,S2_DCE_SRVCHP-SRORC_Cyclopentane_R227EA_seed042_20260717T060425Z,2,extreme_energy_density_thermal,True,d8afee5d5a587723cf3e45f1975c4b4b4a181c25,2452bed17143498748ed5fe2e446308e3f8f1c3e669d60cb35bb75c90938d88d,174,True,0.20633380435276674,15958,11124,4834,1890,1877,7074,13,61987be71d9396af95dba5a98c91a65c01384cee14771a5bccb441e7341f423c,52b6d0e933708516c788bc498dd2e9ecf1f5e53bd8158764c1e0007d51ba37ed,34909489cb2e68ba1751767bc0409ae6957e004d35788f1032963cba3d29f51c
DC-E,SRVCHP_SRORC,Cyclopentane,R245fa,17,S4_DCE_SRVCHP-SRORC_Cyclopentane_R245fa_seed017_20260720T095135Z,${CBSIM_RUNS_ROOT}/S4_FORMAL/BATCH_S4_20260720T095135Z/runs/S4_DCE_SRVCHP-SRORC_Cyclopentane_R245fa_seed017_20260720T095135Z,${CBSIM_RUNS_ROOT}/S4_FORMAL/BATCH_S4_20260720T095135Z/runs/S4_DCE_SRVCHP-SRORC_Cyclopentane_R245fa_seed017_20260720T095135Z/metadata/manifest.json,base,S4_DCE_SRVCHP-SRORC_Cyclopentane_R245fa_seed017_20260720T095135Z,,S2_DCE_SRVCHP-SRORC_Cyclopentane_R245fa_seed042_20260717T060425Z,1,extreme_exergy_efficiency,True,36b2c8588490339ef136ec141f9a21089b52daf7,2452bed17143498748ed5fe2e446308e3f8f1c3e669d60cb35bb75c90938d88d,150,True,0.222511742074331,13743,12020,1723,3149,3149,6298,0,e4e48511e5ab71e3c3d0759cae6ae77a9264899dacfe5e051585f1b373934461,3f0ceed7f351d326049c7f701a33aa5ad3eab0b486a89c6419c6cce39fa63c1b,b0cc6f479b111e2931c91d320321997a1c9baceab7dadfcf79a7dc9dec887cc7
DC-E,SRVCHP_SRORC,Cyclopentane,R245fa,42,S4_DCE_SRVCHP-SRORC_Cyclopentane_R245fa_seed042_20260720T095135Z,${CBSIM_RUNS_ROOT}/S4_FORMAL/BATCH_S4_20260720T095135Z/runs/S4_DCE_SRVCHP-SRORC_Cyclopentane_R245fa_seed042_20260720T095135Z,${CBSIM_RUNS_ROOT}/S4_FORMAL/BATCH_S4_20260720T095135Z/runs/S4_DCE_SRVCHP-SRORC_Cyclopentane_R245fa_seed042_20260720T095135Z/metadata/manifest.json,base,S4_DCE_SRVCHP-SRORC_Cyclopentane_R245fa_seed042_20260720T095135Z,,S2_DCE_SRVCHP-SRORC_Cyclopentane_R245fa_seed042_20260717T060425Z,1,extreme_exergy_efficiency,True,36b2c8588490339ef136ec141f9a21089b52daf7,2452bed17143498748ed5fe2e446308e3f8f1c3e669d60cb35bb75c90938d88d,150,True,0.2234532795756177,13721,12031,1690,3149,3149,6298,0,6a4c962a229866a07bae6a3c34d2dc5264732b12494072804edd8bbe4e1e9f6a,e47b7fe0f4877fe722785d4fc98a2a937a2b58924c72e029dff1747c8c164742,d8fada2e31e5f7ed7f2d4ff0e8fb01d614f2638e7f7c0441a73a82fb4ec84aa1
DC-E,SRVCHP_SRORC,Cyclopentane,R245fa,73,S4_DCE_SRVCHP-SRORC_Cyclopentane_R245fa_seed073_20260720T095135Z,${CBSIM_RUNS_ROOT}/S4_FORMAL/BATCH_S4_20260720T095135Z/runs/S4_DCE_SRVCHP-SRORC_Cyclopentane_R245fa_seed073_20260720T095135Z,${CBSIM_RUNS_ROOT}/S4_FORMAL/BATCH_S4_20260720T095135Z/runs/S4_DCE_SRVCHP-SRORC_Cyclopentane_R245fa_seed073_20260720T095135Z/metadata/manifest.json,base,S4_DCE_SRVCHP-SRORC_Cyclopentane_R245fa_seed073_20260720T095135Z,,S2_DCE_SRVCHP-SRORC_Cyclopentane_R245fa_seed042_20260717T060425Z,1,extreme_exergy_efficiency,True,36b2c8588490339ef136ec141f9a21089b52daf7,2452bed17143498748ed5fe2e446308e3f8f1c3e669d60cb35bb75c90938d88d,150,True,0.22304834998775513,13770,12286,1484,3445,3445,6890,0,faa47e6812a1b3ce65ed9135a01f4a63053b54e6188e3a058d9c095073252d1d,0d890f3980adafa9dc8e1047d034b0f1438e6e6043ec56f4a3df85fd3f4a7272,d5cc9798f905a95737f32f4fcb043e7beca61c158605af3948afadf7304ec671
DC-E,SRVCHP_SRORC,Cyclopentane,R245fa,101,S4_DCE_SRVCHP-SRORC_Cyclopentane_R245fa_seed101_20260720T095135Z,${CBSIM_RUNS_ROOT}/S4_FORMAL/BATCH_S4_20260720T095135Z/runs/S4_DCE_SRVCHP-SRORC_Cyclopentane_R245fa_seed101_20260720T095135Z,${CBSIM_RUNS_ROOT}/S4_FORMAL/BATCH_S4_20260720T095135Z/runs/S4_DCE_SRVCHP-SRORC_Cyclopentane_R245fa_seed101_20260720T095135Z/metadata/manifest.json,base,S4_DCE_SRVCHP-SRORC_Cyclopentane_R245fa_seed101_20260720T095135Z,,S2_DCE_SRVCHP-SRORC_Cyclopentane_R245fa_seed042_20260717T060425Z,1,extreme_exergy_efficiency,True,36b2c8588490339ef136ec141f9a21089b52daf7,2452bed17143498748ed5fe2e446308e3f8f1c3e669d60cb35bb75c90938d88d,150,True,0.22368614624988994,13703,12051,1652,3171,3171,6342,0,43c5629ad0b7c55419e29d839ad649ff661ece8674bf125b670ee1c0b1243c05,15a86f5c550c3c10c8409e3f32d95b01b7de271ceabf121be711f7371ce56c4b,bbc2e1397f2109f0e0037b1b900bdb009006289bc8e554a8c6b561b8fe768f69
DC-E,SRVCHP_SRORC,Cyclopentane,R245fa,202,S4_DCE_SRVCHP-SRORC_Cyclopentane_R245fa_seed202_20260720T095135Z,${CBSIM_RUNS_ROOT}/S4_FORMAL/BATCH_S4_20260720T095135Z/runs/S4_DCE_SRVCHP-SRORC_Cyclopentane_R245fa_seed202_20260720T095135Z,${CBSIM_RUNS_ROOT}/S4_FORMAL/BATCH_S4_20260720T095135Z/runs/S4_DCE_SRVCHP-SRORC_Cyclopentane_R245fa_seed202_20260720T095135Z/metadata/manifest.json,base,S4_DCE_SRVCHP-SRORC_Cyclopentane_R245fa_seed202_20260720T095135Z,,S2_DCE_SRVCHP-SRORC_Cyclopentane_R245fa_seed042_20260717T060425Z,1,extreme_exergy_efficiency,True,36b2c8588490339ef136ec141f9a21089b52daf7,2452bed17143498748ed5fe2e446308e3f8f1c3e669d60cb35bb75c90938d88d,150,True,0.22308476212480854,13723,11878,1845,2772,2772,5544,0,56870f9e45bb68b90e1766199da56154a8481afe573ad562efaee5bd8099ae23,3740243168efef1975ec1bb13038fcb6a15f12183b29aaebf373ef2d97b29c31,f975c582e2b2c7ea2ecb87c0e4126ad44ebf00438e758b66db61d09e399ba125
DC-E,SRVCHP_SRORC,R1233zd(E),R227EA,17,S4_DCE_SRVCHP-SRORC_R1233zdE_R227EA_seed017_20260720T095135Z,${CBSIM_RUNS_ROOT}/S4_FORMAL/BATCH_S4_20260720T095135Z/runs/S4_DCE_SRVCHP-SRORC_R1233zdE_R227EA_seed017_20260720T095135Z,${CBSIM_RUNS_ROOT}/S4_FORMAL/BATCH_S4_20260720T095135Z/runs/S4_DCE_SRVCHP-SRORC_R1233zdE_R227EA_seed017_20260720T095135Z/metadata/manifest.json,base,S4_DCE_SRVCHP-SRORC_R1233zdE_R227EA_seed017_20260720T095135Z,,S2_DCE_SRVCHP-SRORC_R1233zdE_R227EA_seed042_20260717T060425Z,5,greedy_incremental_hypervolume,False,36b2c8588490339ef136ec141f9a21089b52daf7,2452bed17143498748ed5fe2e446308e3f8f1c3e669d60cb35bb75c90938d88d,150,True,0.20487058915728354,13715,9548,4167,2021,2005,4042,13,50bd3ef687014d35799c26cb59ccaa2e61d0a3f0330d8ba895357616d4b862c1,89b8b819cb3d3fb226f4b2faae821f4f58a08a9b02f09e4afc375e7e3b6b41e1,6ddea99362d6295143975cc21fa7b30e0ed75fe25ca189816c9d53a1956f852c
DC-E,SRVCHP_SRORC,R1233zd(E),R227EA,42,S4_DCE_SRVCHP-SRORC_R1233zdE_R227EA_seed042_20260720T095135Z,${CBSIM_RUNS_ROOT}/S4_FORMAL/BATCH_S4_20260720T095135Z/runs/S4_DCE_SRVCHP-SRORC_R1233zdE_R227EA_seed042_20260720T095135Z,${CBSIM_RUNS_ROOT}/S4_FORMAL/BATCH_S4_20260720T095135Z/runs/S4_DCE_SRVCHP-SRORC_R1233zdE_R227EA_seed042_20260720T095135Z/metadata/manifest.json,base,S4_DCE_SRVCHP-SRORC_R1233zdE_R227EA_seed042_20260720T095135Z,,S2_DCE_SRVCHP-SRORC_R1233zdE_R227EA_seed042_20260717T060425Z,5,greedy_incremental_hypervolume,False,36b2c8588490339ef136ec141f9a21089b52daf7,2452bed17143498748ed5fe2e446308e3f8f1c3e669d60cb35bb75c90938d88d,150,True,0.20343824940830402,13793,9335,4458,1702,1697,3404,5,e0b95edc28a7d2939c59f7d441dbe69b2e53aa534a4c869e226ee2589f5f15cb,c72408f517407ee82ebbc5876472770fb8f7af055d25a50e0bf8312f27bd3118,0a7b826a52a1a2c409ab7b315d1098b9276e365fe182807872145bf9e8895867
DC-E,SRVCHP_SRORC,R1233zd(E),R227EA,73,S4_DCE_SRVCHP-SRORC_R1233zdE_R227EA_seed073_20260720T095135Z,${CBSIM_RUNS_ROOT}/S4_FORMAL/BATCH_S4_20260720T095135Z/runs/S4_DCE_SRVCHP-SRORC_R1233zdE_R227EA_seed073_20260720T095135Z,${CBSIM_RUNS_ROOT}/S4_FORMAL/BATCH_S4_20260720T095135Z/runs/S4_DCE_SRVCHP-SRORC_R1233zdE_R227EA_seed073_20260720T095135Z/metadata/manifest.json,base,S4_DCE_SRVCHP-SRORC_R1233zdE_R227EA_seed073_20260720T095135Z,,S2_DCE_SRVCHP-SRORC_R1233zdE_R227EA_seed042_20260717T060425Z,5,greedy_incremental_hypervolume,False,36b2c8588490339ef136ec141f9a21089b52daf7,2452bed17143498748ed5fe2e446308e3f8f1c3e669d60cb35bb75c90938d88d,150,True,0.20519298300719965,13664,9626,4038,1638,1623,3276,13,30d8e90aafbdc8850072605e0a427c7c95176af787a4a5956d75facd7903529e,93955d07db72ced6e5859de49614f31df41693a82ab68af498a7db9851e40af5,b6b18033ac5cbfc754e7b8920e33c786fcdb898af6c434e551e62274c83ec547
DC-E,SRVCHP_SRORC,R1233zd(E),R227EA,101,S4_DCE_SRVCHP-SRORC_R1233zdE_R227EA_seed101_20260720T095135Z,${CBSIM_RUNS_ROOT}/S4_FORMAL/BATCH_S4_20260720T095135Z/runs/S4_DCE_SRVCHP-SRORC_R1233zdE_R227EA_seed101_20260720T095135Z,${CBSIM_RUNS_ROOT}/S4_FORMAL/BATCH_S4_20260720T095135Z/runs/S4_DCE_SRVCHP-SRORC_R1233zdE_R227EA_seed101_20260720T095135Z/metadata/manifest.json,base,S4_DCE_SRVCHP-SRORC_R1233zdE_R227EA_seed101_20260720T095135Z,,S2_DCE_SRVCHP-SRORC_R1233zdE_R227EA_seed042_20260717T060425Z,5,greedy_incremental_hypervolume,False,36b2c8588490339ef136ec141f9a21089b52daf7,2452bed17143498748ed5fe2e446308e3f8f1c3e669d60cb35bb75c90938d88d,150,True,0.20496886274962287,13776,9654,4122,1834,1825,3668,9,d378bda94d3cd044e575e7c8326e8bbab95229c2ad448f64728bc120a39376a5,3b0aa32bf9827ffe72e2dd96a0192c0ba69bcf87d6d5f59577d8f1f3ab5f35b2,d27f1b0fa636ab2124ad497392eb8261a967c7a29396dc46649a68bdcd32cc68
DC-E,SRVCHP_SRORC,R1233zd(E),R227EA,202,S4_DCE_SRVCHP-SRORC_R1233zdE_R227EA_seed202_20260721T031641Z,${CBSIM_RUNS_ROOT}/S4_EXTENSION/BATCH_S4_20260721T031641Z/runs/S4_DCE_SRVCHP-SRORC_R1233zdE_R227EA_seed202_20260721T031641Z,${CBSIM_RUNS_ROOT}/S4_EXTENSION/BATCH_S4_20260721T031641Z/runs/S4_DCE_SRVCHP-SRORC_R1233zdE_R227EA_seed202_20260721T031641Z/metadata/manifest.json,extension,S4_DCE_SRVCHP-SRORC_R1233zdE_R227EA_seed202_20260720T095135Z,S4_DCE_SRVCHP-SRORC_R1233zdE_R227EA_seed202_20260720T095135Z,S2_DCE_SRVCHP-SRORC_R1233zdE_R227EA_seed042_20260717T060425Z,5,greedy_incremental_hypervolume,False,d8afee5d5a587723cf3e45f1975c4b4b4a181c25,2452bed17143498748ed5fe2e446308e3f8f1c3e669d60cb35bb75c90938d88d,165,True,0.20297185915605812,15171,10530,4641,1876,1863,7116,11,4c0fc32dabcb45d5779d1aa0d860e7461460e77017715dd9a1b8a4de8cabe520,9d5cfcb29b6ca18e671eabb5c7554d39bcb77414c76811188ab7a163ab2cf5f9,6e63cf5cdaeb80e0c67bfc2ac33824682c1c4263f01d032c3b84755ce149ce5a
DC-E,SRVCHP_SRORC,R601a,R600,17,S4_DCE_SRVCHP-SRORC_R601a_R600_seed017_20260720T095135Z,${CBSIM_RUNS_ROOT}/S4_FORMAL/BATCH_S4_20260720T095135Z/runs/S4_DCE_SRVCHP-SRORC_R601a_R600_seed017_20260720T095135Z,${CBSIM_RUNS_ROOT}/S4_FORMAL/BATCH_S4_20260720T095135Z/runs/S4_DCE_SRVCHP-SRORC_R601a_R600_seed017_20260720T095135Z/metadata/manifest.json,base,S4_DCE_SRVCHP-SRORC_R601a_R600_seed017_20260720T095135Z,,S2_DCE_SRVCHP-SRORC_R601a_R600_seed042_20260717T060425Z,3,extreme_eta_p2p,True,36b2c8588490339ef136ec141f9a21089b52daf7,2452bed17143498748ed5fe2e446308e3f8f1c3e669d60cb35bb75c90938d88d,150,True,0.21207631634139482,13717,12030,1687,2482,2480,4964,1,8e8ca321af954022ec545ed3a6a7ed130c9133528e77c2362adcc79cb3e274bd,235aa5569c9457f2136bc11cbcdc3cb5c15db65313d4f9722a8564e56a3b39f2,e6a37aee23bb5cba1013bdb2905e14528c1bce82465a050982b231133fb8e00e
DC-E,SRVCHP_SRORC,R601a,R600,42,S4_DCE_SRVCHP-SRORC_R601a_R600_seed042_20260720T095135Z,${CBSIM_RUNS_ROOT}/S4_FORMAL/BATCH_S4_20260720T095135Z/runs/S4_DCE_SRVCHP-SRORC_R601a_R600_seed042_20260720T095135Z,${CBSIM_RUNS_ROOT}/S4_FORMAL/BATCH_S4_20260720T095135Z/runs/S4_DCE_SRVCHP-SRORC_R601a_R600_seed042_20260720T095135Z/metadata/manifest.json,base,S4_DCE_SRVCHP-SRORC_R601a_R600_seed042_20260720T095135Z,,S2_DCE_SRVCHP-SRORC_R601a_R600_seed042_20260717T060425Z,3,extreme_eta_p2p,True,36b2c8588490339ef136ec141f9a21089b52daf7,2452bed17143498748ed5fe2e446308e3f8f1c3e669d60cb35bb75c90938d88d,150,True,0.21551104639413518,13721,12248,1473,3023,3020,6046,3,589f70d549b1d99e0cb1e4a9f06ca698187fa83f2fb4d1dc3c379378d8c52a85,1ce767e8ed8b560cca1190d2eb4b2bd4a1a9437ba408576fa1c6216cb4c2683f,b4fb8ce3d1df5debc7076aea14df8efe8b9a035bb6bac98bfe002dd202a734a7
DC-E,SRVCHP_SRORC,R601a,R600,73,S4_DCE_SRVCHP-SRORC_R601a_R600_seed073_20260720T095135Z,${CBSIM_RUNS_ROOT}/S4_FORMAL/BATCH_S4_20260720T095135Z/runs/S4_DCE_SRVCHP-SRORC_R601a_R600_seed073_20260720T095135Z,${CBSIM_RUNS_ROOT}/S4_FORMAL/BATCH_S4_20260720T095135Z/runs/S4_DCE_SRVCHP-SRORC_R601a_R600_seed073_20260720T095135Z/metadata/manifest.json,base,S4_DCE_SRVCHP-SRORC_R601a_R600_seed073_20260720T095135Z,,S2_DCE_SRVCHP-SRORC_R601a_R600_seed042_20260717T060425Z,3,extreme_eta_p2p,True,36b2c8588490339ef136ec141f9a21089b52daf7,2452bed17143498748ed5fe2e446308e3f8f1c3e669d60cb35bb75c90938d88d,150,True,0.21501998032405806,13743,12431,1312,2857,2856,5714,0,c7721cc1ad445e7832adb0c90ed662a33a00af7cecae2a9a3682b137da7bb1fc,1f0161742b0bd5e00a6c95fb2b4bdbd2251d7b200e07df6d231676a74321fc34,76894b5a5cb25295375f48a20cfb76a247235663c65267d9a8d77f358036b9cd
DC-E,SRVCHP_SRORC,R601a,R600,101,S4_DCE_SRVCHP-SRORC_R601a_R600_seed101_20260720T095135Z,${CBSIM_RUNS_ROOT}/S4_FORMAL/BATCH_S4_20260720T095135Z/runs/S4_DCE_SRVCHP-SRORC_R601a_R600_seed101_20260720T095135Z,${CBSIM_RUNS_ROOT}/S4_FORMAL/BATCH_S4_20260720T095135Z/runs/S4_DCE_SRVCHP-SRORC_R601a_R600_seed101_20260720T095135Z/metadata/manifest.json,base,S4_DCE_SRVCHP-SRORC_R601a_R600_seed101_20260720T095135Z,,S2_DCE_SRVCHP-SRORC_R601a_R600_seed042_20260717T060425Z,3,extreme_eta_p2p,True,36b2c8588490339ef136ec141f9a21089b52daf7,2452bed17143498748ed5fe2e446308e3f8f1c3e669d60cb35bb75c90938d88d,150,True,0.2145702426404862,13690,11878,1812,2545,2545,5090,0,893503510a126ee4468adef16994bc66c85a932bf271407b11f1ab0faf8a279a,b305fa954d8e1c7647a0858b2fc77f4589eb2d591f0bb23f73ec0361c5700fb8,80e54c27bb55d40721252fae2d60781a17db74e8be30f6f32df5e5a692c6c2b9
DC-E,SRVCHP_SRORC,R601a,R600,202,S4_DCE_SRVCHP-SRORC_R601a_R600_seed202_20260720T095135Z,${CBSIM_RUNS_ROOT}/S4_FORMAL/BATCH_S4_20260720T095135Z/runs/S4_DCE_SRVCHP-SRORC_R601a_R600_seed202_20260720T095135Z,${CBSIM_RUNS_ROOT}/S4_FORMAL/BATCH_S4_20260720T095135Z/runs/S4_DCE_SRVCHP-SRORC_R601a_R600_seed202_20260720T095135Z/metadata/manifest.json,base,S4_DCE_SRVCHP-SRORC_R601a_R600_seed202_20260720T095135Z,,S2_DCE_SRVCHP-SRORC_R601a_R600_seed042_20260717T060425Z,3,extreme_eta_p2p,True,36b2c8588490339ef136ec141f9a21089b52daf7,2452bed17143498748ed5fe2e446308e3f8f1c3e669d60cb35bb75c90938d88d,150,True,0.2134351119178269,13840,11865,1975,2254,2254,4508,0,9ffa2450822dea2a504c68aac6555ff55996ae5f7c0b23200f94261b1fd881c9,f10a82cf2d92e10eea348d5b5bb9e642505313b65ee2549cbaeb9ec012280b96,1de66be165f7b12a6b359041387bb5bb472f49b86a3e2c6c15f8096186ab4892
DC-F,SBVCHP_SBORC,Acetone,R236ea,17,S4_DCF_SBVCHP-SBORC_Acetone_R236ea_seed017_20260720T095135Z,${CBSIM_RUNS_ROOT}/S4_FORMAL/BATCH_S4_20260720T095135Z/runs/S4_DCF_SBVCHP-SBORC_Acetone_R236ea_seed017_20260720T095135Z,${CBSIM_RUNS_ROOT}/S4_FORMAL/BATCH_S4_20260720T095135Z/runs/S4_DCF_SBVCHP-SBORC_Acetone_R236ea_seed017_20260720T095135Z/metadata/manifest.json,base,S4_DCF_SBVCHP-SBORC_Acetone_R236ea_seed017_20260720T095135Z,,S2_DCF_SBVCHP-SBORC_Acetone_R236ea_seed042_20260717T060425Z,5,greedy_incremental_hypervolume,False,36b2c8588490339ef136ec141f9a21089b52daf7,2452bed17143498748ed5fe2e446308e3f8f1c3e669d60cb35bb75c90938d88d,150,True,0.1411129009810131,13758,12800,958,2715,2707,5430,4,d1e3fdaaf66684efc04ff63532c09d3e5ec997c94d4762229466f663221c4548,b5feb4c720c621e75301792513aadf2c0ee517bce61f6ee7a76f1da3fe095755,5cc9b2d3f09491bce5d8766202ec0e450f41c000466ad44bc8c208daea8e1460
DC-F,SBVCHP_SBORC,Acetone,R236ea,42,S4_DCF_SBVCHP-SBORC_Acetone_R236ea_seed042_20260720T095135Z,${CBSIM_RUNS_ROOT}/S4_FORMAL/BATCH_S4_20260720T095135Z/runs/S4_DCF_SBVCHP-SBORC_Acetone_R236ea_seed042_20260720T095135Z,${CBSIM_RUNS_ROOT}/S4_FORMAL/BATCH_S4_20260720T095135Z/runs/S4_DCF_SBVCHP-SBORC_Acetone_R236ea_seed042_20260720T095135Z/metadata/manifest.json,base,S4_DCF_SBVCHP-SBORC_Acetone_R236ea_seed042_20260720T095135Z,,S2_DCF_SBVCHP-SBORC_Acetone_R236ea_seed042_20260717T060425Z,5,greedy_incremental_hypervolume,False,36b2c8588490339ef136ec141f9a21089b52daf7,2452bed17143498748ed5fe2e446308e3f8f1c3e669d60cb35bb75c90938d88d,150,True,0.14010504398861068,13710,12937,773,2492,2490,4984,1,6e46c07e90f6b0f74544a9a566b6a6fdfbd331b46ae5579f5fe4fa0e4754503f,0c052619e8a151166f67aa301f82304332bb1e26c55245151a9c3804a3e14626,641a9670c47fa029203ac3dfc03c57a13bfcfccac1746c8abac25998dbf31317
DC-F,SBVCHP_SBORC,Acetone,R236ea,73,S4_DCF_SBVCHP-SBORC_Acetone_R236ea_seed073_20260721T031641Z,${CBSIM_RUNS_ROOT}/S4_EXTENSION/BATCH_S4_20260721T031641Z/runs/S4_DCF_SBVCHP-SBORC_Acetone_R236ea_seed073_20260721T031641Z,${CBSIM_RUNS_ROOT}/S4_EXTENSION/BATCH_S4_20260721T031641Z/runs/S4_DCF_SBVCHP-SBORC_Acetone_R236ea_seed073_20260721T031641Z/metadata/manifest.json,extension,S4_DCF_SBVCHP-SBORC_Acetone_R236ea_seed073_20260720T095135Z,S4_DCF_SBVCHP-SBORC_Acetone_R236ea_seed073_20260720T095135Z,S2_DCF_SBVCHP-SBORC_Acetone_R236ea_seed042_20260717T060425Z,5,greedy_incremental_hypervolume,False,d8afee5d5a587723cf3e45f1975c4b4b4a181c25,2452bed17143498748ed5fe2e446308e3f8f1c3e669d60cb35bb75c90938d88d,152,True,0.13914201171323276,13914,13313,601,2240,2238,8936,0,b7abcfc25eecf31e13d3f4a5ac3784c9e984e0f10051a3ad221c2f59e07c5464,3d18c4e7aa28b6a7d0b058fbee1c9974648603bddfa9c731238d6c5dc10f7e97,9507aaed3c8136e545fb57d5256c1fd624ee3ec5b917d4e4f533cb2fd9ff2fe9
DC-F,SBVCHP_SBORC,Acetone,R236ea,101,S4_DCF_SBVCHP-SBORC_Acetone_R236ea_seed101_20260720T095135Z,${CBSIM_RUNS_ROOT}/S4_FORMAL/BATCH_S4_20260720T095135Z/runs/S4_DCF_SBVCHP-SBORC_Acetone_R236ea_seed101_20260720T095135Z,${CBSIM_RUNS_ROOT}/S4_FORMAL/BATCH_S4_20260720T095135Z/runs/S4_DCF_SBVCHP-SBORC_Acetone_R236ea_seed101_20260720T095135Z/metadata/manifest.json,base,S4_DCF_SBVCHP-SBORC_Acetone_R236ea_seed101_20260720T095135Z,,S2_DCF_SBVCHP-SBORC_Acetone_R236ea_seed042_20260717T060425Z,5,greedy_incremental_hypervolume,False,36b2c8588490339ef136ec141f9a21089b52daf7,2452bed17143498748ed5fe2e446308e3f8f1c3e669d60cb35bb75c90938d88d,150,True,0.1417514955959318,13736,12708,1028,2742,2738,5484,3,87c80f6dd99e9da7811eb3538a85c66ca62f8df24b8ee339700c588a7469ac57,9647c53452043151123da43c638b72b48d7c266306206e45d38ad458b31d38f0,6c1cfd8f6ad5c1f3b4c093d2595d63735303010866b8b1ce3fad4724ff8c14ec
DC-F,SBVCHP_SBORC,Acetone,R236ea,202,S4_DCF_SBVCHP-SBORC_Acetone_R236ea_seed202_20260720T095135Z,${CBSIM_RUNS_ROOT}/S4_FORMAL/BATCH_S4_20260720T095135Z/runs/S4_DCF_SBVCHP-SBORC_Acetone_R236ea_seed202_20260720T095135Z,${CBSIM_RUNS_ROOT}/S4_FORMAL/BATCH_S4_20260720T095135Z/runs/S4_DCF_SBVCHP-SBORC_Acetone_R236ea_seed202_20260720T095135Z/metadata/manifest.json,base,S4_DCF_SBVCHP-SBORC_Acetone_R236ea_seed202_20260720T095135Z,,S2_DCF_SBVCHP-SBORC_Acetone_R236ea_seed042_20260717T060425Z,5,greedy_incremental_hypervolume,False,36b2c8588490339ef136ec141f9a21089b52daf7,2452bed17143498748ed5fe2e446308e3f8f1c3e669d60cb35bb75c90938d88d,150,True,0.14064230119486018,13812,12979,833,2683,2678,5366,4,b0b63058839f9c145f31ca4f96766c8cc0f6c27b7f82a0c56be854a253b41f8a,7171784bab95e21c6937d6030e95a130ce3d5022f100784c46e54f8661262349,336d742e63fcaf98876e2844127513ac31463350d92086f95c2094c9ad4c28f4
DC-F,SBVCHP_SBORC,Acetone,R236fa,17,S4_DCF_SBVCHP-SBORC_Acetone_R236fa_seed017_20260721T031641Z,${CBSIM_RUNS_ROOT}/S4_EXTENSION/BATCH_S4_20260721T031641Z/runs/S4_DCF_SBVCHP-SBORC_Acetone_R236fa_seed017_20260721T031641Z,${CBSIM_RUNS_ROOT}/S4_EXTENSION/BATCH_S4_20260721T031641Z/runs/S4_DCF_SBVCHP-SBORC_Acetone_R236fa_seed017_20260721T031641Z/metadata/manifest.json,extension,S4_DCF_SBVCHP-SBORC_Acetone_R236fa_seed017_20260720T095135Z,S4_DCF_SBVCHP-SBORC_Acetone_R236fa_seed017_20260720T095135Z,S2_DCF_SBVCHP-SBORC_Acetone_R236fa_seed042_20260717T060425Z,4,greedy_incremental_hypervolume,False,d8afee5d5a587723cf3e45f1975c4b4b4a181c25,2452bed17143498748ed5fe2e446308e3f8f1c3e669d60cb35bb75c90938d88d,199,True,0.13910662192679304,18195,16346,1849,2608,2595,9284,13,a759a798280497ac56b956bc7d4d8851ef8dd2182a9eeaa1a3f09326e56b88b4,0043db4a6d6006c9c5f3867a313f566b7b461fdec18e11c943355d99b27a9152,4be7c5b2b64db0826169079130e02b1aec645e313a04f13ea336ede5cc150e24
DC-F,SBVCHP_SBORC,Acetone,R236fa,42,S4_DCF_SBVCHP-SBORC_Acetone_R236fa_seed042_20260721T031641Z,${CBSIM_RUNS_ROOT}/S4_EXTENSION/BATCH_S4_20260721T031641Z/runs/S4_DCF_SBVCHP-SBORC_Acetone_R236fa_seed042_20260721T031641Z,${CBSIM_RUNS_ROOT}/S4_EXTENSION/BATCH_S4_20260721T031641Z/runs/S4_DCF_SBVCHP-SBORC_Acetone_R236fa_seed042_20260721T031641Z/metadata/manifest.json,extension,S4_DCF_SBVCHP-SBORC_Acetone_R236fa_seed042_20260720T095135Z,S4_DCF_SBVCHP-SBORC_Acetone_R236fa_seed042_20260720T095135Z,S2_DCF_SBVCHP-SBORC_Acetone_R236fa_seed042_20260717T060425Z,4,greedy_incremental_hypervolume,False,d8afee5d5a587723cf3e45f1975c4b4b4a181c25,2452bed17143498748ed5fe2e446308e3f8f1c3e669d60cb35bb75c90938d88d,160,True,0.1375626390505399,14730,13673,1057,2658,2652,10284,6,0ab9fe84e2fe3beb6e7d977ab15d84ccfc1ff337bd29a12b48c739eb00da9aff,d8ff9d0bc1b118382b994b45beb3cd7782f15b027274100ad5f8641ca37229c7,a9e51ff3497e82a2c558cc8adc4320e3e810d5d6c23881c92f47d9400a669e31
DC-F,SBVCHP_SBORC,Acetone,R236fa,73,S4_DCF_SBVCHP-SBORC_Acetone_R236fa_seed073_20260721T031641Z,${CBSIM_RUNS_ROOT}/S4_EXTENSION/BATCH_S4_20260721T031641Z/runs/S4_DCF_SBVCHP-SBORC_Acetone_R236fa_seed073_20260721T031641Z,${CBSIM_RUNS_ROOT}/S4_EXTENSION/BATCH_S4_20260721T031641Z/runs/S4_DCF_SBVCHP-SBORC_Acetone_R236fa_seed073_20260721T031641Z/metadata/manifest.json,extension,S4_DCF_SBVCHP-SBORC_Acetone_R236fa_seed073_20260720T095135Z,S4_DCF_SBVCHP-SBORC_Acetone_R236fa_seed073_20260720T095135Z,S2_DCF_SBVCHP-SBORC_Acetone_R236fa_seed042_20260717T060425Z,4,greedy_incremental_hypervolume,False,d8afee5d5a587723cf3e45f1975c4b4b4a181c25,2452bed17143498748ed5fe2e446308e3f8f1c3e669d60cb35bb75c90938d88d,151,True,0.13625496399978917,13831,12928,903,2152,2140,8590,6,adfe677fbf17f279beb963bad9a112643b414146516fd443c1fa4ddcb1a2194b,e66deb1bca3575ade7ebbd1be535c550bd5d1dab51e723c107a516b8ffa178f8,982da08a6e33d46fef12ee7120cee115057aa8496767d1c2a2ffa9a71063f3f4
DC-F,SBVCHP_SBORC,Acetone,R236fa,101,S4_DCF_SBVCHP-SBORC_Acetone_R236fa_seed101_20260720T095135Z,${CBSIM_RUNS_ROOT}/S4_FORMAL/BATCH_S4_20260720T095135Z/runs/S4_DCF_SBVCHP-SBORC_Acetone_R236fa_seed101_20260720T095135Z,${CBSIM_RUNS_ROOT}/S4_FORMAL/BATCH_S4_20260720T095135Z/runs/S4_DCF_SBVCHP-SBORC_Acetone_R236fa_seed101_20260720T095135Z/metadata/manifest.json,base,S4_DCF_SBVCHP-SBORC_Acetone_R236fa_seed101_20260720T095135Z,,S2_DCF_SBVCHP-SBORC_Acetone_R236fa_seed042_20260717T060425Z,4,greedy_incremental_hypervolume,False,36b2c8588490339ef136ec141f9a21089b52daf7,2452bed17143498748ed5fe2e446308e3f8f1c3e669d60cb35bb75c90938d88d,150,True,0.1387247364856025,13805,12645,1160,2218,2216,4436,1,397a1935b76572f877eb8134d399691068257200d697d2a7981803d21983a341,4789f81b6bc122af59cd16f3c47daf46cbcf708916729ccf2ce5820b45d3472c,cb727ebcd45d5cc8b98014c8289472c29c5fd48ceced23d580d841f7b163954a
DC-F,SBVCHP_SBORC,Acetone,R236fa,202,S4_DCF_SBVCHP-SBORC_Acetone_R236fa_seed202_20260721T031641Z,${CBSIM_RUNS_ROOT}/S4_EXTENSION/BATCH_S4_20260721T031641Z/runs/S4_DCF_SBVCHP-SBORC_Acetone_R236fa_seed202_20260721T031641Z,${CBSIM_RUNS_ROOT}/S4_EXTENSION/BATCH_S4_20260721T031641Z/runs/S4_DCF_SBVCHP-SBORC_Acetone_R236fa_seed202_20260721T031641Z/metadata/manifest.json,extension,S4_DCF_SBVCHP-SBORC_Acetone_R236fa_seed202_20260720T095135Z,S4_DCF_SBVCHP-SBORC_Acetone_R236fa_seed202_20260720T095135Z,S2_DCF_SBVCHP-SBORC_Acetone_R236fa_seed042_20260717T060425Z,4,greedy_incremental_hypervolume,False,d8afee5d5a587723cf3e45f1975c4b4b4a181c25,2452bed17143498748ed5fe2e446308e3f8f1c3e669d60cb35bb75c90938d88d,201,True,0.13762049022216039,18475,16907,1568,2984,2982,10996,1,e524a4454cd009c52d2957539e9038e98cae1f13a1a42bb4bac182386a66a65a,abf80a30f191d5819fb2978bdef5ef6c8f6af341626d6871cfbbba4ecac2a23b,4c6429e471ae9e14a8f55e0ee61ccaf47cbba1e7902183dfbaddc24472fd353a
DC-F,SBVCHP_SBORC,Acetone,R365MFC,17,S4_DCF_SBVCHP-SBORC_Acetone_R365MFC_seed017_20260721T031641Z,${CBSIM_RUNS_ROOT}/S4_EXTENSION/BATCH_S4_20260721T031641Z/runs/S4_DCF_SBVCHP-SBORC_Acetone_R365MFC_seed017_20260721T031641Z,${CBSIM_RUNS_ROOT}/S4_EXTENSION/BATCH_S4_20260721T031641Z/runs/S4_DCF_SBVCHP-SBORC_Acetone_R365MFC_seed017_20260721T031641Z/metadata/manifest.json,extension,S4_DCF_SBVCHP-SBORC_Acetone_R365MFC_seed017_20260720T095135Z,S4_DCF_SBVCHP-SBORC_Acetone_R365MFC_seed017_20260720T095135Z,S2_DCF_SBVCHP-SBORC_Acetone_R365MFC_seed042_20260717T060425Z,1,extreme_exergy_efficiency,True,d8afee5d5a587723cf3e45f1975c4b4b4a181c25,2452bed17143498748ed5fe2e446308e3f8f1c3e669d60cb35bb75c90938d88d,162,True,0.1442700746178992,14787,13704,1083,3323,3321,12798,0,a6eabe4f6cc1911ba4341bee3802cc498040d36f62ab919ce20e318dda5fb9f8,b5ab70a2a5625e50c4299a01a4970515e3063633cbd89df9f02da14c62585a16,c408b3563a32848364866ecf0c0ea3d1cb10172986136ffb90e5f9cc4dcee8e8
DC-F,SBVCHP_SBORC,Acetone,R365MFC,42,S4_DCF_SBVCHP-SBORC_Acetone_R365MFC_seed042_20260721T031641Z,${CBSIM_RUNS_ROOT}/S4_EXTENSION/BATCH_S4_20260721T031641Z/runs/S4_DCF_SBVCHP-SBORC_Acetone_R365MFC_seed042_20260721T031641Z,${CBSIM_RUNS_ROOT}/S4_EXTENSION/BATCH_S4_20260721T031641Z/runs/S4_DCF_SBVCHP-SBORC_Acetone_R365MFC_seed042_20260721T031641Z/metadata/manifest.json,extension,S4_DCF_SBVCHP-SBORC_Acetone_R365MFC_seed042_20260720T095135Z,S4_DCF_SBVCHP-SBORC_Acetone_R365MFC_seed042_20260720T095135Z,S2_DCF_SBVCHP-SBORC_Acetone_R365MFC_seed042_20260717T060425Z,1,extreme_exergy_efficiency,True,d8afee5d5a587723cf3e45f1975c4b4b4a181c25,2452bed17143498748ed5fe2e446308e3f8f1c3e669d60cb35bb75c90938d88d,164,True,0.14314402110377417,15066,14643,423,3594,3594,13824,0,7af26f7ddceffcf71c2022bc145df914d729f16b5c803668673d2c5930e86351,93fe11fad6045bd9dca81659e657730adba928bbd6214d05683be711267132b1,73fc4dee4ec397cf554e1eb6efc2fd43a063cb250f9062be19a9ab5704bc0de0
DC-F,SBVCHP_SBORC,Acetone,R365MFC,73,S4_DCF_SBVCHP-SBORC_Acetone_R365MFC_seed073_20260720T095135Z,${CBSIM_RUNS_ROOT}/S4_FORMAL/BATCH_S4_20260720T095135Z/runs/S4_DCF_SBVCHP-SBORC_Acetone_R365MFC_seed073_20260720T095135Z,${CBSIM_RUNS_ROOT}/S4_FORMAL/BATCH_S4_20260720T095135Z/runs/S4_DCF_SBVCHP-SBORC_Acetone_R365MFC_seed073_20260720T095135Z/metadata/manifest.json,base,S4_DCF_SBVCHP-SBORC_Acetone_R365MFC_seed073_20260720T095135Z,,S2_DCF_SBVCHP-SBORC_Acetone_R365MFC_seed042_20260717T060425Z,1,extreme_exergy_efficiency,True,36b2c8588490339ef136ec141f9a21089b52daf7,2452bed17143498748ed5fe2e446308e3f8f1c3e669d60cb35bb75c90938d88d,150,True,0.14294579866590182,13794,13385,409,2719,2719,5438,0,14d5445dceb3a3472028d2c9fcc814e50e609bfaa62592eccf2d69fe845b5bdc,fa81994a2971824efe45ffb42d96666ec0ff57a351396ebbc209b6d89b55859c,025d09eeb0ef99bf52d4a4ff3b42de21fe21aabb76276fc33eae2a7177c983b6
DC-F,SBVCHP_SBORC,Acetone,R365MFC,101,S4_DCF_SBVCHP-SBORC_Acetone_R365MFC_seed101_20260721T031641Z,${CBSIM_RUNS_ROOT}/S4_EXTENSION/BATCH_S4_20260721T031641Z/runs/S4_DCF_SBVCHP-SBORC_Acetone_R365MFC_seed101_20260721T031641Z,${CBSIM_RUNS_ROOT}/S4_EXTENSION/BATCH_S4_20260721T031641Z/runs/S4_DCF_SBVCHP-SBORC_Acetone_R365MFC_seed101_20260721T031641Z/metadata/manifest.json,extension,S4_DCF_SBVCHP-SBORC_Acetone_R365MFC_seed101_20260720T095135Z,S4_DCF_SBVCHP-SBORC_Acetone_R365MFC_seed101_20260720T095135Z,S2_DCF_SBVCHP-SBORC_Acetone_R365MFC_seed042_20260717T060425Z,1,extreme_exergy_efficiency,True,d8afee5d5a587723cf3e45f1975c4b4b4a181c25,2452bed17143498748ed5fe2e446308e3f8f1c3e669d60cb35bb75c90938d88d,173,True,0.14476905378764088,15767,14724,1043,3130,3122,11690,6,c9b19a9df266d50b5c588da27de68dc585159907ac877ceb47997acf57f1a6d7,8a9088a461e0a89de62c0ad2bb00444b374e4bbbf3a6e7b9f515b282dfa72a58,c96028ff5434922fc80178b526394a34e90a1a70eacf0c285acc5d5b49e45680
DC-F,SBVCHP_SBORC,Acetone,R365MFC,202,S4_DCF_SBVCHP-SBORC_Acetone_R365MFC_seed202_20260720T095135Z,${CBSIM_RUNS_ROOT}/S4_FORMAL/BATCH_S4_20260720T095135Z/runs/S4_DCF_SBVCHP-SBORC_Acetone_R365MFC_seed202_20260720T095135Z,${CBSIM_RUNS_ROOT}/S4_FORMAL/BATCH_S4_20260720T095135Z/runs/S4_DCF_SBVCHP-SBORC_Acetone_R365MFC_seed202_20260720T095135Z/metadata/manifest.json,base,S4_DCF_SBVCHP-SBORC_Acetone_R365MFC_seed202_20260720T095135Z,,S2_DCF_SBVCHP-SBORC_Acetone_R365MFC_seed042_20260717T060425Z,1,extreme_exergy_efficiency,True,36b2c8588490339ef136ec141f9a21089b52daf7,2452bed17143498748ed5fe2e446308e3f8f1c3e669d60cb35bb75c90938d88d,150,True,0.14106816877168488,13780,13280,500,2790,2789,5580,1,5f5031edcc3f124721825fce1d3b21efb39b817c0038e938acdacaec48f82b69,18da51a4f6dd1522683de970ffb6696327d8072707b86d2eafeea8b056e02d48,e6f4c02c6e57bba5940d66b7bb7628a32fe0f2a88dbb4257ccae83a3670c3bde
DC-F,SBVCHP_SBORC,Cyclopentane,R227EA,17,S4_DCF_SBVCHP-SBORC_Cyclopentane_R227EA_seed017_20260721T031641Z,${CBSIM_RUNS_ROOT}/S4_EXTENSION/BATCH_S4_20260721T031641Z/runs/S4_DCF_SBVCHP-SBORC_Cyclopentane_R227EA_seed017_20260721T031641Z,${CBSIM_RUNS_ROOT}/S4_EXTENSION/BATCH_S4_20260721T031641Z/runs/S4_DCF_SBVCHP-SBORC_Cyclopentane_R227EA_seed017_20260721T031641Z/metadata/manifest.json,extension,S4_DCF_SBVCHP-SBORC_Cyclopentane_R227EA_seed017_20260720T095135Z,S4_DCF_SBVCHP-SBORC_Cyclopentane_R227EA_seed017_20260720T095135Z,S2_DCF_SBVCHP-SBORC_Cyclopentane_R227EA_seed042_20260717T060425Z,2,extreme_energy_density_thermal,True,d8afee5d5a587723cf3e45f1975c4b4b4a181c25,2452bed17143498748ed5fe2e446308e3f8f1c3e669d60cb35bb75c90938d88d,199,True,0.12078809008720945,18112,12069,6043,1543,1540,5286,3,9f74f670d27eb1c36b31b84d18e2fb6358636689f5a53c441189018bf1dfa7dc,2354bba3a5d851d2d71be543717600e11ff5f60f7dba72adf40f957cac568722,499c5633aa6f20087ba715779e09c423ed66b14c61fa23f7d80a0e452018a544
DC-F,SBVCHP_SBORC,Cyclopentane,R227EA,42,S4_DCF_SBVCHP-SBORC_Cyclopentane_R227EA_seed042_20260720T095135Z,${CBSIM_RUNS_ROOT}/S4_FORMAL/BATCH_S4_20260720T095135Z/runs/S4_DCF_SBVCHP-SBORC_Cyclopentane_R227EA_seed042_20260720T095135Z,${CBSIM_RUNS_ROOT}/S4_FORMAL/BATCH_S4_20260720T095135Z/runs/S4_DCF_SBVCHP-SBORC_Cyclopentane_R227EA_seed042_20260720T095135Z/metadata/manifest.json,base,S4_DCF_SBVCHP-SBORC_Cyclopentane_R227EA_seed042_20260720T095135Z,,S2_DCF_SBVCHP-SBORC_Cyclopentane_R227EA_seed042_20260717T060425Z,2,extreme_energy_density_thermal,True,36b2c8588490339ef136ec141f9a21089b52daf7,2452bed17143498748ed5fe2e446308e3f8f1c3e669d60cb35bb75c90938d88d,150,True,0.11814364668097475,13778,9365,4413,1466,1463,2932,3,b51ef747ab95f2133d1e30ba0b7d429b73de8643818b7bd8252d600a8415e05b,deca11b4cacc37344fd7d5c468e349840be39ff69fb6598b138a116c36112d00,63e8eca0ed2495a36b6b7d73e26168df6ccd654c2c526a20d3621ab7998b4f0d
DC-F,SBVCHP_SBORC,Cyclopentane,R227EA,73,S4_DCF_SBVCHP-SBORC_Cyclopentane_R227EA_seed073_20260721T031641Z,${CBSIM_RUNS_ROOT}/S4_EXTENSION/BATCH_S4_20260721T031641Z/runs/S4_DCF_SBVCHP-SBORC_Cyclopentane_R227EA_seed073_20260721T031641Z,${CBSIM_RUNS_ROOT}/S4_EXTENSION/BATCH_S4_20260721T031641Z/runs/S4_DCF_SBVCHP-SBORC_Cyclopentane_R227EA_seed073_20260721T031641Z/metadata/manifest.json,extension,S4_DCF_SBVCHP-SBORC_Cyclopentane_R227EA_seed073_20260720T095135Z,S4_DCF_SBVCHP-SBORC_Cyclopentane_R227EA_seed073_20260720T095135Z,S2_DCF_SBVCHP-SBORC_Cyclopentane_R227EA_seed042_20260717T060425Z,2,extreme_energy_density_thermal,True,d8afee5d5a587723cf3e45f1975c4b4b4a181c25,2452bed17143498748ed5fe2e446308e3f8f1c3e669d60cb35bb75c90938d88d,167,True,0.11626645210483576,15344,10596,4748,1403,1401,5342,2,57afd9a4e8fe4da2c99a45e3e2b052cc14bdbf8a9d133bfcbd318eb464ab5378,1b43391bfc0ba13399dbf23c930d91e5630ecc45b200712c7d35ba577bbae53e,80c6eed0fe6cdb91dfb95c47ae2726fae1f0902bc81e036e44550f2dba104312
DC-F,SBVCHP_SBORC,Cyclopentane,R227EA,101,S4_DCF_SBVCHP-SBORC_Cyclopentane_R227EA_seed101_20260721T031641Z,${CBSIM_RUNS_ROOT}/S4_EXTENSION/BATCH_S4_20260721T031641Z/runs/S4_DCF_SBVCHP-SBORC_Cyclopentane_R227EA_seed101_20260721T031641Z,${CBSIM_RUNS_ROOT}/S4_EXTENSION/BATCH_S4_20260721T031641Z/runs/S4_DCF_SBVCHP-SBORC_Cyclopentane_R227EA_seed101_20260721T031641Z/metadata/manifest.json,extension,S4_DCF_SBVCHP-SBORC_Cyclopentane_R227EA_seed101_20260720T095135Z,S4_DCF_SBVCHP-SBORC_Cyclopentane_R227EA_seed101_20260720T095135Z,S2_DCF_SBVCHP-SBORC_Cyclopentane_R227EA_seed042_20260717T060425Z,2,extreme_energy_density_thermal,True,d8afee5d5a587723cf3e45f1975c4b4b4a181c25,2452bed17143498748ed5fe2e446308e3f8f1c3e669d60cb35bb75c90938d88d,191,True,0.11825596332546634,17400,11754,5646,1663,1656,5926,7,5b2f4bcf22c37525b8d5d27906d76b7437c0b5f9de6f7f43d026b29b0659cc90,206f65a04ec3422c978a84ff620fd4141d5f8690df49581e6e8b740d21daaed2,56337c855d9c8b297a84ee1a5f42264f6a48416f11ad5c407d5600c33aedf128
DC-F,SBVCHP_SBORC,Cyclopentane,R227EA,202,S4_DCF_SBVCHP-SBORC_Cyclopentane_R227EA_seed202_20260721T031641Z,${CBSIM_RUNS_ROOT}/S4_EXTENSION/BATCH_S4_20260721T031641Z/runs/S4_DCF_SBVCHP-SBORC_Cyclopentane_R227EA_seed202_20260721T031641Z,${CBSIM_RUNS_ROOT}/S4_EXTENSION/BATCH_S4_20260721T031641Z/runs/S4_DCF_SBVCHP-SBORC_Cyclopentane_R227EA_seed202_20260721T031641Z/metadata/manifest.json,extension,S4_DCF_SBVCHP-SBORC_Cyclopentane_R227EA_seed202_20260720T095135Z,S4_DCF_SBVCHP-SBORC_Cyclopentane_R227EA_seed202_20260720T095135Z,S2_DCF_SBVCHP-SBORC_Cyclopentane_R227EA_seed042_20260717T060425Z,2,extreme_energy_density_thermal,True,d8afee5d5a587723cf3e45f1975c4b4b4a181c25,2452bed17143498748ed5fe2e446308e3f8f1c3e669d60cb35bb75c90938d88d,221,True,0.11918124402755421,20266,13241,7025,1735,1728,6198,7,2f87557971a952167429d94b9741edd44d5aae94712b370ab728544754e4aad8,3cb59c296dc05d991109d01049d2bb5982d4ae5f7f6e3aafb517e64bf5ba7fc5,44cda90f7acba9bbb12f67fc764f831c43ab3a9b16b7533fb22ec9aa552f57f0
DC-F,SBVCHP_SBORC,Cyclopentane,R236ea,17,S4_DCF_SBVCHP-SBORC_Cyclopentane_R236ea_seed017_20260721T031641Z,${CBSIM_RUNS_ROOT}/S4_EXTENSION/BATCH_S4_20260721T031641Z/runs/S4_DCF_SBVCHP-SBORC_Cyclopentane_R236ea_seed017_20260721T031641Z,${CBSIM_RUNS_ROOT}/S4_EXTENSION/BATCH_S4_20260721T031641Z/runs/S4_DCF_SBVCHP-SBORC_Cyclopentane_R236ea_seed017_20260721T031641Z/metadata/manifest.json,extension,S4_DCF_SBVCHP-SBORC_Cyclopentane_R236ea_seed017_20260720T095135Z,S4_DCF_SBVCHP-SBORC_Cyclopentane_R236ea_seed017_20260720T095135Z,S2_DCF_SBVCHP-SBORC_Cyclopentane_R236ea_seed042_20260717T060425Z,3,extreme_eta_p2p,True,d8afee5d5a587723cf3e45f1975c4b4b4a181c25,2452bed17143498748ed5fe2e446308e3f8f1c3e669d60cb35bb75c90938d88d,156,True,0.12726159374856838,14267,12303,1964,2374,2374,9308,0,fa8d1b37bee6b3ab390377b33bb531fb7cd49322446c35531be255ac7fda3d53,77a7ab026d747da5522903ed42635c7028f5e3f5fd44d6ad4dd22fbaf8b5ab3a,f60e2154973b366f616003d11a196d09f837503c0fd52d707ace81bf3fc68a0e
DC-F,SBVCHP_SBORC,Cyclopentane,R236ea,42,S4_DCF_SBVCHP-SBORC_Cyclopentane_R236ea_seed042_20260721T031641Z,${CBSIM_RUNS_ROOT}/S4_EXTENSION/BATCH_S4_20260721T031641Z/runs/S4_DCF_SBVCHP-SBORC_Cyclopentane_R236ea_seed042_20260721T031641Z,${CBSIM_RUNS_ROOT}/S4_EXTENSION/BATCH_S4_20260721T031641Z/runs/S4_DCF_SBVCHP-SBORC_Cyclopentane_R236ea_seed042_20260721T031641Z/metadata/manifest.json,extension,S4_DCF_SBVCHP-SBORC_Cyclopentane_R236ea_seed042_20260720T095135Z,S4_DCF_SBVCHP-SBORC_Cyclopentane_R236ea_seed042_20260720T095135Z,S2_DCF_SBVCHP-SBORC_Cyclopentane_R236ea_seed042_20260717T060425Z,3,extreme_eta_p2p,True,d8afee5d5a587723cf3e45f1975c4b4b4a181c25,2452bed17143498748ed5fe2e446308e3f8f1c3e669d60cb35bb75c90938d88d,174,True,0.12863970337689443,15922,13989,1933,2511,2511,9586,0,c4933c717930f3ad956df16ac96184bc8d956ebbf425f51c0b5b2bf7c0b0856c,cabcd80a36638018e605fac07a96398c3656102e5e9523d7cebd6f164f12a3e9,b4bf5b73610aaa03cfe38ebc282b2925893d90dedb3fd06b37dd264dbd505397
DC-F,SBVCHP_SBORC,Cyclopentane,R236ea,73,S4_DCF_SBVCHP-SBORC_Cyclopentane_R236ea_seed073_20260721T031641Z,${CBSIM_RUNS_ROOT}/S4_EXTENSION/BATCH_S4_20260721T031641Z/runs/S4_DCF_SBVCHP-SBORC_Cyclopentane_R236ea_seed073_20260721T031641Z,${CBSIM_RUNS_ROOT}/S4_EXTENSION/BATCH_S4_20260721T031641Z/runs/S4_DCF_SBVCHP-SBORC_Cyclopentane_R236ea_seed073_20260721T031641Z/metadata/manifest.json,extension,S4_DCF_SBVCHP-SBORC_Cyclopentane_R236ea_seed073_20260720T095135Z,S4_DCF_SBVCHP-SBORC_Cyclopentane_R236ea_seed073_20260720T095135Z,S2_DCF_SBVCHP-SBORC_Cyclopentane_R236ea_seed042_20260717T060425Z,3,extreme_eta_p2p,True,d8afee5d5a587723cf3e45f1975c4b4b4a181c25,2452bed17143498748ed5fe2e446308e3f8f1c3e669d60cb35bb75c90938d88d,250,True,0.12793772147925442,22767,20515,2252,3329,3328,11310,1,5abc3877bb0c7fe79e911a1ab323b98100203943fe454dabc1f47e7b1849e66c,bbfc3aa5a8f6412a1f846b3931fba832ca603797a6e5863bad393de21df18222,7ff57865ac8bd86a34a689be5b9b6ff215374224e0bfe92b45c73b8320f39bd1
DC-F,SBVCHP_SBORC,Cyclopentane,R236ea,101,S4_DCF_SBVCHP-SBORC_Cyclopentane_R236ea_seed101_20260721T031641Z,${CBSIM_RUNS_ROOT}/S4_EXTENSION/BATCH_S4_20260721T031641Z/runs/S4_DCF_SBVCHP-SBORC_Cyclopentane_R236ea_seed101_20260721T031641Z,${CBSIM_RUNS_ROOT}/S4_EXTENSION/BATCH_S4_20260721T031641Z/runs/S4_DCF_SBVCHP-SBORC_Cyclopentane_R236ea_seed101_20260721T031641Z/metadata/manifest.json,extension,S4_DCF_SBVCHP-SBORC_Cyclopentane_R236ea_seed101_20260720T095135Z,S4_DCF_SBVCHP-SBORC_Cyclopentane_R236ea_seed101_20260720T095135Z,S2_DCF_SBVCHP-SBORC_Cyclopentane_R236ea_seed042_20260717T060425Z,3,extreme_eta_p2p,True,d8afee5d5a587723cf3e45f1975c4b4b4a181c25,2452bed17143498748ed5fe2e446308e3f8f1c3e669d60cb35bb75c90938d88d,158,True,0.1273053715812123,14467,12358,2109,2117,2117,8282,0,aed47b7580ba2a9b1d938005dbe1764f21d68982da4c149f348e1614b4a8ac3a,7ebd67e357ea1658e96f23e965c30162b5084e3fc7e9c993af1b7ba5b67d1e2f,71c9e477de6b29b11a6c55ba854bafb10d3fb7fca8fdd975bb036a69b7989781
DC-F,SBVCHP_SBORC,Cyclopentane,R236ea,202,S4_DCF_SBVCHP-SBORC_Cyclopentane_R236ea_seed202_20260721T031641Z,${CBSIM_RUNS_ROOT}/S4_EXTENSION/BATCH_S4_20260721T031641Z/runs/S4_DCF_SBVCHP-SBORC_Cyclopentane_R236ea_seed202_20260721T031641Z,${CBSIM_RUNS_ROOT}/S4_EXTENSION/BATCH_S4_20260721T031641Z/runs/S4_DCF_SBVCHP-SBORC_Cyclopentane_R236ea_seed202_20260721T031641Z/metadata/manifest.json,extension,S4_DCF_SBVCHP-SBORC_Cyclopentane_R236ea_seed202_20260720T095135Z,S4_DCF_SBVCHP-SBORC_Cyclopentane_R236ea_seed202_20260720T095135Z,S2_DCF_SBVCHP-SBORC_Cyclopentane_R236ea_seed042_20260717T060425Z,3,extreme_eta_p2p,True,d8afee5d5a587723cf3e45f1975c4b4b4a181c25,2452bed17143498748ed5fe2e446308e3f8f1c3e669d60cb35bb75c90938d88d,213,True,0.12815569410299055,19508,16639,2869,2334,2334,7812,0,b36c1fe98201de9069d0832e250f68ef8dc05852858ae0eb4a5cf83102fe1837,9c3c2ffdc018699dc93af2dc87c141046cda94a53e65be7920f7c03c44155a74,731aa869f55d97ef312fcc9b9e3c5c5a694a5ca18ddb9057a1ec9c01017b5acd
DC-F,SRVCHP_SRORC,Acetone,R236ea,17,S4_DCF_SRVCHP-SRORC_Acetone_R236ea_seed017_20260720T095135Z,${CBSIM_RUNS_ROOT}/S4_FORMAL/BATCH_S4_20260720T095135Z/runs/S4_DCF_SRVCHP-SRORC_Acetone_R236ea_seed017_20260720T095135Z,${CBSIM_RUNS_ROOT}/S4_FORMAL/BATCH_S4_20260720T095135Z/runs/S4_DCF_SRVCHP-SRORC_Acetone_R236ea_seed017_20260720T095135Z/metadata/manifest.json,base,S4_DCF_SRVCHP-SRORC_Acetone_R236ea_seed017_20260720T095135Z,,S2_DCF_SRVCHP-SRORC_Acetone_R236ea_seed042_20260717T060425Z,5,greedy_incremental_hypervolume,False,36b2c8588490339ef136ec141f9a21089b52daf7,2452bed17143498748ed5fe2e446308e3f8f1c3e669d60cb35bb75c90938d88d,150,True,0.15872866900963037,13707,11918,1789,3164,3157,6328,2,6fed3f6b7f25cb69f877aa0cbef02a9392495b17a0d88bdfca0c737fcd558d1c,d56da51f18b613994c1ccdb9ca8cc7b831ea41b9e382fde76b85bc8d1da55d95,18432f1ecad2f85adcec72bef71bf3d4b6980cfc0eae2ba6e36a423362f23639
DC-F,SRVCHP_SRORC,Acetone,R236ea,42,S4_DCF_SRVCHP-SRORC_Acetone_R236ea_seed042_20260720T095135Z,${CBSIM_RUNS_ROOT}/S4_FORMAL/BATCH_S4_20260720T095135Z/runs/S4_DCF_SRVCHP-SRORC_Acetone_R236ea_seed042_20260720T095135Z,${CBSIM_RUNS_ROOT}/S4_FORMAL/BATCH_S4_20260720T095135Z/runs/S4_DCF_SRVCHP-SRORC_Acetone_R236ea_seed042_20260720T095135Z/metadata/manifest.json,base,S4_DCF_SRVCHP-SRORC_Acetone_R236ea_seed042_20260720T095135Z,,S2_DCF_SRVCHP-SRORC_Acetone_R236ea_seed042_20260717T060425Z,5,greedy_incremental_hypervolume,False,36b2c8588490339ef136ec141f9a21089b52daf7,2452bed17143498748ed5fe2e446308e3f8f1c3e669d60cb35bb75c90938d88d,150,True,0.1584699808376454,13739,12350,1389,3333,3333,6666,0,1dfd3dbf65f06b8c5b63f283d0e225d6983be8270bb8661f210d98b952d83873,6f9e61ea4124d2866cd5325fd7ce1ba5279d4b977c05f650aafbe5156c80af43,6b286c8e39ccd8cfbb1b488899bc54e731178d19acbaaeca88781279f4359dbc
DC-F,SRVCHP_SRORC,Acetone,R236ea,73,S4_DCF_SRVCHP-SRORC_Acetone_R236ea_seed073_20260721T031641Z,${CBSIM_RUNS_ROOT}/S4_EXTENSION/BATCH_S4_20260721T031641Z/runs/S4_DCF_SRVCHP-SRORC_Acetone_R236ea_seed073_20260721T031641Z,${CBSIM_RUNS_ROOT}/S4_EXTENSION/BATCH_S4_20260721T031641Z/runs/S4_DCF_SRVCHP-SRORC_Acetone_R236ea_seed073_20260721T031641Z/metadata/manifest.json,extension,S4_DCF_SRVCHP-SRORC_Acetone_R236ea_seed073_20260720T095135Z,S4_DCF_SRVCHP-SRORC_Acetone_R236ea_seed073_20260720T095135Z,S2_DCF_SRVCHP-SRORC_Acetone_R236ea_seed042_20260717T060425Z,5,greedy_incremental_hypervolume,False,d8afee5d5a587723cf3e45f1975c4b4b4a181c25,2452bed17143498748ed5fe2e446308e3f8f1c3e669d60cb35bb75c90938d88d,162,True,0.1565103400004406,14760,13361,1399,2704,2692,10234,6,be6ea1fedf4e723f0546e028362adde2915b211467b8b4095a2cc2f6ef23a7f0,59c49b03cf9ead9b3e23bfaa5d69aef408c9a1ab2245e770aa0b7a9520bd4135,cbaf7667f6e455f28a8fbfd0192022fdd386f25ea7d6c3dece41de89982b5e75
DC-F,SRVCHP_SRORC,Acetone,R236ea,101,S4_DCF_SRVCHP-SRORC_Acetone_R236ea_seed101_20260720T095135Z,${CBSIM_RUNS_ROOT}/S4_FORMAL/BATCH_S4_20260720T095135Z/runs/S4_DCF_SRVCHP-SRORC_Acetone_R236ea_seed101_20260720T095135Z,${CBSIM_RUNS_ROOT}/S4_FORMAL/BATCH_S4_20260720T095135Z/runs/S4_DCF_SRVCHP-SRORC_Acetone_R236ea_seed101_20260720T095135Z/metadata/manifest.json,base,S4_DCF_SRVCHP-SRORC_Acetone_R236ea_seed101_20260720T095135Z,,S2_DCF_SRVCHP-SRORC_Acetone_R236ea_seed042_20260717T060425Z,5,greedy_incremental_hypervolume,False,36b2c8588490339ef136ec141f9a21089b52daf7,2452bed17143498748ed5fe2e446308e3f8f1c3e669d60cb35bb75c90938d88d,150,True,0.1574654813203443,13671,12469,1202,3206,3204,6412,0,ab3e27b68fea4b1e5837e80d091cf94ccbfd00fa2884aa254a7daf123c88f9c8,f8c9a537c74df50b832d237fd61d41b2311f06fe312dbf554172d05aa3e74d8f,31079a78c42f55513a5eb6f2f5866de86834b170c0fda1ed835f0fb752d27272
DC-F,SRVCHP_SRORC,Acetone,R236ea,202,S4_DCF_SRVCHP-SRORC_Acetone_R236ea_seed202_20260720T095135Z,${CBSIM_RUNS_ROOT}/S4_FORMAL/BATCH_S4_20260720T095135Z/runs/S4_DCF_SRVCHP-SRORC_Acetone_R236ea_seed202_20260720T095135Z,${CBSIM_RUNS_ROOT}/S4_FORMAL/BATCH_S4_20260720T095135Z/runs/S4_DCF_SRVCHP-SRORC_Acetone_R236ea_seed202_20260720T095135Z/metadata/manifest.json,base,S4_DCF_SRVCHP-SRORC_Acetone_R236ea_seed202_20260720T095135Z,,S2_DCF_SRVCHP-SRORC_Acetone_R236ea_seed042_20260717T060425Z,5,greedy_incremental_hypervolume,False,36b2c8588490339ef136ec141f9a21089b52daf7,2452bed17143498748ed5fe2e446308e3f8f1c3e669d60cb35bb75c90938d88d,150,True,0.15730938614056386,13873,12347,1526,2901,2898,5802,1,ad65faa06e2f9bb5ab2bd53d40ca40d67cd3057ad768d187d862c912be052459,86d3aa371fdc4c33baa720e53bc81dbc7d8ef2733a1f4900137cb5c63fd9f73d,793816d9df4069a458740dc12dd191ad17820622b345fb68a857b842dd8488ce
DC-F,SRVCHP_SRORC,Acetone,R365MFC,17,S4_DCF_SRVCHP-SRORC_Acetone_R365MFC_seed017_20260720T095135Z,${CBSIM_RUNS_ROOT}/S4_FORMAL/BATCH_S4_20260720T095135Z/runs/S4_DCF_SRVCHP-SRORC_Acetone_R365MFC_seed017_20260720T095135Z,${CBSIM_RUNS_ROOT}/S4_FORMAL/BATCH_S4_20260720T095135Z/runs/S4_DCF_SRVCHP-SRORC_Acetone_R365MFC_seed017_20260720T095135Z/metadata/manifest.json,base,S4_DCF_SRVCHP-SRORC_Acetone_R365MFC_seed017_20260720T095135Z,,S2_DCF_SRVCHP-SRORC_Acetone_R365MFC_seed042_20260717T060425Z,3,greedy_incremental_hypervolume,False,36b2c8588490339ef136ec141f9a21089b52daf7,2452bed17143498748ed5fe2e446308e3f8f1c3e669d60cb35bb75c90938d88d,150,True,0.16422802160549382,13694,12292,1402,3522,3515,7044,5,9ae0d862df0bee4487bdc39e238ea5fd1fc270a57471c7f1accb8b9b3f956052,b854c6e2eb3ee65034e92933367f038d95d2b4bd2051ab170cb597cf4b5639cc,943b99d0c499748d68ba9e3b3816a648f5840f5d5598c278602ea69f7524967e
DC-F,SRVCHP_SRORC,Acetone,R365MFC,42,S4_DCF_SRVCHP-SRORC_Acetone_R365MFC_seed042_20260720T095135Z,${CBSIM_RUNS_ROOT}/S4_FORMAL/BATCH_S4_20260720T095135Z/runs/S4_DCF_SRVCHP-SRORC_Acetone_R365MFC_seed042_20260720T095135Z,${CBSIM_RUNS_ROOT}/S4_FORMAL/BATCH_S4_20260720T095135Z/runs/S4_DCF_SRVCHP-SRORC_Acetone_R365MFC_seed042_20260720T095135Z/metadata/manifest.json,base,S4_DCF_SRVCHP-SRORC_Acetone_R365MFC_seed042_20260720T095135Z,,S2_DCF_SRVCHP-SRORC_Acetone_R365MFC_seed042_20260717T060425Z,3,greedy_incremental_hypervolume,False,36b2c8588490339ef136ec141f9a21089b52daf7,2452bed17143498748ed5fe2e446308e3f8f1c3e669d60cb35bb75c90938d88d,150,True,0.16155892660379467,13719,12705,1014,3291,3291,6582,0,e042bad2fe096cb5b639bcade3cb32f91c52f32f16a416e7d93691e8f67563ab,a9909215f6fedbf0494a41d6aaf6b6651bc05d5b6deafec2959d71f4db37dded,2a7981b70157b93c8883b2d607cd297dc74ebfa67eed5562005c7a3afe5fce11
DC-F,SRVCHP_SRORC,Acetone,R365MFC,73,S4_DCF_SRVCHP-SRORC_Acetone_R365MFC_seed073_20260721T031641Z,${CBSIM_RUNS_ROOT}/S4_EXTENSION/BATCH_S4_20260721T031641Z/runs/S4_DCF_SRVCHP-SRORC_Acetone_R365MFC_seed073_20260721T031641Z,${CBSIM_RUNS_ROOT}/S4_EXTENSION/BATCH_S4_20260721T031641Z/runs/S4_DCF_SRVCHP-SRORC_Acetone_R365MFC_seed073_20260721T031641Z/metadata/manifest.json,extension,S4_DCF_SRVCHP-SRORC_Acetone_R365MFC_seed073_20260720T095135Z,S4_DCF_SRVCHP-SRORC_Acetone_R365MFC_seed073_20260720T095135Z,S2_DCF_SRVCHP-SRORC_Acetone_R365MFC_seed042_20260717T060425Z,3,greedy_incremental_hypervolume,False,d8afee5d5a587723cf3e45f1975c4b4b4a181c25,2452bed17143498748ed5fe2e446308e3f8f1c3e669d60cb35bb75c90938d88d,158,True,0.16190520052626037,14542,13499,1043,2857,2856,11134,0,bfd65e5c680201d9804b42eb70f1fcc9198347a576b8693c0872088a647298e1,64efa3172e514f6b7de9dbfa3ac4f39cd04fa930675b1a4584334910536a3569,aa1063a85f341af9606000bdff7da0848dfb3c9ae932c108357e84a4915311e9
DC-F,SRVCHP_SRORC,Acetone,R365MFC,101,S4_DCF_SRVCHP-SRORC_Acetone_R365MFC_seed101_20260720T095135Z,${CBSIM_RUNS_ROOT}/S4_FORMAL/BATCH_S4_20260720T095135Z/runs/S4_DCF_SRVCHP-SRORC_Acetone_R365MFC_seed101_20260720T095135Z,${CBSIM_RUNS_ROOT}/S4_FORMAL/BATCH_S4_20260720T095135Z/runs/S4_DCF_SRVCHP-SRORC_Acetone_R365MFC_seed101_20260720T095135Z/metadata/manifest.json,base,S4_DCF_SRVCHP-SRORC_Acetone_R365MFC_seed101_20260720T095135Z,,S2_DCF_SRVCHP-SRORC_Acetone_R365MFC_seed042_20260717T060425Z,3,greedy_incremental_hypervolume,False,36b2c8588490339ef136ec141f9a21089b52daf7,2452bed17143498748ed5fe2e446308e3f8f1c3e669d60cb35bb75c90938d88d,150,True,0.16297224973708682,13774,12830,944,3884,3882,7768,0,38382e0e510e6c985e6fb0dc04fa25067d6840689f7465517204f0f000fbcc25,5a1980dc8a52ade10feb3bcea3e9727ec427a09f524c97ea210f7c208939d127,937a36bec7b1979de320b26e1fef7cacadf4e12dc1c317d8cb9977de86106dce
DC-F,SRVCHP_SRORC,Acetone,R365MFC,202,S4_DCF_SRVCHP-SRORC_Acetone_R365MFC_seed202_20260720T095135Z,${CBSIM_RUNS_ROOT}/S4_FORMAL/BATCH_S4_20260720T095135Z/runs/S4_DCF_SRVCHP-SRORC_Acetone_R365MFC_seed202_20260720T095135Z,${CBSIM_RUNS_ROOT}/S4_FORMAL/BATCH_S4_20260720T095135Z/runs/S4_DCF_SRVCHP-SRORC_Acetone_R365MFC_seed202_20260720T095135Z/metadata/manifest.json,base,S4_DCF_SRVCHP-SRORC_Acetone_R365MFC_seed202_20260720T095135Z,,S2_DCF_SRVCHP-SRORC_Acetone_R365MFC_seed042_20260717T060425Z,3,greedy_incremental_hypervolume,False,36b2c8588490339ef136ec141f9a21089b52daf7,2452bed17143498748ed5fe2e446308e3f8f1c3e669d60cb35bb75c90938d88d,150,True,0.15954549191264436,13756,12843,913,2937,2937,5874,0,5444b270748b730c0bd457b77c63c496036dcddd3e7cf1b6f5f1f7ff0d9ea888,0de175d733985bf5d8666b4876dd3ad73246a798343448f0b8d1144bc95ea150,113da095f3688b3d18f57ada5276a4204793722b13a03969d8be78f998da8585
DC-F,SRVCHP_SRORC,CycloHexane,R227EA,17,S4_DCF_SRVCHP-SRORC_CycloHexane_R227EA_seed017_20260720T095135Z,${CBSIM_RUNS_ROOT}/S4_FORMAL/BATCH_S4_20260720T095135Z/runs/S4_DCF_SRVCHP-SRORC_CycloHexane_R227EA_seed017_20260720T095135Z,${CBSIM_RUNS_ROOT}/S4_FORMAL/BATCH_S4_20260720T095135Z/runs/S4_DCF_SRVCHP-SRORC_CycloHexane_R227EA_seed017_20260720T095135Z/metadata/manifest.json,base,S4_DCF_SRVCHP-SRORC_CycloHexane_R227EA_seed017_20260720T095135Z,,S2_DCF_SRVCHP-SRORC_CycloHexane_R227EA_seed042_20260717T060425Z,2,extreme_energy_density_thermal,True,36b2c8588490339ef136ec141f9a21089b52daf7,2452bed17143498748ed5fe2e446308e3f8f1c3e669d60cb35bb75c90938d88d,150,True,0.1395720048564369,13686,8714,4972,1573,1548,3146,25,f5d13e0192e4a4da042805cc8a8f963de96340d690e2b4eb19a5db4a60964988,562d2056b7eb8e033d953f023ecff1696748ad371fc631b7db4d4071f50c7dd0,463f415ff3d9abee0be7b492d93882dfedbdeabd9ffbc8bf892195a970bc085b
DC-F,SRVCHP_SRORC,CycloHexane,R227EA,42,S4_DCF_SRVCHP-SRORC_CycloHexane_R227EA_seed042_20260720T095135Z,${CBSIM_RUNS_ROOT}/S4_FORMAL/BATCH_S4_20260720T095135Z/runs/S4_DCF_SRVCHP-SRORC_CycloHexane_R227EA_seed042_20260720T095135Z,${CBSIM_RUNS_ROOT}/S4_FORMAL/BATCH_S4_20260720T095135Z/runs/S4_DCF_SRVCHP-SRORC_CycloHexane_R227EA_seed042_20260720T095135Z/metadata/manifest.json,base,S4_DCF_SRVCHP-SRORC_CycloHexane_R227EA_seed042_20260720T095135Z,,S2_DCF_SRVCHP-SRORC_CycloHexane_R227EA_seed042_20260717T060425Z,2,extreme_energy_density_thermal,True,36b2c8588490339ef136ec141f9a21089b52daf7,2452bed17143498748ed5fe2e446308e3f8f1c3e669d60cb35bb75c90938d88d,150,True,0.13943557642021984,13739,8723,5016,1485,1468,2970,17,e6bb3e77f26263ccd335fa70d0e0aff463e353db2ef4192a8bb1e5fafb612a94,a34bb2b10aadd12212aa8bb3c897270572d5da9fa038537463c343f09b3bf7ce,2d213dc08d833e106397a692210bf9ce0324040a82fc25119de7d7df547f523f
DC-F,SRVCHP_SRORC,CycloHexane,R227EA,73,S4_DCF_SRVCHP-SRORC_CycloHexane_R227EA_seed073_20260721T031641Z,${CBSIM_RUNS_ROOT}/S4_EXTENSION/BATCH_S4_20260721T031641Z/runs/S4_DCF_SRVCHP-SRORC_CycloHexane_R227EA_seed073_20260721T031641Z,${CBSIM_RUNS_ROOT}/S4_EXTENSION/BATCH_S4_20260721T031641Z/runs/S4_DCF_SRVCHP-SRORC_CycloHexane_R227EA_seed073_20260721T031641Z/metadata/manifest.json,extension,S4_DCF_SRVCHP-SRORC_CycloHexane_R227EA_seed073_20260720T095135Z,S4_DCF_SRVCHP-SRORC_CycloHexane_R227EA_seed073_20260720T095135Z,S2_DCF_SRVCHP-SRORC_CycloHexane_R227EA_seed042_20260717T060425Z,2,extreme_energy_density_thermal,True,d8afee5d5a587723cf3e45f1975c4b4b4a181c25,2452bed17143498748ed5fe2e446308e3f8f1c3e669d60cb35bb75c90938d88d,185,True,0.14022505438926317,16968,10744,6224,1474,1465,5346,9,f625fc21c669a506b0a9651cad2baeb8b09466b491bbf749c11d84ebd2ba385b,6ebda8b44ecb45f7c18cedc9e386d91899c26f984dae690edb8755c237edadd7,909febea6239f3caa0fc503d62f8c3d570edc0ea8517a65ee95fce3ee1d52ef2
DC-F,SRVCHP_SRORC,CycloHexane,R227EA,101,S4_DCF_SRVCHP-SRORC_CycloHexane_R227EA_seed101_20260721T031641Z,${CBSIM_RUNS_ROOT}/S4_EXTENSION/BATCH_S4_20260721T031641Z/runs/S4_DCF_SRVCHP-SRORC_CycloHexane_R227EA_seed101_20260721T031641Z,${CBSIM_RUNS_ROOT}/S4_EXTENSION/BATCH_S4_20260721T031641Z/runs/S4_DCF_SRVCHP-SRORC_CycloHexane_R227EA_seed101_20260721T031641Z/metadata/manifest.json,extension,S4_DCF_SRVCHP-SRORC_CycloHexane_R227EA_seed101_20260720T095135Z,S4_DCF_SRVCHP-SRORC_CycloHexane_R227EA_seed101_20260720T095135Z,S2_DCF_SRVCHP-SRORC_CycloHexane_R227EA_seed042_20260717T060425Z,2,extreme_energy_density_thermal,True,d8afee5d5a587723cf3e45f1975c4b4b4a181c25,2452bed17143498748ed5fe2e446308e3f8f1c3e669d60cb35bb75c90938d88d,162,True,0.1384526580551885,14741,8990,5751,1557,1542,6032,14,e546ef4980efd3980d5dc4427fae2dad10e3c85d61c8bd9377e06cb7827c3db3,e09e5c194ec8f56ae7f1c5391dc85b4cacc733add286d468dfef3d015431b8b8,ef111f99f01706213f36e09a0bd0d0e38b16c1aef9f2c30d5f37a20c31b5abdc
DC-F,SRVCHP_SRORC,CycloHexane,R227EA,202,S4_DCF_SRVCHP-SRORC_CycloHexane_R227EA_seed202_20260721T031641Z,${CBSIM_RUNS_ROOT}/S4_EXTENSION/BATCH_S4_20260721T031641Z/runs/S4_DCF_SRVCHP-SRORC_CycloHexane_R227EA_seed202_20260721T031641Z,${CBSIM_RUNS_ROOT}/S4_EXTENSION/BATCH_S4_20260721T031641Z/runs/S4_DCF_SRVCHP-SRORC_CycloHexane_R227EA_seed202_20260721T031641Z/metadata/manifest.json,extension,S4_DCF_SRVCHP-SRORC_CycloHexane_R227EA_seed202_20260720T095135Z,S4_DCF_SRVCHP-SRORC_CycloHexane_R227EA_seed202_20260720T095135Z,S2_DCF_SRVCHP-SRORC_CycloHexane_R227EA_seed042_20260717T060425Z,2,extreme_energy_density_thermal,True,d8afee5d5a587723cf3e45f1975c4b4b4a181c25,2452bed17143498748ed5fe2e446308e3f8f1c3e669d60cb35bb75c90938d88d,217,True,0.14041929819978713,19917,12446,7471,1424,1410,4846,14,35195b047da6c5da2888acd7926ab8d645757b526668d91dfe4d35c526028105,07370bd7b955c52c47c088e408b307ae021397a90ecb79aa7dc9d43b23d4b4a3,c1ff5b7180fe9c80bc4c09c8fc7882573ec0d517b51bcb417bb6e7c828f239e1
DC-F,SRVCHP_SRORC,Cyclopentane,R365MFC,17,S4_DCF_SRVCHP-SRORC_Cyclopentane_R365MFC_seed017_20260720T095135Z,${CBSIM_RUNS_ROOT}/S4_FORMAL/BATCH_S4_20260720T095135Z/runs/S4_DCF_SRVCHP-SRORC_Cyclopentane_R365MFC_seed017_20260720T095135Z,${CBSIM_RUNS_ROOT}/S4_FORMAL/BATCH_S4_20260720T095135Z/runs/S4_DCF_SRVCHP-SRORC_Cyclopentane_R365MFC_seed017_20260720T095135Z/metadata/manifest.json,base,S4_DCF_SRVCHP-SRORC_Cyclopentane_R365MFC_seed017_20260720T095135Z,,S2_DCF_SRVCHP-SRORC_Cyclopentane_R365MFC_seed042_20260717T060425Z,1,extreme_eta_p2p;extreme_exergy_efficiency,True,36b2c8588490339ef136ec141f9a21089b52daf7,2452bed17143498748ed5fe2e446308e3f8f1c3e669d60cb35bb75c90938d88d,150,True,0.1631182908983176,13718,12025,1693,3317,3317,6634,0,be4eca2be151b98cda9f10d53da05218b6954c66164896390a4772d596711224,51183b02cc44aa813c871638852ecde6debaef99aac79d5d61d1082f3c2ff12d,86cc83155400818275cc69287e4298f0c89e0ea949fb851964da30f4d992bec9
DC-F,SRVCHP_SRORC,Cyclopentane,R365MFC,42,S4_DCF_SRVCHP-SRORC_Cyclopentane_R365MFC_seed042_20260720T095135Z,${CBSIM_RUNS_ROOT}/S4_FORMAL/BATCH_S4_20260720T095135Z/runs/S4_DCF_SRVCHP-SRORC_Cyclopentane_R365MFC_seed042_20260720T095135Z,${CBSIM_RUNS_ROOT}/S4_FORMAL/BATCH_S4_20260720T095135Z/runs/S4_DCF_SRVCHP-SRORC_Cyclopentane_R365MFC_seed042_20260720T095135Z/metadata/manifest.json,base,S4_DCF_SRVCHP-SRORC_Cyclopentane_R365MFC_seed042_20260720T095135Z,,S2_DCF_SRVCHP-SRORC_Cyclopentane_R365MFC_seed042_20260717T060425Z,1,extreme_eta_p2p;extreme_exergy_efficiency,True,36b2c8588490339ef136ec141f9a21089b52daf7,2452bed17143498748ed5fe2e446308e3f8f1c3e669d60cb35bb75c90938d88d,150,True,0.16038683429480963,13792,12258,1534,2993,2993,5986,0,2f63bbb1b20948ad948841c0b913346065b7b6c52ecc3b00f96e0c869f6b8af4,ebb764282b059fd429a053f3f7ceeeac9f43ff77cff8ae14b88bd40c0a32dfe8,e2874450dd133de8aa7e9d8e42ba0bdc487db9c98266c2847b0eb78f8a1e4063
DC-F,SRVCHP_SRORC,Cyclopentane,R365MFC,73,S4_DCF_SRVCHP-SRORC_Cyclopentane_R365MFC_seed073_20260720T095135Z,${CBSIM_RUNS_ROOT}/S4_FORMAL/BATCH_S4_20260720T095135Z/runs/S4_DCF_SRVCHP-SRORC_Cyclopentane_R365MFC_seed073_20260720T095135Z,${CBSIM_RUNS_ROOT}/S4_FORMAL/BATCH_S4_20260720T095135Z/runs/S4_DCF_SRVCHP-SRORC_Cyclopentane_R365MFC_seed073_20260720T095135Z/metadata/manifest.json,base,S4_DCF_SRVCHP-SRORC_Cyclopentane_R365MFC_seed073_20260720T095135Z,,S2_DCF_SRVCHP-SRORC_Cyclopentane_R365MFC_seed042_20260717T060425Z,1,extreme_eta_p2p;extreme_exergy_efficiency,True,36b2c8588490339ef136ec141f9a21089b52daf7,2452bed17143498748ed5fe2e446308e3f8f1c3e669d60cb35bb75c90938d88d,150,True,0.159581726714325,13757,12818,939,3040,3040,6080,0,d00060d811e55ce8b8de32722d482dfc40a17e73b84992612f1b5564643dc469,1635c5cb778f2c56c06ddc167b9ac7a8a65142edeb0ce27ce4c2105ddfef2536,11cf7568927c582130aae4490f386cc8bbb5a5de3b3280820c926f8eb9171eef
DC-F,SRVCHP_SRORC,Cyclopentane,R365MFC,101,S4_DCF_SRVCHP-SRORC_Cyclopentane_R365MFC_seed101_20260720T095135Z,${CBSIM_RUNS_ROOT}/S4_FORMAL/BATCH_S4_20260720T095135Z/runs/S4_DCF_SRVCHP-SRORC_Cyclopentane_R365MFC_seed101_20260720T095135Z,${CBSIM_RUNS_ROOT}/S4_FORMAL/BATCH_S4_20260720T095135Z/runs/S4_DCF_SRVCHP-SRORC_Cyclopentane_R365MFC_seed101_20260720T095135Z/metadata/manifest.json,base,S4_DCF_SRVCHP-SRORC_Cyclopentane_R365MFC_seed101_20260720T095135Z,,S2_DCF_SRVCHP-SRORC_Cyclopentane_R365MFC_seed042_20260717T060425Z,1,extreme_eta_p2p;extreme_exergy_efficiency,True,36b2c8588490339ef136ec141f9a21089b52daf7,2452bed17143498748ed5fe2e446308e3f8f1c3e669d60cb35bb75c90938d88d,150,True,0.15939434761610846,13764,12950,814,3406,3406,6812,0,a3034d20196d3da523e8b95129297036ca844288024022f003d906b8dd1bb744,466bfff68ae619cea334488b2cd7c5a078391bc12273d7d7d84f762d2ae6dfc5,ca1a5557340af4f7de48a49a4c89b21d8ad249f8af258f923e25b9d653da74f3
DC-F,SRVCHP_SRORC,Cyclopentane,R365MFC,202,S4_DCF_SRVCHP-SRORC_Cyclopentane_R365MFC_seed202_20260721T031641Z,${CBSIM_RUNS_ROOT}/S4_EXTENSION/BATCH_S4_20260721T031641Z/runs/S4_DCF_SRVCHP-SRORC_Cyclopentane_R365MFC_seed202_20260721T031641Z,${CBSIM_RUNS_ROOT}/S4_EXTENSION/BATCH_S4_20260721T031641Z/runs/S4_DCF_SRVCHP-SRORC_Cyclopentane_R365MFC_seed202_20260721T031641Z/metadata/manifest.json,extension,S4_DCF_SRVCHP-SRORC_Cyclopentane_R365MFC_seed202_20260720T095135Z,S4_DCF_SRVCHP-SRORC_Cyclopentane_R365MFC_seed202_20260720T095135Z,S2_DCF_SRVCHP-SRORC_Cyclopentane_R365MFC_seed042_20260717T060425Z,1,extreme_eta_p2p;extreme_exergy_efficiency,True,d8afee5d5a587723cf3e45f1975c4b4b4a181c25,2452bed17143498748ed5fe2e446308e3f8f1c3e669d60cb35bb75c90938d88d,167,True,0.16118253092557988,15354,14312,1042,3145,3145,12012,0,438a0014103ef2abb6fab0e3fa0e5783e62790f00475932bf5eae2839796a45f,6f8d64b2e85617e31a0e8547c715162c7cd9a0c62be390e8369ead96bd704864,dae7f6bac4f5c116acb53a0cf54658edf6d08092289281c4b5e15b543e5def37
DC-F,SRVCHP_SRORC,R1233zd(E),R227EA,17,S4_DCF_SRVCHP-SRORC_R1233zdE_R227EA_seed017_20260720T095135Z,${CBSIM_RUNS_ROOT}/S4_FORMAL/BATCH_S4_20260720T095135Z/runs/S4_DCF_SRVCHP-SRORC_R1233zdE_R227EA_seed017_20260720T095135Z,${CBSIM_RUNS_ROOT}/S4_FORMAL/BATCH_S4_20260720T095135Z/runs/S4_DCF_SRVCHP-SRORC_R1233zdE_R227EA_seed017_20260720T095135Z/metadata/manifest.json,base,S4_DCF_SRVCHP-SRORC_R1233zdE_R227EA_seed017_20260720T095135Z,,S2_DCF_SRVCHP-SRORC_R1233zdE_R227EA_seed042_20260717T060425Z,4,greedy_incremental_hypervolume,False,36b2c8588490339ef136ec141f9a21089b52daf7,2452bed17143498748ed5fe2e446308e3f8f1c3e669d60cb35bb75c90938d88d,150,True,0.13826536267000022,13717,8428,5289,1448,1433,2896,15,6d050fd84fd3f7b04208519769245493b10822296d06d52cf6b5d26c8b070634,d01d8ebaf35c4ba0b03a19e20bad631e2307b7150fb9ffabe50da65f76617afd,ae5be7dadaff989252003b3cd50d720697228f29987f4774d7470719d43df946
DC-F,SRVCHP_SRORC,R1233zd(E),R227EA,42,S4_DCF_SRVCHP-SRORC_R1233zdE_R227EA_seed042_20260720T095135Z,${CBSIM_RUNS_ROOT}/S4_FORMAL/BATCH_S4_20260720T095135Z/runs/S4_DCF_SRVCHP-SRORC_R1233zdE_R227EA_seed042_20260720T095135Z,${CBSIM_RUNS_ROOT}/S4_FORMAL/BATCH_S4_20260720T095135Z/runs/S4_DCF_SRVCHP-SRORC_R1233zdE_R227EA_seed042_20260720T095135Z/metadata/manifest.json,base,S4_DCF_SRVCHP-SRORC_R1233zdE_R227EA_seed042_20260720T095135Z,,S2_DCF_SRVCHP-SRORC_R1233zdE_R227EA_seed042_20260717T060425Z,4,greedy_incremental_hypervolume,False,36b2c8588490339ef136ec141f9a21089b52daf7,2452bed17143498748ed5fe2e446308e3f8f1c3e669d60cb35bb75c90938d88d,150,True,0.13861868019396026,13684,7971,5713,1541,1519,3082,22,ed4961ff77522b84975b50b224d701872794981af246771ad46337ba3c902850,e710d647950a12474c7d7ef84f393ad6de6f6e1915c9f87609b4e89ac95e020f,5f59b4ccb71c6ed62bcb4ebc4cfee59317beee6d6f56b3e69978609df7edd567
DC-F,SRVCHP_SRORC,R1233zd(E),R227EA,73,S4_DCF_SRVCHP-SRORC_R1233zdE_R227EA_seed073_20260721T031641Z,${CBSIM_RUNS_ROOT}/S4_EXTENSION/BATCH_S4_20260721T031641Z/runs/S4_DCF_SRVCHP-SRORC_R1233zdE_R227EA_seed073_20260721T031641Z,${CBSIM_RUNS_ROOT}/S4_EXTENSION/BATCH_S4_20260721T031641Z/runs/S4_DCF_SRVCHP-SRORC_R1233zdE_R227EA_seed073_20260721T031641Z/metadata/manifest.json,extension,S4_DCF_SRVCHP-SRORC_R1233zdE_R227EA_seed073_20260720T095135Z,S4_DCF_SRVCHP-SRORC_R1233zdE_R227EA_seed073_20260720T095135Z,S2_DCF_SRVCHP-SRORC_R1233zdE_R227EA_seed042_20260717T060425Z,4,greedy_incremental_hypervolume,False,d8afee5d5a587723cf3e45f1975c4b4b4a181c25,2452bed17143498748ed5fe2e446308e3f8f1c3e669d60cb35bb75c90938d88d,187,True,0.13402792251242313,17126,11245,5881,1595,1575,5482,20,00a2492c3ea7b0b60b9144a8f39c72c746f3c984a1a8a802ec2584e89c3cd8e4,884d996e181ec71736fa3dd3a30358e7a5fc67abb8e06312c02ffa1e23033d39,cd29100ffe049658e264198e40ef68c9d0a97331599171dc94062b3e6611b9aa
DC-F,SRVCHP_SRORC,R1233zd(E),R227EA,101,S4_DCF_SRVCHP-SRORC_R1233zdE_R227EA_seed101_20260721T031641Z,${CBSIM_RUNS_ROOT}/S4_EXTENSION/BATCH_S4_20260721T031641Z/runs/S4_DCF_SRVCHP-SRORC_R1233zdE_R227EA_seed101_20260721T031641Z,${CBSIM_RUNS_ROOT}/S4_EXTENSION/BATCH_S4_20260721T031641Z/runs/S4_DCF_SRVCHP-SRORC_R1233zdE_R227EA_seed101_20260721T031641Z/metadata/manifest.json,extension,S4_DCF_SRVCHP-SRORC_R1233zdE_R227EA_seed101_20260720T095135Z,S4_DCF_SRVCHP-SRORC_R1233zdE_R227EA_seed101_20260720T095135Z,S2_DCF_SRVCHP-SRORC_R1233zdE_R227EA_seed042_20260717T060425Z,4,greedy_incremental_hypervolume,False,d8afee5d5a587723cf3e45f1975c4b4b4a181c25,2452bed17143498748ed5fe2e446308e3f8f1c3e669d60cb35bb75c90938d88d,162,True,0.13697401183537833,14843,9111,5732,1519,1506,5882,13,16527aaf710895ab4ef30b5caa4413a3e9b9d1c5def18a7719d81120e492c674,5082a215cbcc0d3606861af0a262d2069eb872ad592b1d774fd9347561eeb2d2,95c6e4ee22f1827c74d7e0cbb3fd735889ebf1c832c7a3f6bfff99157183bb89
DC-F,SRVCHP_SRORC,R1233zd(E),R227EA,202,S4_DCF_SRVCHP-SRORC_R1233zdE_R227EA_seed202_20260721T031641Z,${CBSIM_RUNS_ROOT}/S4_EXTENSION/BATCH_S4_20260721T031641Z/runs/S4_DCF_SRVCHP-SRORC_R1233zdE_R227EA_seed202_20260721T031641Z,${CBSIM_RUNS_ROOT}/S4_EXTENSION/BATCH_S4_20260721T031641Z/runs/S4_DCF_SRVCHP-SRORC_R1233zdE_R227EA_seed202_20260721T031641Z/metadata/manifest.json,extension,S4_DCF_SRVCHP-SRORC_R1233zdE_R227EA_seed202_20260720T095135Z,S4_DCF_SRVCHP-SRORC_R1233zdE_R227EA_seed202_20260720T095135Z,S2_DCF_SRVCHP-SRORC_R1233zdE_R227EA_seed042_20260717T060425Z,4,greedy_incremental_hypervolume,False,d8afee5d5a587723cf3e45f1975c4b4b4a181c25,2452bed17143498748ed5fe2e446308e3f8f1c3e669d60cb35bb75c90938d88d,165,True,0.13661144062120156,15209,9519,5690,1339,1319,5164,18,76fdee80f5f20ddc7e1bc8508fff53cf44686e013deaa48f45de7502ac702b14,c4792c42d18c48d3cbd5b1853ec0d0bc114e9c4b3cf49cc5d606871b5a279a7d,87ec0245fd8418490b8132b276c02714810ac5b4600637e66ca6cdbc1525c538
