representative_id,repeat,wp,representative_type,component,density_kg_m3,enthalpy_J_kg,entropy_J_kgK,fluid,phase,pressure_Pa,quality,state,temperature_K
S5_DCA_compromise,1,DC-A,compromise,HE_EXPANSION,71.91086055024907,429959.97681455617,1683.3330721774842,R236ea,gas,1099427.98121822,-1.0,0,360.02783318955113
S5_DCA_compromise,1,DC-A,compromise,HE_EXPANSION,70.47975238821309,429720.62054837897,1683.4071411972202,R236ea,gas,1080490.6914335017,-1.0,1,359.47207045411943
S5_DCA_compromise,1,DC-A,compromise,HE_EXPANSION,69.0578346983567,429476.4093059894,1683.4829513819286,R236ea,gas,1061553.4016487836,-1.0,2,358.9114269459581
S5_DCA_compromise,1,DC-A,compromise,HE_EXPANSION,67.64498576691544,429227.17378313275,1683.560567107141,R236ea,gas,1042616.1118640653,-1.0,3,358.34569477940033
S5_DCA_compromise,1,DC-A,compromise,HE_EXPANSION,66.24108504970636,428972.73553647986,1683.6400563677798,R236ea,gas,1023678.822079347,-1.0,4,357.77465502023864
S5_DCA_compromise,1,DC-A,compromise,HE_EXPANSION,64.84601313503495,428712.9063103785,1683.7214910533232,R236ea,gas,1004741.5322946288,-1.0,5,357.1980768778022
S5_DCA_compromise,1,DC-A,compromise,HE_EXPANSION,63.45965170383852,428447.48730032874,1683.8049472494604,R236ea,gas,985804.2425099105,-1.0,6,356.61571682035117
S5_DCA_compromise,1,DC-A,compromise,HE_EXPANSION,62.08188348692671,428176.26834590314,1683.8905055693633,R236ea,gas,966866.9527251923,-1.0,7,356.0273176049734
S5_DCA_compromise,1,DC-A,compromise,HE_EXPANSION,60.712592219128986,427899.02704481565,1683.9782515182776,R236ea,gas,947929.662940474,-1.0,8,355.4326072120136
S5_DCA_compromise,1,DC-A,compromise,HE_EXPANSION,59.351662590182265,427615.52777870174,1684.0682758952455,R236ea,gas,928992.3731557558,-1.0,9,354.83129767251506
S5_DCA_compromise,1,DC-A,compromise,HE_EXPANSION,57.99898019208576,427325.52063979476,1684.1606752368477,R236ea,gas,910055.0833710376,-1.0,10,354.223083775688
S5_DCA_compromise,1,DC-A,compromise,HE_EXPANSION,56.65443146265692,427028.740246138,1684.2555523082142,R236ea,gas,891117.7935863193,-1.0,11,353.6076416413846
S5_DCA_compromise,1,DC-A,compromise,HE_EXPANSION,55.317903624953765,426724.9044311037,1684.3530166474782,R236ea,gas,872180.5038016011,-1.0,12,352.98462714037345
S5_DCA_compromise,1,DC-A,compromise,HE_EXPANSION,53.989284622178154,426413.71279084217,1684.4531851708066,R236ea,gas,853243.2140168828,-1.0,13,352.3536741425684
S5_DCA_compromise,1,DC-A,compromise,HE_EXPANSION,52.668463047610025,426094.84507072304,1684.5561828462603,R236ea,gas,834305.9242321646,-1.0,14,351.7143925702734
S5_DCA_compromise,1,DC-A,compromise,HE_EXPANSION,51.355328069051765,425767.95936882036,1684.6621434460665,R236ea,gas,815368.6344474463,-1.0,15,351.0663662298339
S5_DCA_compromise,1,DC-A,compromise,HE_EXPANSION,50.0497693471752,425432.6901309142,1684.7712103884999,R236ea,gas,796431.3446627281,-1.0,16,350.4091503907503
S5_DCA_compromise,1,DC-A,compromise,HE_EXPANSION,48.751676947066485,425088.6459072177,1684.883537682455,R236ea,gas,777494.05487801,-1.0,17,349.7422690761199
S5_DCA_compromise,1,DC-A,compromise,HE_EXPANSION,47.46094124214626,424735.4068359546,1684.9992909900927,R236ea,gas,758556.7650932916,-1.0,18,349.0652120220931
S5_DCA_compromise,1,DC-A,compromise,HE_EXPANSION,46.17745280951243,424372.5218127716,1685.1186488256656,R236ea,gas,739619.4753085733,-1.0,19,348.37743125657255
S5_DCA_compromise,1,DC-A,compromise,HE_EXPANSION,44.901102315584204,423999.50529763073,1685.2418039119814,R236ea,gas,720682.1855238552,-1.0,20,347.678337238435
S5_DCA_compromise,1,DC-A,compromise,HE_EXPANSION,43.63178039074331,423615.8337018535,1685.3689647199844,R236ea,gas,701744.895739137,-1.0,21,346.9672944876631
S5_DCA_compromise,1,DC-A,compromise,HE_EXPANSION,42.36937749143727,423220.94128714455,1685.5003572218604,R236ea,gas,682807.6059544187,-1.0,22,346.2436166235449
S5_DCA_compromise,1,DC-A,compromise,HE_EXPANSION,41.11378374793733,422814.2154951096,1685.6362268941548,R236ea,gas,663870.3161697005,-1.0,23,345.5065607119073
S5_DCA_compromise,1,DC-A,compromise,HE_EXPANSION,39.864888795618526,422394.99160942895,1685.776841014799,R236ea,gas,644933.0263849823,-1.0,24,344.75532080240623
S5_DCA_compromise,1,DC-A,compromise,HE_EXPANSION,38.622581587229924,421962.5466326277,1685.9224913072596,R236ea,gas,625995.736600264,-1.0,25,343.98902051225934
S5_DCA_compromise,1,DC-A,compromise,HE_EXPANSION,37.3867501831391,421516.09223424096,1686.073496996566,R236ea,gas,607058.4468155457,-1.0,26,343.2067044821376
S5_DCA_compromise,1,DC-A,compromise,HE_EXPANSION,36.15728151594636,421054.76659568335,1686.2302083564587,R236ea,gas,588121.1570308275,-1.0,27,342.4073284915086
S5_DCA_compromise,1,DC-A,compromise,HE_EXPANSION,34.93406112512931,420577.6249375045,1686.39301084531,R236ea,gas,569183.8672461093,-1.0,28,341.5897479723505
S5_DCA_compromise,1,DC-A,compromise,HE_EXPANSION,33.71697285647868,420083.62846440583,1686.5623299517958,R236ea,gas,550246.577461391,-1.0,29,340.7527045986969
S5_DCA_compromise,1,DC-A,compromise,HE_EXPANSION,32.50589851995271,419571.631399142,1686.7386369013095,R236ea,gas,531309.2876766728,-1.0,30,339.89481055095365
S5_DCA_compromise,1,DC-A,compromise,HE_EXPANSION,31.300717498160054,419040.3656936536,1686.9224554128741,R236ea,gas,512371.9978919545,-1.0,31,339.01452995268784
S5_DCA_compromise,1,DC-A,compromise,HE_EXPANSION,30.101306295879326,418488.4228982923,1687.1143697469117,R236ea,gas,493434.7081072363,-1.0,32,338.11015684605616
S5_DCA_compromise,1,DC-A,compromise,HE_EXPANSION,28.90753801872842,417914.2325291091,1687.315034350759,R236ea,gas,474497.4183225181,-1.0,33,337.17978889951416
S5_DCA_compromise,1,DC-A,compromise,HE_EXPANSION,27.719281766136397,417316.0360868011,1687.5251854973135,R236ea,gas,455560.1285377998,-1.0,34,336.2212958130297
S5_DCA_compromise,1,DC-A,compromise,HE_EXPANSION,26.53640191990688,416691.8556317161,1687.7456554313908,R236ea,gas,436622.8387530816,-1.0,35,335.23228108056566
S5_DCA_compromise,1,DC-A,compromise,HE_EXPANSION,25.358757304656528,416039.45548249036,1687.9773896987347,R236ea,gas,417685.5489683633,-1.0,36,334.21003535579365
S5_DCA_compromise,1,DC-A,compromise,HE_EXPANSION,24.18620018962269,415356.2951450505,1688.2214685565134,R236ea,gas,398748.25918364513,-1.0,37,333.1514791015659
S5_DCA_compromise,1,DC-A,compromise,HE_EXPANSION,23.018575092403044,414639.4709399798,1688.4791336717428,R236ea,gas,379810.9693989268,-1.0,38,332.0530914177528
S5_DCA_compromise,1,DC-A,compromise,HE_EXPANSION,21.85571733288944,413885.64289831975,1688.7518217526138,R236ea,gas,360873.67961420864,-1.0,39,330.9108208374019
S5_DCA_compromise,1,DC-A,compromise,HE_EXPANSION,20.69745126877496,413090.942213908,1689.0412073855277,R236ea,gas,341936.38982949033,-1.0,40,329.7199723018341
S5_DCA_compromise,1,DC-A,compromise,HE_EXPANSION,19.543588120352343,412250.8526788191,1689.3492582686404,R236ea,gas,322999.10004477215,-1.0,41,328.47506222968974
S5_DCA_compromise,1,DC-A,compromise,HE_EXPANSION,18.393923258643376,411360.0567744588,1689.6783073995623,R236ea,gas,304061.81026005396,-1.0,42,327.1696301947794
S5_DCA_compromise,1,DC-A,compromise,HE_EXPANSION,17.248232782062125,410412.2329313918,1690.0311488536408,R236ea,gas,285124.52047533565,-1.0,43,325.79599058595505
S5_DCA_compromise,1,DC-A,compromise,HE_EXPANSION,16.10626913453652,409399.78404265386,1690.4111670253828,R236ea,gas,266187.23069061746,-1.0,44,324.3448996653812
S5_DCA_compromise,1,DC-A,compromise,HE_EXPANSION,14.967755408543583,408313.4671210677,1690.8225143778752,R236ea,gas,247249.94090589916,-1.0,45,322.80510080544553
S5_DCA_compromise,1,DC-A,compromise,HE_EXPANSION,13.832377806380906,407141.87734742434,1691.2703612600533,R236ea,gas,228312.65112118097,-1.0,46,321.1626900220844
S5_DCA_compromise,1,DC-A,compromise,HE_EXPANSION,12.699775460663252,405870.71166780824,1691.7612558511705,R236ea,gas,209375.36133646267,-1.0,47,319.4002089927704
S5_DCA_compromise,1,DC-A,compromise,HE_EXPANSION,11.56952636411964,404481.6878551454,1692.303657958222,R236ea,gas,190438.07155174448,-1.0,48,317.4953113983087
S5_DCA_compromise,1,DC-A,compromise,HE_EXPANSION,10.441127382262973,402950.90471277415,1692.9087579222842,R236ea,gas,171500.78176702617,-1.0,49,315.41873577876805
S5_DCA_compromise,2,DC-A,compromise,HE_EXPANSION,71.91086055024907,429959.97681455617,1683.3330721774842,R236ea,gas,1099427.98121822,-1.0,0,360.02783318955113
S5_DCA_compromise,2,DC-A,compromise,HE_EXPANSION,70.47975238821309,429720.62054837897,1683.4071411972202,R236ea,gas,1080490.6914335017,-1.0,1,359.47207045411943
S5_DCA_compromise,2,DC-A,compromise,HE_EXPANSION,69.0578346983567,429476.4093059894,1683.4829513819286,R236ea,gas,1061553.4016487836,-1.0,2,358.9114269459581
S5_DCA_compromise,2,DC-A,compromise,HE_EXPANSION,67.64498576691544,429227.17378313275,1683.560567107141,R236ea,gas,1042616.1118640653,-1.0,3,358.34569477940033
S5_DCA_compromise,2,DC-A,compromise,HE_EXPANSION,66.24108504970636,428972.73553647986,1683.6400563677798,R236ea,gas,1023678.822079347,-1.0,4,357.77465502023864
S5_DCA_compromise,2,DC-A,compromise,HE_EXPANSION,64.84601313503495,428712.9063103785,1683.7214910533232,R236ea,gas,1004741.5322946288,-1.0,5,357.1980768778022
S5_DCA_compromise,2,DC-A,compromise,HE_EXPANSION,63.45965170383852,428447.48730032874,1683.8049472494604,R236ea,gas,985804.2425099105,-1.0,6,356.61571682035117
S5_DCA_compromise,2,DC-A,compromise,HE_EXPANSION,62.08188348692671,428176.26834590314,1683.8905055693633,R236ea,gas,966866.9527251923,-1.0,7,356.0273176049734
S5_DCA_compromise,2,DC-A,compromise,HE_EXPANSION,60.712592219128986,427899.02704481565,1683.9782515182776,R236ea,gas,947929.662940474,-1.0,8,355.4326072120136
S5_DCA_compromise,2,DC-A,compromise,HE_EXPANSION,59.351662590182265,427615.52777870174,1684.0682758952455,R236ea,gas,928992.3731557558,-1.0,9,354.83129767251506
S5_DCA_compromise,2,DC-A,compromise,HE_EXPANSION,57.99898019208576,427325.52063979476,1684.1606752368477,R236ea,gas,910055.0833710376,-1.0,10,354.223083775688
S5_DCA_compromise,2,DC-A,compromise,HE_EXPANSION,56.65443146265692,427028.740246138,1684.2555523082142,R236ea,gas,891117.7935863193,-1.0,11,353.6076416413846
S5_DCA_compromise,2,DC-A,compromise,HE_EXPANSION,55.317903624953765,426724.9044311037,1684.3530166474782,R236ea,gas,872180.5038016011,-1.0,12,352.98462714037345
S5_DCA_compromise,2,DC-A,compromise,HE_EXPANSION,53.989284622178154,426413.71279084217,1684.4531851708066,R236ea,gas,853243.2140168828,-1.0,13,352.3536741425684
S5_DCA_compromise,2,DC-A,compromise,HE_EXPANSION,52.668463047610025,426094.84507072304,1684.5561828462603,R236ea,gas,834305.9242321646,-1.0,14,351.7143925702734
S5_DCA_compromise,2,DC-A,compromise,HE_EXPANSION,51.355328069051765,425767.95936882036,1684.6621434460665,R236ea,gas,815368.6344474463,-1.0,15,351.0663662298339
S5_DCA_compromise,2,DC-A,compromise,HE_EXPANSION,50.0497693471752,425432.6901309142,1684.7712103884999,R236ea,gas,796431.3446627281,-1.0,16,350.4091503907503
S5_DCA_compromise,2,DC-A,compromise,HE_EXPANSION,48.751676947066485,425088.6459072177,1684.883537682455,R236ea,gas,777494.05487801,-1.0,17,349.7422690761199
S5_DCA_compromise,2,DC-A,compromise,HE_EXPANSION,47.46094124214626,424735.4068359546,1684.9992909900927,R236ea,gas,758556.7650932916,-1.0,18,349.0652120220931
S5_DCA_compromise,2,DC-A,compromise,HE_EXPANSION,46.17745280951243,424372.5218127716,1685.1186488256656,R236ea,gas,739619.4753085733,-1.0,19,348.37743125657255
S5_DCA_compromise,2,DC-A,compromise,HE_EXPANSION,44.901102315584204,423999.50529763073,1685.2418039119814,R236ea,gas,720682.1855238552,-1.0,20,347.678337238435
S5_DCA_compromise,2,DC-A,compromise,HE_EXPANSION,43.63178039074331,423615.8337018535,1685.3689647199844,R236ea,gas,701744.895739137,-1.0,21,346.9672944876631
S5_DCA_compromise,2,DC-A,compromise,HE_EXPANSION,42.36937749143727,423220.94128714455,1685.5003572218604,R236ea,gas,682807.6059544187,-1.0,22,346.2436166235449
S5_DCA_compromise,2,DC-A,compromise,HE_EXPANSION,41.11378374793733,422814.2154951096,1685.6362268941548,R236ea,gas,663870.3161697005,-1.0,23,345.5065607119073
S5_DCA_compromise,2,DC-A,compromise,HE_EXPANSION,39.864888795618526,422394.99160942895,1685.776841014799,R236ea,gas,644933.0263849823,-1.0,24,344.75532080240623
S5_DCA_compromise,2,DC-A,compromise,HE_EXPANSION,38.622581587229924,421962.5466326277,1685.9224913072596,R236ea,gas,625995.736600264,-1.0,25,343.98902051225934
S5_DCA_compromise,2,DC-A,compromise,HE_EXPANSION,37.3867501831391,421516.09223424096,1686.073496996566,R236ea,gas,607058.4468155457,-1.0,26,343.2067044821376
S5_DCA_compromise,2,DC-A,compromise,HE_EXPANSION,36.15728151594636,421054.76659568335,1686.2302083564587,R236ea,gas,588121.1570308275,-1.0,27,342.4073284915086
S5_DCA_compromise,2,DC-A,compromise,HE_EXPANSION,34.93406112512931,420577.6249375045,1686.39301084531,R236ea,gas,569183.8672461093,-1.0,28,341.5897479723505
S5_DCA_compromise,2,DC-A,compromise,HE_EXPANSION,33.71697285647868,420083.62846440583,1686.5623299517958,R236ea,gas,550246.577461391,-1.0,29,340.7527045986969
S5_DCA_compromise,2,DC-A,compromise,HE_EXPANSION,32.50589851995271,419571.631399142,1686.7386369013095,R236ea,gas,531309.2876766728,-1.0,30,339.89481055095365
S5_DCA_compromise,2,DC-A,compromise,HE_EXPANSION,31.300717498160054,419040.3656936536,1686.9224554128741,R236ea,gas,512371.9978919545,-1.0,31,339.01452995268784
S5_DCA_compromise,2,DC-A,compromise,HE_EXPANSION,30.101306295879326,418488.4228982923,1687.1143697469117,R236ea,gas,493434.7081072363,-1.0,32,338.11015684605616
S5_DCA_compromise,2,DC-A,compromise,HE_EXPANSION,28.90753801872842,417914.2325291091,1687.315034350759,R236ea,gas,474497.4183225181,-1.0,33,337.17978889951416
S5_DCA_compromise,2,DC-A,compromise,HE_EXPANSION,27.719281766136397,417316.0360868011,1687.5251854973135,R236ea,gas,455560.1285377998,-1.0,34,336.2212958130297
S5_DCA_compromise,2,DC-A,compromise,HE_EXPANSION,26.53640191990688,416691.8556317161,1687.7456554313908,R236ea,gas,436622.8387530816,-1.0,35,335.23228108056566
S5_DCA_compromise,2,DC-A,compromise,HE_EXPANSION,25.358757304656528,416039.45548249036,1687.9773896987347,R236ea,gas,417685.5489683633,-1.0,36,334.21003535579365
S5_DCA_compromise,2,DC-A,compromise,HE_EXPANSION,24.18620018962269,415356.2951450505,1688.2214685565134,R236ea,gas,398748.25918364513,-1.0,37,333.1514791015659
S5_DCA_compromise,2,DC-A,compromise,HE_EXPANSION,23.018575092403044,414639.4709399798,1688.4791336717428,R236ea,gas,379810.9693989268,-1.0,38,332.0530914177528
S5_DCA_compromise,2,DC-A,compromise,HE_EXPANSION,21.85571733288944,413885.64289831975,1688.7518217526138,R236ea,gas,360873.67961420864,-1.0,39,330.9108208374019
S5_DCA_compromise,2,DC-A,compromise,HE_EXPANSION,20.69745126877496,413090.942213908,1689.0412073855277,R236ea,gas,341936.38982949033,-1.0,40,329.7199723018341
S5_DCA_compromise,2,DC-A,compromise,HE_EXPANSION,19.543588120352343,412250.8526788191,1689.3492582686404,R236ea,gas,322999.10004477215,-1.0,41,328.47506222968974
S5_DCA_compromise,2,DC-A,compromise,HE_EXPANSION,18.393923258643376,411360.0567744588,1689.6783073995623,R236ea,gas,304061.81026005396,-1.0,42,327.1696301947794
S5_DCA_compromise,2,DC-A,compromise,HE_EXPANSION,17.248232782062125,410412.2329313918,1690.0311488536408,R236ea,gas,285124.52047533565,-1.0,43,325.79599058595505
S5_DCA_compromise,2,DC-A,compromise,HE_EXPANSION,16.10626913453652,409399.78404265386,1690.4111670253828,R236ea,gas,266187.23069061746,-1.0,44,324.3448996653812
S5_DCA_compromise,2,DC-A,compromise,HE_EXPANSION,14.967755408543583,408313.4671210677,1690.8225143778752,R236ea,gas,247249.94090589916,-1.0,45,322.80510080544553
S5_DCA_compromise,2,DC-A,compromise,HE_EXPANSION,13.832377806380906,407141.87734742434,1691.2703612600533,R236ea,gas,228312.65112118097,-1.0,46,321.1626900220844
S5_DCA_compromise,2,DC-A,compromise,HE_EXPANSION,12.699775460663252,405870.71166780824,1691.7612558511705,R236ea,gas,209375.36133646267,-1.0,47,319.4002089927704
S5_DCA_compromise,2,DC-A,compromise,HE_EXPANSION,11.56952636411964,404481.6878551454,1692.303657958222,R236ea,gas,190438.07155174448,-1.0,48,317.4953113983087
S5_DCA_compromise,2,DC-A,compromise,HE_EXPANSION,10.441127382262973,402950.90471277415,1692.9087579222842,R236ea,gas,171500.78176702617,-1.0,49,315.41873577876805
S5_DCA_density,1,DC-A,density,HE_EXPANSION,24.83439129592019,403564.9464502703,1653.4481377315967,R236ea,gas,388331.365906483,-1.0,0,320.6350468496799
S5_DCA_density,1,DC-A,density,HE_EXPANSION,24.543081628592358,403418.47461484966,1653.5480662853993,R236ea,gas,383924.483200823,-1.0,1,320.38658213056806
S5_DCA_density,1,DC-A,density,HE_EXPANSION,24.2521604738257,403270.27848469175,1653.6493392649484,R236ea,gas,379517.600495163,-1.0,2,320.13604404863827
S5_DCA_density,1,DC-A,density,HE_EXPANSION,23.961625038541023,403120.3190055037,1653.7519889841826,R236ea,gas,375110.717789503,-1.0,3,319.88338366961773
S5_DCA_density,1,DC-A,density,HE_EXPANSION,23.671472504856855,402968.5557666396,1653.8560489265865,R236ea,gas,370703.835083843,-1.0,4,319.62855037131186
S5_DCA_density,1,DC-A,density,HE_EXPANSION,23.381700028779555,402814.94693725463,1653.9615538019993,R236ea,gas,366296.952378183,-1.0,5,319.37149176397514
S5_DCA_density,1,DC-A,density,HE_EXPANSION,23.092304738829785,402659.4491986417,1654.0685396068832,R236ea,gas,361890.069672523,-1.0,6,319.1121536059064
S5_DCA_density,1,DC-A,density,HE_EXPANSION,22.80328373459977,402502.01767248055,1654.1770436883535,R236ea,gas,357483.186966863,-1.0,7,318.85047971393334
S5_DCA_density,1,DC-A,density,HE_EXPANSION,22.51463408523839,402342.60584469483,1654.287104812212,R236ea,gas,353076.304261203,-1.0,8,318.5864118683951
S5_DCA_density,1,DC-A,density,HE_EXPANSION,22.226352827858566,402181.16548458755,1654.3987632353019,R236ea,gas,348669.42155554297,-1.0,9,318.3198897122205
S5_DCA_density,1,DC-A,density,HE_EXPANSION,21.938436965861424,402017.6465589077,1654.5120607825445,R236ea,gas,344262.53884988296,-1.0,10,318.05085064365693
S5_DCA_density,1,DC-A,density,HE_EXPANSION,21.650883467173344,401851.99714044586,1654.6270409289648,R236ea,gas,339855.65614422294,-1.0,11,317.7792297021501
S5_DCA_density,1,DC-A,density,HE_EXPANSION,21.36368926238781,401684.1633107511,1654.7437488871644,R236ea,gas,335448.77343856293,-1.0,12,317.5049594468605
S5_DCA_density,1,DC-A,density,HE_EXPANSION,21.076851242807095,401514.089056496,1654.862231700639,R236ea,gas,331041.8907329029,-1.0,13,317.2279698272241
S5_DCA_density,1,DC-A,density,HE_EXPANSION,20.790366258376505,401341.7161589915,1654.9825383434177,R236ea,gas,326635.00802724296,-1.0,14,316.9481880449268
S5_DCA_density,1,DC-A,density,HE_EXPANSION,20.504231115503117,401166.98407629604,1655.1047198265637,R236ea,gas,322228.12532158295,-1.0,15,316.6655384066002
S5_DCA_density,1,DC-A,density,HE_EXPANSION,20.21844257475139,400989.82981731655,1655.2288293120987,R236ea,gas,317821.24261592294,-1.0,16,316.3799421664774
S5_DCA_density,1,DC-A,density,HE_EXPANSION,19.932997348406353,400810.18780723517,1655.3549222349668,R236ea,gas,313414.3599102629,-1.0,17,316.09131735817334
S5_DCA_density,1,DC-A,density,HE_EXPANSION,19.647892097895138,400627.98974353686,1655.4830564337522,R236ea,gas,309007.4772046029,-1.0,18,315.7995786146737
S5_DCA_density,1,DC-A,density,HE_EXPANSION,19.363123431055598,400443.16444183176,1655.613292290897,R236ea,gas,304600.5944989429,-1.0,19,315.5046369755275
S5_DCA_density,1,DC-A,density,HE_EXPANSION,19.078687899241558,400255.6376705948,1655.7456928832516,R236ea,gas,300193.7117932829,-1.0,20,315.20639968012654
S5_DCA_density,1,DC-A,density,HE_EXPANSION,18.794581994250862,400065.3319738509,1655.8803241439243,R236ea,gas,295786.8290876229,-1.0,21,314.90476994586
S5_DCA_density,1,DC-A,density,HE_EXPANSION,18.510802145064186,399872.1664807241,1656.0172550363854,R236ea,gas,291379.94638196286,-1.0,22,314.599646729774
S5_DCA_density,1,DC-A,density,HE_EXPANSION,18.22734471437943,399676.056700675,1656.1565577419908,R236ea,gas,286973.0636763029,-1.0,23,314.29092447224457
S5_DCA_density,1,DC-A,density,HE_EXPANSION,17.94420599491807,399476.9143031043,1656.298307862433,R236ea,gas,282566.18097064283,-1.0,24,313.9784928210966
S5_DCA_density,1,DC-A,density,HE_EXPANSION,17.661382205506165,399274.6468798671,1656.4425846377796,R236ea,gas,278159.2982649829,-1.0,25,313.6622363340798
S5_DCA_density,1,DC-A,density,HE_EXPANSION,17.378869486882273,399069.1576890808,1656.5894711826693,R236ea,gas,273752.41555932286,-1.0,26,313.3420341580035
S5_DCA_density,1,DC-A,density,HE_EXPANSION,17.09666389723184,398860.34537842235,1656.7390547416421,R236ea,gas,269345.53285366285,-1.0,27,313.0177596820032
S5_DCA_density,1,DC-A,density,HE_EXPANSION,16.81476140741532,398648.103685916,1656.8914269658592,R236ea,gas,264938.65014800284,-1.0,28,312.68928016251385
S5_DCA_density,1,DC-A,density,HE_EXPANSION,16.533157895866335,398432.3211159568,1657.0466842132885,R236ea,gas,260531.76744234283,-1.0,29,312.3564563170933
S5_DCA_density,1,DC-A,density,HE_EXPANSION,16.25184914312914,398212.8805880843,1657.2049278748543,R236ea,gas,256124.88473668284,-1.0,30,312.01914188395585
S5_DCA_density,1,DC-A,density,HE_EXPANSION,15.970830826005033,397989.6590556842,1657.3662647292113,R236ea,gas,251718.00203102283,-1.0,31,311.6771831436522
S5_DCA_density,1,DC-A,density,HE_EXPANSION,15.690098511271115,397762.52709147654,1657.530807329254,R236ea,gas,247311.11932536282,-1.0,32,311.3304183989303
S5_DCA_density,1,DC-A,density,HE_EXPANSION,15.40964764893223,397531.34843624785,1657.6986744238081,R236ea,gas,242904.2366197028,-1.0,33,310.9786774082994
S5_DCA_density,1,DC-A,density,HE_EXPANSION,15.129473564962314,397295.97950683517,1657.869991418406,R236ea,gas,238497.3539140428,-1.0,34,310.62178076825177
S5_DCA_density,1,DC-A,density,HE_EXPANSION,14.849571453486343,397056.2688588531,1658.0448908795665,R236ea,gas,234090.4712083828,-1.0,35,310.25953923844287
S5_DCA_density,1,DC-A,density,HE_EXPANSION,14.569936368348046,396812.0565990684,1658.2235130876115,R236ea,gas,229683.5885027228,-1.0,36,309.89175300338337
S5_DCA_density,1,DC-A,density,HE_EXPANSION,14.290563214002962,396563.17374163115,1658.40600664368,R236ea,gas,225276.70579706278,-1.0,37,309.51821086331523
S5_DCA_density,1,DC-A,density,HE_EXPANSION,14.011446735668006,396309.44150158996,1658.5925291374879,R236ea,gas,220869.82309140277,-1.0,38,309.13868934595536
S5_DCA_density,1,DC-A,density,HE_EXPANSION,13.732581508651279,396050.6705181912,1658.7832478832038,R236ea,gas,216462.94038574278,-1.0,39,308.75295172960676
S5_DCA_density,1,DC-A,density,HE_EXPANSION,13.453961926775555,395786.6599994034,1658.978340731979,R236ea,gas,212056.05768008277,-1.0,40,308.36074696679503
S5_DCA_density,1,DC-A,density,HE_EXPANSION,13.175582189798234,395517.19677785307,1659.1779969708696,R236ea,gas,207649.17497442276,-1.0,41,307.9618084959942
S5_DCA_density,1,DC-A,density,HE_EXPANSION,12.897436289717813,395242.054266903,1659.3824183194001,R236ea,gas,203242.29226876274,-1.0,42,307.5558529271541
S5_DCA_density,1,DC-A,density,HE_EXPANSION,12.61951799584183,394960.9913038981,1659.5918200367487,R236ea,gas,198835.40956310273,-1.0,43,307.14257858457034
S5_DCA_density,1,DC-A,density,HE_EXPANSION,12.341820838474934,394673.7508655795,1659.8064321545926,R236ea,gas,194428.52685744275,-1.0,44,306.7216638880635
S5_DCA_density,1,DC-A,density,HE_EXPANSION,12.064338091065212,394380.05863829126,1660.0265008530885,R236ea,gas,190021.64415178273,-1.0,45,306.29276555040997
S5_DCA_density,1,DC-A,density,HE_EXPANSION,11.787062750624624,394079.62142277835,1660.2522900003494,R236ea,gas,185614.76144612272,-1.0,46,305.8555165653601
S5_DCA_density,1,DC-A,density,HE_EXPANSION,11.509987516211694,393772.1253500105,1660.4840828792649,R236ea,gas,181207.8787404627,-1.0,47,305.409523956303
S5_DCA_density,1,DC-A,density,HE_EXPANSION,11.233104765233646,393457.23388044775,1660.7221841296287,R236ea,gas,176800.9960348027,-1.0,48,304.95436625050087
S5_DCA_density,1,DC-A,density,HE_EXPANSION,10.956406527287374,393134.585554339,1660.9669219385567,R236ea,gas,172394.1133291427,-1.0,49,304.4895906376741
S5_DCA_density,2,DC-A,density,HE_EXPANSION,24.83439129592019,403564.9464502703,1653.4481377315967,R236ea,gas,388331.365906483,-1.0,0,320.6350468496799
S5_DCA_density,2,DC-A,density,HE_EXPANSION,24.543081628592358,403418.47461484966,1653.5480662853993,R236ea,gas,383924.483200823,-1.0,1,320.38658213056806
S5_DCA_density,2,DC-A,density,HE_EXPANSION,24.2521604738257,403270.27848469175,1653.6493392649484,R236ea,gas,379517.600495163,-1.0,2,320.13604404863827
S5_DCA_density,2,DC-A,density,HE_EXPANSION,23.961625038541023,403120.3190055037,1653.7519889841826,R236ea,gas,375110.717789503,-1.0,3,319.88338366961773
S5_DCA_density,2,DC-A,density,HE_EXPANSION,23.671472504856855,402968.5557666396,1653.8560489265865,R236ea,gas,370703.835083843,-1.0,4,319.62855037131186
S5_DCA_density,2,DC-A,density,HE_EXPANSION,23.381700028779555,402814.94693725463,1653.9615538019993,R236ea,gas,366296.952378183,-1.0,5,319.37149176397514
S5_DCA_density,2,DC-A,density,HE_EXPANSION,23.092304738829785,402659.4491986417,1654.0685396068832,R236ea,gas,361890.069672523,-1.0,6,319.1121536059064
S5_DCA_density,2,DC-A,density,HE_EXPANSION,22.80328373459977,402502.01767248055,1654.1770436883535,R236ea,gas,357483.186966863,-1.0,7,318.85047971393334
S5_DCA_density,2,DC-A,density,HE_EXPANSION,22.51463408523839,402342.60584469483,1654.287104812212,R236ea,gas,353076.304261203,-1.0,8,318.5864118683951
S5_DCA_density,2,DC-A,density,HE_EXPANSION,22.226352827858566,402181.16548458755,1654.3987632353019,R236ea,gas,348669.42155554297,-1.0,9,318.3198897122205
S5_DCA_density,2,DC-A,density,HE_EXPANSION,21.938436965861424,402017.6465589077,1654.5120607825445,R236ea,gas,344262.53884988296,-1.0,10,318.05085064365693
S5_DCA_density,2,DC-A,density,HE_EXPANSION,21.650883467173344,401851.99714044586,1654.6270409289648,R236ea,gas,339855.65614422294,-1.0,11,317.7792297021501
S5_DCA_density,2,DC-A,density,HE_EXPANSION,21.36368926238781,401684.1633107511,1654.7437488871644,R236ea,gas,335448.77343856293,-1.0,12,317.5049594468605
S5_DCA_density,2,DC-A,density,HE_EXPANSION,21.076851242807095,401514.089056496,1654.862231700639,R236ea,gas,331041.8907329029,-1.0,13,317.2279698272241
S5_DCA_density,2,DC-A,density,HE_EXPANSION,20.790366258376505,401341.7161589915,1654.9825383434177,R236ea,gas,326635.00802724296,-1.0,14,316.9481880449268
S5_DCA_density,2,DC-A,density,HE_EXPANSION,20.504231115503117,401166.98407629604,1655.1047198265637,R236ea,gas,322228.12532158295,-1.0,15,316.6655384066002
S5_DCA_density,2,DC-A,density,HE_EXPANSION,20.21844257475139,400989.82981731655,1655.2288293120987,R236ea,gas,317821.24261592294,-1.0,16,316.3799421664774
S5_DCA_density,2,DC-A,density,HE_EXPANSION,19.932997348406353,400810.18780723517,1655.3549222349668,R236ea,gas,313414.3599102629,-1.0,17,316.09131735817334
S5_DCA_density,2,DC-A,density,HE_EXPANSION,19.647892097895138,400627.98974353686,1655.4830564337522,R236ea,gas,309007.4772046029,-1.0,18,315.7995786146737
S5_DCA_density,2,DC-A,density,HE_EXPANSION,19.363123431055598,400443.16444183176,1655.613292290897,R236ea,gas,304600.5944989429,-1.0,19,315.5046369755275
S5_DCA_density,2,DC-A,density,HE_EXPANSION,19.078687899241558,400255.6376705948,1655.7456928832516,R236ea,gas,300193.7117932829,-1.0,20,315.20639968012654
S5_DCA_density,2,DC-A,density,HE_EXPANSION,18.794581994250862,400065.3319738509,1655.8803241439243,R236ea,gas,295786.8290876229,-1.0,21,314.90476994586
S5_DCA_density,2,DC-A,density,HE_EXPANSION,18.510802145064186,399872.1664807241,1656.0172550363854,R236ea,gas,291379.94638196286,-1.0,22,314.599646729774
S5_DCA_density,2,DC-A,density,HE_EXPANSION,18.22734471437943,399676.056700675,1656.1565577419908,R236ea,gas,286973.0636763029,-1.0,23,314.29092447224457
S5_DCA_density,2,DC-A,density,HE_EXPANSION,17.94420599491807,399476.9143031043,1656.298307862433,R236ea,gas,282566.18097064283,-1.0,24,313.9784928210966
S5_DCA_density,2,DC-A,density,HE_EXPANSION,17.661382205506165,399274.6468798671,1656.4425846377796,R236ea,gas,278159.2982649829,-1.0,25,313.6622363340798
S5_DCA_density,2,DC-A,density,HE_EXPANSION,17.378869486882273,399069.1576890808,1656.5894711826693,R236ea,gas,273752.41555932286,-1.0,26,313.3420341580035
S5_DCA_density,2,DC-A,density,HE_EXPANSION,17.09666389723184,398860.34537842235,1656.7390547416421,R236ea,gas,269345.53285366285,-1.0,27,313.0177596820032
S5_DCA_density,2,DC-A,density,HE_EXPANSION,16.81476140741532,398648.103685916,1656.8914269658592,R236ea,gas,264938.65014800284,-1.0,28,312.68928016251385
S5_DCA_density,2,DC-A,density,HE_EXPANSION,16.533157895866335,398432.3211159568,1657.0466842132885,R236ea,gas,260531.76744234283,-1.0,29,312.3564563170933
S5_DCA_density,2,DC-A,density,HE_EXPANSION,16.25184914312914,398212.8805880843,1657.2049278748543,R236ea,gas,256124.88473668284,-1.0,30,312.01914188395585
S5_DCA_density,2,DC-A,density,HE_EXPANSION,15.970830826005033,397989.6590556842,1657.3662647292113,R236ea,gas,251718.00203102283,-1.0,31,311.6771831436522
S5_DCA_density,2,DC-A,density,HE_EXPANSION,15.690098511271115,397762.52709147654,1657.530807329254,R236ea,gas,247311.11932536282,-1.0,32,311.3304183989303
S5_DCA_density,2,DC-A,density,HE_EXPANSION,15.40964764893223,397531.34843624785,1657.6986744238081,R236ea,gas,242904.2366197028,-1.0,33,310.9786774082994
S5_DCA_density,2,DC-A,density,HE_EXPANSION,15.129473564962314,397295.97950683517,1657.869991418406,R236ea,gas,238497.3539140428,-1.0,34,310.62178076825177
S5_DCA_density,2,DC-A,density,HE_EXPANSION,14.849571453486343,397056.2688588531,1658.0448908795665,R236ea,gas,234090.4712083828,-1.0,35,310.25953923844287
S5_DCA_density,2,DC-A,density,HE_EXPANSION,14.569936368348046,396812.0565990684,1658.2235130876115,R236ea,gas,229683.5885027228,-1.0,36,309.89175300338337
S5_DCA_density,2,DC-A,density,HE_EXPANSION,14.290563214002962,396563.17374163115,1658.40600664368,R236ea,gas,225276.70579706278,-1.0,37,309.51821086331523
S5_DCA_density,2,DC-A,density,HE_EXPANSION,14.011446735668006,396309.44150158996,1658.5925291374879,R236ea,gas,220869.82309140277,-1.0,38,309.13868934595536
S5_DCA_density,2,DC-A,density,HE_EXPANSION,13.732581508651279,396050.6705181912,1658.7832478832038,R236ea,gas,216462.94038574278,-1.0,39,308.75295172960676
S5_DCA_density,2,DC-A,density,HE_EXPANSION,13.453961926775555,395786.6599994034,1658.978340731979,R236ea,gas,212056.05768008277,-1.0,40,308.36074696679503
S5_DCA_density,2,DC-A,density,HE_EXPANSION,13.175582189798234,395517.19677785307,1659.1779969708696,R236ea,gas,207649.17497442276,-1.0,41,307.9618084959942
S5_DCA_density,2,DC-A,density,HE_EXPANSION,12.897436289717813,395242.054266903,1659.3824183194001,R236ea,gas,203242.29226876274,-1.0,42,307.5558529271541
S5_DCA_density,2,DC-A,density,HE_EXPANSION,12.61951799584183,394960.9913038981,1659.5918200367487,R236ea,gas,198835.40956310273,-1.0,43,307.14257858457034
S5_DCA_density,2,DC-A,density,HE_EXPANSION,12.341820838474934,394673.7508655795,1659.8064321545926,R236ea,gas,194428.52685744275,-1.0,44,306.7216638880635
S5_DCA_density,2,DC-A,density,HE_EXPANSION,12.064338091065212,394380.05863829126,1660.0265008530885,R236ea,gas,190021.64415178273,-1.0,45,306.29276555040997
S5_DCA_density,2,DC-A,density,HE_EXPANSION,11.787062750624624,394079.62142277835,1660.2522900003494,R236ea,gas,185614.76144612272,-1.0,46,305.8555165653601
S5_DCA_density,2,DC-A,density,HE_EXPANSION,11.509987516211694,393772.1253500105,1660.4840828792649,R236ea,gas,181207.8787404627,-1.0,47,305.409523956303
S5_DCA_density,2,DC-A,density,HE_EXPANSION,11.233104765233646,393457.23388044775,1660.7221841296287,R236ea,gas,176800.9960348027,-1.0,48,304.95436625050087
S5_DCA_density,2,DC-A,density,HE_EXPANSION,10.956406527287374,393134.585554339,1660.9669219385567,R236ea,gas,172394.1133291427,-1.0,49,304.4895906376741
S5_DCA_efficiency,1,DC-A,efficiency,HE_EXPANSION,48.46580398108595,470148.2925661103,1797.8608315608271,R245fa,gas,887312.5389828715,-1.0,0,360.8906434015335
S5_DCA_efficiency,1,DC-A,efficiency,HE_EXPANSION,47.53309909849305,469855.75944468856,1797.951169596498,R245fa,gas,871708.0505080089,-1.0,1,360.3275805738472
S5_DCA_efficiency,1,DC-A,efficiency,HE_EXPANSION,46.60451012787635,469557.4910503789,1798.043574899336,R245fa,gas,856103.5620331463,-1.0,2,359.7582868903005
S5_DCA_efficiency,1,DC-A,efficiency,HE_EXPANSION,45.67998968892907,469253.283344788,1798.138126081563,R245fa,gas,840499.0735582837,-1.0,3,359.1825179113424
S5_DCA_efficiency,1,DC-A,efficiency,HE_EXPANSION,44.759490404692464,468942.92106146726,1798.23490628634,R245fa,gas,824894.5850834211,-1.0,4,358.60001583622295
S5_DCA_efficiency,1,DC-A,efficiency,HE_EXPANSION,43.84296487738126,468626.1768620577,1798.3340035405781,R245fa,gas,809290.0966085586,-1.0,5,358.01050849869165
S5_DCA_efficiency,1,DC-A,efficiency,HE_EXPANSION,42.93036566211981,468302.8104114168,1798.4355111425953,R245fa,gas,793685.608133696,-1.0,6,357.413708265761
S5_DCA_efficiency,1,DC-A,efficiency,HE_EXPANSION,42.02164523839275,467972.5673621828,1798.5395280888715,R245fa,gas,778081.1196588334,-1.0,7,356.80931082810247
S5_DCA_efficiency,1,DC-A,efficiency,HE_EXPANSION,41.11675597899495,467635.17823789606,1798.6461595446697,R245fa,gas,762476.6311839708,-1.0,8,356.1969938690086
S5_DCA_efficiency,1,DC-A,efficiency,HE_EXPANSION,40.215650116230954,467290.35720224364,1798.7555173640756,R245fa,gas,746872.1427091082,-1.0,9,355.57641559699647
S5_DCA_efficiency,1,DC-A,efficiency,HE_EXPANSION,39.318279705084414,466937.800700167,1798.8677206657694,R245fa,gas,731267.6542342457,-1.0,10,354.94721312492004
S5_DCA_efficiency,1,DC-A,efficiency,HE_EXPANSION,38.424596583036546,466577.185954446,1798.9828964718556,R245fa,gas,715663.165759383,-1.0,11,354.3090006759032
S5_DCA_efficiency,1,DC-A,efficiency,HE_EXPANSION,37.5345523261693,466208.1692988687,1799.1011804181865,R245fa,gas,700058.6772845205,-1.0,12,353.6613675933771
S5_DCA_efficiency,1,DC-A,efficiency,HE_EXPANSION,36.64809820113591,465830.38432614633,1799.222717545983,R245fa,gas,684454.1888096579,-1.0,13,353.0038761289538
S5_DCA_efficiency,1,DC-A,efficiency,HE_EXPANSION,35.76518511252019,465443.4398252466,1799.3476631861674,R245fa,gas,668849.7003347953,-1.0,14,352.3360589776548
S5_DCA_efficiency,1,DC-A,efficiency,HE_EXPANSION,34.88576354504287,465046.9174786684,1799.4761839495923,R245fa,gas,653245.2118599328,-1.0,15,351.65741652497314
S5_DCA_efficiency,1,DC-A,efficiency,HE_EXPANSION,34.00978349995514,464640.36928525555,1799.6084588392298,R245fa,gas,637640.7233850702,-1.0,16,350.96741376447306
S5_DCA_efficiency,1,DC-A,efficiency,HE_EXPANSION,33.137194424953144,464223.31466823415,1799.744680501556,R245fa,gas,622036.2349102076,-1.0,17,350.26547683698067
S5_DCA_efficiency,1,DC-A,efficiency,HE_EXPANSION,32.26794513668926,463795.237221069,1799.8850566400956,R245fa,gas,606431.7464353449,-1.0,18,349.55098913463536
S5_DCA_efficiency,1,DC-A,efficiency,HE_EXPANSION,31.40198373495606,463355.58103517286,1800.0298116157517,R245fa,gas,590827.2579604825,-1.0,19,348.8232869019413
S5_DCA_efficiency,1,DC-A,efficiency,HE_EXPANSION,30.539257507376437,462903.7465431236,1800.1791882647485,R245fa,gas,575222.7694856199,-1.0,20,348.081654253832
S5_DCA_efficiency,1,DC-A,efficiency,HE_EXPANSION,29.679712823264655,462439.0857984165,1800.3334499704988,R245fa,gas,559618.2810107572,-1.0,21,347.3253175152985
S5_DCA_efficiency,1,DC-A,efficiency,HE_EXPANSION,28.823295015084923,461960.8970972999,1800.4928830330832,R245fa,gas,544013.7925358947,-1.0,22,346.5534387683849
S5_DCA_efficiency,1,DC-A,efficiency,HE_EXPANSION,27.969948245652795,461468.41882921173,1800.6577993889991,R245fa,gas,528409.3040610321,-1.0,23,345.7651084692446
S5_DCA_efficiency,1,DC-A,efficiency,HE_EXPANSION,27.11961535888037,460960.8224187745,1800.8285397450525,R245fa,gas,512804.8155861695,-1.0,24,344.95933696933065
S5_DCA_efficiency,1,DC-A,efficiency,HE_EXPANSION,26.272237711450856,460437.20419297874,1801.0054772042163,R245fa,gas,497200.32711130695,-1.0,25,344.13504473913014
S5_DCA_efficiency,1,DC-A,efficiency,HE_EXPANSION,25.427754982293052,459896.57597044675,1801.1890214788893,R245fa,gas,481595.83863644436,-1.0,26,343.2910510481555
S5_DCA_efficiency,1,DC-A,efficiency,HE_EXPANSION,24.586104956095138,459337.8541233374,1801.379623809259,R245fa,gas,465991.35016158177,-1.0,27,342.4260607984858
S5_DCA_efficiency,1,DC-A,efficiency,HE_EXPANSION,23.747223276311928,458759.8468036341,1801.5777827328623,R245fa,gas,450386.8616867192,-1.0,28,341.53864913744025
S5_DCA_efficiency,1,DC-A,efficiency,HE_EXPANSION,22.911043162136945,458161.2389502759,1801.784050887965,R245fa,gas,434782.3732118566,-1.0,29,340.6272433831489
S5_DCA_efficiency,1,DC-A,efficiency,HE_EXPANSION,22.07749508267567,457540.5745965419,1801.9990430806836,R245fa,gas,419177.88473699405,-1.0,30,339.6901016782505
S5_DCA_efficiency,1,DC-A,efficiency,HE_EXPANSION,21.24650637998691,456896.2358708425,1802.2234459076176,R245fa,gas,403573.39626213146,-1.0,31,338.7252876326442
S5_DCA_efficiency,1,DC-A,efficiency,HE_EXPANSION,20.418000830653718,456226.4179184066,1802.4580293072954,R245fa,gas,387968.90778726886,-1.0,32,337.73064001349
S5_DCA_efficiency,1,DC-A,efficiency,HE_EXPANSION,19.591898132956796,455529.09875176003,1802.7036605224414,R245fa,gas,372364.4193124063,-1.0,33,336.7037362716948
S5_DCA_efficiency,1,DC-A,efficiency,HE_EXPANSION,18.768113303351498,454802.0027438541,1802.96132110137,R245fa,gas,356759.9308375437,-1.0,34,335.6418483335288
S5_DCA_efficiency,1,DC-A,efficiency,HE_EXPANSION,17.94655596151484,454042.55607944453,1803.2321277661185,R245fa,gas,341155.44236268115,-1.0,35,334.54188859705624
S5_DCA_efficiency,1,DC-A,efficiency,HE_EXPANSION,17.127129477327173,453247.83193435776,1803.517358249873,R245fa,gas,325550.9538878185,-1.0,36,333.40034340191625
S5_DCA_efficiency,1,DC-A,efficiency,HE_EXPANSION,16.309729945213572,452414.4823938096,1803.8184835904299,R245fa,gas,309946.46541295596,-1.0,37,332.2131903073723
S5_DCA_efficiency,1,DC-A,efficiency,HE_EXPANSION,15.49424494044251,451538.65305206773,1804.1372089115048,R245fa,gas,294341.97693809343,-1.0,38,330.97579419600584
S5_DCA_efficiency,1,DC-A,efficiency,HE_EXPANSION,14.680551997006306,450615.87470556254,1804.4755255094942,R245fa,gas,278737.4884632308,-1.0,39,329.68277533149296
S5_DCA_efficiency,1,DC-A,efficiency,HE_EXPANSION,13.868516725687364,449640.92432284326,1804.8357782158016,R245fa,gas,263132.99998836825,-1.0,40,328.32783974331306
S5_DCA_efficiency,1,DC-A,efficiency,HE_EXPANSION,13.057990460884609,448607.64416648645,1805.22075372898,R245fa,gas,247528.5115135056,-1.0,41,326.9035582140639
S5_DCA_efficiency,1,DC-A,efficiency,HE_EXPANSION,12.248807281070787,447508.70292671665,1805.6337982457958,R245fa,gas,231924.02303864306,-1.0,42,325.4010739226396
S5_DCA_efficiency,1,DC-A,efficiency,HE_EXPANSION,11.440780182791366,446335.2749426583,1806.0789768447107,R245fa,gas,216319.53456378053,-1.0,43,323.80970912088736
S5_DCA_efficiency,1,DC-A,efficiency,HE_EXPANSION,10.633696089265262,445076.6011842674,1806.5612937075,R245fa,gas,200715.04608891788,-1.0,44,322.1164257723425
S5_DCA_efficiency,1,DC-A,efficiency,HE_EXPANSION,9.827309220168129,443719.37530775554,1807.0870032589812,R245fa,gas,185110.55761405535,-1.0,45,320.3050696646533
S5_DCA_efficiency,1,DC-A,efficiency,HE_EXPANSION,9.021332100349035,442246.863520165,1807.664061173305,R245fa,gas,169506.0691391927,-1.0,46,318.35528423827986
S5_DCA_efficiency,1,DC-A,efficiency,HE_EXPANSION,8.215423070200332,440637.6059257729,1808.3027978988384,R245fa,gas,153901.58066433016,-1.0,47,316.24090376006205
S5_DCA_efficiency,1,DC-A,efficiency,HE_EXPANSION,7.409168439516096,438863.43416242657,1809.0169604274301,R245fa,gas,138297.0921894675,-1.0,48,313.9274934517415
S5_DCA_efficiency,1,DC-A,efficiency,HE_EXPANSION,6.602056113160482,436886.3199822026,1809.825392758513,R245fa,gas,122692.60371460502,-1.0,49,311.3684262709801
S5_DCA_efficiency,2,DC-A,efficiency,HE_EXPANSION,48.46580398108595,470148.2925661103,1797.8608315608271,R245fa,gas,887312.5389828715,-1.0,0,360.8906434015335
S5_DCA_efficiency,2,DC-A,efficiency,HE_EXPANSION,47.53309909849305,469855.75944468856,1797.951169596498,R245fa,gas,871708.0505080089,-1.0,1,360.3275805738472
S5_DCA_efficiency,2,DC-A,efficiency,HE_EXPANSION,46.60451012787635,469557.4910503789,1798.043574899336,R245fa,gas,856103.5620331463,-1.0,2,359.7582868903005
S5_DCA_efficiency,2,DC-A,efficiency,HE_EXPANSION,45.67998968892907,469253.283344788,1798.138126081563,R245fa,gas,840499.0735582837,-1.0,3,359.1825179113424
S5_DCA_efficiency,2,DC-A,efficiency,HE_EXPANSION,44.759490404692464,468942.92106146726,1798.23490628634,R245fa,gas,824894.5850834211,-1.0,4,358.60001583622295
S5_DCA_efficiency,2,DC-A,efficiency,HE_EXPANSION,43.84296487738126,468626.1768620577,1798.3340035405781,R245fa,gas,809290.0966085586,-1.0,5,358.01050849869165
S5_DCA_efficiency,2,DC-A,efficiency,HE_EXPANSION,42.93036566211981,468302.8104114168,1798.4355111425953,R245fa,gas,793685.608133696,-1.0,6,357.413708265761
S5_DCA_efficiency,2,DC-A,efficiency,HE_EXPANSION,42.02164523839275,467972.5673621828,1798.5395280888715,R245fa,gas,778081.1196588334,-1.0,7,356.80931082810247
S5_DCA_efficiency,2,DC-A,efficiency,HE_EXPANSION,41.11675597899495,467635.17823789606,1798.6461595446697,R245fa,gas,762476.6311839708,-1.0,8,356.1969938690086
S5_DCA_efficiency,2,DC-A,efficiency,HE_EXPANSION,40.215650116230954,467290.35720224364,1798.7555173640756,R245fa,gas,746872.1427091082,-1.0,9,355.57641559699647
S5_DCA_efficiency,2,DC-A,efficiency,HE_EXPANSION,39.318279705084414,466937.800700167,1798.8677206657694,R245fa,gas,731267.6542342457,-1.0,10,354.94721312492004
S5_DCA_efficiency,2,DC-A,efficiency,HE_EXPANSION,38.424596583036546,466577.185954446,1798.9828964718556,R245fa,gas,715663.165759383,-1.0,11,354.3090006759032
S5_DCA_efficiency,2,DC-A,efficiency,HE_EXPANSION,37.5345523261693,466208.1692988687,1799.1011804181865,R245fa,gas,700058.6772845205,-1.0,12,353.6613675933771
S5_DCA_efficiency,2,DC-A,efficiency,HE_EXPANSION,36.64809820113591,465830.38432614633,1799.222717545983,R245fa,gas,684454.1888096579,-1.0,13,353.0038761289538
S5_DCA_efficiency,2,DC-A,efficiency,HE_EXPANSION,35.76518511252019,465443.4398252466,1799.3476631861674,R245fa,gas,668849.7003347953,-1.0,14,352.3360589776548
S5_DCA_efficiency,2,DC-A,efficiency,HE_EXPANSION,34.88576354504287,465046.9174786684,1799.4761839495923,R245fa,gas,653245.2118599328,-1.0,15,351.65741652497314
S5_DCA_efficiency,2,DC-A,efficiency,HE_EXPANSION,34.00978349995514,464640.36928525555,1799.6084588392298,R245fa,gas,637640.7233850702,-1.0,16,350.96741376447306
S5_DCA_efficiency,2,DC-A,efficiency,HE_EXPANSION,33.137194424953144,464223.31466823415,1799.744680501556,R245fa,gas,622036.2349102076,-1.0,17,350.26547683698067
S5_DCA_efficiency,2,DC-A,efficiency,HE_EXPANSION,32.26794513668926,463795.237221069,1799.8850566400956,R245fa,gas,606431.7464353449,-1.0,18,349.55098913463536
S5_DCA_efficiency,2,DC-A,efficiency,HE_EXPANSION,31.40198373495606,463355.58103517286,1800.0298116157517,R245fa,gas,590827.2579604825,-1.0,19,348.8232869019413
S5_DCA_efficiency,2,DC-A,efficiency,HE_EXPANSION,30.539257507376437,462903.7465431236,1800.1791882647485,R245fa,gas,575222.7694856199,-1.0,20,348.081654253832
S5_DCA_efficiency,2,DC-A,efficiency,HE_EXPANSION,29.679712823264655,462439.0857984165,1800.3334499704988,R245fa,gas,559618.2810107572,-1.0,21,347.3253175152985
S5_DCA_efficiency,2,DC-A,efficiency,HE_EXPANSION,28.823295015084923,461960.8970972999,1800.4928830330832,R245fa,gas,544013.7925358947,-1.0,22,346.5534387683849
S5_DCA_efficiency,2,DC-A,efficiency,HE_EXPANSION,27.969948245652795,461468.41882921173,1800.6577993889991,R245fa,gas,528409.3040610321,-1.0,23,345.7651084692446
S5_DCA_efficiency,2,DC-A,efficiency,HE_EXPANSION,27.11961535888037,460960.8224187745,1800.8285397450525,R245fa,gas,512804.8155861695,-1.0,24,344.95933696933065
S5_DCA_efficiency,2,DC-A,efficiency,HE_EXPANSION,26.272237711450856,460437.20419297874,1801.0054772042163,R245fa,gas,497200.32711130695,-1.0,25,344.13504473913014
S5_DCA_efficiency,2,DC-A,efficiency,HE_EXPANSION,25.427754982293052,459896.57597044675,1801.1890214788893,R245fa,gas,481595.83863644436,-1.0,26,343.2910510481555
S5_DCA_efficiency,2,DC-A,efficiency,HE_EXPANSION,24.586104956095138,459337.8541233374,1801.379623809259,R245fa,gas,465991.35016158177,-1.0,27,342.4260607984858
S5_DCA_efficiency,2,DC-A,efficiency,HE_EXPANSION,23.747223276311928,458759.8468036341,1801.5777827328623,R245fa,gas,450386.8616867192,-1.0,28,341.53864913744025
S5_DCA_efficiency,2,DC-A,efficiency,HE_EXPANSION,22.911043162136945,458161.2389502759,1801.784050887965,R245fa,gas,434782.3732118566,-1.0,29,340.6272433831489
S5_DCA_efficiency,2,DC-A,efficiency,HE_EXPANSION,22.07749508267567,457540.5745965419,1801.9990430806836,R245fa,gas,419177.88473699405,-1.0,30,339.6901016782505
S5_DCA_efficiency,2,DC-A,efficiency,HE_EXPANSION,21.24650637998691,456896.2358708425,1802.2234459076176,R245fa,gas,403573.39626213146,-1.0,31,338.7252876326442
S5_DCA_efficiency,2,DC-A,efficiency,HE_EXPANSION,20.418000830653718,456226.4179184066,1802.4580293072954,R245fa,gas,387968.90778726886,-1.0,32,337.73064001349
S5_DCA_efficiency,2,DC-A,efficiency,HE_EXPANSION,19.591898132956796,455529.09875176003,1802.7036605224414,R245fa,gas,372364.4193124063,-1.0,33,336.7037362716948
S5_DCA_efficiency,2,DC-A,efficiency,HE_EXPANSION,18.768113303351498,454802.0027438541,1802.96132110137,R245fa,gas,356759.9308375437,-1.0,34,335.6418483335288
S5_DCA_efficiency,2,DC-A,efficiency,HE_EXPANSION,17.94655596151484,454042.55607944453,1803.2321277661185,R245fa,gas,341155.44236268115,-1.0,35,334.54188859705624
S5_DCA_efficiency,2,DC-A,efficiency,HE_EXPANSION,17.127129477327173,453247.83193435776,1803.517358249873,R245fa,gas,325550.9538878185,-1.0,36,333.40034340191625
S5_DCA_efficiency,2,DC-A,efficiency,HE_EXPANSION,16.309729945213572,452414.4823938096,1803.8184835904299,R245fa,gas,309946.46541295596,-1.0,37,332.2131903073723
S5_DCA_efficiency,2,DC-A,efficiency,HE_EXPANSION,15.49424494044251,451538.65305206773,1804.1372089115048,R245fa,gas,294341.97693809343,-1.0,38,330.97579419600584
S5_DCA_efficiency,2,DC-A,efficiency,HE_EXPANSION,14.680551997006306,450615.87470556254,1804.4755255094942,R245fa,gas,278737.4884632308,-1.0,39,329.68277533149296
S5_DCA_efficiency,2,DC-A,efficiency,HE_EXPANSION,13.868516725687364,449640.92432284326,1804.8357782158016,R245fa,gas,263132.99998836825,-1.0,40,328.32783974331306
S5_DCA_efficiency,2,DC-A,efficiency,HE_EXPANSION,13.057990460884609,448607.64416648645,1805.22075372898,R245fa,gas,247528.5115135056,-1.0,41,326.9035582140639
S5_DCA_efficiency,2,DC-A,efficiency,HE_EXPANSION,12.248807281070787,447508.70292671665,1805.6337982457958,R245fa,gas,231924.02303864306,-1.0,42,325.4010739226396
S5_DCA_efficiency,2,DC-A,efficiency,HE_EXPANSION,11.440780182791366,446335.2749426583,1806.0789768447107,R245fa,gas,216319.53456378053,-1.0,43,323.80970912088736
S5_DCA_efficiency,2,DC-A,efficiency,HE_EXPANSION,10.633696089265262,445076.6011842674,1806.5612937075,R245fa,gas,200715.04608891788,-1.0,44,322.1164257723425
S5_DCA_efficiency,2,DC-A,efficiency,HE_EXPANSION,9.827309220168129,443719.37530775554,1807.0870032589812,R245fa,gas,185110.55761405535,-1.0,45,320.3050696646533
S5_DCA_efficiency,2,DC-A,efficiency,HE_EXPANSION,9.021332100349035,442246.863520165,1807.664061173305,R245fa,gas,169506.0691391927,-1.0,46,318.35528423827986
S5_DCA_efficiency,2,DC-A,efficiency,HE_EXPANSION,8.215423070200332,440637.6059257729,1808.3027978988384,R245fa,gas,153901.58066433016,-1.0,47,316.24090376006205
S5_DCA_efficiency,2,DC-A,efficiency,HE_EXPANSION,7.409168439516096,438863.43416242657,1809.0169604274301,R245fa,gas,138297.0921894675,-1.0,48,313.9274934517415
S5_DCA_efficiency,2,DC-A,efficiency,HE_EXPANSION,6.602056113160482,436886.3199822026,1809.825392758513,R245fa,gas,122692.60371460502,-1.0,49,311.3684262709801
S5_DCB_compromise,1,DC-B,compromise,HE_EXPANSION,312.0826495947032,375617.5141619682,1517.8071553434058,R227EA,supercritical_gas,2792156.6550568556,-1.0,0,375.5934030892719
S5_DCB_compromise,1,DC-B,compromise,HE_EXPANSION,304.4738067950564,375492.81601213047,1517.8441519681292,R227EA,gas,2749439.0946440855,-1.0,1,374.7485994475865
S5_DCB_compromise,1,DC-B,compromise,HE_EXPANSION,296.94585978891837,375365.0077701338,1517.8822428944134,R227EA,gas,2706721.534231315,-1.0,2,373.8956436939194
S5_DCB_compromise,1,DC-B,compromise,HE_EXPANSION,289.5042095724391,375233.9661531857,1517.9214748412905,R227EA,gas,2664003.9738185448,-1.0,3,373.0349989888953
S5_DCB_compromise,1,DC-B,compromise,HE_EXPANSION,282.1536249935259,375099.5633586851,1517.9618962813022,R227EA,gas,2621286.4134057746,-1.0,4,372.1671060523377
S5_DCB_compromise,1,DC-B,compromise,HE_EXPANSION,274.8982688909903,374961.66676580266,1518.0035575596532,R227EA,gas,2578568.8529930045,-1.0,5,371.2923815424604
S5_DCB_compromise,1,DC-B,compromise,HE_EXPANSION,267.7417291679102,374820.13861053524,1518.046511024364,R227EA,gas,2535851.292580234,-1.0,6,370.41121684670134
S5_DCB_compromise,1,DC-B,compromise,HE_EXPANSION,260.68705216282234,374674.83563279203,1518.0908111681756,R227EA,gas,2493133.7321674637,-1.0,7,369.5239770705381
S5_DCB_compromise,1,DC-B,compromise,HE_EXPANSION,253.7367763866832,374525.6086931827,1518.136514783193,R227EA,gas,2450416.1717546936,-1.0,8,368.63100005575785
S5_DCB_compromise,1,DC-B,compromise,HE_EXPANSION,246.8929653627296,374372.3023563068,1518.1836811298153,R227EA,gas,2407698.6113419235,-1.0,9,367.7325953109228
S5_DCB_compromise,1,DC-B,compromise,HE_EXPANSION,240.15723888102738,374214.75443647587,1518.2323721217667,R227EA,gas,2364981.050929153,-1.0,10,366.8290427869914
S5_DCB_compromise,1,DC-B,compromise,HE_EXPANSION,233.53080242728228,374052.7955009941,1518.2826525294338,R227EA,gas,2322263.4905163827,-1.0,11,365.92059147511844
S5_DCB_compromise,1,DC-B,compromise,HE_EXPANSION,227.0144748584985,373886.2483253514,1518.334590203982,R227EA,gas,2279545.9301036126,-1.0,12,365.00745783833173
S5_DCB_compromise,1,DC-B,compromise,HE_EXPANSION,220.6087145850384,373714.92729392776,1518.388256325058,R227EA,gas,2236828.369690842,-1.0,13,364.08982411268937
S5_DCB_compromise,1,DC-B,compromise,HE_EXPANSION,214.31364459978536,373538.63773907674,1518.443725675098,R227EA,gas,2194110.809278072,-1.0,14,363.1678365266718
S5_DCB_compromise,1,DC-B,compromise,HE_EXPANSION,208.12907669528622,373357.17521066155,1518.5010769435937,R227EA,gas,2151393.2488653017,-1.0,15,362.2416034910816
S5_DCB_compromise,1,DC-B,compromise,HE_EXPANSION,202.05453515541151,373170.324667296,1518.5603930650395,R227EA,gas,2108675.6884525316,-1.0,16,361.31119380736783
S5_DCB_compromise,1,DC-B,compromise,HE_EXPANSION,196.08928012310813,372977.8595795537,1518.6217615946678,R227EA,gas,2065958.128039761,-1.0,17,360.37663493209635
S5_DCB_compromise,1,DC-B,compromise,HE_EXPANSION,190.23233075072852,372779.5409343006,1518.6852751259073,R227EA,gas,2023240.5676269908,-1.0,18,359.43791132119236
S5_DCB_compromise,1,DC-B,compromise,HE_EXPANSION,184.4824881457571,372575.11612794263,1518.7510317567067,R227EA,gas,1980523.0072142207,-1.0,19,358.4949628623848
S5_DCB_compromise,1,DC-B,compromise,HE_EXPANSION,178.83835805189855,372364.3177347661,1518.8191356074562,R227EA,gas,1937805.4468014503,-1.0,20,357.5476833869067
S5_DCB_compromise,1,DC-B,compromise,HE_EXPANSION,173.29837314272098,372146.86213457363,1518.8896973998458,R227EA,gas,1895087.88638868,-1.0,21,356.59591923745825
S5_DCB_compromise,1,DC-B,compromise,HE_EXPANSION,167.86081477154852,371922.4479814517,1518.962835103699,R227EA,gas,1852370.3259759098,-1.0,22,355.63946785472854
S5_DCB_compromise,1,DC-B,compromise,HE_EXPANSION,162.52383400432862,371690.7544926267,1519.0386746605207,R227EA,gas,1809652.7655631395,-1.0,23,354.67807633269484
S5_DCB_compromise,1,DC-B,compromise,HE_EXPANSION,157.28547176251664,371451.4395328975,1519.11735079485,R227EA,gas,1766935.205150369,-1.0,24,353.7114398826959
S5_DCB_compromise,1,DC-B,compromise,HE_EXPANSION,152.143677917799,371204.1374659493,1519.1990079259092,R227EA,gas,1724217.644737599,-1.0,25,352.73920013720414
S5_DCB_compromise,1,DC-B,compromise,HE_EXPANSION,147.09632920430298,370948.45673879265,1519.283801194437,R227EA,gas,1681500.0843248286,-1.0,26,351.7609432162471
S5_DCB_compromise,1,DC-B,compromise,HE_EXPANSION,142.1412458435287,370683.9771594488,1519.3718976223522,R227EA,gas,1638782.5239120584,-1.0,27,350.7761974717801
S5_DCB_compromise,1,DC-B,compromise,HE_EXPANSION,137.27620680914887,370410.2468205976,1519.46347742628,R227EA,gas,1596064.963499288,-1.0,28,349.7844308172836
S5_DCB_compromise,1,DC-B,compromise,HE_EXPANSION,132.49896369049384,370126.7786128513,1519.5587355100427,R227EA,gas,1553347.403086518,-1.0,29,348.7850475406276
S5_DCB_compromise,1,DC-B,compromise,HE_EXPANSION,127.80725314288037,369833.0462603085,1519.6578831662532,R227EA,gas,1510629.8426737476,-1.0,30,347.7773844869761
S5_DCB_compromise,1,DC-B,compromise,HE_EXPANSION,123.19880793878697,369528.47979748424,1519.7611500232626,R227EA,gas,1467912.2822609774,-1.0,31,346.76070648416237
S5_DCB_compromise,1,DC-B,compromise,HE_EXPANSION,118.67136665521362,369212.4603900092,1519.8687862816978,R227EA,gas,1425194.721848207,-1.0,32,345.73420086460624
S5_DCB_compromise,1,DC-B,compromise,HE_EXPANSION,114.22268204984155,368884.3143807501,1519.9810652932301,R227EA,gas,1382477.1614354367,-1.0,33,344.6969709135774
S5_DCB_compromise,1,DC-B,compromise,HE_EXPANSION,109.85052819013346,368543.3064171092,1520.0982865480546,R227EA,gas,1339759.6010226666,-1.0,34,343.6480280431468
S5_DCB_compromise,1,DC-B,compromise,HE_EXPANSION,105.55270640820432,368188.63148272515,1520.2207791505218,R227EA,gas,1297042.0406098962,-1.0,35,342.58628245037977
S5_DCB_compromise,1,DC-B,compromise,HE_EXPANSION,101.32705015774785,367819.405615614,1520.3489058827201,R227EA,gas,1254324.480197126,-1.0,36,341.5105319666721
S5_DCB_compromise,1,DC-B,compromise,HE_EXPANSION,97.17142884987301,367434.65504230437,1520.4830679797574,R227EA,gas,1211606.9197843557,-1.0,37,340.4194487375527
S5_DCB_compromise,1,DC-B,compromise,HE_EXPANSION,93.08375074197036,367033.30339008727,1520.6237107719649,R227EA,gas,1168889.3593715855,-1.0,38,339.31156328460355
S5_DCB_compromise,1,DC-B,compromise,HE_EXPANSION,89.0619649481794,366614.15655214817,1520.771330390333,R227EA,gas,1126171.7989588152,-1.0,39,338.18524538666645
S5_DCB_compromise,1,DC-B,compromise,HE_EXPANSION,85.104062632099,366175.88466618356,1520.9264817847481,R227EA,gas,1083454.238546045,-1.0,40,337.0386810668578
S5_DCB_compromise,1,DC-B,compromise,HE_EXPANSION,81.20807743169424,365717.00051661953,1521.0897883766213,R227EA,gas,1040736.6781332747,-1.0,41,335.8698447728602
S5_DCB_compromise,1,DC-B,compromise,HE_EXPANSION,77.37208515369433,365235.83346950373,1521.2619537611893,R227EA,gas,998019.1177205043,-1.0,42,334.67646557112454
S5_DCB_compromise,1,DC-B,compromise,HE_EXPANSION,73.59420275845393,364730.49777934677,1521.4437760057392,R227EA,gas,955301.5573077342,-1.0,43,333.4559858168017
S5_DCB_compromise,1,DC-B,compromise,HE_EXPANSION,69.87258663726456,364198.85373801325,1521.6361652646294,R227EA,gas,912583.9968949638,-1.0,44,332.20551026989585
S5_DCB_compromise,1,DC-B,compromise,HE_EXPANSION,66.20543015978924,363638.4596272594,1521.8401656783576,R227EA,gas,869866.4364821936,-1.0,45,330.9217429503709
S5_DCB_compromise,1,DC-B,compromise,HE_EXPANSION,62.59096043905497,363046.51172411663,1522.056982867663,R227EA,gas,827148.8760694233,-1.0,46,329.6009080743466
S5_DCB_compromise,1,DC-B,compromise,HE_EXPANSION,59.027434221760245,362419.768596178,1522.2880188273466,R227EA,gas,784431.3156566531,-1.0,47,328.23865006230665
S5_DCB_compromise,1,DC-B,compromise,HE_EXPANSION,55.51313275905671,361754.4544616981,1522.5349167394882,R227EA,gas,741713.7552438828,-1.0,48,326.8299056556335
S5_DCB_compromise,1,DC-B,compromise,HE_EXPANSION,52.04635544047243,361046.1342385886,1522.7996192856997,R227EA,gas,698996.1948311124,-1.0,49,325.36873830028014
S5_DCB_compromise,2,DC-B,compromise,HE_EXPANSION,312.0826495947032,375617.5141619682,1517.8071553434058,R227EA,supercritical_gas,2792156.6550568556,-1.0,0,375.5934030892719
S5_DCB_compromise,2,DC-B,compromise,HE_EXPANSION,304.4738067950564,375492.81601213047,1517.8441519681292,R227EA,gas,2749439.0946440855,-1.0,1,374.7485994475865
S5_DCB_compromise,2,DC-B,compromise,HE_EXPANSION,296.94585978891837,375365.0077701338,1517.8822428944134,R227EA,gas,2706721.534231315,-1.0,2,373.8956436939194
S5_DCB_compromise,2,DC-B,compromise,HE_EXPANSION,289.5042095724391,375233.9661531857,1517.9214748412905,R227EA,gas,2664003.9738185448,-1.0,3,373.0349989888953
S5_DCB_compromise,2,DC-B,compromise,HE_EXPANSION,282.1536249935259,375099.5633586851,1517.9618962813022,R227EA,gas,2621286.4134057746,-1.0,4,372.1671060523377
S5_DCB_compromise,2,DC-B,compromise,HE_EXPANSION,274.8982688909903,374961.66676580266,1518.0035575596532,R227EA,gas,2578568.8529930045,-1.0,5,371.2923815424604
S5_DCB_compromise,2,DC-B,compromise,HE_EXPANSION,267.7417291679102,374820.13861053524,1518.046511024364,R227EA,gas,2535851.292580234,-1.0,6,370.41121684670134
S5_DCB_compromise,2,DC-B,compromise,HE_EXPANSION,260.68705216282234,374674.83563279203,1518.0908111681756,R227EA,gas,2493133.7321674637,-1.0,7,369.5239770705381
S5_DCB_compromise,2,DC-B,compromise,HE_EXPANSION,253.7367763866832,374525.6086931827,1518.136514783193,R227EA,gas,2450416.1717546936,-1.0,8,368.63100005575785
S5_DCB_compromise,2,DC-B,compromise,HE_EXPANSION,246.8929653627296,374372.3023563068,1518.1836811298153,R227EA,gas,2407698.6113419235,-1.0,9,367.7325953109228
S5_DCB_compromise,2,DC-B,compromise,HE_EXPANSION,240.15723888102738,374214.75443647587,1518.2323721217667,R227EA,gas,2364981.050929153,-1.0,10,366.8290427869914
S5_DCB_compromise,2,DC-B,compromise,HE_EXPANSION,233.53080242728228,374052.7955009941,1518.2826525294338,R227EA,gas,2322263.4905163827,-1.0,11,365.92059147511844
S5_DCB_compromise,2,DC-B,compromise,HE_EXPANSION,227.0144748584985,373886.2483253514,1518.334590203982,R227EA,gas,2279545.9301036126,-1.0,12,365.00745783833173
S5_DCB_compromise,2,DC-B,compromise,HE_EXPANSION,220.6087145850384,373714.92729392776,1518.388256325058,R227EA,gas,2236828.369690842,-1.0,13,364.08982411268937
S5_DCB_compromise,2,DC-B,compromise,HE_EXPANSION,214.31364459978536,373538.63773907674,1518.443725675098,R227EA,gas,2194110.809278072,-1.0,14,363.1678365266718
S5_DCB_compromise,2,DC-B,compromise,HE_EXPANSION,208.12907669528622,373357.17521066155,1518.5010769435937,R227EA,gas,2151393.2488653017,-1.0,15,362.2416034910816
S5_DCB_compromise,2,DC-B,compromise,HE_EXPANSION,202.05453515541151,373170.324667296,1518.5603930650395,R227EA,gas,2108675.6884525316,-1.0,16,361.31119380736783
S5_DCB_compromise,2,DC-B,compromise,HE_EXPANSION,196.08928012310813,372977.8595795537,1518.6217615946678,R227EA,gas,2065958.128039761,-1.0,17,360.37663493209635
S5_DCB_compromise,2,DC-B,compromise,HE_EXPANSION,190.23233075072852,372779.5409343006,1518.6852751259073,R227EA,gas,2023240.5676269908,-1.0,18,359.43791132119236
S5_DCB_compromise,2,DC-B,compromise,HE_EXPANSION,184.4824881457571,372575.11612794263,1518.7510317567067,R227EA,gas,1980523.0072142207,-1.0,19,358.4949628623848
S5_DCB_compromise,2,DC-B,compromise,HE_EXPANSION,178.83835805189855,372364.3177347661,1518.8191356074562,R227EA,gas,1937805.4468014503,-1.0,20,357.5476833869067
S5_DCB_compromise,2,DC-B,compromise,HE_EXPANSION,173.29837314272098,372146.86213457363,1518.8896973998458,R227EA,gas,1895087.88638868,-1.0,21,356.59591923745825
S5_DCB_compromise,2,DC-B,compromise,HE_EXPANSION,167.86081477154852,371922.4479814517,1518.962835103699,R227EA,gas,1852370.3259759098,-1.0,22,355.63946785472854
S5_DCB_compromise,2,DC-B,compromise,HE_EXPANSION,162.52383400432862,371690.7544926267,1519.0386746605207,R227EA,gas,1809652.7655631395,-1.0,23,354.67807633269484
S5_DCB_compromise,2,DC-B,compromise,HE_EXPANSION,157.28547176251664,371451.4395328975,1519.11735079485,R227EA,gas,1766935.205150369,-1.0,24,353.7114398826959
S5_DCB_compromise,2,DC-B,compromise,HE_EXPANSION,152.143677917799,371204.1374659493,1519.1990079259092,R227EA,gas,1724217.644737599,-1.0,25,352.73920013720414
S5_DCB_compromise,2,DC-B,compromise,HE_EXPANSION,147.09632920430298,370948.45673879265,1519.283801194437,R227EA,gas,1681500.0843248286,-1.0,26,351.7609432162471
S5_DCB_compromise,2,DC-B,compromise,HE_EXPANSION,142.1412458435287,370683.9771594488,1519.3718976223522,R227EA,gas,1638782.5239120584,-1.0,27,350.7761974717801
S5_DCB_compromise,2,DC-B,compromise,HE_EXPANSION,137.27620680914887,370410.2468205976,1519.46347742628,R227EA,gas,1596064.963499288,-1.0,28,349.7844308172836
S5_DCB_compromise,2,DC-B,compromise,HE_EXPANSION,132.49896369049384,370126.7786128513,1519.5587355100427,R227EA,gas,1553347.403086518,-1.0,29,348.7850475406276
S5_DCB_compromise,2,DC-B,compromise,HE_EXPANSION,127.80725314288037,369833.0462603085,1519.6578831662532,R227EA,gas,1510629.8426737476,-1.0,30,347.7773844869761
S5_DCB_compromise,2,DC-B,compromise,HE_EXPANSION,123.19880793878697,369528.47979748424,1519.7611500232626,R227EA,gas,1467912.2822609774,-1.0,31,346.76070648416237
S5_DCB_compromise,2,DC-B,compromise,HE_EXPANSION,118.67136665521362,369212.4603900092,1519.8687862816978,R227EA,gas,1425194.721848207,-1.0,32,345.73420086460624
S5_DCB_compromise,2,DC-B,compromise,HE_EXPANSION,114.22268204984155,368884.3143807501,1519.9810652932301,R227EA,gas,1382477.1614354367,-1.0,33,344.6969709135774
S5_DCB_compromise,2,DC-B,compromise,HE_EXPANSION,109.85052819013346,368543.3064171092,1520.0982865480546,R227EA,gas,1339759.6010226666,-1.0,34,343.6480280431468
S5_DCB_compromise,2,DC-B,compromise,HE_EXPANSION,105.55270640820432,368188.63148272515,1520.2207791505218,R227EA,gas,1297042.0406098962,-1.0,35,342.58628245037977
S5_DCB_compromise,2,DC-B,compromise,HE_EXPANSION,101.32705015774785,367819.405615614,1520.3489058827201,R227EA,gas,1254324.480197126,-1.0,36,341.5105319666721
S5_DCB_compromise,2,DC-B,compromise,HE_EXPANSION,97.17142884987301,367434.65504230437,1520.4830679797574,R227EA,gas,1211606.9197843557,-1.0,37,340.4194487375527
S5_DCB_compromise,2,DC-B,compromise,HE_EXPANSION,93.08375074197036,367033.30339008727,1520.6237107719649,R227EA,gas,1168889.3593715855,-1.0,38,339.31156328460355
S5_DCB_compromise,2,DC-B,compromise,HE_EXPANSION,89.0619649481794,366614.15655214817,1520.771330390333,R227EA,gas,1126171.7989588152,-1.0,39,338.18524538666645
S5_DCB_compromise,2,DC-B,compromise,HE_EXPANSION,85.104062632099,366175.88466618356,1520.9264817847481,R227EA,gas,1083454.238546045,-1.0,40,337.0386810668578
S5_DCB_compromise,2,DC-B,compromise,HE_EXPANSION,81.20807743169424,365717.00051661953,1521.0897883766213,R227EA,gas,1040736.6781332747,-1.0,41,335.8698447728602
S5_DCB_compromise,2,DC-B,compromise,HE_EXPANSION,77.37208515369433,365235.83346950373,1521.2619537611893,R227EA,gas,998019.1177205043,-1.0,42,334.67646557112454
S5_DCB_compromise,2,DC-B,compromise,HE_EXPANSION,73.59420275845393,364730.49777934677,1521.4437760057392,R227EA,gas,955301.5573077342,-1.0,43,333.4559858168017
S5_DCB_compromise,2,DC-B,compromise,HE_EXPANSION,69.87258663726456,364198.85373801325,1521.6361652646294,R227EA,gas,912583.9968949638,-1.0,44,332.20551026989585
S5_DCB_compromise,2,DC-B,compromise,HE_EXPANSION,66.20543015978924,363638.4596272594,1521.8401656783576,R227EA,gas,869866.4364821936,-1.0,45,330.9217429503709
S5_DCB_compromise,2,DC-B,compromise,HE_EXPANSION,62.59096043905497,363046.51172411663,1522.056982867663,R227EA,gas,827148.8760694233,-1.0,46,329.6009080743466
S5_DCB_compromise,2,DC-B,compromise,HE_EXPANSION,59.027434221760245,362419.768596178,1522.2880188273466,R227EA,gas,784431.3156566531,-1.0,47,328.23865006230665
S5_DCB_compromise,2,DC-B,compromise,HE_EXPANSION,55.51313275905671,361754.4544616981,1522.5349167394882,R227EA,gas,741713.7552438828,-1.0,48,326.8299056556335
S5_DCB_compromise,2,DC-B,compromise,HE_EXPANSION,52.04635544047243,361046.1342385886,1522.7996192856997,R227EA,gas,698996.1948311124,-1.0,49,325.36873830028014
S5_DCB_density,1,DC-B,density,HE_EXPANSION,103.74634462954103,364842.30515268864,1511.6046943024155,R227EA,gas,1254043.837917435,-1.0,0,338.80531526752134
S5_DCB_density,1,DC-B,density,HE_EXPANSION,102.600709577322,364745.27242011187,1511.6403535089128,R227EA,gas,1242786.8400222603,-1.0,1,338.51233382691214
S5_DCB_density,1,DC-B,density,HE_EXPANSION,101.4605322974171,364647.16245403746,1511.6764721111872,R227EA,gas,1231529.8421270857,-1.0,2,338.21833615959093
S5_DCB_density,1,DC-B,density,HE_EXPANSION,100.3257653626776,364547.95617646794,1511.7130587218662,R227EA,gas,1220272.8442319112,-1.0,3,337.9232955147401
S5_DCB_density,1,DC-B,density,HE_EXPANSION,99.19636164904426,364447.63398990355,1511.7501221976577,R227EA,gas,1209015.8463367366,-1.0,4,337.62718441794726
S5_DCB_density,1,DC-B,density,HE_EXPANSION,98.07227433810587,364346.1757580741,1511.7876716486887,R227EA,gas,1197758.848441562,-1.0,5,337.3299746470037
S5_DCB_density,1,DC-B,density,HE_EXPANSION,96.95345691928718,364243.56078577513,1511.8257164482907,R227EA,gas,1186501.8505463873,-1.0,6,337.0316372064702
S5_DCB_density,1,DC-B,density,HE_EXPANSION,95.83986319170725,364139.76779775706,1511.864266243148,R227EA,gas,1175244.8526512128,-1.0,7,336.7321423009052
S5_DCB_density,1,DC-B,density,HE_EXPANSION,94.73144726559767,364034.7749166073,1511.9033309642991,R227EA,gas,1163987.8547560382,-1.0,8,336.43145930682584
S5_DCB_density,1,DC-B,density,HE_EXPANSION,93.62816356347808,363928.55963958224,1511.9429208382971,R227EA,gas,1152730.8568608635,-1.0,9,336.1295567431044
S5_DCB_density,1,DC-B,density,HE_EXPANSION,92.52996682103381,363821.0988143043,1511.9830463987757,R227EA,gas,1141473.8589656889,-1.0,10,335.8264022397798
S5_DCB_density,1,DC-B,density,HE_EXPANSION,91.43681208749989,363712.36861328216,1512.023718499291,R227EA,gas,1130216.8610705142,-1.0,11,335.52196250546194
S5_DCB_density,1,DC-B,density,HE_EXPANSION,90.34865472589888,363602.34450716665,1512.0649483261193,R227EA,gas,1118959.8631753398,-1.0,12,335.2162032928061
S5_DCB_density,1,DC-B,density,HE_EXPANSION,89.265450412875,363491.0012366737,1512.1067474120916,R227EA,gas,1107702.865280165,-1.0,13,334.90908936228976
S5_DCB_density,1,DC-B,density,HE_EXPANSION,88.18715513825572,363378.31278309226,1512.149127651026,R227EA,gas,1096445.8673849904,-1.0,14,334.60058444402756
S5_DCB_density,1,DC-B,density,HE_EXPANSION,87.11372520432761,363264.2523372892,1512.1921013128615,R227EA,gas,1085188.8694898158,-1.0,15,334.29065119752977
S5_DCB_density,1,DC-B,density,HE_EXPANSION,86.04511722480184,363148.79226712085,1512.2356810596782,R227EA,gas,1073931.8715946414,-1.0,16,333.97925116932305
S5_DCB_density,1,DC-B,density,HE_EXPANSION,84.98128812350143,363031.90408314724,1512.279879962534,R227EA,gas,1062674.8736994667,-1.0,17,333.6663447482634
S5_DCB_density,1,DC-B,density,HE_EXPANSION,83.92219513276864,362913.558402546,1512.3247115192066,R227EA,gas,1051417.875804292,-1.0,18,333.3518911184072
S5_DCB_density,1,DC-B,density,HE_EXPANSION,82.86779579159283,362793.7249111056,1512.370189672908,R227EA,gas,1040160.8779091174,-1.0,19,333.03584820929075
S5_DCB_density,1,DC-B,density,HE_EXPANSION,81.81804794346519,362672.37232318305,1512.4163288320344,R227EA,gas,1028903.8800139428,-1.0,20,332.71817264344975
S5_DCB_density,1,DC-B,density,HE_EXPANSION,80.77290973396327,362549.4683394792,1512.4631438909973,R227EA,gas,1017646.8821187683,-1.0,21,332.39881968099877
S5_DCB_density,1,DC-B,density,HE_EXPANSION,79.73233960806665,362424.97960249975,1512.5106502522451,R227EA,gas,1006389.8842235936,-1.0,22,332.0777431610817
S5_DCB_density,1,DC-B,density,HE_EXPANSION,78.69629630720438,362298.87164954125,1512.558863849528,R227EA,gas,995132.886328419,-1.0,23,331.7548954399865
S5_DCB_density,1,DC-B,density,HE_EXPANSION,77.66473886603634,362171.1088630377,1512.6078011725094,R227EA,gas,983875.8884332444,-1.0,24,331.43022732569887
S5_DCB_density,1,DC-B,density,HE_EXPANSION,76.63762660897002,362041.6544180812,1512.657479292798,R227EA,gas,972618.8905380699,-1.0,25,331.1036880086507
S5_DCB_density,1,DC-B,density,HE_EXPANSION,75.61491914640753,361910.4702269313,1512.707915891528,R227EA,gas,961361.8926428952,-1.0,26,330.77522498841046
S5_DCB_density,1,DC-B,density,HE_EXPANSION,74.59657637072544,361777.51688029343,1512.759129288582,R227EA,gas,950104.8947477206,-1.0,27,330.4447839960265
S5_DCB_density,1,DC-B,density,HE_EXPANSION,73.58255845198512,361642.75358514185,1512.8111384735616,R227EA,gas,938847.8968525459,-1.0,28,330.1123089117153
S5_DCB_density,1,DC-B,density,HE_EXPANSION,72.57282583336699,361506.1380988376,1512.863963138668,R227EA,gas,927590.8989573714,-1.0,29,329.77774167757127
S5_DCB_density,1,DC-B,density,HE_EXPANSION,71.56733922632823,361367.62665927666,1512.9176237136048,R227EA,gas,916333.9010621968,-1.0,30,329.44102220493085
S5_DCB_density,1,DC-B,density,HE_EXPANSION,70.56605960547701,361227.17391076946,1512.9721414026676,R227EA,gas,905076.9031670222,-1.0,31,329.1020882760016
S5_DCB_density,1,DC-B,density,HE_EXPANSION,69.56894820315713,361084.7328253425,1513.0275382241798,R227EA,gas,893819.9052718475,-1.0,32,328.76087543933414
S5_DCB_density,1,DC-B,density,HE_EXPANSION,68.57596650373492,360940.25461911445,1513.083837052472,R227EA,gas,882562.907376673,-1.0,33,328.41731689867265
S5_DCB_density,1,DC-B,density,HE_EXPANSION,67.5870762375829,360793.68866336567,1513.1410616625715,R227EA,gas,871305.9094814984,-1.0,34,328.07134339467586
S5_DCB_density,1,DC-B,density,HE_EXPANSION,66.60223937475686,360644.98238990037,1513.1992367777757,R227EA,gas,860048.9115863238,-1.0,35,327.7228830789425
S5_DCB_density,1,DC-B,density,HE_EXPANSION,65.6214181182977,360494.08119025157,1513.2583881207356,R227EA,gas,848791.9136911491,-1.0,36,327.37186137987095
S5_DCB_density,1,DC-B,density,HE_EXPANSION,64.64457489728666,360340.9283082335,1513.3185424673404,R227EA,gas,837534.9157959745,-1.0,37,327.0182008593779
S5_DCB_density,1,DC-B,density,HE_EXPANSION,63.67167235945731,360185.46472532116,1513.379727704929,R227EA,gas,826277.9179007999,-1.0,38,326.66182106016925
S5_DCB_density,1,DC-B,density,HE_EXPANSION,62.70267336348112,360027.6290382576,1513.441972894228,R227EA,gas,815020.9200056253,-1.0,39,326.30263834247575
S5_DCB_density,1,DC-B,density,HE_EXPANSION,61.73754097085313,359867.35732825723,1513.5053083357257,R227EA,gas,803763.9221104507,-1.0,40,325.94056570951653
S5_DCB_density,1,DC-B,density,HE_EXPANSION,60.77623843737125,359704.5830210986,1513.5697656407808,R227EA,gas,792506.924215276,-1.0,41,325.57551262071263
S5_DCB_density,1,DC-B,density,HE_EXPANSION,59.81872920418168,359539.2367373281,1513.6353778078778,R227EA,gas,781249.9263201015,-1.0,42,325.20738479161696
S5_DCB_density,1,DC-B,density,HE_EXPANSION,58.864976888366556,359371.24613173015,1513.702179304504,R227EA,gas,769992.9284249269,-1.0,43,324.83608397941424
S5_DCB_density,1,DC-B,density,HE_EXPANSION,57.91494527304696,359200.53572111786,1513.7702061551122,R227EA,gas,758735.9305297523,-1.0,44,324.46150775272105
S5_DCB_density,1,DC-B,density,HE_EXPANSION,56.96859829696711,359027.02669941576,1513.839496035771,R227EA,gas,747478.9326345776,-1.0,45,324.08354924430006
S5_DCB_density,1,DC-B,density,HE_EXPANSION,56.025900043529056,358850.63673887495,1513.910088376053,R227EA,gas,736221.9347394031,-1.0,46,323.70209688513205
S5_DCB_density,1,DC-B,density,HE_EXPANSION,55.086814729233666,358671.27977617295,1513.9820244689186,R227EA,gas,724964.9368442284,-1.0,47,323.3170341181557
S5_DCB_density,1,DC-B,density,HE_EXPANSION,54.15130669149208,358488.86578197265,1514.0553475892696,R227EA,gas,713707.9389490539,-1.0,48,322.9282390897602
S5_DCB_density,1,DC-B,density,HE_EXPANSION,53.21934037575333,358303.3005123945,1514.1301031220778,R227EA,gas,702450.9410538792,-1.0,49,322.53558431694614
S5_DCB_density,2,DC-B,density,HE_EXPANSION,103.74634462954103,364842.30515268864,1511.6046943024155,R227EA,gas,1254043.837917435,-1.0,0,338.80531526752134
S5_DCB_density,2,DC-B,density,HE_EXPANSION,102.600709577322,364745.27242011187,1511.6403535089128,R227EA,gas,1242786.8400222603,-1.0,1,338.51233382691214
S5_DCB_density,2,DC-B,density,HE_EXPANSION,101.4605322974171,364647.16245403746,1511.6764721111872,R227EA,gas,1231529.8421270857,-1.0,2,338.21833615959093
S5_DCB_density,2,DC-B,density,HE_EXPANSION,100.3257653626776,364547.95617646794,1511.7130587218662,R227EA,gas,1220272.8442319112,-1.0,3,337.9232955147401
S5_DCB_density,2,DC-B,density,HE_EXPANSION,99.19636164904426,364447.63398990355,1511.7501221976577,R227EA,gas,1209015.8463367366,-1.0,4,337.62718441794726
S5_DCB_density,2,DC-B,density,HE_EXPANSION,98.07227433810587,364346.1757580741,1511.7876716486887,R227EA,gas,1197758.848441562,-1.0,5,337.3299746470037
S5_DCB_density,2,DC-B,density,HE_EXPANSION,96.95345691928718,364243.56078577513,1511.8257164482907,R227EA,gas,1186501.8505463873,-1.0,6,337.0316372064702
S5_DCB_density,2,DC-B,density,HE_EXPANSION,95.83986319170725,364139.76779775706,1511.864266243148,R227EA,gas,1175244.8526512128,-1.0,7,336.7321423009052
S5_DCB_density,2,DC-B,density,HE_EXPANSION,94.73144726559767,364034.7749166073,1511.9033309642991,R227EA,gas,1163987.8547560382,-1.0,8,336.43145930682584
S5_DCB_density,2,DC-B,density,HE_EXPANSION,93.62816356347808,363928.55963958224,1511.9429208382971,R227EA,gas,1152730.8568608635,-1.0,9,336.1295567431044
S5_DCB_density,2,DC-B,density,HE_EXPANSION,92.52996682103381,363821.0988143043,1511.9830463987757,R227EA,gas,1141473.8589656889,-1.0,10,335.8264022397798
S5_DCB_density,2,DC-B,density,HE_EXPANSION,91.43681208749989,363712.36861328216,1512.023718499291,R227EA,gas,1130216.8610705142,-1.0,11,335.52196250546194
S5_DCB_density,2,DC-B,density,HE_EXPANSION,90.34865472589888,363602.34450716665,1512.0649483261193,R227EA,gas,1118959.8631753398,-1.0,12,335.2162032928061
S5_DCB_density,2,DC-B,density,HE_EXPANSION,89.265450412875,363491.0012366737,1512.1067474120916,R227EA,gas,1107702.865280165,-1.0,13,334.90908936228976
S5_DCB_density,2,DC-B,density,HE_EXPANSION,88.18715513825572,363378.31278309226,1512.149127651026,R227EA,gas,1096445.8673849904,-1.0,14,334.60058444402756
S5_DCB_density,2,DC-B,density,HE_EXPANSION,87.11372520432761,363264.2523372892,1512.1921013128615,R227EA,gas,1085188.8694898158,-1.0,15,334.29065119752977
S5_DCB_density,2,DC-B,density,HE_EXPANSION,86.04511722480184,363148.79226712085,1512.2356810596782,R227EA,gas,1073931.8715946414,-1.0,16,333.97925116932305
S5_DCB_density,2,DC-B,density,HE_EXPANSION,84.98128812350143,363031.90408314724,1512.279879962534,R227EA,gas,1062674.8736994667,-1.0,17,333.6663447482634
S5_DCB_density,2,DC-B,density,HE_EXPANSION,83.92219513276864,362913.558402546,1512.3247115192066,R227EA,gas,1051417.875804292,-1.0,18,333.3518911184072
S5_DCB_density,2,DC-B,density,HE_EXPANSION,82.86779579159283,362793.7249111056,1512.370189672908,R227EA,gas,1040160.8779091174,-1.0,19,333.03584820929075
S5_DCB_density,2,DC-B,density,HE_EXPANSION,81.81804794346519,362672.37232318305,1512.4163288320344,R227EA,gas,1028903.8800139428,-1.0,20,332.71817264344975
S5_DCB_density,2,DC-B,density,HE_EXPANSION,80.77290973396327,362549.4683394792,1512.4631438909973,R227EA,gas,1017646.8821187683,-1.0,21,332.39881968099877
S5_DCB_density,2,DC-B,density,HE_EXPANSION,79.73233960806665,362424.97960249975,1512.5106502522451,R227EA,gas,1006389.8842235936,-1.0,22,332.0777431610817
S5_DCB_density,2,DC-B,density,HE_EXPANSION,78.69629630720438,362298.87164954125,1512.558863849528,R227EA,gas,995132.886328419,-1.0,23,331.7548954399865
S5_DCB_density,2,DC-B,density,HE_EXPANSION,77.66473886603634,362171.1088630377,1512.6078011725094,R227EA,gas,983875.8884332444,-1.0,24,331.43022732569887
S5_DCB_density,2,DC-B,density,HE_EXPANSION,76.63762660897002,362041.6544180812,1512.657479292798,R227EA,gas,972618.8905380699,-1.0,25,331.1036880086507
S5_DCB_density,2,DC-B,density,HE_EXPANSION,75.61491914640753,361910.4702269313,1512.707915891528,R227EA,gas,961361.8926428952,-1.0,26,330.77522498841046
S5_DCB_density,2,DC-B,density,HE_EXPANSION,74.59657637072544,361777.51688029343,1512.759129288582,R227EA,gas,950104.8947477206,-1.0,27,330.4447839960265
S5_DCB_density,2,DC-B,density,HE_EXPANSION,73.58255845198512,361642.75358514185,1512.8111384735616,R227EA,gas,938847.8968525459,-1.0,28,330.1123089117153
S5_DCB_density,2,DC-B,density,HE_EXPANSION,72.57282583336699,361506.1380988376,1512.863963138668,R227EA,gas,927590.8989573714,-1.0,29,329.77774167757127
S5_DCB_density,2,DC-B,density,HE_EXPANSION,71.56733922632823,361367.62665927666,1512.9176237136048,R227EA,gas,916333.9010621968,-1.0,30,329.44102220493085
S5_DCB_density,2,DC-B,density,HE_EXPANSION,70.56605960547701,361227.17391076946,1512.9721414026676,R227EA,gas,905076.9031670222,-1.0,31,329.1020882760016
S5_DCB_density,2,DC-B,density,HE_EXPANSION,69.56894820315713,361084.7328253425,1513.0275382241798,R227EA,gas,893819.9052718475,-1.0,32,328.76087543933414
S5_DCB_density,2,DC-B,density,HE_EXPANSION,68.57596650373492,360940.25461911445,1513.083837052472,R227EA,gas,882562.907376673,-1.0,33,328.41731689867265
S5_DCB_density,2,DC-B,density,HE_EXPANSION,67.5870762375829,360793.68866336567,1513.1410616625715,R227EA,gas,871305.9094814984,-1.0,34,328.07134339467586
S5_DCB_density,2,DC-B,density,HE_EXPANSION,66.60223937475686,360644.98238990037,1513.1992367777757,R227EA,gas,860048.9115863238,-1.0,35,327.7228830789425
S5_DCB_density,2,DC-B,density,HE_EXPANSION,65.6214181182977,360494.08119025157,1513.2583881207356,R227EA,gas,848791.9136911491,-1.0,36,327.37186137987095
S5_DCB_density,2,DC-B,density,HE_EXPANSION,64.64457489728666,360340.9283082335,1513.3185424673404,R227EA,gas,837534.9157959745,-1.0,37,327.0182008593779
S5_DCB_density,2,DC-B,density,HE_EXPANSION,63.67167235945731,360185.46472532116,1513.379727704929,R227EA,gas,826277.9179007999,-1.0,38,326.66182106016925
S5_DCB_density,2,DC-B,density,HE_EXPANSION,62.70267336348112,360027.6290382576,1513.441972894228,R227EA,gas,815020.9200056253,-1.0,39,326.30263834247575
S5_DCB_density,2,DC-B,density,HE_EXPANSION,61.73754097085313,359867.35732825723,1513.5053083357257,R227EA,gas,803763.9221104507,-1.0,40,325.94056570951653
S5_DCB_density,2,DC-B,density,HE_EXPANSION,60.77623843737125,359704.5830210986,1513.5697656407808,R227EA,gas,792506.924215276,-1.0,41,325.57551262071263
S5_DCB_density,2,DC-B,density,HE_EXPANSION,59.81872920418168,359539.2367373281,1513.6353778078778,R227EA,gas,781249.9263201015,-1.0,42,325.20738479161696
S5_DCB_density,2,DC-B,density,HE_EXPANSION,58.864976888366556,359371.24613173015,1513.702179304504,R227EA,gas,769992.9284249269,-1.0,43,324.83608397941424
S5_DCB_density,2,DC-B,density,HE_EXPANSION,57.91494527304696,359200.53572111786,1513.7702061551122,R227EA,gas,758735.9305297523,-1.0,44,324.46150775272105
S5_DCB_density,2,DC-B,density,HE_EXPANSION,56.96859829696711,359027.02669941576,1513.839496035771,R227EA,gas,747478.9326345776,-1.0,45,324.08354924430006
S5_DCB_density,2,DC-B,density,HE_EXPANSION,56.025900043529056,358850.63673887495,1513.910088376053,R227EA,gas,736221.9347394031,-1.0,46,323.70209688513205
S5_DCB_density,2,DC-B,density,HE_EXPANSION,55.086814729233666,358671.27977617295,1513.9820244689186,R227EA,gas,724964.9368442284,-1.0,47,323.3170341181557
S5_DCB_density,2,DC-B,density,HE_EXPANSION,54.15130669149208,358488.86578197265,1514.0553475892696,R227EA,gas,713707.9389490539,-1.0,48,322.9282390897602
S5_DCB_density,2,DC-B,density,HE_EXPANSION,53.21934037575333,358303.3005123945,1514.1301031220778,R227EA,gas,702450.9410538792,-1.0,49,322.53558431694614
S5_DCB_efficiency,1,DC-B,efficiency,HE_EXPANSION,38.58066377677834,507627.5427236747,1876.3215665973314,R365MFC,gas,690044.7206609452,-1.0,0,382.91816079864583
S5_DCB_efficiency,1,DC-B,efficiency,HE_EXPANSION,37.82984586434831,507343.8367730485,1876.4040820817206,R365MFC,gas,677999.7105348636,-1.0,1,382.46321951024566
S5_DCB_efficiency,1,DC-B,efficiency,HE_EXPANSION,37.08284414874102,507054.49428488076,1876.4884429733688,R365MFC,gas,665954.7004087821,-1.0,2,382.00347505560205
S5_DCB_efficiency,1,DC-B,efficiency,HE_EXPANSION,36.339606893390226,506759.3159308948,1876.5747177869687,R365MFC,gas,653909.6902827006,-1.0,3,381.5387287570248
S5_DCB_efficiency,1,DC-B,efficiency,HE_EXPANSION,35.60008292175124,506458.0914295422,1876.6629789354117,R365MFC,gas,641864.680156619,-1.0,4,381.06877143240456
S5_DCB_efficiency,1,DC-B,efficiency,HE_EXPANSION,34.864221586241975,506150.59872651525,1876.7533030290822,R365MFC,gas,629819.6700305375,-1.0,5,380.5933825994589
S5_DCB_efficiency,1,DC-B,efficiency,HE_EXPANSION,34.13197273648155,505836.6030969524,1876.8457712043908,R365MFC,gas,617774.659904456,-1.0,6,380.1123296040039
S5_DCB_efficiency,1,DC-B,efficiency,HE_EXPANSION,33.40328668669815,505515.85616016283,1876.9404694849964,R365MFC,gas,605729.6497783745,-1.0,7,379.6253666633279
S5_DCB_efficiency,1,DC-B,efficiency,HE_EXPANSION,32.67811418216357,505188.0947964173,1877.037489179714,R365MFC,gas,593684.639652293,-1.0,8,379.1322338145007
S5_DCB_efficiency,1,DC-B,efficiency,HE_EXPANSION,31.956406364495532,504853.03995386884,1877.136927321654,R365MFC,gas,581639.6295262114,-1.0,9,378.63265575600013
S5_DCB_efficiency,1,DC-B,efficiency,HE_EXPANSION,31.238114735653394,504510.3953319294,1877.2388871537444,R365MFC,gas,569594.6194001299,-1.0,10,378.12634056932524
S5_DCB_efficiency,1,DC-B,efficiency,HE_EXPANSION,30.523191120409155,504159.84592539526,1877.3434786670912,R365MFC,gas,557549.6092740484,-1.0,11,377.6129783054383
S5_DCB_efficiency,1,DC-B,efficiency,HE_EXPANSION,29.81158762711657,503801.0564112409,1877.4508191980585,R365MFC,gas,545504.5991479668,-1.0,12,377.0922394181069
S5_DCB_efficiency,1,DC-B,efficiency,HE_EXPANSION,29.103256606466005,503433.6693571787,1877.5610340934581,R365MFC,gas,533459.5890218853,-1.0,13,376.56377302419514
S5_DCB_efficiency,1,DC-B,efficiency,HE_EXPANSION,28.398150607982185,503057.3032277866,1877.6742574521938,R365MFC,gas,521414.5788958039,-1.0,14,376.02720496702875
S5_DCB_efficiency,1,DC-B,efficiency,HE_EXPANSION,27.696222333921543,502671.55016006646,1877.7906329546397,R365MFC,gas,509369.56876972236,-1.0,15,375.4821356555271
S5_DCB_efficiency,1,DC-B,efficiency,HE_EXPANSION,26.997424590202275,502275.973475613,1877.9103147923333,R365MFC,gas,497324.55864364083,-1.0,16,374.9281376470775
S5_DCB_efficiency,1,DC-B,efficiency,HE_EXPANSION,26.301710233939808,501870.1048909959,1878.0334687129434,R365MFC,gas,485279.5485175593,-1.0,17,374.3647529367097
S5_DCB_efficiency,1,DC-B,efficiency,HE_EXPANSION,25.609032117098412,501453.4413812553,1878.1602731980547,R365MFC,gas,473234.5383914778,-1.0,18,373.7914899085631
S5_DCB_efficiency,1,DC-B,efficiency,HE_EXPANSION,24.919343025695145,501025.4416433095,1878.2909207944624,R365MFC,gas,461189.52826539625,-1.0,19,373.20781989772644
S5_DCB_efficiency,1,DC-B,efficiency,HE_EXPANSION,24.23259561390027,500585.52209633216,1878.4256196236495,R365MFC,gas,449144.5181393147,-1.0,20,372.61317330099195
S5_DCB_efficiency,1,DC-B,efficiency,HE_EXPANSION,23.548742332271843,500133.0523442456,1878.5645950987691,R365MFC,gas,437099.5080132332,-1.0,21,372.0069351634156
S5_DCB_efficiency,1,DC-B,efficiency,HE_EXPANSION,22.867735349235918,499667.3500109459,1878.708091884231,R365MFC,gas,425054.49788715167,-1.0,22,371.3884401533405
S5_DCB_efficiency,1,DC-B,efficiency,HE_EXPANSION,22.18952646476525,499187.674841054,1878.8563761401945,R365MFC,gas,413009.48776107014,-1.0,23,370.7569668210876
S5_DCB_efficiency,1,DC-B,efficiency,HE_EXPANSION,21.514067015025557,498693.22193692205,1879.0097381030314,R365MFC,gas,400964.4776349886,-1.0,24,370.1117310148893
S5_DCB_efficiency,1,DC-B,efficiency,HE_EXPANSION,20.841307766529432,498183.11397524737,1879.1684950638487,R365MFC,gas,388919.4675089071,-1.0,25,369.45187830080346
S5_DCB_efficiency,1,DC-B,efficiency,HE_EXPANSION,20.17119879805977,497656.3922124285,1879.3329948209682,R365MFC,gas,376874.45738282555,-1.0,26,368.7764751997677
S5_DCB_efficiency,1,DC-B,efficiency,HE_EXPANSION,19.503689368282277,497112.0060447234,1879.5036196996596,R365MFC,gas,364829.4472567441,-1.0,27,368.08449901268585
S5_DCB_efficiency,1,DC-B,efficiency,HE_EXPANSION,18.838727766544313,496548.8008347241,1879.6807912545175,R365MFC,gas,352784.43713066255,-1.0,28,367.37482595086044
S5_DCB_efficiency,1,DC-B,efficiency,HE_EXPANSION,18.176261143828494,495965.5036460668,1879.8649757982382,R365MFC,gas,340739.427004581,-1.0,29,366.6462172207034
S5_DCB_efficiency,1,DC-B,efficiency,HE_EXPANSION,17.516235320169535,495360.70643877663,1880.056690937055,R365MFC,gas,328694.4168784995,-1.0,30,365.89730262363895
S5_DCB_efficiency,1,DC-B,efficiency,HE_EXPANSION,16.85859456400732,494732.84616159817,1880.2565133406385,R365MFC,gas,316649.40675241797,-1.0,31,365.12656111793257
S5_DCB_efficiency,1,DC-B,efficiency,HE_EXPANSION,16.20328133788599,494080.1810258404,1880.465088036692,R365MFC,gas,304604.39662633644,-1.0,32,364.33229763971485
S5_DCB_efficiency,1,DC-B,efficiency,HE_EXPANSION,15.550236003543318,493400.76204477757,1880.683139603217,R365MFC,gas,292559.3865002549,-1.0,33,363.51261528295476
S5_DCB_efficiency,1,DC-B,efficiency,HE_EXPANSION,14.899396477667066,492692.3986551847,1880.9114857421857,R365MFC,gas,280514.3763741734,-1.0,34,362.66538167443446
S5_DCB_efficiency,1,DC-B,efficiency,HE_EXPANSION,14.250697827279941,491952.61687685637,1881.1510538684643,R365MFC,gas,268469.36624809186,-1.0,35,361.78818802387303
S5_DCB_efficiency,1,DC-B,efficiency,HE_EXPANSION,13.604071790656883,491178.6079736432,1881.4029015534227,R365MFC,gas,256424.35612201033,-1.0,36,360.8782988431963
S5_DCB_efficiency,1,DC-B,efficiency,HE_EXPANSION,12.95944620558735,490367.1648990169,1881.6682419482145,R365MFC,gas,244379.3459959288,-1.0,37,359.932589656394
S5_DCB_efficiency,1,DC-B,efficiency,HE_EXPANSION,12.316744321257044,489514.6028553158,1881.9484757137845,R365MFC,gas,232334.33586984733,-1.0,38,358.94746907785606
S5_DCB_efficiency,1,DC-B,efficiency,HE_EXPANSION,11.675883962425205,488616.6589383971,1882.2452315595067,R365MFC,gas,220289.3257437658,-1.0,39,357.9187802930326
S5_DCB_efficiency,1,DC-B,efficiency,HE_EXPANSION,11.03677650399013,487668.3638753934,1882.5604183284856,R365MFC,gas,208244.31561768427,-1.0,40,356.8416750286202
S5_DCB_efficiency,1,DC-B,efficiency,HE_EXPANSION,10.39932559905604,486663.87596914166,1882.89629280613,R365MFC,gas,196199.30549160275,-1.0,41,355.71045022785415
S5_DCB_efficiency,1,DC-B,efficiency,HE_EXPANSION,9.763425582029472,485596.2630111102,1883.2555493015143,R365MFC,gas,184154.29536552122,-1.0,42,354.51833332357376
S5_DCB_efficiency,1,DC-B,efficiency,HE_EXPANSION,9.128959436539885,484457.2112326315,1883.6414399484838,R365MFC,gas,172109.2852394397,-1.0,43,353.25719534579133
S5_DCB_efficiency,1,DC-B,efficiency,HE_EXPANSION,8.495796170277957,483236.6298114229,1884.057939271583,R365MFC,gas,160064.27511335816,-1.0,44,351.91716059054744
S5_DCB_efficiency,1,DC-B,efficiency,HE_EXPANSION,7.863787365317012,481922.10233144375,1884.5099740716303,R365MFC,gas,148019.26498727663,-1.0,45,350.4860645027952
S5_DCB_efficiency,1,DC-B,efficiency,HE_EXPANSION,7.232762555862846,480498.10791567207,1885.0037523588448,R365MFC,gas,135974.2548611951,-1.0,46,348.94868277814305
S5_DCB_efficiency,1,DC-B,efficiency,HE_EXPANSION,6.602522894290261,478944.8849025404,1885.5472472619485,R365MFC,gas,123929.24473511358,-1.0,47,347.285604807037
S5_DCB_efficiency,1,DC-B,efficiency,HE_EXPANSION,5.972832241127343,477236.7195039158,1886.150932462959,R365MFC,gas,111884.23460903205,-1.0,48,345.4715339239424
S5_DCB_efficiency,1,DC-B,efficiency,HE_EXPANSION,5.3434042361874345,475339.26937457494,1886.8289439190887,R365MFC,gas,99839.22448295055,-1.0,49,343.4726236206248
S5_DCB_efficiency,2,DC-B,efficiency,HE_EXPANSION,38.58066377677834,507627.5427236747,1876.3215665973314,R365MFC,gas,690044.7206609452,-1.0,0,382.91816079864583
S5_DCB_efficiency,2,DC-B,efficiency,HE_EXPANSION,37.82984586434831,507343.8367730485,1876.4040820817206,R365MFC,gas,677999.7105348636,-1.0,1,382.46321951024566
S5_DCB_efficiency,2,DC-B,efficiency,HE_EXPANSION,37.08284414874102,507054.49428488076,1876.4884429733688,R365MFC,gas,665954.7004087821,-1.0,2,382.00347505560205
S5_DCB_efficiency,2,DC-B,efficiency,HE_EXPANSION,36.339606893390226,506759.3159308948,1876.5747177869687,R365MFC,gas,653909.6902827006,-1.0,3,381.5387287570248
S5_DCB_efficiency,2,DC-B,efficiency,HE_EXPANSION,35.60008292175124,506458.0914295422,1876.6629789354117,R365MFC,gas,641864.680156619,-1.0,4,381.06877143240456
S5_DCB_efficiency,2,DC-B,efficiency,HE_EXPANSION,34.864221586241975,506150.59872651525,1876.7533030290822,R365MFC,gas,629819.6700305375,-1.0,5,380.5933825994589
S5_DCB_efficiency,2,DC-B,efficiency,HE_EXPANSION,34.13197273648155,505836.6030969524,1876.8457712043908,R365MFC,gas,617774.659904456,-1.0,6,380.1123296040039
S5_DCB_efficiency,2,DC-B,efficiency,HE_EXPANSION,33.40328668669815,505515.85616016283,1876.9404694849964,R365MFC,gas,605729.6497783745,-1.0,7,379.6253666633279
S5_DCB_efficiency,2,DC-B,efficiency,HE_EXPANSION,32.67811418216357,505188.0947964173,1877.037489179714,R365MFC,gas,593684.639652293,-1.0,8,379.1322338145007
S5_DCB_efficiency,2,DC-B,efficiency,HE_EXPANSION,31.956406364495532,504853.03995386884,1877.136927321654,R365MFC,gas,581639.6295262114,-1.0,9,378.63265575600013
S5_DCB_efficiency,2,DC-B,efficiency,HE_EXPANSION,31.238114735653394,504510.3953319294,1877.2388871537444,R365MFC,gas,569594.6194001299,-1.0,10,378.12634056932524
S5_DCB_efficiency,2,DC-B,efficiency,HE_EXPANSION,30.523191120409155,504159.84592539526,1877.3434786670912,R365MFC,gas,557549.6092740484,-1.0,11,377.6129783054383
S5_DCB_efficiency,2,DC-B,efficiency,HE_EXPANSION,29.81158762711657,503801.0564112409,1877.4508191980585,R365MFC,gas,545504.5991479668,-1.0,12,377.0922394181069
S5_DCB_efficiency,2,DC-B,efficiency,HE_EXPANSION,29.103256606466005,503433.6693571787,1877.5610340934581,R365MFC,gas,533459.5890218853,-1.0,13,376.56377302419514
S5_DCB_efficiency,2,DC-B,efficiency,HE_EXPANSION,28.398150607982185,503057.3032277866,1877.6742574521938,R365MFC,gas,521414.5788958039,-1.0,14,376.02720496702875
S5_DCB_efficiency,2,DC-B,efficiency,HE_EXPANSION,27.696222333921543,502671.55016006646,1877.7906329546397,R365MFC,gas,509369.56876972236,-1.0,15,375.4821356555271
S5_DCB_efficiency,2,DC-B,efficiency,HE_EXPANSION,26.997424590202275,502275.973475613,1877.9103147923333,R365MFC,gas,497324.55864364083,-1.0,16,374.9281376470775
S5_DCB_efficiency,2,DC-B,efficiency,HE_EXPANSION,26.301710233939808,501870.1048909959,1878.0334687129434,R365MFC,gas,485279.5485175593,-1.0,17,374.3647529367097
S5_DCB_efficiency,2,DC-B,efficiency,HE_EXPANSION,25.609032117098412,501453.4413812553,1878.1602731980547,R365MFC,gas,473234.5383914778,-1.0,18,373.7914899085631
S5_DCB_efficiency,2,DC-B,efficiency,HE_EXPANSION,24.919343025695145,501025.4416433095,1878.2909207944624,R365MFC,gas,461189.52826539625,-1.0,19,373.20781989772644
S5_DCB_efficiency,2,DC-B,efficiency,HE_EXPANSION,24.23259561390027,500585.52209633216,1878.4256196236495,R365MFC,gas,449144.5181393147,-1.0,20,372.61317330099195
S5_DCB_efficiency,2,DC-B,efficiency,HE_EXPANSION,23.548742332271843,500133.0523442456,1878.5645950987691,R365MFC,gas,437099.5080132332,-1.0,21,372.0069351634156
S5_DCB_efficiency,2,DC-B,efficiency,HE_EXPANSION,22.867735349235918,499667.3500109459,1878.708091884231,R365MFC,gas,425054.49788715167,-1.0,22,371.3884401533405
S5_DCB_efficiency,2,DC-B,efficiency,HE_EXPANSION,22.18952646476525,499187.674841054,1878.8563761401945,R365MFC,gas,413009.48776107014,-1.0,23,370.7569668210876
S5_DCB_efficiency,2,DC-B,efficiency,HE_EXPANSION,21.514067015025557,498693.22193692205,1879.0097381030314,R365MFC,gas,400964.4776349886,-1.0,24,370.1117310148893
S5_DCB_efficiency,2,DC-B,efficiency,HE_EXPANSION,20.841307766529432,498183.11397524737,1879.1684950638487,R365MFC,gas,388919.4675089071,-1.0,25,369.45187830080346
S5_DCB_efficiency,2,DC-B,efficiency,HE_EXPANSION,20.17119879805977,497656.3922124285,1879.3329948209682,R365MFC,gas,376874.45738282555,-1.0,26,368.7764751997677
S5_DCB_efficiency,2,DC-B,efficiency,HE_EXPANSION,19.503689368282277,497112.0060447234,1879.5036196996596,R365MFC,gas,364829.4472567441,-1.0,27,368.08449901268585
S5_DCB_efficiency,2,DC-B,efficiency,HE_EXPANSION,18.838727766544313,496548.8008347241,1879.6807912545175,R365MFC,gas,352784.43713066255,-1.0,28,367.37482595086044
S5_DCB_efficiency,2,DC-B,efficiency,HE_EXPANSION,18.176261143828494,495965.5036460668,1879.8649757982382,R365MFC,gas,340739.427004581,-1.0,29,366.6462172207034
S5_DCB_efficiency,2,DC-B,efficiency,HE_EXPANSION,17.516235320169535,495360.70643877663,1880.056690937055,R365MFC,gas,328694.4168784995,-1.0,30,365.89730262363895
S5_DCB_efficiency,2,DC-B,efficiency,HE_EXPANSION,16.85859456400732,494732.84616159817,1880.2565133406385,R365MFC,gas,316649.40675241797,-1.0,31,365.12656111793257
S5_DCB_efficiency,2,DC-B,efficiency,HE_EXPANSION,16.20328133788599,494080.1810258404,1880.465088036692,R365MFC,gas,304604.39662633644,-1.0,32,364.33229763971485
S5_DCB_efficiency,2,DC-B,efficiency,HE_EXPANSION,15.550236003543318,493400.76204477757,1880.683139603217,R365MFC,gas,292559.3865002549,-1.0,33,363.51261528295476
S5_DCB_efficiency,2,DC-B,efficiency,HE_EXPANSION,14.899396477667066,492692.3986551847,1880.9114857421857,R365MFC,gas,280514.3763741734,-1.0,34,362.66538167443446
S5_DCB_efficiency,2,DC-B,efficiency,HE_EXPANSION,14.250697827279941,491952.61687685637,1881.1510538684643,R365MFC,gas,268469.36624809186,-1.0,35,361.78818802387303
S5_DCB_efficiency,2,DC-B,efficiency,HE_EXPANSION,13.604071790656883,491178.6079736432,1881.4029015534227,R365MFC,gas,256424.35612201033,-1.0,36,360.8782988431963
S5_DCB_efficiency,2,DC-B,efficiency,HE_EXPANSION,12.95944620558735,490367.1648990169,1881.6682419482145,R365MFC,gas,244379.3459959288,-1.0,37,359.932589656394
S5_DCB_efficiency,2,DC-B,efficiency,HE_EXPANSION,12.316744321257044,489514.6028553158,1881.9484757137845,R365MFC,gas,232334.33586984733,-1.0,38,358.94746907785606
S5_DCB_efficiency,2,DC-B,efficiency,HE_EXPANSION,11.675883962425205,488616.6589383971,1882.2452315595067,R365MFC,gas,220289.3257437658,-1.0,39,357.9187802930326
S5_DCB_efficiency,2,DC-B,efficiency,HE_EXPANSION,11.03677650399013,487668.3638753934,1882.5604183284856,R365MFC,gas,208244.31561768427,-1.0,40,356.8416750286202
S5_DCB_efficiency,2,DC-B,efficiency,HE_EXPANSION,10.39932559905604,486663.87596914166,1882.89629280613,R365MFC,gas,196199.30549160275,-1.0,41,355.71045022785415
S5_DCB_efficiency,2,DC-B,efficiency,HE_EXPANSION,9.763425582029472,485596.2630111102,1883.2555493015143,R365MFC,gas,184154.29536552122,-1.0,42,354.51833332357376
S5_DCB_efficiency,2,DC-B,efficiency,HE_EXPANSION,9.128959436539885,484457.2112326315,1883.6414399484838,R365MFC,gas,172109.2852394397,-1.0,43,353.25719534579133
S5_DCB_efficiency,2,DC-B,efficiency,HE_EXPANSION,8.495796170277957,483236.6298114229,1884.057939271583,R365MFC,gas,160064.27511335816,-1.0,44,351.91716059054744
S5_DCB_efficiency,2,DC-B,efficiency,HE_EXPANSION,7.863787365317012,481922.10233144375,1884.5099740716303,R365MFC,gas,148019.26498727663,-1.0,45,350.4860645027952
S5_DCB_efficiency,2,DC-B,efficiency,HE_EXPANSION,7.232762555862846,480498.10791567207,1885.0037523588448,R365MFC,gas,135974.2548611951,-1.0,46,348.94868277814305
S5_DCB_efficiency,2,DC-B,efficiency,HE_EXPANSION,6.602522894290261,478944.8849025404,1885.5472472619485,R365MFC,gas,123929.24473511358,-1.0,47,347.285604807037
S5_DCB_efficiency,2,DC-B,efficiency,HE_EXPANSION,5.972832241127343,477236.7195039158,1886.150932462959,R365MFC,gas,111884.23460903205,-1.0,48,345.4715339239424
S5_DCB_efficiency,2,DC-B,efficiency,HE_EXPANSION,5.3434042361874345,475339.26937457494,1886.8289439190887,R365MFC,gas,99839.22448295055,-1.0,49,343.4726236206248
S5_DCC_compromise,1,DC-C,compromise,HE_EXPANSION,83.32208203383476,433029.77209794166,1686.2657606644057,R236ea,gas,1254770.3944956388,-1.0,0,365.4883529984273
S5_DCC_compromise,1,DC-C,compromise,HE_EXPANSION,81.58128688743322,432788.55066435185,1686.339556118903,R236ea,gas,1232660.410997187,-1.0,1,364.8839652670738
S5_DCC_compromise,1,DC-C,compromise,HE_EXPANSION,79.85384299116684,432542.18886789173,1686.4151784563448,R236ea,gas,1210550.4274987355,-1.0,2,364.274678850498
S5_DCC_compromise,1,DC-C,compromise,HE_EXPANSION,78.13955469822159,432290.5032184002,1686.4926968122452,R236ea,gas,1188440.4440002837,-1.0,3,363.6602684275175
S5_DCC_compromise,1,DC-C,compromise,HE_EXPANSION,76.43822856773123,432033.3000830821,1686.5721843011015,R236ea,gas,1166330.4605018322,-1.0,4,363.0404963666785
S5_DCC_compromise,1,DC-C,compromise,HE_EXPANSION,74.74967333140299,431770.3749198433,1686.6537183263717,R236ea,gas,1144220.4770033804,-1.0,5,362.4151118182428
S5_DCC_compromise,1,DC-C,compromise,HE_EXPANSION,73.07369985421052,431501.5114367654,1686.7373809214969,R236ea,gas,1122110.493504929,-1.0,6,361.7838497167368
S5_DCC_compromise,1,DC-C,compromise,HE_EXPANSION,71.41012108924556,431226.48066898,1686.8232591252183,R236ea,gas,1100000.5100064771,-1.0,7,361.14642968343094
S5_DCC_compromise,1,DC-C,compromise,HE_EXPANSION,69.75875202666776,430945.0399629794,1686.9114453954994,R236ea,gas,1077890.5265080254,-1.0,8,360.50255481679676
S5_DCC_compromise,1,DC-C,compromise,HE_EXPANSION,68.11940963667337,430656.9318569679,1687.002038066751,R236ea,gas,1055780.5430095738,-1.0,9,359.8519103571879
S5_DCC_compromise,1,DC-C,compromise,HE_EXPANSION,66.4919128062247,430361.88284418406,1687.095141856598,R236ea,gas,1033670.5595111221,-1.0,10,359.1941622102267
S5_DCC_compromise,1,DC-C,compromise,HE_EXPANSION,64.8760822694972,430059.6020041627,1687.1908684273594,R236ea,gas,1011560.5760126704,-1.0,11,358.5289553104014
S5_DCC_compromise,1,DC-C,compromise,HE_EXPANSION,63.27174053154427,429749.77948460705,1687.2893370110132,R236ea,gas,989450.5925142188,-1.0,12,357.8559118044161
S5_DCC_compromise,1,DC-C,compromise,HE_EXPANSION,61.67871178491455,429432.0848138159,1687.3906751054374,R236ea,gas,967340.6090157671,-1.0,13,357.1746290298683
S5_DCC_compromise,1,DC-C,compromise,HE_EXPANSION,60.096821818667586,429106.16502040013,1687.495019252511,R236ea,gas,945230.6255173155,-1.0,14,356.4846772613757
S5_DCC_compromise,1,DC-C,compromise,HE_EXPANSION,58.52589791927552,428771.6425332013,1687.6025159091957,R236ea,gas,923120.6420188637,-1.0,15,355.78559719129106
S5_DCC_compromise,1,DC-C,compromise,HE_EXPANSION,56.96576876262658,428428.1128297625,1687.7133224258707,R236ea,gas,901010.6585204122,-1.0,16,355.07689710700123
S5_DCC_compromise,1,DC-C,compromise,HE_EXPANSION,55.41626429630678,428075.14179626777,1687.8276081478045,R236ea,gas,878900.6750219604,-1.0,17,354.3580497199551
S5_DCC_compromise,1,DC-C,compromise,HE_EXPANSION,53.87721561112908,427712.262755282,1687.9455556588666,R236ea,gas,856790.6915235088,-1.0,18,353.6284885937241
S5_DCC_compromise,1,DC-C,compromise,HE_EXPANSION,52.34845480068644,427338.9731097305,1688.0673621900733,R236ea,gas,834680.7080250571,-1.0,19,352.88760410881446
S5_DCC_compromise,1,DC-C,compromise,HE_EXPANSION,50.829814807477455,426954.7305419433,1688.1932412198155,R236ea,gas,812570.7245266055,-1.0,20,352.13473889030735
S5_DCC_compromise,1,DC-C,compromise,HE_EXPANSION,49.32112925387543,426558.94869488286,1688.323424297884,R236ea,gas,790460.7410281538,-1.0,21,351.36918261023425
S5_DCC_compromise,1,DC-C,compromise,HE_EXPANSION,47.82223225588492,426150.9922483394,1688.4581631318254,R236ea,gas,768350.757529702,-1.0,22,350.5901660592102
S5_DCC_compromise,1,DC-C,compromise,HE_EXPANSION,46.33295821722964,425730.17128520936,1688.5977319821684,R236ea,gas,746240.7740312505,-1.0,23,349.79685436045213
S5_DCC_compromise,1,DC-C,compromise,HE_EXPANSION,44.85314160084426,425295.73482109356,1688.7424304228857,R236ea,gas,724130.7905327987,-1.0,24,348.9883391727512
S5_DCC_compromise,1,DC-C,compromise,HE_EXPANSION,43.382616674251835,424846.86334319547,1688.892586535903,R236ea,gas,702020.8070343471,-1.0,25,348.1636296959233
S5_DCC_compromise,1,DC-C,compromise,HE_EXPANSION,41.92121722460264,424382.66017030505,1689.048560623979,R236ea,gas,679910.8235358954,-1.0,26,347.32164225073944
S5_DCC_compromise,1,DC-C,compromise,HE_EXPANSION,40.46877623826339,423902.1414025073,1689.2107495460446,R236ea,gas,657800.8400374438,-1.0,27,346.46118815295694
S5_DCC_compromise,1,DC-C,compromise,HE_EXPANSION,39.02512553875756,423404.224174397,1689.3795918042597,R236ea,gas,635690.8565389921,-1.0,28,345.58095953440653
S5_DCC_compromise,1,DC-C,compromise,HE_EXPANSION,37.59009537548982,422887.71285530226,1689.555573544403,R236ea,gas,613580.8730405404,-1.0,29,344.67951267866766
S5_DCC_compromise,1,DC-C,compromise,HE_EXPANSION,36.16351395396578,422351.2827492958,1689.7392356732216,R236ea,gas,591470.8895420887,-1.0,30,343.7552483285103
S5_DCC_compromise,1,DC-C,compromise,HE_EXPANSION,34.74520689603383,421793.4607296124,1689.9311823512382,R236ea,gas,569360.9060436371,-1.0,31,342.8063882784662
S5_DCC_compromise,1,DC-C,compromise,HE_EXPANSION,33.33499661587696,421212.6020867943,1690.132091192002,R236ea,gas,547250.9225451854,-1.0,32,341.8309473767768
S5_DCC_compromise,1,DC-C,compromise,HE_EXPANSION,31.932701593868305,420606.86266378296,1690.3427255953895,R236ea,gas,525140.9390467338,-1.0,33,340.8266998097818
S5_DCC_compromise,1,DC-C,compromise,HE_EXPANSION,30.53813552568751,419974.1650747176,1690.5639497728123,R236ea,gas,503030.95554828213,-1.0,34,339.7911382046822
S5_DCC_compromise,1,DC-C,compromise,HE_EXPANSION,29.151106317886743,419312.1574291367,1690.7967471996476,R236ea,gas,480920.9720498305,-1.0,35,338.72142362884836
S5_DCC_compromise,1,DC-C,compromise,HE_EXPANSION,27.771414892813706,418618.1624681978,1691.042243475409,R236ea,gas,458810.9885513787,-1.0,36,337.6143239346946
S5_DCC_compromise,1,DC-C,compromise,HE_EXPANSION,26.398853754625225,417889.11430249474,1691.3017349154848,R236ea,gas,436701.00505292707,-1.0,37,336.4661370227515
S5_DCC_compromise,1,DC-C,compromise,HE_EXPANSION,25.03320525292901,417121.4789284929,1691.5767246842422,R236ea,gas,414591.0215544754,-1.0,38,335.2725943561697
S5_DCC_compromise,1,DC-C,compromise,HE_EXPANSION,23.67423945937447,416311.1532476379,1691.8689689845673,R236ea,gas,392481.03805602377,-1.0,39,334.0287382810566
S5_DCC_compromise,1,DC-C,compromise,HE_EXPANSION,22.321711542864065,415453.335190652,1692.1805368501311,R236ea,gas,370371.0545575721,-1.0,40,332.72876410528914
S5_DCC_compromise,1,DC-C,compromise,HE_EXPANSION,20.97535848642936,414542.35439162253,1692.513888635887,R236ea,gas,348261.07105912047,-1.0,41,331.36581401279244
S5_DCC_compromise,1,DC-C,compromise,HE_EXPANSION,19.634894926695882,413571.44805451366,1692.871980672448,R236ea,gas,326151.0875606687,-1.0,42,329.9317039891276
S5_DCC_compromise,1,DC-C,compromise,HE_EXPANSION,18.30000780423345,412532.4591769458,1693.2584072688046,R236ea,gas,304041.10406221705,-1.0,43,328.4165557330744
S5_DCC_compromise,1,DC-C,compromise,HE_EXPANSION,16.97034937168839,411415.42233589763,1693.6775972427358,R236ea,gas,281931.1205637654,-1.0,44,326.8082907916534
S5_DCC_compromise,1,DC-C,compromise,HE_EXPANSION,15.645527884836842,410207.98252315255,1694.1350921247044,R236ea,gas,259821.13706531376,-1.0,45,325.0919198240744
S5_DCC_compromise,1,DC-C,compromise,HE_EXPANSION,14.325094943077,408894.55887239653,1694.6379503432784,R236ea,gas,237711.1535668621,-1.0,46,323.24851830953776
S5_DCC_compromise,1,DC-C,compromise,HE_EXPANSION,13.008527845046133,407455.10537244903,1695.1953524767803,R236ea,gas,215601.17006841046,-1.0,47,321.25370602336164
S5_DCC_compromise,1,DC-C,compromise,HE_EXPANSION,11.695204276062672,405863.2095170143,1695.819540523517,R236ea,gas,193491.1865699587,-1.0,48,319.0753096878782
S5_DCC_compromise,1,DC-C,compromise,HE_EXPANSION,10.384364721286953,404083.0513946723,1696.5273392245629,R236ea,gas,171381.20307150713,-1.0,49,316.66961652329843
S5_DCC_compromise,2,DC-C,compromise,HE_EXPANSION,83.32208203383476,433029.77209794166,1686.2657606644057,R236ea,gas,1254770.3944956388,-1.0,0,365.4883529984273
S5_DCC_compromise,2,DC-C,compromise,HE_EXPANSION,81.58128688743322,432788.55066435185,1686.339556118903,R236ea,gas,1232660.410997187,-1.0,1,364.8839652670738
S5_DCC_compromise,2,DC-C,compromise,HE_EXPANSION,79.85384299116684,432542.18886789173,1686.4151784563448,R236ea,gas,1210550.4274987355,-1.0,2,364.274678850498
S5_DCC_compromise,2,DC-C,compromise,HE_EXPANSION,78.13955469822159,432290.5032184002,1686.4926968122452,R236ea,gas,1188440.4440002837,-1.0,3,363.6602684275175
S5_DCC_compromise,2,DC-C,compromise,HE_EXPANSION,76.43822856773123,432033.3000830821,1686.5721843011015,R236ea,gas,1166330.4605018322,-1.0,4,363.0404963666785
S5_DCC_compromise,2,DC-C,compromise,HE_EXPANSION,74.74967333140299,431770.3749198433,1686.6537183263717,R236ea,gas,1144220.4770033804,-1.0,5,362.4151118182428
S5_DCC_compromise,2,DC-C,compromise,HE_EXPANSION,73.07369985421052,431501.5114367654,1686.7373809214969,R236ea,gas,1122110.493504929,-1.0,6,361.7838497167368
S5_DCC_compromise,2,DC-C,compromise,HE_EXPANSION,71.41012108924556,431226.48066898,1686.8232591252183,R236ea,gas,1100000.5100064771,-1.0,7,361.14642968343094
S5_DCC_compromise,2,DC-C,compromise,HE_EXPANSION,69.75875202666776,430945.0399629794,1686.9114453954994,R236ea,gas,1077890.5265080254,-1.0,8,360.50255481679676
S5_DCC_compromise,2,DC-C,compromise,HE_EXPANSION,68.11940963667337,430656.9318569679,1687.002038066751,R236ea,gas,1055780.5430095738,-1.0,9,359.8519103571879
S5_DCC_compromise,2,DC-C,compromise,HE_EXPANSION,66.4919128062247,430361.88284418406,1687.095141856598,R236ea,gas,1033670.5595111221,-1.0,10,359.1941622102267
S5_DCC_compromise,2,DC-C,compromise,HE_EXPANSION,64.8760822694972,430059.6020041627,1687.1908684273594,R236ea,gas,1011560.5760126704,-1.0,11,358.5289553104014
S5_DCC_compromise,2,DC-C,compromise,HE_EXPANSION,63.27174053154427,429749.77948460705,1687.2893370110132,R236ea,gas,989450.5925142188,-1.0,12,357.8559118044161
S5_DCC_compromise,2,DC-C,compromise,HE_EXPANSION,61.67871178491455,429432.0848138159,1687.3906751054374,R236ea,gas,967340.6090157671,-1.0,13,357.1746290298683
S5_DCC_compromise,2,DC-C,compromise,HE_EXPANSION,60.096821818667586,429106.16502040013,1687.495019252511,R236ea,gas,945230.6255173155,-1.0,14,356.4846772613757
S5_DCC_compromise,2,DC-C,compromise,HE_EXPANSION,58.52589791927552,428771.6425332013,1687.6025159091957,R236ea,gas,923120.6420188637,-1.0,15,355.78559719129106
S5_DCC_compromise,2,DC-C,compromise,HE_EXPANSION,56.96576876262658,428428.1128297625,1687.7133224258707,R236ea,gas,901010.6585204122,-1.0,16,355.07689710700123
S5_DCC_compromise,2,DC-C,compromise,HE_EXPANSION,55.41626429630678,428075.14179626777,1687.8276081478045,R236ea,gas,878900.6750219604,-1.0,17,354.3580497199551
S5_DCC_compromise,2,DC-C,compromise,HE_EXPANSION,53.87721561112908,427712.262755282,1687.9455556588666,R236ea,gas,856790.6915235088,-1.0,18,353.6284885937241
S5_DCC_compromise,2,DC-C,compromise,HE_EXPANSION,52.34845480068644,427338.9731097305,1688.0673621900733,R236ea,gas,834680.7080250571,-1.0,19,352.88760410881446
S5_DCC_compromise,2,DC-C,compromise,HE_EXPANSION,50.829814807477455,426954.7305419433,1688.1932412198155,R236ea,gas,812570.7245266055,-1.0,20,352.13473889030735
S5_DCC_compromise,2,DC-C,compromise,HE_EXPANSION,49.32112925387543,426558.94869488286,1688.323424297884,R236ea,gas,790460.7410281538,-1.0,21,351.36918261023425
S5_DCC_compromise,2,DC-C,compromise,HE_EXPANSION,47.82223225588492,426150.9922483394,1688.4581631318254,R236ea,gas,768350.757529702,-1.0,22,350.5901660592102
S5_DCC_compromise,2,DC-C,compromise,HE_EXPANSION,46.33295821722964,425730.17128520936,1688.5977319821684,R236ea,gas,746240.7740312505,-1.0,23,349.79685436045213
S5_DCC_compromise,2,DC-C,compromise,HE_EXPANSION,44.85314160084426,425295.73482109356,1688.7424304228857,R236ea,gas,724130.7905327987,-1.0,24,348.9883391727512
S5_DCC_compromise,2,DC-C,compromise,HE_EXPANSION,43.382616674251835,424846.86334319547,1688.892586535903,R236ea,gas,702020.8070343471,-1.0,25,348.1636296959233
S5_DCC_compromise,2,DC-C,compromise,HE_EXPANSION,41.92121722460264,424382.66017030505,1689.048560623979,R236ea,gas,679910.8235358954,-1.0,26,347.32164225073944
S5_DCC_compromise,2,DC-C,compromise,HE_EXPANSION,40.46877623826339,423902.1414025073,1689.2107495460446,R236ea,gas,657800.8400374438,-1.0,27,346.46118815295694
S5_DCC_compromise,2,DC-C,compromise,HE_EXPANSION,39.02512553875756,423404.224174397,1689.3795918042597,R236ea,gas,635690.8565389921,-1.0,28,345.58095953440653
S5_DCC_compromise,2,DC-C,compromise,HE_EXPANSION,37.59009537548982,422887.71285530226,1689.555573544403,R236ea,gas,613580.8730405404,-1.0,29,344.67951267866766
S5_DCC_compromise,2,DC-C,compromise,HE_EXPANSION,36.16351395396578,422351.2827492958,1689.7392356732216,R236ea,gas,591470.8895420887,-1.0,30,343.7552483285103
S5_DCC_compromise,2,DC-C,compromise,HE_EXPANSION,34.74520689603383,421793.4607296124,1689.9311823512382,R236ea,gas,569360.9060436371,-1.0,31,342.8063882784662
S5_DCC_compromise,2,DC-C,compromise,HE_EXPANSION,33.33499661587696,421212.6020867943,1690.132091192002,R236ea,gas,547250.9225451854,-1.0,32,341.8309473767768
S5_DCC_compromise,2,DC-C,compromise,HE_EXPANSION,31.932701593868305,420606.86266378296,1690.3427255953895,R236ea,gas,525140.9390467338,-1.0,33,340.8266998097818
S5_DCC_compromise,2,DC-C,compromise,HE_EXPANSION,30.53813552568751,419974.1650747176,1690.5639497728123,R236ea,gas,503030.95554828213,-1.0,34,339.7911382046822
S5_DCC_compromise,2,DC-C,compromise,HE_EXPANSION,29.151106317886743,419312.1574291367,1690.7967471996476,R236ea,gas,480920.9720498305,-1.0,35,338.72142362884836
S5_DCC_compromise,2,DC-C,compromise,HE_EXPANSION,27.771414892813706,418618.1624681978,1691.042243475409,R236ea,gas,458810.9885513787,-1.0,36,337.6143239346946
S5_DCC_compromise,2,DC-C,compromise,HE_EXPANSION,26.398853754625225,417889.11430249474,1691.3017349154848,R236ea,gas,436701.00505292707,-1.0,37,336.4661370227515
S5_DCC_compromise,2,DC-C,compromise,HE_EXPANSION,25.03320525292901,417121.4789284929,1691.5767246842422,R236ea,gas,414591.0215544754,-1.0,38,335.2725943561697
S5_DCC_compromise,2,DC-C,compromise,HE_EXPANSION,23.67423945937447,416311.1532476379,1691.8689689845673,R236ea,gas,392481.03805602377,-1.0,39,334.0287382810566
S5_DCC_compromise,2,DC-C,compromise,HE_EXPANSION,22.321711542864065,415453.335190652,1692.1805368501311,R236ea,gas,370371.0545575721,-1.0,40,332.72876410528914
S5_DCC_compromise,2,DC-C,compromise,HE_EXPANSION,20.97535848642936,414542.35439162253,1692.513888635887,R236ea,gas,348261.07105912047,-1.0,41,331.36581401279244
S5_DCC_compromise,2,DC-C,compromise,HE_EXPANSION,19.634894926695882,413571.44805451366,1692.871980672448,R236ea,gas,326151.0875606687,-1.0,42,329.9317039891276
S5_DCC_compromise,2,DC-C,compromise,HE_EXPANSION,18.30000780423345,412532.4591769458,1693.2584072688046,R236ea,gas,304041.10406221705,-1.0,43,328.4165557330744
S5_DCC_compromise,2,DC-C,compromise,HE_EXPANSION,16.97034937168839,411415.42233589763,1693.6775972427358,R236ea,gas,281931.1205637654,-1.0,44,326.8082907916534
S5_DCC_compromise,2,DC-C,compromise,HE_EXPANSION,15.645527884836842,410207.98252315255,1694.1350921247044,R236ea,gas,259821.13706531376,-1.0,45,325.0919198240744
S5_DCC_compromise,2,DC-C,compromise,HE_EXPANSION,14.325094943077,408894.55887239653,1694.6379503432784,R236ea,gas,237711.1535668621,-1.0,46,323.24851830953776
S5_DCC_compromise,2,DC-C,compromise,HE_EXPANSION,13.008527845046133,407455.10537244903,1695.1953524767803,R236ea,gas,215601.17006841046,-1.0,47,321.25370602336164
S5_DCC_compromise,2,DC-C,compromise,HE_EXPANSION,11.695204276062672,405863.2095170143,1695.819540523517,R236ea,gas,193491.1865699587,-1.0,48,319.0753096878782
S5_DCC_compromise,2,DC-C,compromise,HE_EXPANSION,10.384364721286953,404083.0513946723,1696.5273392245629,R236ea,gas,171381.20307150713,-1.0,49,316.66961652329843
S5_DCC_density,1,DC-C,density,HE_EXPANSION,26.856797389490982,405578.89160560357,1655.8054747823344,R236ea,gas,420745.5319015766,-1.0,0,323.4272074950555
S5_DCC_density,1,DC-C,density,HE_EXPANSION,26.522437489048837,405408.1419961394,1655.8647203478051,R236ea,gas,415677.17291626806,-1.0,1,323.14261460232115
S5_DCC_density,1,DC-C,density,HE_EXPANSION,26.18856802181151,405235.24416969816,1655.9248210839405,R236ea,gas,410608.8139309595,-1.0,2,322.85544466110076
S5_DCC_density,1,DC-C,density,HE_EXPANSION,25.85518512835417,405060.1463810099,1655.9857989078566,R236ea,gas,405540.45494565094,-1.0,3,322.5656328500303
S5_DCC_density,1,DC-C,density,HE_EXPANSION,25.52228491163107,404882.79497199523,1656.0476765826158,R236ea,gas,400472.09596034244,-1.0,4,322.27311196092256
S5_DCC_density,1,DC-C,density,HE_EXPANSION,25.18986343488865,404703.13427586,1656.1104777610624,R236ea,gas,395403.7369750339,-1.0,5,321.97781227882234
S5_DCC_density,1,DC-C,density,HE_EXPANSION,24.857916719469824,404521.10651508154,1656.174227032512,R236ea,gas,390335.3779897253,-1.0,6,321.6796614543954
S5_DCC_density,1,DC-C,density,HE_EXPANSION,24.52644074250037,404336.65169281804,1656.2389499725566,R236ea,gas,385267.01900441677,-1.0,7,321.3785843680662
S5_DCC_density,1,DC-C,density,HE_EXPANSION,24.19543143445145,404149.70747721614,1656.3046731961717,R236ea,gas,380198.6600191082,-1.0,8,321.0745029852373
S5_DCC_density,1,DC-C,density,HE_EXPANSION,23.864884676567353,403960.209078064,1656.371424414473,R236ea,gas,375130.30103379965,-1.0,9,320.7673362018965
S5_DCC_density,1,DC-C,density,HE_EXPANSION,23.534796298150273,403768.08911516063,1656.4392324953692,R236ea,gas,370061.9420484911,-1.0,10,320.45699967982245
S5_DCC_density,1,DC-C,density,HE_EXPANSION,23.20516207369169,403573.2774777272,1656.508127528456,R236ea,gas,364993.5830631826,-1.0,11,320.1434056705345
S5_DCC_density,1,DC-C,density,HE_EXPANSION,22.875977719838925,403375.70117412176,1656.578140894506,R236ea,gas,359925.22407787404,-1.0,12,319.8264628270549
S5_DCC_density,1,DC-C,density,HE_EXPANSION,22.547238892184964,403175.284171033,1656.6493053399606,R236ea,gas,354856.8650925655,-1.0,13,319.5060760024501
S5_DCC_density,1,DC-C,density,HE_EXPANSION,22.21894118186802,402971.9472212652,1656.7216550568503,R236ea,gas,349788.5061072569,-1.0,14,319.182146034023
S5_DCC_density,1,DC-C,density,HE_EXPANSION,21.891080111967227,402765.60767911497,1656.7952257686202,R236ea,gas,344720.14712194836,-1.0,15,318.8545695119012
S5_DCC_density,1,DC-C,density,HE_EXPANSION,21.56365113367766,402556.1793022603,1656.8700548224124,R236ea,gas,339651.78813663987,-1.0,16,318.52323853065724
S5_DCC_density,1,DC-C,density,HE_EXPANSION,21.236649622248624,402343.57203895197,1656.9461812883676,R236ea,gas,334583.4291513313,-1.0,17,318.1880404224286
S5_DCC_density,1,DC-C,density,HE_EXPANSION,20.910070872665543,402127.6917991786,1657.0236460666197,R236ea,gas,329515.07016602275,-1.0,18,317.84885746986885
S5_DCC_density,1,DC-C,density,HE_EXPANSION,20.583910095055828,401908.4402083317,1657.1024920026834,R236ea,gas,324446.7111807142,-1.0,19,317.5055665970552
S5_DCC_density,1,DC-C,density,HE_EXPANSION,20.258162409795336,401685.71434173523,1657.1827640120637,R236ea,gas,319378.35219540563,-1.0,20,317.15803903629853
S5_DCC_density,1,DC-C,density,HE_EXPANSION,19.93282284229095,401459.40643822757,1657.2645092149694,R236ea,gas,314309.9932100971,-1.0,21,316.80613996855544
S5_DCC_density,1,DC-C,density,HE_EXPANSION,19.607886317412703,401229.4035907684,1657.347777082111,R236ea,gas,309241.6342247885,-1.0,22,316.44972813488005
S5_DCC_density,1,DC-C,density,HE_EXPANSION,19.28334765354448,400995.58741182624,1657.4326195927279,R236ea,gas,304173.27523947996,-1.0,23,316.0886554160794
S5_DCC_density,1,DC-C,density,HE_EXPANSION,18.959201556222293,400757.83367102715,1657.5190914060183,R236ea,gas,299104.91625417146,-1.0,24,315.7227663773638
S5_DCC_density,1,DC-C,density,HE_EXPANSION,18.635442611314684,400516.01190225687,1657.6072500476846,R236ea,gas,294036.5572688629,-1.0,25,315.3518977745399
S5_DCC_density,1,DC-C,density,HE_EXPANSION,18.31206527772683,400269.984977063,1657.6971561123848,R236ea,gas,288968.19828355435,-1.0,26,314.97587801749364
S5_DCC_density,1,DC-C,density,HE_EXPANSION,17.989063879554365,400019.60864081926,1657.7888734848848,R236ea,gas,283899.8392982458,-1.0,27,314.5945265868266
S5_DCC_density,1,DC-C,density,HE_EXPANSION,17.666432597658726,399764.73100767884,1657.8824695811338,R236ea,gas,278831.4803129373,-1.0,28,314.20765339834884
S5_DCC_density,1,DC-C,density,HE_EXPANSION,17.34416546060023,399505.19200982526,1657.9780156118165,R236ea,gas,273763.12132762873,-1.0,29,313.81505810983776
S5_DCC_density,1,DC-C,density,HE_EXPANSION,17.02225633486872,399240.8227959601,1658.075586870868,R236ea,gas,268694.7623423202,-1.0,30,313.41652936362294
S5_DCC_density,1,DC-C,density,HE_EXPANSION,16.700698914342563,398971.44507329346,1658.1752630518458,R236ea,gas,263626.4033570116,-1.0,31,313.01184395772003
S5_DCC_density,1,DC-C,density,HE_EXPANSION,16.379486708899137,398696.8703865309,1658.2771285954402,R236ea,gas,258558.04437170306,-1.0,32,312.6007659372534
S5_DCC_density,1,DC-C,density,HE_EXPANSION,16.05861303209047,398416.8993264605,1658.381273071863,R236ea,gas,253489.6853863945,-1.0,33,312.1830455967693
S5_DCC_density,1,DC-C,density,HE_EXPANSION,15.738070987786774,398131.3206597069,1658.487791602389,R236ea,gas,248421.32640108597,-1.0,34,311.75841838272333
S5_DCC_density,1,DC-C,density,HE_EXPANSION,15.417853455678665,397839.9103700148,1658.5967853249613,R236ea,gas,243352.9674157774,-1.0,35,311.3266036838884
S5_DCC_density,1,DC-C,density,HE_EXPANSION,15.097953075514553,397542.4306000226,1658.7083619094788,R236ea,gas,238284.60843046886,-1.0,36,310.8873034956366
S5_DCC_density,1,DC-C,density,HE_EXPANSION,14.778362229933773,397238.62848083035,1658.822636129263,R236ea,gas,233216.24944516033,-1.0,37,310.44020094194354
S5_DCC_density,1,DC-C,density,HE_EXPANSION,14.459073025737174,396928.23483475164,1658.9397304961813,R236ea,gas,228147.89045985177,-1.0,38,309.9849586364997
S5_DCC_density,1,DC-C,density,HE_EXPANSION,14.140077273414521,396610.9627343494,1659.0597759681468,R236ea,gas,223079.5314745432,-1.0,39,309.5212168614112
S5_DCC_density,1,DC-C,density,HE_EXPANSION,13.821366464724397,396286.50589816744,1659.1829127390436,R236ea,gas,218011.17248923465,-1.0,40,309.0485915385093
S5_DCC_density,1,DC-C,density,HE_EXPANSION,13.502931748090921,395954.53690038616,1659.3092911229048,R236ea,gas,212942.81350392613,-1.0,41,308.5666719642324
S5_DCC_density,1,DC-C,density,HE_EXPANSION,13.184763901548653,395614.7051678143,1659.439072546089,R236ea,gas,207874.45451861757,-1.0,42,308.0750182741511
S5_DCC_density,1,DC-C,density,HE_EXPANSION,12.866853302925419,395266.6347331004,1659.5724306636748,R236ea,gas,202806.095533309,-1.0,43,307.57315859740385
S5_DCC_density,1,DC-C,density,HE_EXPANSION,12.549189896905903,394909.92170757166,1659.7095526191588,R236ea,gas,197737.73654800048,-1.0,44,307.0605858542984
S5_DCC_density,1,DC-C,density,HE_EXPANSION,12.231763158561805,394544.1314305389,1659.8506404700474,R236ea,gas,192669.37756269192,-1.0,45,306.53675414190116
S5_DCC_density,1,DC-C,density,HE_EXPANSION,11.91456205286731,394168.7952439315,1659.9959128062192,R236ea,gas,187601.01857738337,-1.0,46,306.0010746422053
S5_DCC_density,1,DC-C,density,HE_EXPANSION,11.597574989638423,393783.40683141834,1660.14560659312,R236ea,gas,182532.65959207484,-1.0,47,305.4529109750031
S5_DCC_density,1,DC-C,density,HE_EXPANSION,11.28078977323861,393387.4180493063,1660.2999792782668,R236ea,gas,177464.30060676628,-1.0,48,304.8915739023383
S5_DCC_density,1,DC-C,density,HE_EXPANSION,10.96419354627765,392980.2341619087,1660.4593112073755,R236ea,gas,172395.94162145775,-1.0,49,304.3163152726381
S5_DCC_density,2,DC-C,density,HE_EXPANSION,26.856797389490982,405578.89160560357,1655.8054747823344,R236ea,gas,420745.5319015766,-1.0,0,323.4272074950555
S5_DCC_density,2,DC-C,density,HE_EXPANSION,26.522437489048837,405408.1419961394,1655.8647203478051,R236ea,gas,415677.17291626806,-1.0,1,323.14261460232115
S5_DCC_density,2,DC-C,density,HE_EXPANSION,26.18856802181151,405235.24416969816,1655.9248210839405,R236ea,gas,410608.8139309595,-1.0,2,322.85544466110076
S5_DCC_density,2,DC-C,density,HE_EXPANSION,25.85518512835417,405060.1463810099,1655.9857989078566,R236ea,gas,405540.45494565094,-1.0,3,322.5656328500303
S5_DCC_density,2,DC-C,density,HE_EXPANSION,25.52228491163107,404882.79497199523,1656.0476765826158,R236ea,gas,400472.09596034244,-1.0,4,322.27311196092256
S5_DCC_density,2,DC-C,density,HE_EXPANSION,25.18986343488865,404703.13427586,1656.1104777610624,R236ea,gas,395403.7369750339,-1.0,5,321.97781227882234
S5_DCC_density,2,DC-C,density,HE_EXPANSION,24.857916719469824,404521.10651508154,1656.174227032512,R236ea,gas,390335.3779897253,-1.0,6,321.6796614543954
S5_DCC_density,2,DC-C,density,HE_EXPANSION,24.52644074250037,404336.65169281804,1656.2389499725566,R236ea,gas,385267.01900441677,-1.0,7,321.3785843680662
S5_DCC_density,2,DC-C,density,HE_EXPANSION,24.19543143445145,404149.70747721614,1656.3046731961717,R236ea,gas,380198.6600191082,-1.0,8,321.0745029852373
S5_DCC_density,2,DC-C,density,HE_EXPANSION,23.864884676567353,403960.209078064,1656.371424414473,R236ea,gas,375130.30103379965,-1.0,9,320.7673362018965
S5_DCC_density,2,DC-C,density,HE_EXPANSION,23.534796298150273,403768.08911516063,1656.4392324953692,R236ea,gas,370061.9420484911,-1.0,10,320.45699967982245
S5_DCC_density,2,DC-C,density,HE_EXPANSION,23.20516207369169,403573.2774777272,1656.508127528456,R236ea,gas,364993.5830631826,-1.0,11,320.1434056705345
S5_DCC_density,2,DC-C,density,HE_EXPANSION,22.875977719838925,403375.70117412176,1656.578140894506,R236ea,gas,359925.22407787404,-1.0,12,319.8264628270549
S5_DCC_density,2,DC-C,density,HE_EXPANSION,22.547238892184964,403175.284171033,1656.6493053399606,R236ea,gas,354856.8650925655,-1.0,13,319.5060760024501
S5_DCC_density,2,DC-C,density,HE_EXPANSION,22.21894118186802,402971.9472212652,1656.7216550568503,R236ea,gas,349788.5061072569,-1.0,14,319.182146034023
S5_DCC_density,2,DC-C,density,HE_EXPANSION,21.891080111967227,402765.60767911497,1656.7952257686202,R236ea,gas,344720.14712194836,-1.0,15,318.8545695119012
S5_DCC_density,2,DC-C,density,HE_EXPANSION,21.56365113367766,402556.1793022603,1656.8700548224124,R236ea,gas,339651.78813663987,-1.0,16,318.52323853065724
S5_DCC_density,2,DC-C,density,HE_EXPANSION,21.236649622248624,402343.57203895197,1656.9461812883676,R236ea,gas,334583.4291513313,-1.0,17,318.1880404224286
S5_DCC_density,2,DC-C,density,HE_EXPANSION,20.910070872665543,402127.6917991786,1657.0236460666197,R236ea,gas,329515.07016602275,-1.0,18,317.84885746986885
S5_DCC_density,2,DC-C,density,HE_EXPANSION,20.583910095055828,401908.4402083317,1657.1024920026834,R236ea,gas,324446.7111807142,-1.0,19,317.5055665970552
S5_DCC_density,2,DC-C,density,HE_EXPANSION,20.258162409795336,401685.71434173523,1657.1827640120637,R236ea,gas,319378.35219540563,-1.0,20,317.15803903629853
S5_DCC_density,2,DC-C,density,HE_EXPANSION,19.93282284229095,401459.40643822757,1657.2645092149694,R236ea,gas,314309.9932100971,-1.0,21,316.80613996855544
S5_DCC_density,2,DC-C,density,HE_EXPANSION,19.607886317412703,401229.4035907684,1657.347777082111,R236ea,gas,309241.6342247885,-1.0,22,316.44972813488005
S5_DCC_density,2,DC-C,density,HE_EXPANSION,19.28334765354448,400995.58741182624,1657.4326195927279,R236ea,gas,304173.27523947996,-1.0,23,316.0886554160794
S5_DCC_density,2,DC-C,density,HE_EXPANSION,18.959201556222293,400757.83367102715,1657.5190914060183,R236ea,gas,299104.91625417146,-1.0,24,315.7227663773638
S5_DCC_density,2,DC-C,density,HE_EXPANSION,18.635442611314684,400516.01190225687,1657.6072500476846,R236ea,gas,294036.5572688629,-1.0,25,315.3518977745399
S5_DCC_density,2,DC-C,density,HE_EXPANSION,18.31206527772683,400269.984977063,1657.6971561123848,R236ea,gas,288968.19828355435,-1.0,26,314.97587801749364
S5_DCC_density,2,DC-C,density,HE_EXPANSION,17.989063879554365,400019.60864081926,1657.7888734848848,R236ea,gas,283899.8392982458,-1.0,27,314.5945265868266
S5_DCC_density,2,DC-C,density,HE_EXPANSION,17.666432597658726,399764.73100767884,1657.8824695811338,R236ea,gas,278831.4803129373,-1.0,28,314.20765339834884
S5_DCC_density,2,DC-C,density,HE_EXPANSION,17.34416546060023,399505.19200982526,1657.9780156118165,R236ea,gas,273763.12132762873,-1.0,29,313.81505810983776
S5_DCC_density,2,DC-C,density,HE_EXPANSION,17.02225633486872,399240.8227959601,1658.075586870868,R236ea,gas,268694.7623423202,-1.0,30,313.41652936362294
S5_DCC_density,2,DC-C,density,HE_EXPANSION,16.700698914342563,398971.44507329346,1658.1752630518458,R236ea,gas,263626.4033570116,-1.0,31,313.01184395772003
S5_DCC_density,2,DC-C,density,HE_EXPANSION,16.379486708899137,398696.8703865309,1658.2771285954402,R236ea,gas,258558.04437170306,-1.0,32,312.6007659372534
S5_DCC_density,2,DC-C,density,HE_EXPANSION,16.05861303209047,398416.8993264605,1658.381273071863,R236ea,gas,253489.6853863945,-1.0,33,312.1830455967693
S5_DCC_density,2,DC-C,density,HE_EXPANSION,15.738070987786774,398131.3206597069,1658.487791602389,R236ea,gas,248421.32640108597,-1.0,34,311.75841838272333
S5_DCC_density,2,DC-C,density,HE_EXPANSION,15.417853455678665,397839.9103700148,1658.5967853249613,R236ea,gas,243352.9674157774,-1.0,35,311.3266036838884
S5_DCC_density,2,DC-C,density,HE_EXPANSION,15.097953075514553,397542.4306000226,1658.7083619094788,R236ea,gas,238284.60843046886,-1.0,36,310.8873034956366
S5_DCC_density,2,DC-C,density,HE_EXPANSION,14.778362229933773,397238.62848083035,1658.822636129263,R236ea,gas,233216.24944516033,-1.0,37,310.44020094194354
S5_DCC_density,2,DC-C,density,HE_EXPANSION,14.459073025737174,396928.23483475164,1658.9397304961813,R236ea,gas,228147.89045985177,-1.0,38,309.9849586364997
S5_DCC_density,2,DC-C,density,HE_EXPANSION,14.140077273414521,396610.9627343494,1659.0597759681468,R236ea,gas,223079.5314745432,-1.0,39,309.5212168614112
S5_DCC_density,2,DC-C,density,HE_EXPANSION,13.821366464724397,396286.50589816744,1659.1829127390436,R236ea,gas,218011.17248923465,-1.0,40,309.0485915385093
S5_DCC_density,2,DC-C,density,HE_EXPANSION,13.502931748090921,395954.53690038616,1659.3092911229048,R236ea,gas,212942.81350392613,-1.0,41,308.5666719642324
S5_DCC_density,2,DC-C,density,HE_EXPANSION,13.184763901548653,395614.7051678143,1659.439072546089,R236ea,gas,207874.45451861757,-1.0,42,308.0750182741511
S5_DCC_density,2,DC-C,density,HE_EXPANSION,12.866853302925419,395266.6347331004,1659.5724306636748,R236ea,gas,202806.095533309,-1.0,43,307.57315859740385
S5_DCC_density,2,DC-C,density,HE_EXPANSION,12.549189896905903,394909.92170757166,1659.7095526191588,R236ea,gas,197737.73654800048,-1.0,44,307.0605858542984
S5_DCC_density,2,DC-C,density,HE_EXPANSION,12.231763158561805,394544.1314305389,1659.8506404700474,R236ea,gas,192669.37756269192,-1.0,45,306.53675414190116
S5_DCC_density,2,DC-C,density,HE_EXPANSION,11.91456205286731,394168.7952439315,1659.9959128062192,R236ea,gas,187601.01857738337,-1.0,46,306.0010746422053
S5_DCC_density,2,DC-C,density,HE_EXPANSION,11.597574989638423,393783.40683141834,1660.14560659312,R236ea,gas,182532.65959207484,-1.0,47,305.4529109750031
S5_DCC_density,2,DC-C,density,HE_EXPANSION,11.28078977323861,393387.4180493063,1660.2999792782668,R236ea,gas,177464.30060676628,-1.0,48,304.8915739023383
S5_DCC_density,2,DC-C,density,HE_EXPANSION,10.96419354627765,392980.2341619087,1660.4593112073755,R236ea,gas,172395.94162145775,-1.0,49,304.3163152726381
S5_DCC_efficiency,1,DC-C,efficiency,HE_EXPANSION,32.222213226135665,409403.28525777865,1658.8436638956848,R236ea,gas,504185.89545383886,-1.0,0,329.0926116674819
S5_DCC_efficiency,1,DC-C,efficiency,HE_EXPANSION,31.767867895410465,409212.83522802143,1658.908286515472,R236ea,gas,497412.4811009986,-1.0,1,328.7597430300818
S5_DCC_efficiency,1,DC-C,efficiency,HE_EXPANSION,31.314466659100223,409019.6655058008,1658.9739695315895,R236ea,gas,490639.0667481583,-1.0,2,328.423675540517
S5_DCC_efficiency,1,DC-C,efficiency,HE_EXPANSION,30.8620016056534,408823.70276954497,1659.040743338035,R236ea,gas,483865.6523953181,-1.0,3,328.08431754249244
S5_DCC_efficiency,1,DC-C,efficiency,HE_EXPANSION,30.410464772124406,408624.87065831886,1659.1086396440553,R236ea,gas,477092.2380424778,-1.0,4,327.741573603538
S5_DCC_efficiency,1,DC-C,efficiency,HE_EXPANSION,29.959848139860835,408423.0896006995,1659.17769155066,R236ea,gas,470318.82368963753,-1.0,5,327.39534430214877
S5_DCC_efficiency,1,DC-C,efficiency,HE_EXPANSION,29.510143629944448,408218.2766313973,1659.2479336327615,R236ea,gas,463545.4093367973,-1.0,6,327.0455259996446
S5_DCC_efficiency,1,DC-C,efficiency,HE_EXPANSION,29.061343098367214,408010.3451945546,1659.3194020274364,R236ea,gas,456771.99498395703,-1.0,7,326.69201059540745
S5_DCC_efficiency,1,DC-C,efficiency,HE_EXPANSION,28.613438330921174,407799.20493253943,1659.3921345288757,R236ea,gas,449998.58063111675,-1.0,8,326.33468526402396
S5_DCC_efficiency,1,DC-C,efficiency,HE_EXPANSION,28.166421037779788,407584.7614589332,1659.4661706906304,R236ea,gas,443225.1662782765,-1.0,9,325.9734321726962
S5_DCC_efficiency,1,DC-C,efficiency,HE_EXPANSION,27.72028284774601,407366.9161142594,1659.5415519358337,R236ea,gas,436451.7519254362,-1.0,10,325.60812817711195
S5_DCC_efficiency,1,DC-C,efficiency,HE_EXPANSION,27.275015302138875,407145.56570286327,1659.6183216761835,R236ea,gas,429678.337572596,-1.0,11,325.23864449377606
S5_DCC_efficiency,1,DC-C,efficiency,HE_EXPANSION,26.83060984829099,406920.60220915126,1659.6965254404652,R236ea,gas,422904.9232197557,-1.0,12,324.86484634656017
S5_DCC_efficiency,1,DC-C,efficiency,HE_EXPANSION,26.387057832620968,406691.9124912271,1659.7762110136389,R236ea,gas,416131.5088669154,-1.0,13,324.4865925850168
S5_DCC_efficiency,1,DC-C,efficiency,HE_EXPANSION,25.944350493247402,406459.3779497127,1659.8574285874608,R236ea,gas,409358.0945140752,-1.0,14,324.10373527167656
S5_DCC_efficiency,1,DC-C,efficiency,HE_EXPANSION,25.502478952102845,406222.87416930206,1659.94023092386,R236ea,gas,402584.6801612349,-1.0,15,323.71611923526325
S5_DCC_efficiency,1,DC-C,efficiency,HE_EXPANSION,25.061434206504206,405982.27053030237,1660.02467353236,R236ea,gas,395811.26580839464,-1.0,16,323.3235815863782
S5_DCC_efficiency,1,DC-C,efficiency,HE_EXPANSION,24.621207120130915,405737.42978708894,1660.1108148630278,R236ea,gas,389037.85145555437,-1.0,17,322.9259511917982
S5_DCC_efficiency,1,DC-C,efficiency,HE_EXPANSION,24.18178841335644,405488.2076100246,1660.1987165165979,R236ea,gas,382264.4371027141,-1.0,18,322.5230481030624
S5_DCC_efficiency,1,DC-C,efficiency,HE_EXPANSION,23.743168652873916,405234.45208697004,1660.2884434736366,R236ea,gas,375491.02274987387,-1.0,19,322.1146829344774
S5_DCC_efficiency,1,DC-C,efficiency,HE_EXPANSION,23.30533824054828,404976.00318001944,1660.380064344856,R236ea,gas,368717.6083970336,-1.0,20,321.700656185066
S5_DCC_efficiency,1,DC-C,efficiency,HE_EXPANSION,22.86828740142144,404712.6921325383,1660.4736516449507,R236ea,gas,361944.1940441933,-1.0,21,321.28075749826775
S5_DCC_efficiency,1,DC-C,efficiency,HE_EXPANSION,22.43200617078693,404444.3408209308,1660.5692820926643,R236ea,gas,355170.7796913531,-1.0,22,320.8547648523928
S5_DCC_efficiency,1,DC-C,efficiency,HE_EXPANSION,21.996484380242137,404170.76104482403,1660.6670369401345,R236ea,gas,348397.3653385128,-1.0,23,320.42244367388577
S5_DCC_efficiency,1,DC-C,efficiency,HE_EXPANSION,21.561711642613357,403891.75374849915,1660.767002335023,R236ea,gas,341623.95098567253,-1.0,24,319.9835458643852
S5_DCC_efficiency,1,DC-C,efficiency,HE_EXPANSION,21.127677335637422,403607.108165399,1660.8692697194213,R236ea,gas,334850.53663283226,-1.0,25,319.5378087312959
S5_DCC_efficiency,1,DC-C,efficiency,HE_EXPANSION,20.69437058427087,403316.6008763838,1660.9739362700018,R236ea,gas,328077.122279992,-1.0,26,319.08495381011073
S5_DCC_efficiency,1,DC-C,efficiency,HE_EXPANSION,20.261780241467367,403019.99477106956,1661.0811053850252,R236ea,gas,321303.70792715176,-1.0,27,318.6246855651597
S5_DCC_efficiency,1,DC-C,efficiency,HE_EXPANSION,19.82989486728188,402717.0378999924,1661.1908872233855,R236ea,gas,314530.2935743115,-1.0,28,318.15668995307215
S5_DCC_efficiency,1,DC-C,efficiency,HE_EXPANSION,19.398702706078694,402407.46220350394,1661.3033993037104,R236ea,gas,307756.8792214712,-1.0,29,317.6806328315369
S5_DCC_efficiency,1,DC-C,efficiency,HE_EXPANSION,18.96819166165205,402090.98210112273,1661.4187671707843,R236ea,gas,300983.464868631,-1.0,30,317.1961581925759
S5_DCC_efficiency,1,DC-C,efficiency,HE_EXPANSION,18.538349270003792,401767.29292250983,1661.5371251389424,R236ea,gas,294210.0505157907,-1.0,31,316.7028861966654
S5_DCC_efficiency,1,DC-C,efficiency,HE_EXPANSION,18.10916266949978,401436.0691581764,1661.6586171232486,R236ea,gas,287436.6361629504,-1.0,32,316.20041098005714
S5_DCC_efficiency,1,DC-C,efficiency,HE_EXPANSION,17.68061856808261,401096.96250443894,1661.7833975711897,R236ea,gas,280663.22181011015,-1.0,33,315.68829820310333
S5_DCC_efficiency,1,DC-C,efficiency,HE_EXPANSION,17.252703207171646,400749.5996727996,1661.9116325097827,R236ea,gas,273889.80745726987,-1.0,34,315.1660823019013
S5_DCC_efficiency,1,DC-C,efficiency,HE_EXPANSION,16.82540232182375,400393.5799287732,1662.0435007256506,R236ea,gas,267116.39310442965,-1.0,35,314.63326339902517
S5_DCC_efficiency,1,DC-C,efficiency,HE_EXPANSION,16.39870109666214,400028.47231894074,1662.1791950988052,R236ea,gas,260342.97875158937,-1.0,36,314.0893038211936
S5_DCC_efficiency,1,DC-C,efficiency,HE_EXPANSION,15.972584117000386,399653.8125374916,1662.318924114755,R236ea,gas,253569.5643987491,-1.0,37,313.5336241621817
S5_DCC_efficiency,1,DC-C,efficiency,HE_EXPANSION,15.547035314495314,399269.0993743647,1662.4629135842433,R236ea,gas,246796.15004590884,-1.0,38,312.96559881763915
S5_DCC_efficiency,1,DC-C,efficiency,HE_EXPANSION,15.122037906547979,398873.790675938,1662.6114086057394,R236ea,gas,240022.7356930686,-1.0,39,312.38455090431006
S5_DCC_efficiency,1,DC-C,efficiency,HE_EXPANSION,14.697574328537101,398467.2987355216,1662.7646758128628,R236ea,gas,233249.3213402283,-1.0,40,311.7897464587011
S5_DCC_efficiency,1,DC-C,efficiency,HE_EXPANSION,14.273626157803962,398048.9850140068,1662.9230059577685,R236ea,gas,226475.90698738804,-1.0,41,311.18038778874575
S5_DCC_efficiency,1,DC-C,efficiency,HE_EXPANSION,13.850174028108391,397618.15407006623,1663.0867168924553,R236ea,gas,219702.49263454776,-1.0,42,310.55560582530063
S5_DCC_efficiency,1,DC-C,efficiency,HE_EXPANSION,13.427197533031402,397174.0465531278,1663.256157023719,R236ea,gas,212929.07828170754,-1.0,43,309.9144512869441
S5_DCC_efficiency,1,DC-C,efficiency,HE_EXPANSION,13.004675116500946,396715.83107946534,1663.4317093347431,R236ea,gas,206155.66392886726,-1.0,44,309.25588442959565
S5_DCC_efficiency,1,DC-C,efficiency,HE_EXPANSION,12.582583948246384,396242.594770167,1663.6137960883932,R236ea,gas,199382.24957602698,-1.0,45,308.57876309938877
S5_DCC_efficiency,1,DC-C,efficiency,HE_EXPANSION,12.160899781526998,395753.3321767727,1663.802884355385,R236ea,gas,192608.83522318676,-1.0,46,307.8818287395278
S5_DCC_efficiency,1,DC-C,efficiency,HE_EXPANSION,11.739596789904555,395246.932252331,1663.9994925467522,R236ea,gas,185835.42087034648,-1.0,47,307.1636899148545
S5_DCC_efficiency,1,DC-C,efficiency,HE_EXPANSION,11.318647379101087,394722.1629376218,1664.2041981773084,R236ea,gas,179062.0065175062,-1.0,48,306.4228028051959
S5_DCC_efficiency,1,DC-C,efficiency,HE_EXPANSION,10.898021969059787,394177.65281731787,1664.4176471486132,R236ea,gas,172288.59216466593,-1.0,49,305.6574479712763
S5_DCC_efficiency,2,DC-C,efficiency,HE_EXPANSION,32.222213226135665,409403.28525777865,1658.8436638956848,R236ea,gas,504185.89545383886,-1.0,0,329.0926116674819
S5_DCC_efficiency,2,DC-C,efficiency,HE_EXPANSION,31.767867895410465,409212.83522802143,1658.908286515472,R236ea,gas,497412.4811009986,-1.0,1,328.7597430300818
S5_DCC_efficiency,2,DC-C,efficiency,HE_EXPANSION,31.314466659100223,409019.6655058008,1658.9739695315895,R236ea,gas,490639.0667481583,-1.0,2,328.423675540517
S5_DCC_efficiency,2,DC-C,efficiency,HE_EXPANSION,30.8620016056534,408823.70276954497,1659.040743338035,R236ea,gas,483865.6523953181,-1.0,3,328.08431754249244
S5_DCC_efficiency,2,DC-C,efficiency,HE_EXPANSION,30.410464772124406,408624.87065831886,1659.1086396440553,R236ea,gas,477092.2380424778,-1.0,4,327.741573603538
S5_DCC_efficiency,2,DC-C,efficiency,HE_EXPANSION,29.959848139860835,408423.0896006995,1659.17769155066,R236ea,gas,470318.82368963753,-1.0,5,327.39534430214877
S5_DCC_efficiency,2,DC-C,efficiency,HE_EXPANSION,29.510143629944448,408218.2766313973,1659.2479336327615,R236ea,gas,463545.4093367973,-1.0,6,327.0455259996446
S5_DCC_efficiency,2,DC-C,efficiency,HE_EXPANSION,29.061343098367214,408010.3451945546,1659.3194020274364,R236ea,gas,456771.99498395703,-1.0,7,326.69201059540745
S5_DCC_efficiency,2,DC-C,efficiency,HE_EXPANSION,28.613438330921174,407799.20493253943,1659.3921345288757,R236ea,gas,449998.58063111675,-1.0,8,326.33468526402396
S5_DCC_efficiency,2,DC-C,efficiency,HE_EXPANSION,28.166421037779788,407584.7614589332,1659.4661706906304,R236ea,gas,443225.1662782765,-1.0,9,325.9734321726962
S5_DCC_efficiency,2,DC-C,efficiency,HE_EXPANSION,27.72028284774601,407366.9161142594,1659.5415519358337,R236ea,gas,436451.7519254362,-1.0,10,325.60812817711195
S5_DCC_efficiency,2,DC-C,efficiency,HE_EXPANSION,27.275015302138875,407145.56570286327,1659.6183216761835,R236ea,gas,429678.337572596,-1.0,11,325.23864449377606
S5_DCC_efficiency,2,DC-C,efficiency,HE_EXPANSION,26.83060984829099,406920.60220915126,1659.6965254404652,R236ea,gas,422904.9232197557,-1.0,12,324.86484634656017
S5_DCC_efficiency,2,DC-C,efficiency,HE_EXPANSION,26.387057832620968,406691.9124912271,1659.7762110136389,R236ea,gas,416131.5088669154,-1.0,13,324.4865925850168
S5_DCC_efficiency,2,DC-C,efficiency,HE_EXPANSION,25.944350493247402,406459.3779497127,1659.8574285874608,R236ea,gas,409358.0945140752,-1.0,14,324.10373527167656
S5_DCC_efficiency,2,DC-C,efficiency,HE_EXPANSION,25.502478952102845,406222.87416930206,1659.94023092386,R236ea,gas,402584.6801612349,-1.0,15,323.71611923526325
S5_DCC_efficiency,2,DC-C,efficiency,HE_EXPANSION,25.061434206504206,405982.27053030237,1660.02467353236,R236ea,gas,395811.26580839464,-1.0,16,323.3235815863782
S5_DCC_efficiency,2,DC-C,efficiency,HE_EXPANSION,24.621207120130915,405737.42978708894,1660.1108148630278,R236ea,gas,389037.85145555437,-1.0,17,322.9259511917982
S5_DCC_efficiency,2,DC-C,efficiency,HE_EXPANSION,24.18178841335644,405488.2076100246,1660.1987165165979,R236ea,gas,382264.4371027141,-1.0,18,322.5230481030624
S5_DCC_efficiency,2,DC-C,efficiency,HE_EXPANSION,23.743168652873916,405234.45208697004,1660.2884434736366,R236ea,gas,375491.02274987387,-1.0,19,322.1146829344774
S5_DCC_efficiency,2,DC-C,efficiency,HE_EXPANSION,23.30533824054828,404976.00318001944,1660.380064344856,R236ea,gas,368717.6083970336,-1.0,20,321.700656185066
S5_DCC_efficiency,2,DC-C,efficiency,HE_EXPANSION,22.86828740142144,404712.6921325383,1660.4736516449507,R236ea,gas,361944.1940441933,-1.0,21,321.28075749826775
S5_DCC_efficiency,2,DC-C,efficiency,HE_EXPANSION,22.43200617078693,404444.3408209308,1660.5692820926643,R236ea,gas,355170.7796913531,-1.0,22,320.8547648523928
S5_DCC_efficiency,2,DC-C,efficiency,HE_EXPANSION,21.996484380242137,404170.76104482403,1660.6670369401345,R236ea,gas,348397.3653385128,-1.0,23,320.42244367388577
S5_DCC_efficiency,2,DC-C,efficiency,HE_EXPANSION,21.561711642613357,403891.75374849915,1660.767002335023,R236ea,gas,341623.95098567253,-1.0,24,319.9835458643852
S5_DCC_efficiency,2,DC-C,efficiency,HE_EXPANSION,21.127677335637422,403607.108165399,1660.8692697194213,R236ea,gas,334850.53663283226,-1.0,25,319.5378087312959
S5_DCC_efficiency,2,DC-C,efficiency,HE_EXPANSION,20.69437058427087,403316.6008763838,1660.9739362700018,R236ea,gas,328077.122279992,-1.0,26,319.08495381011073
S5_DCC_efficiency,2,DC-C,efficiency,HE_EXPANSION,20.261780241467367,403019.99477106956,1661.0811053850252,R236ea,gas,321303.70792715176,-1.0,27,318.6246855651597
S5_DCC_efficiency,2,DC-C,efficiency,HE_EXPANSION,19.82989486728188,402717.0378999924,1661.1908872233855,R236ea,gas,314530.2935743115,-1.0,28,318.15668995307215
S5_DCC_efficiency,2,DC-C,efficiency,HE_EXPANSION,19.398702706078694,402407.46220350394,1661.3033993037104,R236ea,gas,307756.8792214712,-1.0,29,317.6806328315369
S5_DCC_efficiency,2,DC-C,efficiency,HE_EXPANSION,18.96819166165205,402090.98210112273,1661.4187671707843,R236ea,gas,300983.464868631,-1.0,30,317.1961581925759
S5_DCC_efficiency,2,DC-C,efficiency,HE_EXPANSION,18.538349270003792,401767.29292250983,1661.5371251389424,R236ea,gas,294210.0505157907,-1.0,31,316.7028861966654
S5_DCC_efficiency,2,DC-C,efficiency,HE_EXPANSION,18.10916266949978,401436.0691581764,1661.6586171232486,R236ea,gas,287436.6361629504,-1.0,32,316.20041098005714
S5_DCC_efficiency,2,DC-C,efficiency,HE_EXPANSION,17.68061856808261,401096.96250443894,1661.7833975711897,R236ea,gas,280663.22181011015,-1.0,33,315.68829820310333
S5_DCC_efficiency,2,DC-C,efficiency,HE_EXPANSION,17.252703207171646,400749.5996727996,1661.9116325097827,R236ea,gas,273889.80745726987,-1.0,34,315.1660823019013
S5_DCC_efficiency,2,DC-C,efficiency,HE_EXPANSION,16.82540232182375,400393.5799287732,1662.0435007256506,R236ea,gas,267116.39310442965,-1.0,35,314.63326339902517
S5_DCC_efficiency,2,DC-C,efficiency,HE_EXPANSION,16.39870109666214,400028.47231894074,1662.1791950988052,R236ea,gas,260342.97875158937,-1.0,36,314.0893038211936
S5_DCC_efficiency,2,DC-C,efficiency,HE_EXPANSION,15.972584117000386,399653.8125374916,1662.318924114755,R236ea,gas,253569.5643987491,-1.0,37,313.5336241621817
S5_DCC_efficiency,2,DC-C,efficiency,HE_EXPANSION,15.547035314495314,399269.0993743647,1662.4629135842433,R236ea,gas,246796.15004590884,-1.0,38,312.96559881763915
S5_DCC_efficiency,2,DC-C,efficiency,HE_EXPANSION,15.122037906547979,398873.790675938,1662.6114086057394,R236ea,gas,240022.7356930686,-1.0,39,312.38455090431006
S5_DCC_efficiency,2,DC-C,efficiency,HE_EXPANSION,14.697574328537101,398467.2987355216,1662.7646758128628,R236ea,gas,233249.3213402283,-1.0,40,311.7897464587011
S5_DCC_efficiency,2,DC-C,efficiency,HE_EXPANSION,14.273626157803962,398048.9850140068,1662.9230059577685,R236ea,gas,226475.90698738804,-1.0,41,311.18038778874575
S5_DCC_efficiency,2,DC-C,efficiency,HE_EXPANSION,13.850174028108391,397618.15407006623,1663.0867168924553,R236ea,gas,219702.49263454776,-1.0,42,310.55560582530063
S5_DCC_efficiency,2,DC-C,efficiency,HE_EXPANSION,13.427197533031402,397174.0465531278,1663.256157023719,R236ea,gas,212929.07828170754,-1.0,43,309.9144512869441
S5_DCC_efficiency,2,DC-C,efficiency,HE_EXPANSION,13.004675116500946,396715.83107946534,1663.4317093347431,R236ea,gas,206155.66392886726,-1.0,44,309.25588442959565
S5_DCC_efficiency,2,DC-C,efficiency,HE_EXPANSION,12.582583948246384,396242.594770167,1663.6137960883932,R236ea,gas,199382.24957602698,-1.0,45,308.57876309938877
S5_DCC_efficiency,2,DC-C,efficiency,HE_EXPANSION,12.160899781526998,395753.3321767727,1663.802884355385,R236ea,gas,192608.83522318676,-1.0,46,307.8818287395278
S5_DCC_efficiency,2,DC-C,efficiency,HE_EXPANSION,11.739596789904555,395246.932252331,1663.9994925467522,R236ea,gas,185835.42087034648,-1.0,47,307.1636899148545
S5_DCC_efficiency,2,DC-C,efficiency,HE_EXPANSION,11.318647379101087,394722.1629376218,1664.2041981773084,R236ea,gas,179062.0065175062,-1.0,48,306.4228028051959
S5_DCC_efficiency,2,DC-C,efficiency,HE_EXPANSION,10.898021969059787,394177.65281731787,1664.4176471486132,R236ea,gas,172288.59216466593,-1.0,49,305.6574479712763
S5_DCD_compromise,1,DC-D,compromise,HE_EXPANSION,86.72167588988702,434016.6833268534,1687.4754152487053,R236ea,gas,1300996.9993622594,-1.0,0,367.1498643152963
S5_DCD_compromise,1,DC-D,compromise,HE_EXPANSION,85.153496410389,433810.541685099,1687.5380576080174,R236ea,gas,1281307.3706775075,-1.0,1,366.62231409028874
S5_DCD_compromise,1,DC-D,compromise,HE_EXPANSION,83.59607067597439,433600.6129130797,1687.6020376426634,R236ea,gas,1261617.7419927556,-1.0,2,366.09121472575026
S5_DCD_compromise,1,DC-D,compromise,HE_EXPANSION,82.04926095235406,433386.78164277953,1687.6673985475313,R236ea,gas,1241928.1133080036,-1.0,3,365.5564247159172
S5_DCD_compromise,1,DC-D,compromise,HE_EXPANSION,80.51293084528402,433168.92708085105,1687.7341856317878,R236ea,gas,1222238.4846232515,-1.0,4,365.01779594876183
S5_DCD_compromise,1,DC-D,compromise,HE_EXPANSION,78.9869452905634,432946.92266049696,1687.8024464587022,R236ea,gas,1202548.8559384996,-1.0,5,364.47517329638316
S5_DCD_compromise,1,DC-D,compromise,HE_EXPANSION,77.47117054105526,432720.6356649003,1687.8722309973364,R236ea,gas,1182859.2272537476,-1.0,6,363.92839417100265
S5_DCD_compromise,1,DC-D,compromise,HE_EXPANSION,75.9654741508147,432489.92681946355,1687.9435917870953,R236ea,gas,1163169.5985689957,-1.0,7,363.3772880431114
S5_DCD_compromise,1,DC-D,compromise,HE_EXPANSION,74.4697249563479,432254.6498496647,1688.016584116488,R236ea,gas,1143479.9698842438,-1.0,8,362.821675917978
S5_DCD_compromise,1,DC-D,compromise,HE_EXPANSION,72.98379305500845,432014.6510009938,1688.0912662176152,R236ea,gas,1123790.3411994919,-1.0,9,362.2613697662666
S5_DCD_compromise,1,DC-D,compromise,HE_EXPANSION,71.50754978052136,431769.7685169821,1688.1676994780707,R236ea,gas,1104100.71251474,-1.0,10,361.6961719039881
S5_DCD_compromise,1,DC-D,compromise,HE_EXPANSION,70.04086767560855,431519.8320708438,1688.2459486721461,R236ea,gas,1084411.0838299878,-1.0,11,361.1258743164
S5_DCD_compromise,1,DC-D,compromise,HE_EXPANSION,68.58362046167429,431264.66214568506,1688.3260822134248,R236ea,gas,1064721.4551452359,-1.0,12,360.55025791976897
S5_DCD_compromise,1,DC-D,compromise,HE_EXPANSION,67.13568300542892,431004.06935757113,1688.4081724315224,R236ea,gas,1045031.826460484,-1.0,13,359.9690917542465
S5_DCD_compromise,1,DC-D,compromise,HE_EXPANSION,65.69693128244407,430737.8537150067,1688.4922958751151,R236ea,gas,1025342.197775732,-1.0,14,359.38213209989885
S5_DCD_compromise,1,DC-D,compromise,HE_EXPANSION,64.26724233743346,430465.8038074917,1688.578533644903,R236ea,gas,1005652.5690909801,-1.0,15,358.7891215072424
S5_DCD_compromise,1,DC-D,compromise,HE_EXPANSION,62.84649424110296,430187.6959148358,1688.6669717601098,R236ea,gas,985962.9404062282,-1.0,16,358.1897877322724
S5_DCD_compromise,1,DC-D,compromise,HE_EXPANSION,61.43456604344892,429903.2930277313,1688.757701562064,R236ea,gas,966273.3117214761,-1.0,17,357.58384256438075
S5_DCD_compromise,1,DC-D,compromise,HE_EXPANSION,60.031337723173735,429612.34376873646,1688.8508201602872,R236ea,gas,946583.6830367242,-1.0,18,356.97098053433615
S5_DCD_compromise,1,DC-D,compromise,HE_EXPANSION,58.636690133033404,429314.58120123687,1688.9464309257726,R236ea,gas,926894.0543519722,-1.0,19,356.3508774871272
S5_DCD_compromise,1,DC-D,compromise,HE_EXPANSION,57.25050494073333,429009.7215121002,1689.044644038096,R236ea,gas,907204.4256672203,-1.0,20,355.7231890025995
S5_DCD_compromise,1,DC-D,compromise,HE_EXPANSION,55.87266456501501,428697.462551567,1689.1455770933212,R236ea,gas,887514.7969824683,-1.0,21,355.0875486439824
S5_DCD_compromise,1,DC-D,compromise,HE_EXPANSION,54.5030521064803,428377.48221135675,1689.2493557810274,R236ea,gas,867825.1682977164,-1.0,22,354.44356601138446
S5_DCD_compromise,1,DC-D,compromise,HE_EXPANSION,53.141551272631915,428049.43661894585,1689.3561146400916,R236ea,gas,848135.5396129645,-1.0,23,353.79082457365746
S5_DCD_compromise,1,DC-D,compromise,HE_EXPANSION,51.78804629652232,427712.9581223718,1689.465997904428,R236ea,gas,828445.9109282125,-1.0,24,353.1288792476821
S5_DCD_compromise,1,DC-D,compromise,HE_EXPANSION,50.442421848300114,427367.6530356488,1689.5791604518402,R236ea,gas,808756.2822434605,-1.0,25,352.45725368896035
S5_DCD_compromise,1,DC-D,compromise,HE_EXPANSION,49.10456293882328,427013.09910976846,1689.6957688714322,R236ea,gas,789066.6535587085,-1.0,26,351.77543725121336
S5_DCD_compromise,1,DC-D,compromise,HE_EXPANSION,47.77435481437669,426648.84268810175,1689.8160026677074,R236ea,gas,769377.0248739566,-1.0,27,351.0828815652296
S5_DCD_compromise,1,DC-D,compromise,HE_EXPANSION,46.45168284135735,426274.39549763605,1689.9400556229245,R236ea,gas,749687.3961892046,-1.0,28,350.37899667827213
S5_DCD_compromise,1,DC-D,compromise,HE_EXPANSION,45.13643237960328,425889.2310185033,1690.0681373432622,R236ea,gas,729997.7675044527,-1.0,29,349.6631466844693
S5_DCD_compromise,1,DC-D,compromise,HE_EXPANSION,43.82848864280834,425492.78036333947,1690.2004750192893,R236ea,gas,710308.1388197008,-1.0,30,348.93464476339255
S5_DCD_compromise,1,DC-D,compromise,HE_EXPANSION,42.52773654418471,425084.4275846773,1690.3373154373276,R236ea,gas,690618.5101349488,-1.0,31,348.19274752784764
S5_DCD_compromise,1,DC-D,compromise,HE_EXPANSION,41.23406052520216,424663.5043121646,1690.4789272857809,R236ea,gas,670928.8814501968,-1.0,32,347.43664856200013
S5_DCD_compromise,1,DC-D,compromise,HE_EXPANSION,39.94734436482675,424229.2836011026,1690.6256038097638,R236ea,gas,651239.2527654449,-1.0,33,346.6654710063317
S5_DCD_compromise,1,DC-D,compromise,HE_EXPANSION,38.66747096618905,423780.97284857626,1690.7776658789523,R236ea,gas,631549.6240806929,-1.0,34,345.8782590152923
S5_DCD_compromise,1,DC-D,compromise,HE_EXPANSION,37.39432211700493,423317.70560188417,1690.9354655481507,R236ea,gas,611859.995395941,-1.0,35,345.0739678751725
S5_DCD_compromise,1,DC-D,compromise,HE_EXPANSION,36.127778219329585,422838.53204419353,1691.099390208439,R236ea,gas,592170.366711189,-1.0,36,344.25145252138253
S5_DCD_compromise,1,DC-D,compromise,HE_EXPANSION,34.86771798330108,422342.4078919326,1691.2698674501867,R236ea,gas,572480.7380264371,-1.0,37,343.409454133004
S5_DCD_compromise,1,DC-D,compromise,HE_EXPANSION,33.614018078376006,421828.1813739857,1691.447370789269,R236ea,gas,552791.1093416851,-1.0,38,342.5465844040848
S5_DCD_compromise,1,DC-D,compromise,HE_EXPANSION,32.3665527341141,421294.5778797728,1691.6324264466218,R236ea,gas,533101.4806569332,-1.0,39,341.66130699010705
S5_DCD_compromise,1,DC-D,compromise,HE_EXPANSION,31.125193280728165,420740.1817555576,1691.825621421993,R236ea,gas,513411.85197218123,-1.0,40,340.75191549681847
S5_DCD_compromise,1,DC-D,compromise,HE_EXPANSION,29.889807617277942,420163.41458711453,1692.0276131693074,R236ea,gas,493722.2232874292,-1.0,41,339.81650720647235
S5_DCD_compromise,1,DC-D,compromise,HE_EXPANSION,28.660259592366135,419562.50912013365,1692.2391412696622,R236ea,gas,474032.5946026773,-1.0,42,338.8529515086806
S5_DCD_compromise,1,DC-D,compromise,HE_EXPANSION,27.436408278255158,418935.47772008146,1692.4610416172818,R236ea,gas,454342.96591792535,-1.0,43,337.85885169844676
S5_DCD_compromise,1,DC-D,compromise,HE_EXPANSION,26.218107114222693,418280.07393584424,1692.6942637941493,R236ea,gas,434653.3372331734,-1.0,44,336.8314983913353
S5_DCD_compromise,1,DC-D,compromise,HE_EXPANSION,25.005202888052235,417593.74526999966,1692.9398925330472,R236ea,gas,414963.7085484214,-1.0,45,335.76781224207707
S5_DCD_compromise,1,DC-D,compromise,HE_EXPANSION,23.797534515457222,416873.5746190503,1693.1991744763043,R236ea,gas,395274.07986366947,-1.0,46,334.664272869644
S5_DCD_compromise,1,DC-D,compromise,HE_EXPANSION,22.594931564703707,416116.2069482228,1693.4735518759724,R236ea,gas,375584.45117891754,-1.0,47,333.5168297912328
S5_DCD_compromise,1,DC-D,compromise,HE_EXPANSION,21.397212456505727,415317.7564826554,1693.7647055086045,R236ea,gas,355894.8224941655,-1.0,48,332.3207895945019
S5_DCD_compromise,1,DC-D,compromise,HE_EXPANSION,20.204182245175442,414473.68783471046,1694.0746099948797,R236ea,gas,336205.1938094136,-1.0,49,331.0706712916795
S5_DCD_compromise,2,DC-D,compromise,HE_EXPANSION,86.72167588988702,434016.6833268534,1687.4754152487053,R236ea,gas,1300996.9993622594,-1.0,0,367.1498643152963
S5_DCD_compromise,2,DC-D,compromise,HE_EXPANSION,85.153496410389,433810.541685099,1687.5380576080174,R236ea,gas,1281307.3706775075,-1.0,1,366.62231409028874
S5_DCD_compromise,2,DC-D,compromise,HE_EXPANSION,83.59607067597439,433600.6129130797,1687.6020376426634,R236ea,gas,1261617.7419927556,-1.0,2,366.09121472575026
S5_DCD_compromise,2,DC-D,compromise,HE_EXPANSION,82.04926095235406,433386.78164277953,1687.6673985475313,R236ea,gas,1241928.1133080036,-1.0,3,365.5564247159172
S5_DCD_compromise,2,DC-D,compromise,HE_EXPANSION,80.51293084528402,433168.92708085105,1687.7341856317878,R236ea,gas,1222238.4846232515,-1.0,4,365.01779594876183
S5_DCD_compromise,2,DC-D,compromise,HE_EXPANSION,78.9869452905634,432946.92266049696,1687.8024464587022,R236ea,gas,1202548.8559384996,-1.0,5,364.47517329638316
S5_DCD_compromise,2,DC-D,compromise,HE_EXPANSION,77.47117054105526,432720.6356649003,1687.8722309973364,R236ea,gas,1182859.2272537476,-1.0,6,363.92839417100265
S5_DCD_compromise,2,DC-D,compromise,HE_EXPANSION,75.9654741508147,432489.92681946355,1687.9435917870953,R236ea,gas,1163169.5985689957,-1.0,7,363.3772880431114
S5_DCD_compromise,2,DC-D,compromise,HE_EXPANSION,74.4697249563479,432254.6498496647,1688.016584116488,R236ea,gas,1143479.9698842438,-1.0,8,362.821675917978
S5_DCD_compromise,2,DC-D,compromise,HE_EXPANSION,72.98379305500845,432014.6510009938,1688.0912662176152,R236ea,gas,1123790.3411994919,-1.0,9,362.2613697662666
S5_DCD_compromise,2,DC-D,compromise,HE_EXPANSION,71.50754978052136,431769.7685169821,1688.1676994780707,R236ea,gas,1104100.71251474,-1.0,10,361.6961719039881
S5_DCD_compromise,2,DC-D,compromise,HE_EXPANSION,70.04086767560855,431519.8320708438,1688.2459486721461,R236ea,gas,1084411.0838299878,-1.0,11,361.1258743164
S5_DCD_compromise,2,DC-D,compromise,HE_EXPANSION,68.58362046167429,431264.66214568506,1688.3260822134248,R236ea,gas,1064721.4551452359,-1.0,12,360.55025791976897
S5_DCD_compromise,2,DC-D,compromise,HE_EXPANSION,67.13568300542892,431004.06935757113,1688.4081724315224,R236ea,gas,1045031.826460484,-1.0,13,359.9690917542465
S5_DCD_compromise,2,DC-D,compromise,HE_EXPANSION,65.69693128244407,430737.8537150067,1688.4922958751151,R236ea,gas,1025342.197775732,-1.0,14,359.38213209989885
S5_DCD_compromise,2,DC-D,compromise,HE_EXPANSION,64.26724233743346,430465.8038074917,1688.578533644903,R236ea,gas,1005652.5690909801,-1.0,15,358.7891215072424
S5_DCD_compromise,2,DC-D,compromise,HE_EXPANSION,62.84649424110296,430187.6959148358,1688.6669717601098,R236ea,gas,985962.9404062282,-1.0,16,358.1897877322724
S5_DCD_compromise,2,DC-D,compromise,HE_EXPANSION,61.43456604344892,429903.2930277313,1688.757701562064,R236ea,gas,966273.3117214761,-1.0,17,357.58384256438075
S5_DCD_compromise,2,DC-D,compromise,HE_EXPANSION,60.031337723173735,429612.34376873646,1688.8508201602872,R236ea,gas,946583.6830367242,-1.0,18,356.97098053433615
S5_DCD_compromise,2,DC-D,compromise,HE_EXPANSION,58.636690133033404,429314.58120123687,1688.9464309257726,R236ea,gas,926894.0543519722,-1.0,19,356.3508774871272
S5_DCD_compromise,2,DC-D,compromise,HE_EXPANSION,57.25050494073333,429009.7215121002,1689.044644038096,R236ea,gas,907204.4256672203,-1.0,20,355.7231890025995
S5_DCD_compromise,2,DC-D,compromise,HE_EXPANSION,55.87266456501501,428697.462551567,1689.1455770933212,R236ea,gas,887514.7969824683,-1.0,21,355.0875486439824
S5_DCD_compromise,2,DC-D,compromise,HE_EXPANSION,54.5030521064803,428377.48221135675,1689.2493557810274,R236ea,gas,867825.1682977164,-1.0,22,354.44356601138446
S5_DCD_compromise,2,DC-D,compromise,HE_EXPANSION,53.141551272631915,428049.43661894585,1689.3561146400916,R236ea,gas,848135.5396129645,-1.0,23,353.79082457365746
S5_DCD_compromise,2,DC-D,compromise,HE_EXPANSION,51.78804629652232,427712.9581223718,1689.465997904428,R236ea,gas,828445.9109282125,-1.0,24,353.1288792476821
S5_DCD_compromise,2,DC-D,compromise,HE_EXPANSION,50.442421848300114,427367.6530356488,1689.5791604518402,R236ea,gas,808756.2822434605,-1.0,25,352.45725368896035
S5_DCD_compromise,2,DC-D,compromise,HE_EXPANSION,49.10456293882328,427013.09910976846,1689.6957688714322,R236ea,gas,789066.6535587085,-1.0,26,351.77543725121336
S5_DCD_compromise,2,DC-D,compromise,HE_EXPANSION,47.77435481437669,426648.84268810175,1689.8160026677074,R236ea,gas,769377.0248739566,-1.0,27,351.0828815652296
S5_DCD_compromise,2,DC-D,compromise,HE_EXPANSION,46.45168284135735,426274.39549763605,1689.9400556229245,R236ea,gas,749687.3961892046,-1.0,28,350.37899667827213
S5_DCD_compromise,2,DC-D,compromise,HE_EXPANSION,45.13643237960328,425889.2310185033,1690.0681373432622,R236ea,gas,729997.7675044527,-1.0,29,349.6631466844693
S5_DCD_compromise,2,DC-D,compromise,HE_EXPANSION,43.82848864280834,425492.78036333947,1690.2004750192893,R236ea,gas,710308.1388197008,-1.0,30,348.93464476339255
S5_DCD_compromise,2,DC-D,compromise,HE_EXPANSION,42.52773654418471,425084.4275846773,1690.3373154373276,R236ea,gas,690618.5101349488,-1.0,31,348.19274752784764
S5_DCD_compromise,2,DC-D,compromise,HE_EXPANSION,41.23406052520216,424663.5043121646,1690.4789272857809,R236ea,gas,670928.8814501968,-1.0,32,347.43664856200013
S5_DCD_compromise,2,DC-D,compromise,HE_EXPANSION,39.94734436482675,424229.2836011026,1690.6256038097638,R236ea,gas,651239.2527654449,-1.0,33,346.6654710063317
S5_DCD_compromise,2,DC-D,compromise,HE_EXPANSION,38.66747096618905,423780.97284857626,1690.7776658789523,R236ea,gas,631549.6240806929,-1.0,34,345.8782590152923
S5_DCD_compromise,2,DC-D,compromise,HE_EXPANSION,37.39432211700493,423317.70560188417,1690.9354655481507,R236ea,gas,611859.995395941,-1.0,35,345.0739678751725
S5_DCD_compromise,2,DC-D,compromise,HE_EXPANSION,36.127778219329585,422838.53204419353,1691.099390208439,R236ea,gas,592170.366711189,-1.0,36,344.25145252138253
S5_DCD_compromise,2,DC-D,compromise,HE_EXPANSION,34.86771798330108,422342.4078919326,1691.2698674501867,R236ea,gas,572480.7380264371,-1.0,37,343.409454133004
S5_DCD_compromise,2,DC-D,compromise,HE_EXPANSION,33.614018078376006,421828.1813739857,1691.447370789269,R236ea,gas,552791.1093416851,-1.0,38,342.5465844040848
S5_DCD_compromise,2,DC-D,compromise,HE_EXPANSION,32.3665527341141,421294.5778797728,1691.6324264466218,R236ea,gas,533101.4806569332,-1.0,39,341.66130699010705
S5_DCD_compromise,2,DC-D,compromise,HE_EXPANSION,31.125193280728165,420740.1817555576,1691.825621421993,R236ea,gas,513411.85197218123,-1.0,40,340.75191549681847
S5_DCD_compromise,2,DC-D,compromise,HE_EXPANSION,29.889807617277942,420163.41458711453,1692.0276131693074,R236ea,gas,493722.2232874292,-1.0,41,339.81650720647235
S5_DCD_compromise,2,DC-D,compromise,HE_EXPANSION,28.660259592366135,419562.50912013365,1692.2391412696622,R236ea,gas,474032.5946026773,-1.0,42,338.8529515086806
S5_DCD_compromise,2,DC-D,compromise,HE_EXPANSION,27.436408278255158,418935.47772008146,1692.4610416172818,R236ea,gas,454342.96591792535,-1.0,43,337.85885169844676
S5_DCD_compromise,2,DC-D,compromise,HE_EXPANSION,26.218107114222693,418280.07393584424,1692.6942637941493,R236ea,gas,434653.3372331734,-1.0,44,336.8314983913353
S5_DCD_compromise,2,DC-D,compromise,HE_EXPANSION,25.005202888052235,417593.74526999966,1692.9398925330472,R236ea,gas,414963.7085484214,-1.0,45,335.76781224207707
S5_DCD_compromise,2,DC-D,compromise,HE_EXPANSION,23.797534515457222,416873.5746190503,1693.1991744763043,R236ea,gas,395274.07986366947,-1.0,46,334.664272869644
S5_DCD_compromise,2,DC-D,compromise,HE_EXPANSION,22.594931564703707,416116.2069482228,1693.4735518759724,R236ea,gas,375584.45117891754,-1.0,47,333.5168297912328
S5_DCD_compromise,2,DC-D,compromise,HE_EXPANSION,21.397212456505727,415317.7564826554,1693.7647055086045,R236ea,gas,355894.8224941655,-1.0,48,332.3207895945019
S5_DCD_compromise,2,DC-D,compromise,HE_EXPANSION,20.204182245175442,414473.68783471046,1694.0746099948797,R236ea,gas,336205.1938094136,-1.0,49,331.0706712916795
S5_DCD_density,1,DC-D,density,HE_EXPANSION,44.336058271708836,417963.039290771,1669.4776444911247,R236ea,gas,693663.3049922272,-1.0,0,341.3516948921871
S5_DCD_density,1,DC-D,density,HE_EXPANSION,43.83270925832815,417814.629630772,1669.526021654935,R236ea,gas,686393.162429881,-1.0,1,341.0671875708257
S5_DCD_density,1,DC-D,density,HE_EXPANSION,43.33053639241024,417664.5211065404,1669.57503670013,R236ea,gas,679123.0198675349,-1.0,2,340.7807754544946
S5_DCD_density,1,DC-D,density,HE_EXPANSION,42.829531890658224,417512.67825529806,1669.6247037575058,R236ea,gas,671852.8773051887,-1.0,3,340.4924146665551
S5_DCD_density,1,DC-D,density,HE_EXPANSION,42.329687972045555,417359.0644787027,1669.6750374296473,R236ea,gas,664582.7347428425,-1.0,4,340.2020599366391
S5_DCD_density,1,DC-D,density,HE_EXPANSION,41.830996856110666,417203.6419936344,1669.7260528120585,R236ea,gas,657312.5921804963,-1.0,5,339.9096645402214
S5_DCD_density,1,DC-D,density,HE_EXPANSION,41.33345076118812,417046.37178027444,1669.7777655154416,R236ea,gas,650042.4496181501,-1.0,6,339.61518023485735
S5_DCD_density,1,DC-D,density,HE_EXPANSION,40.83704190256759,416887.2135273079,1669.830191689292,R236ea,gas,642772.307055804,-1.0,7,339.3185571928829
S5_DCD_density,1,DC-D,density,HE_EXPANSION,40.3417624905818,416726.1255740401,1669.8833480467986,R236ea,gas,635502.1644934578,-1.0,8,339.0197439303146
S5_DCD_density,1,DC-D,density,HE_EXPANSION,39.847604728612524,416563.0648492313,1669.9372518912535,R236ea,gas,628232.0219311116,-1.0,9,338.718687231717
S5_DCD_density,1,DC-D,density,HE_EXPANSION,39.35456081101533,416397.9868064152,1669.9919211439817,R236ea,gas,620961.8793687654,-1.0,10,338.41533207073576
S5_DCD_density,1,DC-D,density,HE_EXPANSION,38.86262292095619,416230.84535544965,1670.0473743739385,R236ea,gas,613691.7368064192,-1.0,11,338.1096215259967
S5_DCD_density,1,DC-D,density,HE_EXPANSION,38.37178322815177,416061.59279004816,1670.1036308291216,R236ea,gas,606421.5942440731,-1.0,12,337.8014966920585
S5_DCD_density,1,DC-D,density,HE_EXPANSION,37.88203388651181,415890.17971099087,1670.1607104698676,R236ea,gas,599151.4516817268,-1.0,13,337.4908965850394
S5_DCD_density,1,DC-D,density,HE_EXPANSION,37.393367031673414,415716.55494470894,1670.2186340042401,R236ea,gas,591881.3091193808,-1.0,14,337.17775804255376
S5_DCD_density,1,DC-D,density,HE_EXPANSION,36.905774778422625,415540.66545689927,1670.2774229256088,R236ea,gas,584611.1665570346,-1.0,15,336.86201561752245
S5_DCD_density,1,DC-D,density,HE_EXPANSION,36.41924921799457,415362.45626080286,1670.3370995526295,R236ea,gas,577341.0239946884,-1.0,16,336.5436014654137
S5_DCD_density,1,DC-D,density,HE_EXPANSION,35.93378241524448,415181.8703197457,1670.3976870717818,R236ea,gas,570070.8814323422,-1.0,17,336.2224452244125
S5_DCD_density,1,DC-D,density,HE_EXPANSION,35.449366405681516,414998.84844350116,1670.459209582671,R236ea,gas,562800.738869996,-1.0,18,335.8984738879769
S5_DCD_density,1,DC-D,density,HE_EXPANSION,34.96599319235408,414813.3291780032,1670.5216921463305,R236ea,gas,555530.5963076499,-1.0,19,335.57161166920235
S5_DCD_density,1,DC-D,density,HE_EXPANSION,34.483654742578814,414625.24868788366,1670.585160836731,R236ea,gas,548260.4537453037,-1.0,20,335.241779856339
S5_DCD_density,1,DC-D,density,HE_EXPANSION,34.00234298450094,414434.54063127196,1670.6496427957748,R236ea,gas,540990.3111829575,-1.0,21,334.9088966587662
S5_DCD_density,1,DC-D,density,HE_EXPANSION,33.522049803473244,414241.1360262291,1670.7151662920846,R236ea,gas,533720.1686206113,-1.0,22,334.57287704265997
S5_DCD_density,1,DC-D,density,HE_EXPANSION,33.042767038243035,414044.96310814016,1670.7817607838394,R236ea,gas,526450.0260582651,-1.0,23,334.2336325554998
S5_DCD_density,1,DC-D,density,HE_EXPANSION,32.56448647693041,413845.947177318,1670.8494569860745,R236ea,gas,519179.88349591894,-1.0,24,333.89107113850605
S5_DCD_density,1,DC-D,density,HE_EXPANSION,32.08719985278419,413644.0104359951,1670.9182869427714,R236ea,gas,511909.74093357276,-1.0,25,333.545096925984
S5_DCD_density,1,DC-D,density,HE_EXPANSION,31.61089883969878,413439.0718138072,1670.9882841041683,R236ea,gas,504639.5983712266,-1.0,26,333.1956100304625
S5_DCD_density,1,DC-D,density,HE_EXPANSION,31.13557504747205,413231.0467807779,1671.0594834097856,R236ea,gas,497369.4558088804,-1.0,27,332.8425063124098
S5_DCD_density,1,DC-D,density,HE_EXPANSION,30.66122001678751,413019.84714670543,1671.1319213776028,R236ea,gas,490099.3132465342,-1.0,28,332.4856771331558
S5_DCD_density,1,DC-D,density,HE_EXPANSION,30.187825213895604,412805.38084575493,1671.2056362000342,R236ea,gas,482829.170684188,-1.0,29,332.1250090895502
S5_DCD_density,1,DC-D,density,HE_EXPANSION,29.715382024973543,412587.5517049152,1671.280667847251,R236ea,gas,475559.02812184184,-1.0,30,331.7603837286869
S5_DCD_density,1,DC-D,density,HE_EXPANSION,29.243881750135998,412366.25919485034,1671.3570581785789,R236ea,gas,468288.88555949565,-1.0,31,331.3916772408787
S5_DCD_density,1,DC-D,density,HE_EXPANSION,28.773315597068024,412141.3981615118,1671.4348510627456,R236ea,gas,461018.7429971495,-1.0,32,331.01876012885805
S5_DCD_density,1,DC-D,density,HE_EXPANSION,28.303674674250725,411912.85853669076,1671.5140925077897,R236ea,gas,453748.6004348033,-1.0,33,330.6414968509437
S5_DCD_density,1,DC-D,density,HE_EXPANSION,27.834949983743325,411680.52502549865,1671.5948308016257,R236ea,gas,446478.4578724571,-1.0,34,330.25974543568395
S5_DCD_density,1,DC-D,density,HE_EXPANSION,27.367132413485706,411444.27676852176,1671.6771166642814,R236ea,gas,439208.3153101109,-1.0,35,329.87335706517587
S5_DCD_density,1,DC-D,density,HE_EXPANSION,26.900212729078003,411203.986976148,1671.761003413038,R236ea,gas,431938.1727477648,-1.0,36,329.48217562396206
S5_DCD_density,1,DC-D,density,HE_EXPANSION,26.43418156499251,410959.52253225894,1671.8465471417665,R236ea,gas,424668.0301854186,-1.0,37,329.0860372100172
S5_DCD_density,1,DC-D,density,HE_EXPANSION,25.969029415166943,410710.74356414546,1671.93380691595,R236ea,gas,417397.8876230724,-1.0,38,328.68476960392735
S5_DCD_density,1,DC-D,density,HE_EXPANSION,25.504746622921623,410457.5029751331,1672.0228449850913,R236ea,gas,410127.74506072624,-1.0,39,328.27819169189854
S5_DCD_density,1,DC-D,density,HE_EXPANSION,25.041323370139036,410199.6459359537,1672.1137270143654,R236ea,gas,402857.60249838006,-1.0,40,327.8661128376694
S5_DCD_density,1,DC-D,density,HE_EXPANSION,24.578749665638362,409937.00933040323,1672.2065223375937,R236ea,gas,395587.4599360339,-1.0,41,327.44833219776916
S5_DCD_density,1,DC-D,density,HE_EXPANSION,24.117015332653114,409669.4211502658,1672.3013042343043,R236ea,gas,388317.3173736877,-1.0,42,327.0246379739953
S5_DCD_density,1,DC-D,density,HE_EXPANSION,23.656109995359397,409396.69983379985,1672.3981502327429,R236ea,gas,381047.1748113415,-1.0,43,326.59480659573126
S5_DCD_density,1,DC-D,density,HE_EXPANSION,23.196023064314222,409118.6535413477,1672.4971424430494,R236ea,gas,373777.0322489953,-1.0,44,326.15860182447125
S5_DCD_density,1,DC-D,density,HE_EXPANSION,22.736743720727098,408835.07936073723,1672.5983679233339,R236ea,gas,366506.8896866492,-1.0,45,325.71577377115136
S5_DCD_density,1,DC-D,density,HE_EXPANSION,22.278260899431654,408545.76243412436,1672.701919082963,R236ea,gas,359236.747124303,-1.0,46,325.2660578159985
S5_DCD_density,1,DC-D,density,HE_EXPANSION,21.82056327042075,408250.474996758,1672.8078941276665,R236ea,gas,351966.60456195683,-1.0,47,324.80917341902517
S5_DCD_density,1,DC-D,density,HE_EXPANSION,21.36363921879176,407948.97531675233,1672.9163975517283,R236ea,gas,344696.46199961065,-1.0,48,324.3448228075684
S5_DCD_density,1,DC-D,density,HE_EXPANSION,20.90747682292676,407641.00652335153,1673.0275406833634,R236ea,gas,337426.31943726446,-1.0,49,323.87268952527285
S5_DCD_density,2,DC-D,density,HE_EXPANSION,44.336058271708836,417963.039290771,1669.4776444911247,R236ea,gas,693663.3049922272,-1.0,0,341.3516948921871
S5_DCD_density,2,DC-D,density,HE_EXPANSION,43.83270925832815,417814.629630772,1669.526021654935,R236ea,gas,686393.162429881,-1.0,1,341.0671875708257
S5_DCD_density,2,DC-D,density,HE_EXPANSION,43.33053639241024,417664.5211065404,1669.57503670013,R236ea,gas,679123.0198675349,-1.0,2,340.7807754544946
S5_DCD_density,2,DC-D,density,HE_EXPANSION,42.829531890658224,417512.67825529806,1669.6247037575058,R236ea,gas,671852.8773051887,-1.0,3,340.4924146665551
S5_DCD_density,2,DC-D,density,HE_EXPANSION,42.329687972045555,417359.0644787027,1669.6750374296473,R236ea,gas,664582.7347428425,-1.0,4,340.2020599366391
S5_DCD_density,2,DC-D,density,HE_EXPANSION,41.830996856110666,417203.6419936344,1669.7260528120585,R236ea,gas,657312.5921804963,-1.0,5,339.9096645402214
S5_DCD_density,2,DC-D,density,HE_EXPANSION,41.33345076118812,417046.37178027444,1669.7777655154416,R236ea,gas,650042.4496181501,-1.0,6,339.61518023485735
S5_DCD_density,2,DC-D,density,HE_EXPANSION,40.83704190256759,416887.2135273079,1669.830191689292,R236ea,gas,642772.307055804,-1.0,7,339.3185571928829
S5_DCD_density,2,DC-D,density,HE_EXPANSION,40.3417624905818,416726.1255740401,1669.8833480467986,R236ea,gas,635502.1644934578,-1.0,8,339.0197439303146
S5_DCD_density,2,DC-D,density,HE_EXPANSION,39.847604728612524,416563.0648492313,1669.9372518912535,R236ea,gas,628232.0219311116,-1.0,9,338.718687231717
S5_DCD_density,2,DC-D,density,HE_EXPANSION,39.35456081101533,416397.9868064152,1669.9919211439817,R236ea,gas,620961.8793687654,-1.0,10,338.41533207073576
S5_DCD_density,2,DC-D,density,HE_EXPANSION,38.86262292095619,416230.84535544965,1670.0473743739385,R236ea,gas,613691.7368064192,-1.0,11,338.1096215259967
S5_DCD_density,2,DC-D,density,HE_EXPANSION,38.37178322815177,416061.59279004816,1670.1036308291216,R236ea,gas,606421.5942440731,-1.0,12,337.8014966920585
S5_DCD_density,2,DC-D,density,HE_EXPANSION,37.88203388651181,415890.17971099087,1670.1607104698676,R236ea,gas,599151.4516817268,-1.0,13,337.4908965850394
S5_DCD_density,2,DC-D,density,HE_EXPANSION,37.393367031673414,415716.55494470894,1670.2186340042401,R236ea,gas,591881.3091193808,-1.0,14,337.17775804255376
S5_DCD_density,2,DC-D,density,HE_EXPANSION,36.905774778422625,415540.66545689927,1670.2774229256088,R236ea,gas,584611.1665570346,-1.0,15,336.86201561752245
S5_DCD_density,2,DC-D,density,HE_EXPANSION,36.41924921799457,415362.45626080286,1670.3370995526295,R236ea,gas,577341.0239946884,-1.0,16,336.5436014654137
S5_DCD_density,2,DC-D,density,HE_EXPANSION,35.93378241524448,415181.8703197457,1670.3976870717818,R236ea,gas,570070.8814323422,-1.0,17,336.2224452244125
S5_DCD_density,2,DC-D,density,HE_EXPANSION,35.449366405681516,414998.84844350116,1670.459209582671,R236ea,gas,562800.738869996,-1.0,18,335.8984738879769
S5_DCD_density,2,DC-D,density,HE_EXPANSION,34.96599319235408,414813.3291780032,1670.5216921463305,R236ea,gas,555530.5963076499,-1.0,19,335.57161166920235
S5_DCD_density,2,DC-D,density,HE_EXPANSION,34.483654742578814,414625.24868788366,1670.585160836731,R236ea,gas,548260.4537453037,-1.0,20,335.241779856339
S5_DCD_density,2,DC-D,density,HE_EXPANSION,34.00234298450094,414434.54063127196,1670.6496427957748,R236ea,gas,540990.3111829575,-1.0,21,334.9088966587662
S5_DCD_density,2,DC-D,density,HE_EXPANSION,33.522049803473244,414241.1360262291,1670.7151662920846,R236ea,gas,533720.1686206113,-1.0,22,334.57287704265997
S5_DCD_density,2,DC-D,density,HE_EXPANSION,33.042767038243035,414044.96310814016,1670.7817607838394,R236ea,gas,526450.0260582651,-1.0,23,334.2336325554998
S5_DCD_density,2,DC-D,density,HE_EXPANSION,32.56448647693041,413845.947177318,1670.8494569860745,R236ea,gas,519179.88349591894,-1.0,24,333.89107113850605
S5_DCD_density,2,DC-D,density,HE_EXPANSION,32.08719985278419,413644.0104359951,1670.9182869427714,R236ea,gas,511909.74093357276,-1.0,25,333.545096925984
S5_DCD_density,2,DC-D,density,HE_EXPANSION,31.61089883969878,413439.0718138072,1670.9882841041683,R236ea,gas,504639.5983712266,-1.0,26,333.1956100304625
S5_DCD_density,2,DC-D,density,HE_EXPANSION,31.13557504747205,413231.0467807779,1671.0594834097856,R236ea,gas,497369.4558088804,-1.0,27,332.8425063124098
S5_DCD_density,2,DC-D,density,HE_EXPANSION,30.66122001678751,413019.84714670543,1671.1319213776028,R236ea,gas,490099.3132465342,-1.0,28,332.4856771331558
S5_DCD_density,2,DC-D,density,HE_EXPANSION,30.187825213895604,412805.38084575493,1671.2056362000342,R236ea,gas,482829.170684188,-1.0,29,332.1250090895502
S5_DCD_density,2,DC-D,density,HE_EXPANSION,29.715382024973543,412587.5517049152,1671.280667847251,R236ea,gas,475559.02812184184,-1.0,30,331.7603837286869
S5_DCD_density,2,DC-D,density,HE_EXPANSION,29.243881750135998,412366.25919485034,1671.3570581785789,R236ea,gas,468288.88555949565,-1.0,31,331.3916772408787
S5_DCD_density,2,DC-D,density,HE_EXPANSION,28.773315597068024,412141.3981615118,1671.4348510627456,R236ea,gas,461018.7429971495,-1.0,32,331.01876012885805
S5_DCD_density,2,DC-D,density,HE_EXPANSION,28.303674674250725,411912.85853669076,1671.5140925077897,R236ea,gas,453748.6004348033,-1.0,33,330.6414968509437
S5_DCD_density,2,DC-D,density,HE_EXPANSION,27.834949983743325,411680.52502549865,1671.5948308016257,R236ea,gas,446478.4578724571,-1.0,34,330.25974543568395
S5_DCD_density,2,DC-D,density,HE_EXPANSION,27.367132413485706,411444.27676852176,1671.6771166642814,R236ea,gas,439208.3153101109,-1.0,35,329.87335706517587
S5_DCD_density,2,DC-D,density,HE_EXPANSION,26.900212729078003,411203.986976148,1671.761003413038,R236ea,gas,431938.1727477648,-1.0,36,329.48217562396206
S5_DCD_density,2,DC-D,density,HE_EXPANSION,26.43418156499251,410959.52253225894,1671.8465471417665,R236ea,gas,424668.0301854186,-1.0,37,329.0860372100172
S5_DCD_density,2,DC-D,density,HE_EXPANSION,25.969029415166943,410710.74356414546,1671.93380691595,R236ea,gas,417397.8876230724,-1.0,38,328.68476960392735
S5_DCD_density,2,DC-D,density,HE_EXPANSION,25.504746622921623,410457.5029751331,1672.0228449850913,R236ea,gas,410127.74506072624,-1.0,39,328.27819169189854
S5_DCD_density,2,DC-D,density,HE_EXPANSION,25.041323370139036,410199.6459359537,1672.1137270143654,R236ea,gas,402857.60249838006,-1.0,40,327.8661128376694
S5_DCD_density,2,DC-D,density,HE_EXPANSION,24.578749665638362,409937.00933040323,1672.2065223375937,R236ea,gas,395587.4599360339,-1.0,41,327.44833219776916
S5_DCD_density,2,DC-D,density,HE_EXPANSION,24.117015332653114,409669.4211502658,1672.3013042343043,R236ea,gas,388317.3173736877,-1.0,42,327.0246379739953
S5_DCD_density,2,DC-D,density,HE_EXPANSION,23.656109995359397,409396.69983379985,1672.3981502327429,R236ea,gas,381047.1748113415,-1.0,43,326.59480659573126
S5_DCD_density,2,DC-D,density,HE_EXPANSION,23.196023064314222,409118.6535413477,1672.4971424430494,R236ea,gas,373777.0322489953,-1.0,44,326.15860182447125
S5_DCD_density,2,DC-D,density,HE_EXPANSION,22.736743720727098,408835.07936073723,1672.5983679233339,R236ea,gas,366506.8896866492,-1.0,45,325.71577377115136
S5_DCD_density,2,DC-D,density,HE_EXPANSION,22.278260899431654,408545.76243412436,1672.701919082963,R236ea,gas,359236.747124303,-1.0,46,325.2660578159985
S5_DCD_density,2,DC-D,density,HE_EXPANSION,21.82056327042075,408250.474996758,1672.8078941276665,R236ea,gas,351966.60456195683,-1.0,47,324.80917341902517
S5_DCD_density,2,DC-D,density,HE_EXPANSION,21.36363921879176,407948.97531675233,1672.9163975517283,R236ea,gas,344696.46199961065,-1.0,48,324.3448228075684
S5_DCD_density,2,DC-D,density,HE_EXPANSION,20.90747682292676,407641.00652335153,1673.0275406833634,R236ea,gas,337426.31943726446,-1.0,49,323.87268952527285
S5_DCD_efficiency,1,DC-D,efficiency,HE_EXPANSION,40.06927640489633,509035.44708336564,1878.280939539363,R365MFC,gas,715841.4326863338,-1.0,0,384.49828904729725
S5_DCD_efficiency,1,DC-D,efficiency,HE_EXPANSION,39.2807360538955,508750.26561564475,1878.3634549960016,R365MFC,gas,703269.3705409586,-1.0,1,384.03512087803955
S5_DCD_efficiency,1,DC-D,efficiency,HE_EXPANSION,38.496399639842465,508459.3535057739,1878.447837365495,R365MFC,gas,690697.3083955834,-1.0,2,383.5671224250938
S5_DCD_efficiency,1,DC-D,efficiency,HE_EXPANSION,37.716208567321345,508162.506888016,1878.534156363204,R365MFC,gas,678125.2462502082,-1.0,3,383.0940901234539
S5_DCD_efficiency,1,DC-D,efficiency,HE_EXPANSION,36.94010493463295,507859.510618859,1878.6224856976128,R365MFC,gas,665553.184104833,-1.0,4,382.6158096206113
S5_DCD_efficiency,1,DC-D,efficiency,HE_EXPANSION,36.16803149809677,507550.13742760225,1878.7129033789586,R365MFC,gas,652981.1219594578,-1.0,5,382.13205495274076
S5_DCD_efficiency,1,DC-D,efficiency,HE_EXPANSION,35.39993163568596,507234.1469852146,1878.805492058187,R365MFC,gas,640409.0598140826,-1.0,6,381.6425876417242
S5_DCD_efficiency,1,DC-D,efficiency,HE_EXPANSION,34.63574930985285,506911.284881831,1878.9003393998937,R365MFC,gas,627836.9976687074,-1.0,7,381.14715570366036
S5_DCD_efficiency,1,DC-D,efficiency,HE_EXPANSION,33.87542902938984,506581.28150189325,1878.9975384933966,R365MFC,gas,615264.9355233322,-1.0,8,380.6454925581801
S5_DCD_efficiency,1,DC-D,efficiency,HE_EXPANSION,33.11891581015176,506243.8507843713,1879.0971883067164,R365MFC,gas,602692.873377957,-1.0,9,380.1373158263609
S5_DCD_efficiency,1,DC-D,efficiency,HE_EXPANSION,32.36615513444649,505898.6888536471,1879.1993941889366,R365MFC,gas,590120.8112325819,-1.0,10,379.6223260032361
S5_DCD_efficiency,1,DC-D,efficiency,HE_EXPANSION,31.617092908879457,505545.4725045121,1879.3042684271873,R365MFC,gas,577548.7490872067,-1.0,11,379.10020498878174
S5_DCD_efficiency,1,DC-D,efficiency,HE_EXPANSION,30.871675420389355,505183.8575221581,1879.4119308659833,R365MFC,gas,564976.6869418315,-1.0,12,378.57061445894504
S5_DCD_efficiency,1,DC-D,efficiency,HE_EXPANSION,30.129849290248043,504813.4768151083,1879.5225095962662,R365MFC,gas,552404.6247964562,-1.0,13,378.03319405491374
S5_DCD_efficiency,1,DC-D,efficiency,HE_EXPANSION,29.39156142564942,504433.93833544914,1879.636141725402,R365MFC,gas,539832.562651081,-1.0,14,377.4875593661363
S5_DCD_efficiency,1,DC-D,efficiency,HE_EXPANSION,28.65675896857874,504044.82275657484,1879.752974238551,R365MFC,gas,527260.5005057058,-1.0,15,376.93329967778345
S5_DCD_efficiency,1,DC-D,efficiency,HE_EXPANSION,27.92538924154002,503645.68087363004,1879.8731649652045,R365MFC,gas,514688.43836033065,-1.0,16,376.36997544889164
S5_DCD_efficiency,1,DC-D,efficiency,HE_EXPANSION,27.197399689679713,503236.03068587976,1879.9968836665971,R365MFC,gas,502116.37621495547,-1.0,17,375.7971154814685
S5_DCD_efficiency,1,DC-D,efficiency,HE_EXPANSION,26.472737818773098,502815.3541130325,1880.1243132625248,R365MFC,gas,489544.3140695803,-1.0,18,375.2142137338393
S5_DCD_efficiency,1,DC-D,efficiency,HE_EXPANSION,25.75135112845702,502383.0932888907,1880.2556512195586,R365MFC,gas,476972.2519242051,-1.0,19,374.62072572305607
S5_DCD_efficiency,1,DC-D,efficiency,HE_EXPANSION,25.033187039991983,501938.6463651909,1880.3911111267819,R365MFC,gas,464400.1897788299,-1.0,20,374.01606445093967
S5_DCD_efficiency,1,DC-D,efficiency,HE_EXPANSION,24.318192817722167,501481.3627456849,1880.5309244901998,R365MFC,gas,451828.1276334547,-1.0,21,373.39959577579606
S5_DCD_efficiency,1,DC-D,efficiency,HE_EXPANSION,23.606315483256562,501010.53765486984,1880.6753427832332,R365MFC,gas,439256.0654880795,-1.0,22,372.7706331365629
S5_DCD_efficiency,1,DC-D,efficiency,HE_EXPANSION,22.897501721226615,500525.40592646203,1880.8246397983405,R365MFC,gas,426684.0033427043,-1.0,23,372.1284315172604
S5_DCD_efficiency,1,DC-D,efficiency,HE_EXPANSION,22.191697775267034,500025.13487286266,1880.9791143543196,R365MFC,gas,414111.94119732914,-1.0,24,371.47218051628613
S5_DCD_efficiency,1,DC-D,efficiency,HE_EXPANSION,21.488849332613864,499508.81606714946,1881.1390934257795,R365MFC,gas,401539.87905195396,-1.0,25,370.800996356014
S5_DCD_efficiency,1,DC-D,efficiency,HE_EXPANSION,20.788901395406718,498975.45583189593,1881.3049357760926,R365MFC,gas,388967.8169065787,-1.0,26,370.11391263169116
S5_DCD_efficiency,1,DC-D,efficiency,HE_EXPANSION,20.091798136398815,498423.96418218384,1881.4770361941264,R365MFC,gas,376395.75476120354,-1.0,27,369.40986955265214
S5_DCD_efficiency,1,DC-D,efficiency,HE_EXPANSION,19.397482736306838,497853.1419105795,1881.655830459034,R365MFC,gas,363823.69261582836,-1.0,28,368.68770137043265
S5_DCD_efficiency,1,DC-D,efficiency,HE_EXPANSION,18.705897199443438,497261.6654255537,1881.841801188299,R365MFC,gas,351251.6304704532,-1.0,29,367.9461216135459
S5_DCD_efficiency,1,DC-D,efficiency,HE_EXPANSION,18.016982143532356,496648.0688564961,1882.035484764138,R365MFC,gas,338679.56832507794,-1.0,30,367.18370565217225
S5_DCD_efficiency,1,DC-D,efficiency,HE_EXPANSION,17.3306765586678,496010.7228105512,1882.2374795855642,R365MFC,gas,326107.50617970276,-1.0,31,366.3988699903825
S5_DCD_efficiency,1,DC-D,efficiency,HE_EXPANSION,16.646917529179536,495347.8089986354,1882.4484559620478,R365MFC,gas,313535.4440343276,-1.0,32,365.5898475185518
S5_DCD_efficiency,1,DC-D,efficiency,HE_EXPANSION,15.965639910620858,494657.2897255432,1882.6691680560896,R365MFC,gas,300963.3818889524,-1.0,33,364.75465773985235
S5_DCD_efficiency,1,DC-D,efficiency,HE_EXPANSION,15.286775952087867,493936.8709411583,1882.9004684048425,R365MFC,gas,288391.3197435772,-1.0,34,363.89107069156483
S5_DCD_efficiency,1,DC-D,efficiency,HE_EXPANSION,14.61025485144151,493183.9571464241,1883.1433257179215,R365MFC,gas,275819.257598202,-1.0,35,362.9965628846674
S5_DCD_efficiency,1,DC-D,efficiency,HE_EXPANSION,13.936002227504298,492395.59589477413,1883.398846878398,R365MFC,gas,263247.1954528268,-1.0,36,362.0682630401507
S5_DCD_efficiency,1,DC-D,efficiency,HE_EXPANSION,13.263939488602174,491568.40886182,1883.6683043947512,R365MFC,gas,250675.13330745162,-1.0,37,361.102884642934
S5_DCD_efficiency,1,DC-D,efficiency,HE_EXPANSION,12.593983070430001,490698.50537410437,1883.9531710054598,R365MFC,gas,238103.07116207643,-1.0,38,360.09664126590405
S5_DCD_efficiency,1,DC-D,efficiency,HE_EXPANSION,11.926043507401408,489781.37273934355,1884.2551637907993,R365MFC,gas,225531.0090167012,-1.0,39,359.04513908620595
S5_DCD_efficiency,1,DC-D,efficiency,HE_EXPANSION,11.260024289294767,488811.7354662781,1884.576301101892,R365MFC,gas,212958.946871326,-1.0,40,357.94323878557606
S5_DCD_efficiency,1,DC-D,efficiency,HE_EXPANSION,10.595820437424317,487783.3721175693,1884.9189770421694,R365MFC,gas,200386.88472595083,-1.0,41,356.7848757136956
S5_DCD_efficiency,1,DC-D,efficiency,HE_EXPANSION,9.933316709049299,486688.8734717422,1885.2860604083287,R365MFC,gas,187814.8225805756,-1.0,42,355.562822168587
S5_DCD_efficiency,1,DC-D,efficiency,HE_EXPANSION,9.272385300943787,485519.3178111629,1885.6810283864618,R365MFC,gas,175242.7604352004,-1.0,43,354.2683678450823
S5_DCD_efficiency,1,DC-D,efficiency,HE_EXPANSION,8.612882865753974,484263.82664146007,1886.1081507289687,R365MFC,gas,162670.69828982523,-1.0,44,352.89088206321424
S5_DCD_efficiency,1,DC-D,efficiency,HE_EXPANSION,7.95464656559893,482908.9436312394,1886.572749103779,R365MFC,gas,150098.63614445005,-1.0,45,351.4172009606069
S5_DCD_efficiency,1,DC-D,efficiency,HE_EXPANSION,7.297488744387482,481437.74476430303,1887.081571627139,R365MFC,gas,137526.57399907487,-1.0,46,349.8307481316067
S5_DCD_efficiency,1,DC-D,efficiency,HE_EXPANSION,6.641189563042928,479828.52634627494,1887.6433498201736,R365MFC,gas,124954.51185369969,-1.0,47,348.1102359068435
S5_DCD_efficiency,1,DC-D,efficiency,HE_EXPANSION,5.985486532040982,478052.8043424504,1888.2696558963457,R365MFC,gas,112382.44970832451,-1.0,48,346.22768119732353
S5_DCD_efficiency,1,DC-D,efficiency,HE_EXPANSION,5.330059133885343,476072.1383506387,1888.9762778163051,R365MFC,gas,99810.38756294931,-1.0,49,344.1452489797707
S5_DCD_efficiency,2,DC-D,efficiency,HE_EXPANSION,40.06927640489633,509035.44708336564,1878.280939539363,R365MFC,gas,715841.4326863338,-1.0,0,384.49828904729725
S5_DCD_efficiency,2,DC-D,efficiency,HE_EXPANSION,39.2807360538955,508750.26561564475,1878.3634549960016,R365MFC,gas,703269.3705409586,-1.0,1,384.03512087803955
S5_DCD_efficiency,2,DC-D,efficiency,HE_EXPANSION,38.496399639842465,508459.3535057739,1878.447837365495,R365MFC,gas,690697.3083955834,-1.0,2,383.5671224250938
S5_DCD_efficiency,2,DC-D,efficiency,HE_EXPANSION,37.716208567321345,508162.506888016,1878.534156363204,R365MFC,gas,678125.2462502082,-1.0,3,383.0940901234539
S5_DCD_efficiency,2,DC-D,efficiency,HE_EXPANSION,36.94010493463295,507859.510618859,1878.6224856976128,R365MFC,gas,665553.184104833,-1.0,4,382.6158096206113
S5_DCD_efficiency,2,DC-D,efficiency,HE_EXPANSION,36.16803149809677,507550.13742760225,1878.7129033789586,R365MFC,gas,652981.1219594578,-1.0,5,382.13205495274076
S5_DCD_efficiency,2,DC-D,efficiency,HE_EXPANSION,35.39993163568596,507234.1469852146,1878.805492058187,R365MFC,gas,640409.0598140826,-1.0,6,381.6425876417242
S5_DCD_efficiency,2,DC-D,efficiency,HE_EXPANSION,34.63574930985285,506911.284881831,1878.9003393998937,R365MFC,gas,627836.9976687074,-1.0,7,381.14715570366036
S5_DCD_efficiency,2,DC-D,efficiency,HE_EXPANSION,33.87542902938984,506581.28150189325,1878.9975384933966,R365MFC,gas,615264.9355233322,-1.0,8,380.6454925581801
S5_DCD_efficiency,2,DC-D,efficiency,HE_EXPANSION,33.11891581015176,506243.8507843713,1879.0971883067164,R365MFC,gas,602692.873377957,-1.0,9,380.1373158263609
S5_DCD_efficiency,2,DC-D,efficiency,HE_EXPANSION,32.36615513444649,505898.6888536471,1879.1993941889366,R365MFC,gas,590120.8112325819,-1.0,10,379.6223260032361
S5_DCD_efficiency,2,DC-D,efficiency,HE_EXPANSION,31.617092908879457,505545.4725045121,1879.3042684271873,R365MFC,gas,577548.7490872067,-1.0,11,379.10020498878174
S5_DCD_efficiency,2,DC-D,efficiency,HE_EXPANSION,30.871675420389355,505183.8575221581,1879.4119308659833,R365MFC,gas,564976.6869418315,-1.0,12,378.57061445894504
S5_DCD_efficiency,2,DC-D,efficiency,HE_EXPANSION,30.129849290248043,504813.4768151083,1879.5225095962662,R365MFC,gas,552404.6247964562,-1.0,13,378.03319405491374
S5_DCD_efficiency,2,DC-D,efficiency,HE_EXPANSION,29.39156142564942,504433.93833544914,1879.636141725402,R365MFC,gas,539832.562651081,-1.0,14,377.4875593661363
S5_DCD_efficiency,2,DC-D,efficiency,HE_EXPANSION,28.65675896857874,504044.82275657484,1879.752974238551,R365MFC,gas,527260.5005057058,-1.0,15,376.93329967778345
S5_DCD_efficiency,2,DC-D,efficiency,HE_EXPANSION,27.92538924154002,503645.68087363004,1879.8731649652045,R365MFC,gas,514688.43836033065,-1.0,16,376.36997544889164
S5_DCD_efficiency,2,DC-D,efficiency,HE_EXPANSION,27.197399689679713,503236.03068587976,1879.9968836665971,R365MFC,gas,502116.37621495547,-1.0,17,375.7971154814685
S5_DCD_efficiency,2,DC-D,efficiency,HE_EXPANSION,26.472737818773098,502815.3541130325,1880.1243132625248,R365MFC,gas,489544.3140695803,-1.0,18,375.2142137338393
S5_DCD_efficiency,2,DC-D,efficiency,HE_EXPANSION,25.75135112845702,502383.0932888907,1880.2556512195586,R365MFC,gas,476972.2519242051,-1.0,19,374.62072572305607
S5_DCD_efficiency,2,DC-D,efficiency,HE_EXPANSION,25.033187039991983,501938.6463651909,1880.3911111267819,R365MFC,gas,464400.1897788299,-1.0,20,374.01606445093967
S5_DCD_efficiency,2,DC-D,efficiency,HE_EXPANSION,24.318192817722167,501481.3627456849,1880.5309244901998,R365MFC,gas,451828.1276334547,-1.0,21,373.39959577579606
S5_DCD_efficiency,2,DC-D,efficiency,HE_EXPANSION,23.606315483256562,501010.53765486984,1880.6753427832332,R365MFC,gas,439256.0654880795,-1.0,22,372.7706331365629
S5_DCD_efficiency,2,DC-D,efficiency,HE_EXPANSION,22.897501721226615,500525.40592646203,1880.8246397983405,R365MFC,gas,426684.0033427043,-1.0,23,372.1284315172604
S5_DCD_efficiency,2,DC-D,efficiency,HE_EXPANSION,22.191697775267034,500025.13487286266,1880.9791143543196,R365MFC,gas,414111.94119732914,-1.0,24,371.47218051628613
S5_DCD_efficiency,2,DC-D,efficiency,HE_EXPANSION,21.488849332613864,499508.81606714946,1881.1390934257795,R365MFC,gas,401539.87905195396,-1.0,25,370.800996356014
S5_DCD_efficiency,2,DC-D,efficiency,HE_EXPANSION,20.788901395406718,498975.45583189593,1881.3049357760926,R365MFC,gas,388967.8169065787,-1.0,26,370.11391263169116
S5_DCD_efficiency,2,DC-D,efficiency,HE_EXPANSION,20.091798136398815,498423.96418218384,1881.4770361941264,R365MFC,gas,376395.75476120354,-1.0,27,369.40986955265214
S5_DCD_efficiency,2,DC-D,efficiency,HE_EXPANSION,19.397482736306838,497853.1419105795,1881.655830459034,R365MFC,gas,363823.69261582836,-1.0,28,368.68770137043265
S5_DCD_efficiency,2,DC-D,efficiency,HE_EXPANSION,18.705897199443438,497261.6654255537,1881.841801188299,R365MFC,gas,351251.6304704532,-1.0,29,367.9461216135459
S5_DCD_efficiency,2,DC-D,efficiency,HE_EXPANSION,18.016982143532356,496648.0688564961,1882.035484764138,R365MFC,gas,338679.56832507794,-1.0,30,367.18370565217225
S5_DCD_efficiency,2,DC-D,efficiency,HE_EXPANSION,17.3306765586678,496010.7228105512,1882.2374795855642,R365MFC,gas,326107.50617970276,-1.0,31,366.3988699903825
S5_DCD_efficiency,2,DC-D,efficiency,HE_EXPANSION,16.646917529179536,495347.8089986354,1882.4484559620478,R365MFC,gas,313535.4440343276,-1.0,32,365.5898475185518
S5_DCD_efficiency,2,DC-D,efficiency,HE_EXPANSION,15.965639910620858,494657.2897255432,1882.6691680560896,R365MFC,gas,300963.3818889524,-1.0,33,364.75465773985235
S5_DCD_efficiency,2,DC-D,efficiency,HE_EXPANSION,15.286775952087867,493936.8709411583,1882.9004684048425,R365MFC,gas,288391.3197435772,-1.0,34,363.89107069156483
S5_DCD_efficiency,2,DC-D,efficiency,HE_EXPANSION,14.61025485144151,493183.9571464241,1883.1433257179215,R365MFC,gas,275819.257598202,-1.0,35,362.9965628846674
S5_DCD_efficiency,2,DC-D,efficiency,HE_EXPANSION,13.936002227504298,492395.59589477413,1883.398846878398,R365MFC,gas,263247.1954528268,-1.0,36,362.0682630401507
S5_DCD_efficiency,2,DC-D,efficiency,HE_EXPANSION,13.263939488602174,491568.40886182,1883.6683043947512,R365MFC,gas,250675.13330745162,-1.0,37,361.102884642934
S5_DCD_efficiency,2,DC-D,efficiency,HE_EXPANSION,12.593983070430001,490698.50537410437,1883.9531710054598,R365MFC,gas,238103.07116207643,-1.0,38,360.09664126590405
S5_DCD_efficiency,2,DC-D,efficiency,HE_EXPANSION,11.926043507401408,489781.37273934355,1884.2551637907993,R365MFC,gas,225531.0090167012,-1.0,39,359.04513908620595
S5_DCD_efficiency,2,DC-D,efficiency,HE_EXPANSION,11.260024289294767,488811.7354662781,1884.576301101892,R365MFC,gas,212958.946871326,-1.0,40,357.94323878557606
S5_DCD_efficiency,2,DC-D,efficiency,HE_EXPANSION,10.595820437424317,487783.3721175693,1884.9189770421694,R365MFC,gas,200386.88472595083,-1.0,41,356.7848757136956
S5_DCD_efficiency,2,DC-D,efficiency,HE_EXPANSION,9.933316709049299,486688.8734717422,1885.2860604083287,R365MFC,gas,187814.8225805756,-1.0,42,355.562822168587
S5_DCD_efficiency,2,DC-D,efficiency,HE_EXPANSION,9.272385300943787,485519.3178111629,1885.6810283864618,R365MFC,gas,175242.7604352004,-1.0,43,354.2683678450823
S5_DCD_efficiency,2,DC-D,efficiency,HE_EXPANSION,8.612882865753974,484263.82664146007,1886.1081507289687,R365MFC,gas,162670.69828982523,-1.0,44,352.89088206321424
S5_DCD_efficiency,2,DC-D,efficiency,HE_EXPANSION,7.95464656559893,482908.9436312394,1886.572749103779,R365MFC,gas,150098.63614445005,-1.0,45,351.4172009606069
S5_DCD_efficiency,2,DC-D,efficiency,HE_EXPANSION,7.297488744387482,481437.74476430303,1887.081571627139,R365MFC,gas,137526.57399907487,-1.0,46,349.8307481316067
S5_DCD_efficiency,2,DC-D,efficiency,HE_EXPANSION,6.641189563042928,479828.52634627494,1887.6433498201736,R365MFC,gas,124954.51185369969,-1.0,47,348.1102359068435
S5_DCD_efficiency,2,DC-D,efficiency,HE_EXPANSION,5.985486532040982,478052.8043424504,1888.2696558963457,R365MFC,gas,112382.44970832451,-1.0,48,346.22768119732353
S5_DCD_efficiency,2,DC-D,efficiency,HE_EXPANSION,5.330059133885343,476072.1383506387,1888.9762778163051,R365MFC,gas,99810.38756294931,-1.0,49,344.1452489797707
S5_DCE_compromise,1,DC-E,compromise,HE_EXPANSION,75.70606191536298,428304.88528802636,1677.3481843248046,R236ea,gas,1136122.7483033116,-1.0,0,359.2796604744274
S5_DCE_compromise,1,DC-E,compromise,HE_EXPANSION,74.16861375393225,428068.6119426386,1677.421751699447,R236ea,gas,1116438.8887243816,-1.0,1,358.7032271511715
S5_DCE_compromise,1,DC-E,compromise,HE_EXPANSION,72.64208441018484,427827.4475174249,1677.497088128362,R236ea,gas,1096755.0291454517,-1.0,2,358.1220528937374
S5_DCE_compromise,1,DC-E,compromise,HE_EXPANSION,71.12631721571594,427581.22066780715,1677.574259318087,R236ea,gas,1077071.1695665217,-1.0,3,357.5359249689211
S5_DCE_compromise,1,DC-E,compromise,HE_EXPANSION,69.62115734707128,427329.75074213307,1677.653334692755,R236ea,gas,1057387.3099875918,-1.0,4,356.94461930038267
S5_DCE_compromise,1,DC-E,compromise,HE_EXPANSION,68.12645177884676,427072.8470914625,1677.7343876784944,R236ea,gas,1037703.4504086617,-1.0,5,356.347899637668
S5_DCE_compromise,1,DC-E,compromise,HE_EXPANSION,66.64204923341292,426810.308314154,1677.8174960156,R236ea,gas,1018019.5908297318,-1.0,6,355.7455166456296
S5_DCE_compromise,1,DC-E,compromise,HE_EXPANSION,65.16780012719947,426541.92142758914,1677.9027421015303,R236ea,gas,998335.7312508018,-1.0,7,355.1372069049986
S5_DCE_compromise,1,DC-E,compromise,HE_EXPANSION,63.703556513395306,426267.4609584513,1677.990213368564,R236ea,gas,978651.8716718717,-1.0,8,354.5226918136765
S5_DCE_compromise,1,DC-E,compromise,HE_EXPANSION,62.24917202091351,425986.68794171646,1678.0800027001812,R236ea,gas,958968.0120929418,-1.0,9,353.9016763767535
S5_DCE_compromise,1,DC-E,compromise,HE_EXPANSION,60.804501789343355,425699.3488171186,1678.1722088915312,R236ea,gas,939284.1525140118,-1.0,10,353.2738478717385
S5_DCE_compromise,1,DC-E,compromise,HE_EXPANSION,59.36940239971192,425405.1742101937,1678.2669371589393,R236ea,gas,919600.2929350819,-1.0,11,352.6388743731129
S5_DCE_compromise,1,DC-E,compromise,HE_EXPANSION,57.94373180065139,425103.8775830715,1678.364299705536,R236ea,gas,899916.4333561519,-1.0,12,351.9964031183723
S5_DCE_compromise,1,DC-E,compromise,HE_EXPANSION,56.5273492296281,424795.153737909,1678.4644163502217,R236ea,gas,880232.5737772218,-1.0,13,351.34605869464974
S5_DCE_compromise,1,DC-E,compromise,HE_EXPANSION,55.12011512876675,424478.6771531761,1678.5674152287215,R236ea,gas,860548.714198292,-1.0,14,350.68744102186895
S5_DCE_compromise,1,DC-E,compromise,HE_EXPANSION,53.721891054729404,424154.1001298269,1678.6734335768735,R236ea,gas,840864.8546193619,-1.0,15,350.02012310447583
S5_DCE_compromise,1,DC-E,compromise,HE_EXPANSION,52.33253958201501,423821.05072062335,1678.7826186079872,R236ea,gas,821180.995040432,-1.0,16,349.3436485191981
S5_DCE_compromise,1,DC-E,compromise,HE_EXPANSION,50.95192419893762,423479.1304113625,1678.89512849808,R236ea,gas,801497.135461502,-1.0,17,348.6575286007783
S5_DCE_compromise,1,DC-E,compromise,HE_EXPANSION,49.579909195408504,423127.9115173909,1679.011133495338,R236ea,gas,781813.2758825719,-1.0,18,347.961239281068
S5_DCE_compromise,1,DC-E,compromise,HE_EXPANSION,48.21635954149964,422766.93425229815,1679.1308171729802,R236ea,gas,762129.4163036421,-1.0,19,347.2542175289478
S5_DCE_compromise,1,DC-E,compromise,HE_EXPANSION,46.86114075558747,422395.70341786084,1679.2543778483493,R236ea,gas,742445.556724712,-1.0,20,346.5358573289872
S5_DCE_compromise,1,DC-E,compromise,HE_EXPANSION,45.514118760664765,422013.6846548251,1679.3820301953158,R236ea,gas,722761.6971457821,-1.0,21,345.80550512516305
S5_DCE_compromise,1,DC-E,compromise,HE_EXPANSION,44.17515972715569,421620.3001825356,1679.5140070824382,R236ea,gas,703077.8375668521,-1.0,22,345.06245464181575
S5_DCE_compromise,1,DC-E,compromise,HE_EXPANSION,42.844129900271284,421214.9239412477,1679.6505616757584,R236ea,gas,683393.977987922,-1.0,23,344.3059409766738
S5_DCE_compromise,1,DC-E,compromise,HE_EXPANSION,41.52089540957133,420796.8760335016,1679.7919698532658,R236ea,gas,663710.1184089922,-1.0,24,343.5351338394436
S5_DCE_compromise,1,DC-E,compromise,HE_EXPANSION,40.20532205796767,420365.41633928247,1679.938532987923,R236ea,gas,644026.2588300621,-1.0,25,342.7491297829403
S5_DCE_compromise,1,DC-E,compromise,HE_EXPANSION,38.897275086855586,419919.7371527476,1680.0905811688149,R236ea,gas,624342.3992511322,-1.0,26,341.9469432407693
S5_DCE_compromise,1,DC-E,compromise,HE_EXPANSION,37.59661891340823,419458.9546544736,1680.2484769456007,R236ea,gas,604658.5396722022,-1.0,27,341.12749614410467
S5_DCE_compromise,1,DC-E,compromise,HE_EXPANSION,36.30321683525061,418982.09899047244,1680.4126197014807,R236ea,gas,584974.6800932722,-1.0,28,340.289605837803
S5_DCE_compromise,1,DC-E,compromise,HE_EXPANSION,35.01693069671768,418488.1026749467,1680.5834507853504,R236ea,gas,565290.8205143423,-1.0,29,339.43197094951563
S5_DCE_compromise,1,DC-E,compromise,HE_EXPANSION,33.73762050963669,417975.78696418274,1680.761459566565,R236ea,gas,545606.9609354122,-1.0,30,338.5531547801099
S5_DCE_compromise,1,DC-E,compromise,HE_EXPANSION,32.465144019974595,417443.8457591478,1680.9471906182878,R236ea,gas,525923.1013564822,-1.0,31,337.651565673443
S5_DCE_compromise,1,DC-E,compromise,HE_EXPANSION,31.199356209666007,416890.8264773367,1681.1412522909534,R236ea,gas,506239.2417775523,-1.0,32,336.72543367976715
S5_DCE_compromise,1,DC-E,compromise,HE_EXPANSION,29.940108720340465,416315.10718054825,1681.3443270108007,R236ea,gas,486555.38219862233,-1.0,33,335.77278263793545
S5_DCE_compromise,1,DC-E,compromise,HE_EXPANSION,28.68724918230679,415714.86904105183,1681.5571837364328,R236ea,gas,466871.5226196924,-1.0,34,334.7913965503665
S5_DCE_compromise,1,DC-E,compromise,HE_EXPANSION,27.440620427778182,415088.06295452,1681.7806931383118,R236ea,gas,447187.6630407623,-1.0,35,333.7787787873484
S5_DCE_compromise,1,DC-E,compromise,HE_EXPANSION,26.20005956155047,414432.3687361879,1682.015846246155,R236ea,gas,427503.80346183234,-1.0,36,332.73210219906065
S5_DCE_compromise,1,DC-E,compromise,HE_EXPANSION,24.965396854632335,413745.14482568123,1682.2637775584233,R236ea,gas,407819.9438829024,-1.0,37,331.64814758380146
S5_DCE_compromise,1,DC-E,compromise,HE_EXPANSION,23.736454416007078,413023.3657143421,1682.5257939550013,R236ea,gas,388136.0843039724,-1.0,38,330.523227082295
S5_DCE_compromise,1,DC-E,compromise,HE_EXPANSION,22.51304458343711,412263.543303462,1682.8034112511773,R236ea,gas,368452.22472504247,-1.0,39,329.35308782676236
S5_DCE_compromise,1,DC-E,compromise,HE_EXPANSION,21.294967954651845,411461.6269583766,1683.098400943781,R236ea,gas,348768.3651461124,-1.0,40,328.13278938800164
S5_DCE_compromise,1,DC-E,compromise,HE_EXPANSION,20.082010952536045,410612.87491457944,1683.4128507523708,R236ea,gas,329084.50556718244,-1.0,41,326.85654595387496
S5_DCE_compromise,1,DC-E,compromise,HE_EXPANSION,18.87394277831021,409711.6865510462,1683.749244133608,R236ea,gas,309400.6459882525,-1.0,42,325.51752028014863
S5_DCE_compromise,1,DC-E,compromise,HE_EXPANSION,17.670511548809525,408751.380266482,1684.1105663616063,R236ea,gas,289716.7864093225,-1.0,43,324.10755052450173
S5_DCE_compromise,1,DC-E,compromise,HE_EXPANSION,16.471439327635295,407723.8942455581,1684.5004485583577,R236ea,gas,270032.92683039256,-1.0,44,322.61678182026
S5_DCE_compromise,1,DC-E,compromise,HE_EXPANSION,15.276415628070641,406619.3754781168,1684.9233671761094,R236ea,gas,250349.0672514626,-1.0,45,321.03315961039067
S5_DCE_compromise,1,DC-E,compromise,HE_EXPANSION,14.085088758661175,405425.60271712026,1685.384926615941,R236ea,gas,230665.20767253253,-1.0,46,319.3417172414584
S5_DCE_compromise,1,DC-E,compromise,HE_EXPANSION,12.897054047321646,404127.15544381,1685.8922702232117,R236ea,gas,210981.34809360257,-1.0,47,317.5235483531915
S5_DCE_compromise,1,DC-E,compromise,HE_EXPANSION,11.711837417906043,402704.1811311179,1686.4546964310348,R236ea,gas,191297.48851467262,-1.0,48,315.5542798400647
S5_DCE_compromise,1,DC-E,compromise,HE_EXPANSION,10.528871810871914,401130.5017191717,1687.0846162116493,R236ea,gas,171613.6289357426,-1.0,49,313.4017215816443
S5_DCE_compromise,2,DC-E,compromise,HE_EXPANSION,75.70606191536298,428304.88528802636,1677.3481843248046,R236ea,gas,1136122.7483033116,-1.0,0,359.2796604744274
S5_DCE_compromise,2,DC-E,compromise,HE_EXPANSION,74.16861375393225,428068.6119426386,1677.421751699447,R236ea,gas,1116438.8887243816,-1.0,1,358.7032271511715
S5_DCE_compromise,2,DC-E,compromise,HE_EXPANSION,72.64208441018484,427827.4475174249,1677.497088128362,R236ea,gas,1096755.0291454517,-1.0,2,358.1220528937374
S5_DCE_compromise,2,DC-E,compromise,HE_EXPANSION,71.12631721571594,427581.22066780715,1677.574259318087,R236ea,gas,1077071.1695665217,-1.0,3,357.5359249689211
S5_DCE_compromise,2,DC-E,compromise,HE_EXPANSION,69.62115734707128,427329.75074213307,1677.653334692755,R236ea,gas,1057387.3099875918,-1.0,4,356.94461930038267
S5_DCE_compromise,2,DC-E,compromise,HE_EXPANSION,68.12645177884676,427072.8470914625,1677.7343876784944,R236ea,gas,1037703.4504086617,-1.0,5,356.347899637668
S5_DCE_compromise,2,DC-E,compromise,HE_EXPANSION,66.64204923341292,426810.308314154,1677.8174960156,R236ea,gas,1018019.5908297318,-1.0,6,355.7455166456296
S5_DCE_compromise,2,DC-E,compromise,HE_EXPANSION,65.16780012719947,426541.92142758914,1677.9027421015303,R236ea,gas,998335.7312508018,-1.0,7,355.1372069049986
S5_DCE_compromise,2,DC-E,compromise,HE_EXPANSION,63.703556513395306,426267.4609584513,1677.990213368564,R236ea,gas,978651.8716718717,-1.0,8,354.5226918136765
S5_DCE_compromise,2,DC-E,compromise,HE_EXPANSION,62.24917202091351,425986.68794171646,1678.0800027001812,R236ea,gas,958968.0120929418,-1.0,9,353.9016763767535
S5_DCE_compromise,2,DC-E,compromise,HE_EXPANSION,60.804501789343355,425699.3488171186,1678.1722088915312,R236ea,gas,939284.1525140118,-1.0,10,353.2738478717385
S5_DCE_compromise,2,DC-E,compromise,HE_EXPANSION,59.36940239971192,425405.1742101937,1678.2669371589393,R236ea,gas,919600.2929350819,-1.0,11,352.6388743731129
S5_DCE_compromise,2,DC-E,compromise,HE_EXPANSION,57.94373180065139,425103.8775830715,1678.364299705536,R236ea,gas,899916.4333561519,-1.0,12,351.9964031183723
S5_DCE_compromise,2,DC-E,compromise,HE_EXPANSION,56.5273492296281,424795.153737909,1678.4644163502217,R236ea,gas,880232.5737772218,-1.0,13,351.34605869464974
S5_DCE_compromise,2,DC-E,compromise,HE_EXPANSION,55.12011512876675,424478.6771531761,1678.5674152287215,R236ea,gas,860548.714198292,-1.0,14,350.68744102186895
S5_DCE_compromise,2,DC-E,compromise,HE_EXPANSION,53.721891054729404,424154.1001298269,1678.6734335768735,R236ea,gas,840864.8546193619,-1.0,15,350.02012310447583
S5_DCE_compromise,2,DC-E,compromise,HE_EXPANSION,52.33253958201501,423821.05072062335,1678.7826186079872,R236ea,gas,821180.995040432,-1.0,16,349.3436485191981
S5_DCE_compromise,2,DC-E,compromise,HE_EXPANSION,50.95192419893762,423479.1304113625,1678.89512849808,R236ea,gas,801497.135461502,-1.0,17,348.6575286007783
S5_DCE_compromise,2,DC-E,compromise,HE_EXPANSION,49.579909195408504,423127.9115173909,1679.011133495338,R236ea,gas,781813.2758825719,-1.0,18,347.961239281068
S5_DCE_compromise,2,DC-E,compromise,HE_EXPANSION,48.21635954149964,422766.93425229815,1679.1308171729802,R236ea,gas,762129.4163036421,-1.0,19,347.2542175289478
S5_DCE_compromise,2,DC-E,compromise,HE_EXPANSION,46.86114075558747,422395.70341786084,1679.2543778483493,R236ea,gas,742445.556724712,-1.0,20,346.5358573289872
S5_DCE_compromise,2,DC-E,compromise,HE_EXPANSION,45.514118760664765,422013.6846548251,1679.3820301953158,R236ea,gas,722761.6971457821,-1.0,21,345.80550512516305
S5_DCE_compromise,2,DC-E,compromise,HE_EXPANSION,44.17515972715569,421620.3001825356,1679.5140070824382,R236ea,gas,703077.8375668521,-1.0,22,345.06245464181575
S5_DCE_compromise,2,DC-E,compromise,HE_EXPANSION,42.844129900271284,421214.9239412477,1679.6505616757584,R236ea,gas,683393.977987922,-1.0,23,344.3059409766738
S5_DCE_compromise,2,DC-E,compromise,HE_EXPANSION,41.52089540957133,420796.8760335016,1679.7919698532658,R236ea,gas,663710.1184089922,-1.0,24,343.5351338394436
S5_DCE_compromise,2,DC-E,compromise,HE_EXPANSION,40.20532205796767,420365.41633928247,1679.938532987923,R236ea,gas,644026.2588300621,-1.0,25,342.7491297829403
S5_DCE_compromise,2,DC-E,compromise,HE_EXPANSION,38.897275086855586,419919.7371527476,1680.0905811688149,R236ea,gas,624342.3992511322,-1.0,26,341.9469432407693
S5_DCE_compromise,2,DC-E,compromise,HE_EXPANSION,37.59661891340823,419458.9546544736,1680.2484769456007,R236ea,gas,604658.5396722022,-1.0,27,341.12749614410467
S5_DCE_compromise,2,DC-E,compromise,HE_EXPANSION,36.30321683525061,418982.09899047244,1680.4126197014807,R236ea,gas,584974.6800932722,-1.0,28,340.289605837803
S5_DCE_compromise,2,DC-E,compromise,HE_EXPANSION,35.01693069671768,418488.1026749467,1680.5834507853504,R236ea,gas,565290.8205143423,-1.0,29,339.43197094951563
S5_DCE_compromise,2,DC-E,compromise,HE_EXPANSION,33.73762050963669,417975.78696418274,1680.761459566565,R236ea,gas,545606.9609354122,-1.0,30,338.5531547801099
S5_DCE_compromise,2,DC-E,compromise,HE_EXPANSION,32.465144019974595,417443.8457591478,1680.9471906182878,R236ea,gas,525923.1013564822,-1.0,31,337.651565673443
S5_DCE_compromise,2,DC-E,compromise,HE_EXPANSION,31.199356209666007,416890.8264773367,1681.1412522909534,R236ea,gas,506239.2417775523,-1.0,32,336.72543367976715
S5_DCE_compromise,2,DC-E,compromise,HE_EXPANSION,29.940108720340465,416315.10718054825,1681.3443270108007,R236ea,gas,486555.38219862233,-1.0,33,335.77278263793545
S5_DCE_compromise,2,DC-E,compromise,HE_EXPANSION,28.68724918230679,415714.86904105183,1681.5571837364328,R236ea,gas,466871.5226196924,-1.0,34,334.7913965503665
S5_DCE_compromise,2,DC-E,compromise,HE_EXPANSION,27.440620427778182,415088.06295452,1681.7806931383118,R236ea,gas,447187.6630407623,-1.0,35,333.7787787873484
S5_DCE_compromise,2,DC-E,compromise,HE_EXPANSION,26.20005956155047,414432.3687361879,1682.015846246155,R236ea,gas,427503.80346183234,-1.0,36,332.73210219906065
S5_DCE_compromise,2,DC-E,compromise,HE_EXPANSION,24.965396854632335,413745.14482568123,1682.2637775584233,R236ea,gas,407819.9438829024,-1.0,37,331.64814758380146
S5_DCE_compromise,2,DC-E,compromise,HE_EXPANSION,23.736454416007078,413023.3657143421,1682.5257939550013,R236ea,gas,388136.0843039724,-1.0,38,330.523227082295
S5_DCE_compromise,2,DC-E,compromise,HE_EXPANSION,22.51304458343711,412263.543303462,1682.8034112511773,R236ea,gas,368452.22472504247,-1.0,39,329.35308782676236
S5_DCE_compromise,2,DC-E,compromise,HE_EXPANSION,21.294967954651845,411461.6269583766,1683.098400943781,R236ea,gas,348768.3651461124,-1.0,40,328.13278938800164
S5_DCE_compromise,2,DC-E,compromise,HE_EXPANSION,20.082010952536045,410612.87491457944,1683.4128507523708,R236ea,gas,329084.50556718244,-1.0,41,326.85654595387496
S5_DCE_compromise,2,DC-E,compromise,HE_EXPANSION,18.87394277831021,409711.6865510462,1683.749244133608,R236ea,gas,309400.6459882525,-1.0,42,325.51752028014863
S5_DCE_compromise,2,DC-E,compromise,HE_EXPANSION,17.670511548809525,408751.380266482,1684.1105663616063,R236ea,gas,289716.7864093225,-1.0,43,324.10755052450173
S5_DCE_compromise,2,DC-E,compromise,HE_EXPANSION,16.471439327635295,407723.8942455581,1684.5004485583577,R236ea,gas,270032.92683039256,-1.0,44,322.61678182026
S5_DCE_compromise,2,DC-E,compromise,HE_EXPANSION,15.276415628070641,406619.3754781168,1684.9233671761094,R236ea,gas,250349.0672514626,-1.0,45,321.03315961039067
S5_DCE_compromise,2,DC-E,compromise,HE_EXPANSION,14.085088758661175,405425.60271712026,1685.384926615941,R236ea,gas,230665.20767253253,-1.0,46,319.3417172414584
S5_DCE_compromise,2,DC-E,compromise,HE_EXPANSION,12.897054047321646,404127.15544381,1685.8922702232117,R236ea,gas,210981.34809360257,-1.0,47,317.5235483531915
S5_DCE_compromise,2,DC-E,compromise,HE_EXPANSION,11.711837417906043,402704.1811311179,1686.4546964310348,R236ea,gas,191297.48851467262,-1.0,48,315.5542798400647
S5_DCE_compromise,2,DC-E,compromise,HE_EXPANSION,10.528871810871914,401130.5017191717,1687.0846162116493,R236ea,gas,171613.6289357426,-1.0,49,313.4017215816443
S5_DCE_density,1,DC-E,density,HE_EXPANSION,27.796981066499885,406332.6917317697,1656.4633984595475,R236ea,gas,435518.2699854638,-1.0,0,324.5195938974122
S5_DCE_density,1,DC-E,density,HE_EXPANSION,27.44179777518058,406157.713536543,1656.5233964952272,R236ea,gas,430148.0415731548,-1.0,1,324.22563250748783
S5_DCE_density,1,DC-E,density,HE_EXPANSION,27.0871725086343,405980.47479753965,1656.584284073648,R236ea,gas,424777.8131608457,-1.0,2,323.92896838661886
S5_DCE_density,1,DC-E,density,HE_EXPANSION,26.733100828197834,405800.91973607044,1656.6460845460274,R236ea,gas,419407.5847485367,-1.0,3,323.62953169722937
S5_DCE_density,1,DC-E,density,HE_EXPANSION,26.379578254135993,405618.99046048813,1656.7088221871861,R236ea,gas,414037.3563362276,-1.0,4,323.32724996749863
S5_DCE_density,1,DC-E,density,HE_EXPANSION,26.026600263216125,405434.626857591,1656.7725222446002,R236ea,gas,408667.1279239186,-1.0,5,323.02204795569014
S5_DCE_density,1,DC-E,density,HE_EXPANSION,25.674162286152992,405247.7664769345,1656.8372109907311,R236ea,gas,403296.8995116096,-1.0,6,322.71384750559235
S5_DCE_density,1,DC-E,density,HE_EXPANSION,25.322259704913822,405058.34440749435,1656.902915778927,R236ea,gas,397926.6710993005,-1.0,7,322.40256739237213
S5_DCE_density,1,DC-E,density,HE_EXPANSION,24.970887849874508,404866.2931460576,1656.9696651031738,R236ea,gas,392556.4426869915,-1.0,8,322.0881231580574
S5_DCE_density,1,DC-E,density,HE_EXPANSION,24.620041996817143,404671.542456664,1657.0374886619918,R236ea,gas,387186.2142746824,-1.0,9,321.77042693579233
S5_DCE_density,1,DC-E,density,HE_EXPANSION,24.269717363754843,404474.0192203677,1657.1064174268936,R236ea,gas,381815.9858623734,-1.0,10,321.4493872619521
S5_DCE_density,1,DC-E,density,HE_EXPANSION,23.91990910757401,404273.6472744909,1657.1764837157248,R236ea,gas,376445.7574500643,-1.0,11,321.12490887506897
S5_DCE_density,1,DC-E,density,HE_EXPANSION,23.570612320478453,404070.3472404836,1657.2477212713627,R236ea,gas,371075.5290377553,-1.0,12,320.79689250045885
S5_DCE_density,1,DC-E,density,HE_EXPANSION,23.22182202622096,403864.03633940115,1657.320165346226,R236ea,gas,365705.30062544625,-1.0,13,320.46523461930184
S5_DCE_density,1,DC-E,density,HE_EXPANSION,22.87353317610653,403654.62819391076,1657.3938527931114,R236ea,gas,360335.0722131372,-1.0,14,320.129827220802
S5_DCE_density,1,DC-E,density,HE_EXPANSION,22.52574064474823,403442.0326156309,1657.468822162964,R236ea,gas,354964.84380082815,-1.0,15,319.790557535927
S5_DCE_density,1,DC-E,density,HE_EXPANSION,22.178439225557426,403226.15537647554,1657.545113810186,R236ea,gas,349594.6153885191,-1.0,16,319.4473077510415
S5_DCE_density,1,DC-E,density,HE_EXPANSION,21.831623625946637,403006.897962529,1657.6227700062025,R236ea,gas,344224.38697621005,-1.0,17,319.0999546995863
S5_DCE_density,1,DC-E,density,HE_EXPANSION,21.485288462220744,402784.1573088326,1657.7018350621029,R236ea,gas,338854.158563901,-1.0,18,318.7483695297567
S5_DCE_density,1,DC-E,density,HE_EXPANSION,21.139428254132362,402557.8255132634,1657.7823554611873,R236ea,gas,333483.93015159195,-1.0,19,318.39241734588006
S5_DCE_density,1,DC-E,density,HE_EXPANSION,20.794037419071717,402327.78952749906,1657.864380002437,R236ea,gas,328113.70173928293,-1.0,20,318.03195682096623
S5_DCE_density,1,DC-E,density,HE_EXPANSION,20.449110265860835,402093.9308228189,1657.947959955971,R236ea,gas,322743.47332697385,-1.0,21,317.6668397775871
S5_DCE_density,1,DC-E,density,HE_EXPANSION,20.10464098811674,401856.1250282455,1658.0331492317514,R236ea,gas,317373.2449146648,-1.0,22,317.29691073393184
S5_DCE_density,1,DC-E,density,HE_EXPANSION,19.760623657146926,401614.24153821537,1658.1200045628427,R236ea,gas,312003.01650235575,-1.0,23,316.9220064114853
S5_DCE_density,1,DC-E,density,HE_EXPANSION,19.417052214335275,401368.14308665134,1658.208585704787,R236ea,gas,306632.7880900467,-1.0,24,316.54195520035904
S5_DCE_density,1,DC-E,density,HE_EXPANSION,19.073920462963834,401117.68528390664,1658.2989556530736,R236ea,gas,301262.55967773765,-1.0,25,316.156576577916
S5_DCE_density,1,DC-E,density,HE_EXPANSION,18.731222059440586,400862.716112627,1658.3911808799232,R236ea,gas,295892.3312654286,-1.0,26,315.76568047542344
S5_DCE_density,1,DC-E,density,HE_EXPANSION,18.38895050384647,400603.0753780598,1658.4853315935754,R236ea,gas,290522.1028531196,-1.0,27,315.3690665874224
S5_DCE_density,1,DC-E,density,HE_EXPANSION,18.047099129759104,400338.594107776,1658.5814820218468,R236ea,gas,285151.8744408105,-1.0,28,314.9665236171821
S5_DCE_density,1,DC-E,density,HE_EXPANSION,17.70566109327334,400069.0938950954,1658.6797107230698,R236ea,gas,279781.6460285015,-1.0,29,314.5578284511093
S5_DCE_density,1,DC-E,density,HE_EXPANSION,17.364629361139837,399794.386179747,1658.780100927583,R236ea,gas,274411.4176161925,-1.0,30,314.14274525389624
S5_DCE_density,1,DC-E,density,HE_EXPANSION,17.023996697931974,399514.2714584041,1658.8827409134346,R236ea,gas,269041.1892038834,-1.0,31,313.72102447507854
S5_DCE_density,1,DC-E,density,HE_EXPANSION,16.683755652140324,399228.5384167086,1658.9877244204988,R236ea,gas,263670.9607915743,-1.0,32,313.2924017563649
S5_DCE_density,1,DC-E,density,HE_EXPANSION,16.343898541080954,398936.9629732067,1659.0951511077947,R236ea,gas,258300.7323792653,-1.0,33,312.8565967275846
S5_DCE_density,1,DC-E,density,HE_EXPANSION,16.004417434489646,398639.30722421594,1659.2051270595202,R236ea,gas,252930.50396695625,-1.0,34,312.41331167731215
S5_DCE_density,1,DC-E,density,HE_EXPANSION,15.665304136657214,398335.318277013,1659.3177653461512,R236ea,gas,247560.2755546472,-1.0,35,311.9622300821543
S5_DCE_density,1,DC-E,density,HE_EXPANSION,15.32655016694123,398024.7269568238,1659.433186647933,R236ea,gas,242190.04714233818,-1.0,36,311.5030149762426
S5_DCE_density,1,DC-E,density,HE_EXPANSION,14.988146738467428,397707.2463708278,1659.5515199492816,R236ea,gas,236819.81873002913,-1.0,37,311.0353071395947
S5_DCE_density,1,DC-E,density,HE_EXPANSION,14.650084734808345,397382.5703097274,1659.67290331392,R236ea,gas,231449.59031772008,-1.0,38,310.55872308059173
S5_DCE_density,1,DC-E,density,HE_EXPANSION,14.312354684394348,397050.37146427477,1659.797484752331,R236ea,gas,226079.36190541103,-1.0,39,310.07285278380914
S5_DCE_density,1,DC-E,density,HE_EXPANSION,13.974946732379124,396710.29943037056,1659.9254231949465,R236ea,gas,220709.13349310198,-1.0,40,309.57725718958585
S5_DCE_density,1,DC-E,density,HE_EXPANSION,13.637850609637562,396361.97847185284,1660.0568895869064,R236ea,gas,215338.90508079293,-1.0,41,309.0714653659924
S5_DCE_density,1,DC-E,density,HE_EXPANSION,13.301055598525435,396005.0050046945,1660.1920681230617,R236ea,gas,209968.6766684839,-1.0,42,308.55497132693375
S5_DCE_density,1,DC-E,density,HE_EXPANSION,12.964550494972066,395638.9447598013,1660.3311576452431,R236ea,gas,204598.44825617486,-1.0,43,308.02723044177816
S5_DCE_density,1,DC-E,density,HE_EXPANSION,12.628323566406657,395263.3295737311,1660.474373228053,R236ea,gas,199228.2198438658,-1.0,44,307.4876553718193
S5_DCE_density,1,DC-E,density,HE_EXPANSION,12.292362504937048,394877.6537470415,1660.6219479844497,R236ea,gas,193857.99143155676,-1.0,45,306.9356114565612
S5_DCE_density,1,DC-E,density,HE_EXPANSION,11.956654375099406,394481.3698982593,1660.774135128642,R236ea,gas,188487.7630192477,-1.0,46,306.37041145778755
S5_DCE_density,1,DC-E,density,HE_EXPANSION,11.621185555378478,394073.8842270211,1660.9312103414625,R236ea,gas,183117.53460693866,-1.0,47,305.7913095508481
S5_DCE_density,1,DC-E,density,HE_EXPANSION,11.28594167255212,393654.55108213075,1661.0934744929493,R236ea,gas,177747.30619462964,-1.0,48,305.1974944297311
S5_DCE_density,1,DC-E,density,HE_EXPANSION,10.950907527738911,393222.66670810286,1661.2612567886772,R236ea,gas,172377.0777823206,-1.0,49,304.58808136398375
S5_DCE_density,2,DC-E,density,HE_EXPANSION,27.796981066499885,406332.6917317697,1656.4633984595475,R236ea,gas,435518.2699854638,-1.0,0,324.5195938974122
S5_DCE_density,2,DC-E,density,HE_EXPANSION,27.44179777518058,406157.713536543,1656.5233964952272,R236ea,gas,430148.0415731548,-1.0,1,324.22563250748783
S5_DCE_density,2,DC-E,density,HE_EXPANSION,27.0871725086343,405980.47479753965,1656.584284073648,R236ea,gas,424777.8131608457,-1.0,2,323.92896838661886
S5_DCE_density,2,DC-E,density,HE_EXPANSION,26.733100828197834,405800.91973607044,1656.6460845460274,R236ea,gas,419407.5847485367,-1.0,3,323.62953169722937
S5_DCE_density,2,DC-E,density,HE_EXPANSION,26.379578254135993,405618.99046048813,1656.7088221871861,R236ea,gas,414037.3563362276,-1.0,4,323.32724996749863
S5_DCE_density,2,DC-E,density,HE_EXPANSION,26.026600263216125,405434.626857591,1656.7725222446002,R236ea,gas,408667.1279239186,-1.0,5,323.02204795569014
S5_DCE_density,2,DC-E,density,HE_EXPANSION,25.674162286152992,405247.7664769345,1656.8372109907311,R236ea,gas,403296.8995116096,-1.0,6,322.71384750559235
S5_DCE_density,2,DC-E,density,HE_EXPANSION,25.322259704913822,405058.34440749435,1656.902915778927,R236ea,gas,397926.6710993005,-1.0,7,322.40256739237213
S5_DCE_density,2,DC-E,density,HE_EXPANSION,24.970887849874508,404866.2931460576,1656.9696651031738,R236ea,gas,392556.4426869915,-1.0,8,322.0881231580574
S5_DCE_density,2,DC-E,density,HE_EXPANSION,24.620041996817143,404671.542456664,1657.0374886619918,R236ea,gas,387186.2142746824,-1.0,9,321.77042693579233
S5_DCE_density,2,DC-E,density,HE_EXPANSION,24.269717363754843,404474.0192203677,1657.1064174268936,R236ea,gas,381815.9858623734,-1.0,10,321.4493872619521
S5_DCE_density,2,DC-E,density,HE_EXPANSION,23.91990910757401,404273.6472744909,1657.1764837157248,R236ea,gas,376445.7574500643,-1.0,11,321.12490887506897
S5_DCE_density,2,DC-E,density,HE_EXPANSION,23.570612320478453,404070.3472404836,1657.2477212713627,R236ea,gas,371075.5290377553,-1.0,12,320.79689250045885
S5_DCE_density,2,DC-E,density,HE_EXPANSION,23.22182202622096,403864.03633940115,1657.320165346226,R236ea,gas,365705.30062544625,-1.0,13,320.46523461930184
S5_DCE_density,2,DC-E,density,HE_EXPANSION,22.87353317610653,403654.62819391076,1657.3938527931114,R236ea,gas,360335.0722131372,-1.0,14,320.129827220802
S5_DCE_density,2,DC-E,density,HE_EXPANSION,22.52574064474823,403442.0326156309,1657.468822162964,R236ea,gas,354964.84380082815,-1.0,15,319.790557535927
S5_DCE_density,2,DC-E,density,HE_EXPANSION,22.178439225557426,403226.15537647554,1657.545113810186,R236ea,gas,349594.6153885191,-1.0,16,319.4473077510415
S5_DCE_density,2,DC-E,density,HE_EXPANSION,21.831623625946637,403006.897962529,1657.6227700062025,R236ea,gas,344224.38697621005,-1.0,17,319.0999546995863
S5_DCE_density,2,DC-E,density,HE_EXPANSION,21.485288462220744,402784.1573088326,1657.7018350621029,R236ea,gas,338854.158563901,-1.0,18,318.7483695297567
S5_DCE_density,2,DC-E,density,HE_EXPANSION,21.139428254132362,402557.8255132634,1657.7823554611873,R236ea,gas,333483.93015159195,-1.0,19,318.39241734588006
S5_DCE_density,2,DC-E,density,HE_EXPANSION,20.794037419071717,402327.78952749906,1657.864380002437,R236ea,gas,328113.70173928293,-1.0,20,318.03195682096623
S5_DCE_density,2,DC-E,density,HE_EXPANSION,20.449110265860835,402093.9308228189,1657.947959955971,R236ea,gas,322743.47332697385,-1.0,21,317.6668397775871
S5_DCE_density,2,DC-E,density,HE_EXPANSION,20.10464098811674,401856.1250282455,1658.0331492317514,R236ea,gas,317373.2449146648,-1.0,22,317.29691073393184
S5_DCE_density,2,DC-E,density,HE_EXPANSION,19.760623657146926,401614.24153821537,1658.1200045628427,R236ea,gas,312003.01650235575,-1.0,23,316.9220064114853
S5_DCE_density,2,DC-E,density,HE_EXPANSION,19.417052214335275,401368.14308665134,1658.208585704787,R236ea,gas,306632.7880900467,-1.0,24,316.54195520035904
S5_DCE_density,2,DC-E,density,HE_EXPANSION,19.073920462963834,401117.68528390664,1658.2989556530736,R236ea,gas,301262.55967773765,-1.0,25,316.156576577916
S5_DCE_density,2,DC-E,density,HE_EXPANSION,18.731222059440586,400862.716112627,1658.3911808799232,R236ea,gas,295892.3312654286,-1.0,26,315.76568047542344
S5_DCE_density,2,DC-E,density,HE_EXPANSION,18.38895050384647,400603.0753780598,1658.4853315935754,R236ea,gas,290522.1028531196,-1.0,27,315.3690665874224
S5_DCE_density,2,DC-E,density,HE_EXPANSION,18.047099129759104,400338.594107776,1658.5814820218468,R236ea,gas,285151.8744408105,-1.0,28,314.9665236171821
S5_DCE_density,2,DC-E,density,HE_EXPANSION,17.70566109327334,400069.0938950954,1658.6797107230698,R236ea,gas,279781.6460285015,-1.0,29,314.5578284511093
S5_DCE_density,2,DC-E,density,HE_EXPANSION,17.364629361139837,399794.386179747,1658.780100927583,R236ea,gas,274411.4176161925,-1.0,30,314.14274525389624
S5_DCE_density,2,DC-E,density,HE_EXPANSION,17.023996697931974,399514.2714584041,1658.8827409134346,R236ea,gas,269041.1892038834,-1.0,31,313.72102447507854
S5_DCE_density,2,DC-E,density,HE_EXPANSION,16.683755652140324,399228.5384167086,1658.9877244204988,R236ea,gas,263670.9607915743,-1.0,32,313.2924017563649
S5_DCE_density,2,DC-E,density,HE_EXPANSION,16.343898541080954,398936.9629732067,1659.0951511077947,R236ea,gas,258300.7323792653,-1.0,33,312.8565967275846
S5_DCE_density,2,DC-E,density,HE_EXPANSION,16.004417434489646,398639.30722421594,1659.2051270595202,R236ea,gas,252930.50396695625,-1.0,34,312.41331167731215
S5_DCE_density,2,DC-E,density,HE_EXPANSION,15.665304136657214,398335.318277013,1659.3177653461512,R236ea,gas,247560.2755546472,-1.0,35,311.9622300821543
S5_DCE_density,2,DC-E,density,HE_EXPANSION,15.32655016694123,398024.7269568238,1659.433186647933,R236ea,gas,242190.04714233818,-1.0,36,311.5030149762426
S5_DCE_density,2,DC-E,density,HE_EXPANSION,14.988146738467428,397707.2463708278,1659.5515199492816,R236ea,gas,236819.81873002913,-1.0,37,311.0353071395947
S5_DCE_density,2,DC-E,density,HE_EXPANSION,14.650084734808345,397382.5703097274,1659.67290331392,R236ea,gas,231449.59031772008,-1.0,38,310.55872308059173
S5_DCE_density,2,DC-E,density,HE_EXPANSION,14.312354684394348,397050.37146427477,1659.797484752331,R236ea,gas,226079.36190541103,-1.0,39,310.07285278380914
S5_DCE_density,2,DC-E,density,HE_EXPANSION,13.974946732379124,396710.29943037056,1659.9254231949465,R236ea,gas,220709.13349310198,-1.0,40,309.57725718958585
S5_DCE_density,2,DC-E,density,HE_EXPANSION,13.637850609637562,396361.97847185284,1660.0568895869064,R236ea,gas,215338.90508079293,-1.0,41,309.0714653659924
S5_DCE_density,2,DC-E,density,HE_EXPANSION,13.301055598525435,396005.0050046945,1660.1920681230617,R236ea,gas,209968.6766684839,-1.0,42,308.55497132693375
S5_DCE_density,2,DC-E,density,HE_EXPANSION,12.964550494972066,395638.9447598013,1660.3311576452431,R236ea,gas,204598.44825617486,-1.0,43,308.02723044177816
S5_DCE_density,2,DC-E,density,HE_EXPANSION,12.628323566406657,395263.3295737311,1660.474373228053,R236ea,gas,199228.2198438658,-1.0,44,307.4876553718193
S5_DCE_density,2,DC-E,density,HE_EXPANSION,12.292362504937048,394877.6537470415,1660.6219479844497,R236ea,gas,193857.99143155676,-1.0,45,306.9356114565612
S5_DCE_density,2,DC-E,density,HE_EXPANSION,11.956654375099406,394481.3698982593,1660.774135128642,R236ea,gas,188487.7630192477,-1.0,46,306.37041145778755
S5_DCE_density,2,DC-E,density,HE_EXPANSION,11.621185555378478,394073.8842270211,1660.9312103414625,R236ea,gas,183117.53460693866,-1.0,47,305.7913095508481
S5_DCE_density,2,DC-E,density,HE_EXPANSION,11.28594167255212,393654.55108213075,1661.0934744929493,R236ea,gas,177747.30619462964,-1.0,48,305.1974944297311
S5_DCE_density,2,DC-E,density,HE_EXPANSION,10.950907527738911,393222.66670810286,1661.2612567886772,R236ea,gas,172377.0777823206,-1.0,49,304.58808136398375
S5_DCE_efficiency,1,DC-E,efficiency,HE_EXPANSION,32.95337803725691,460015.1749105762,1788.8485833527277,R245fa,gas,608337.5751431965,-1.0,0,346.0610639736512
S5_DCE_efficiency,1,DC-E,efficiency,HE_EXPANSION,32.390385769109805,459742.38753376284,1788.9366368846847,R245fa,gas,598430.475823801,-1.0,1,345.59596349666634
S5_DCE_efficiency,1,DC-E,efficiency,HE_EXPANSION,31.828843099431932,459464.863074675,1789.0264692117994,R245fa,gas,588523.3765044056,-1.0,2,345.1254143676879
S5_DCE_efficiency,1,DC-E,efficiency,HE_EXPANSION,31.2687349162292,459182.44598429155,1789.1181428699674,R245fa,gas,578616.2771850101,-1.0,3,344.64922858440633
S5_DCE_efficiency,1,DC-E,efficiency,HE_EXPANSION,30.710045971046593,458894.97283064964,1789.2117237176112,R245fa,gas,568709.1778656146,-1.0,4,344.16720862784797
S5_DCE_efficiency,1,DC-E,efficiency,HE_EXPANSION,30.152760866453892,458602.27175420744,1789.307281173685,R245fa,gas,558802.0785462193,-1.0,5,343.6791468020504
S5_DCE_efficiency,1,DC-E,efficiency,HE_EXPANSION,29.596864042615163,458304.16187519196,1789.4048884773058,R245fa,gas,548894.9792268238,-1.0,6,343.18482451526563
S5_DCE_efficiency,1,DC-E,efficiency,HE_EXPANSION,29.04233976286008,458000.4526477417,1789.504622971338,R245fa,gas,538987.8799074283,-1.0,7,342.68401149632297
S5_DCE_efficiency,1,DC-E,efficiency,HE_EXPANSION,28.489172098144312,457690.94315499347,1789.6065664129794,R245fa,gas,529080.7805880329,-1.0,8,342.176464939112
S5_DCE_efficiency,1,DC-E,efficiency,HE_EXPANSION,27.93734491033148,457375.4213385017,1789.7108053135717,R245fa,gas,519173.6812686374,-1.0,9,341.66192856680686
S5_DCE_efficiency,1,DC-E,efficiency,HE_EXPANSION,27.38684183412505,457053.6631544835,1789.8174313122252,R245fa,gas,509266.581949242,-1.0,10,341.1401316070121
S5_DCE_efficiency,1,DC-E,efficiency,HE_EXPANSION,26.83764625755184,456725.43164838303,1789.9265415864493,R245fa,gas,499359.48262984655,-1.0,11,340.61078766713734
S5_DCE_efficiency,1,DC-E,efficiency,HE_EXPANSION,26.289741300833295,456390.475938038,1790.0382393045952,R245fa,gas,489452.38331045106,-1.0,12,340.0735934981977
S5_DCE_efficiency,1,DC-E,efficiency,HE_EXPANSION,25.743109793474396,456048.5300943891,1790.152634125296,R245fa,gas,479545.2839910556,-1.0,13,339.52822763345677
S5_DCE_efficiency,1,DC-E,efficiency,HE_EXPANSION,25.197734249378673,455699.311907044,1790.2698427498465,R245fa,gas,469638.1846716602,-1.0,14,338.9743488863507
S5_DCE_efficiency,1,DC-E,efficiency,HE_EXPANSION,24.653596839771517,455342.5215201549,1790.3899895343914,R245fa,gas,459731.0853522647,-1.0,15,338.41159468983784
S5_DCE_efficiency,1,DC-E,efficiency,HE_EXPANSION,24.110679363684593,454977.83992186945,1790.5132071698404,R245fa,gas,449823.98603286926,-1.0,16,337.8395792566099
S5_DCE_efficiency,1,DC-E,efficiency,HE_EXPANSION,23.568963215720956,454604.92726802337,1790.6396374386788,R245fa,gas,439916.8867134738,-1.0,17,337.2578915364136
S5_DCE_efficiency,1,DC-E,efficiency,HE_EXPANSION,23.02842935077979,454223.4210177133,1790.7694320593425,R245fa,gas,430009.78739407833,-1.0,18,336.66609294298024
S5_DCE_efficiency,1,DC-E,efficiency,HE_EXPANSION,22.48905824537633,453832.93385476153,1790.9027536305362,R245fa,gas,420102.6880746829,-1.0,19,336.06371481858173
S5_DCE_efficiency,1,DC-E,efficiency,HE_EXPANSION,21.95082985513609,453433.0513647969,1791.0397766900114,R245fa,gas,410195.58875528746,-1.0,20,335.4502555989449
S5_DCE_efficiency,1,DC-E,efficiency,HE_EXPANSION,21.413723567980394,453023.32943256455,1791.1806889048555,R245fa,gas,400288.48943589197,-1.0,21,334.8251776349187
S5_DCE_efficiency,1,DC-E,efficiency,HE_EXPANSION,20.877718152447553,452603.2913179066,1791.3256924132772,R245fa,gas,390381.39011649654,-1.0,22,334.18790361966694
S5_DCE_efficiency,1,DC-E,efficiency,HE_EXPANSION,20.342791700504726,452172.42436148674,1791.475005341595,R245fa,gas,380474.2907971011,-1.0,23,333.5378125610175
S5_DCE_efficiency,1,DC-E,efficiency,HE_EXPANSION,19.80892156409993,451730.176262394,1791.628863524578,R245fa,gas,370567.1914777056,-1.0,24,332.87423522754017
S5_DCE_efficiency,1,DC-E,efficiency,HE_EXPANSION,19.2760842845829,451275.95085888426,1791.7875224626011,R245fa,gas,360660.0921583102,-1.0,25,332.1964489834174
S5_DCE_efficiency,1,DC-E,efficiency,HE_EXPANSION,18.74425551397127,450809.1033302845,1791.95125955577,R245fa,gas,350752.99283891474,-1.0,26,331.5036719107612
S5_DCE_efficiency,1,DC-E,efficiency,HE_EXPANSION,18.213409926860976,450328.9347218185,1792.1203766632857,R245fa,gas,340845.8935195193,-1.0,27,330.7950560978088
S5_DCE_efficiency,1,DC-E,efficiency,HE_EXPANSION,17.68352112156223,449834.68567405245,1792.295203046404,R245fa,gas,330938.7942001238,-1.0,28,330.0696799465036
S5_DCE_efficiency,1,DC-E,efficiency,HE_EXPANSION,17.15456150878015,449325.5292137685,1792.476098765915,R245fa,gas,321031.6948807284,-1.0,29,329.3265393219796
S5_DCE_efficiency,1,DC-E,efficiency,HE_EXPANSION,16.626502185835232,448800.5624320121,1792.6634586208584,R245fa,gas,311124.59556133294,-1.0,30,328.5645373277961
S5_DCE_efficiency,1,DC-E,efficiency,HE_EXPANSION,16.09931279402491,448258.7968360244,1792.8577167350197,R245fa,gas,301217.49624193745,-1.0,31,327.782472442091
S5_DCE_efficiency,1,DC-E,efficiency,HE_EXPANSION,15.572961356237382,447699.1471123923,1793.0593519230486,R245fa,gas,291310.396922542,-1.0,32,326.9790246882189
S5_DCE_efficiency,1,DC-E,efficiency,HE_EXPANSION,15.047414091318872,447120.4179758642,1793.268894000382,R245fa,gas,281403.2976031466,-1.0,33,326.15273943487927
S5_DCE_efficiency,1,DC-E,efficiency,HE_EXPANSION,14.522635200933246,446521.2886975047,1793.4869312428496,R245fa,gas,271496.1982837511,-1.0,34,325.30200831974804
S5_DCE_efficiency,1,DC-E,efficiency,HE_EXPANSION,13.99858662368758,445900.29480134265,1793.7141192561194,R245fa,gas,261589.09896435565,-1.0,35,324.4250466597868
S5_DCE_efficiency,1,DC-E,efficiency,HE_EXPANSION,13.475227750071221,445255.8062821641,1793.951191586363,R245fa,gas,251681.99964496022,-1.0,36,323.5198665403417
S5_DCE_efficiency,1,DC-E,efficiency,HE_EXPANSION,12.952515090181247,444586.00151719083,1794.198972497902,R245fa,gas,241774.90032556473,-1.0,37,322.5842445494173
S5_DCE_efficiency,1,DC-E,efficiency,HE_EXPANSION,12.430401884168399,443888.835804863,1794.4583924699728,R245fa,gas,231867.8010061693,-1.0,38,321.6156828226219
S5_DCE_efficiency,1,DC-E,efficiency,HE_EXPANSION,11.908837642673006,443162.0031415827,1794.7305071357464,R245fa,gas,221960.70168677386,-1.0,39,320.611361658783
S5_DCE_efficiency,1,DC-E,efficiency,HE_EXPANSION,11.387767600997563,442402.8894083525,1795.016520621129,R245fa,gas,212053.60236737842,-1.0,40,319.5680814134012
S5_DCE_efficiency,1,DC-E,efficiency,HE_EXPANSION,10.867132066058534,441608.5145339737,1795.3178145659087,R245fa,gas,202146.50304798293,-1.0,41,318.4821906136415
S5_DCE_efficiency,1,DC-E,efficiency,HE_EXPANSION,10.34686562879315,440775.4603553717,1795.635984567411,R245fa,gas,192239.4037285875,-1.0,42,317.3494961697143
S5_DCE_efficiency,1,DC-E,efficiency,HE_EXPANSION,9.826896205969993,439899.7796949162,1795.972886440568,R245fa,gas,182332.30440919206,-1.0,43,316.165150038329
S5_DCE_efficiency,1,DC-E,efficiency,HE_EXPANSION,9.307143863210044,438976.88044269296,1796.3306956381805,R245fa,gas,172425.20508979657,-1.0,44,314.9235044988902
S5_DCE_efficiency,1,DC-E,efficiency,HE_EXPANSION,8.78751935385703,438001.3758880567,1796.711984580974,R245fa,gas,162518.10577040113,-1.0,45,313.61792497366764
S5_DCE_efficiency,1,DC-E,efficiency,HE_EXPANSION,8.267922283627481,436966.8887340154,1797.119824770242,R245fa,gas,152611.0064510057,-1.0,46,312.24054447574025
S5_DCE_efficiency,1,DC-E,efficiency,HE_EXPANSION,7.74823877469874,435865.7903911703,1797.5579238359235,R245fa,gas,142703.9071316102,-1.0,47,310.7819363289784
S5_DCE_efficiency,1,DC-E,efficiency,HE_EXPANSION,7.228338448455442,434688.847984216,1798.030812869763,R245fa,gas,132796.80781221477,-1.0,48,309.23067009919646
S5_DCE_efficiency,1,DC-E,efficiency,HE_EXPANSION,6.708070462360339,433424.736711197,1798.544107864369,R245fa,gas,122889.70849281934,-1.0,49,307.5726967365054
S5_DCE_efficiency,2,DC-E,efficiency,HE_EXPANSION,32.95337803725691,460015.1749105762,1788.8485833527277,R245fa,gas,608337.5751431965,-1.0,0,346.0610639736512
S5_DCE_efficiency,2,DC-E,efficiency,HE_EXPANSION,32.390385769109805,459742.38753376284,1788.9366368846847,R245fa,gas,598430.475823801,-1.0,1,345.59596349666634
S5_DCE_efficiency,2,DC-E,efficiency,HE_EXPANSION,31.828843099431932,459464.863074675,1789.0264692117994,R245fa,gas,588523.3765044056,-1.0,2,345.1254143676879
S5_DCE_efficiency,2,DC-E,efficiency,HE_EXPANSION,31.2687349162292,459182.44598429155,1789.1181428699674,R245fa,gas,578616.2771850101,-1.0,3,344.64922858440633
S5_DCE_efficiency,2,DC-E,efficiency,HE_EXPANSION,30.710045971046593,458894.97283064964,1789.2117237176112,R245fa,gas,568709.1778656146,-1.0,4,344.16720862784797
S5_DCE_efficiency,2,DC-E,efficiency,HE_EXPANSION,30.152760866453892,458602.27175420744,1789.307281173685,R245fa,gas,558802.0785462193,-1.0,5,343.6791468020504
S5_DCE_efficiency,2,DC-E,efficiency,HE_EXPANSION,29.596864042615163,458304.16187519196,1789.4048884773058,R245fa,gas,548894.9792268238,-1.0,6,343.18482451526563
S5_DCE_efficiency,2,DC-E,efficiency,HE_EXPANSION,29.04233976286008,458000.4526477417,1789.504622971338,R245fa,gas,538987.8799074283,-1.0,7,342.68401149632297
S5_DCE_efficiency,2,DC-E,efficiency,HE_EXPANSION,28.489172098144312,457690.94315499347,1789.6065664129794,R245fa,gas,529080.7805880329,-1.0,8,342.176464939112
S5_DCE_efficiency,2,DC-E,efficiency,HE_EXPANSION,27.93734491033148,457375.4213385017,1789.7108053135717,R245fa,gas,519173.6812686374,-1.0,9,341.66192856680686
S5_DCE_efficiency,2,DC-E,efficiency,HE_EXPANSION,27.38684183412505,457053.6631544835,1789.8174313122252,R245fa,gas,509266.581949242,-1.0,10,341.1401316070121
S5_DCE_efficiency,2,DC-E,efficiency,HE_EXPANSION,26.83764625755184,456725.43164838303,1789.9265415864493,R245fa,gas,499359.48262984655,-1.0,11,340.61078766713734
S5_DCE_efficiency,2,DC-E,efficiency,HE_EXPANSION,26.289741300833295,456390.475938038,1790.0382393045952,R245fa,gas,489452.38331045106,-1.0,12,340.0735934981977
S5_DCE_efficiency,2,DC-E,efficiency,HE_EXPANSION,25.743109793474396,456048.5300943891,1790.152634125296,R245fa,gas,479545.2839910556,-1.0,13,339.52822763345677
S5_DCE_efficiency,2,DC-E,efficiency,HE_EXPANSION,25.197734249378673,455699.311907044,1790.2698427498465,R245fa,gas,469638.1846716602,-1.0,14,338.9743488863507
S5_DCE_efficiency,2,DC-E,efficiency,HE_EXPANSION,24.653596839771517,455342.5215201549,1790.3899895343914,R245fa,gas,459731.0853522647,-1.0,15,338.41159468983784
S5_DCE_efficiency,2,DC-E,efficiency,HE_EXPANSION,24.110679363684593,454977.83992186945,1790.5132071698404,R245fa,gas,449823.98603286926,-1.0,16,337.8395792566099
S5_DCE_efficiency,2,DC-E,efficiency,HE_EXPANSION,23.568963215720956,454604.92726802337,1790.6396374386788,R245fa,gas,439916.8867134738,-1.0,17,337.2578915364136
S5_DCE_efficiency,2,DC-E,efficiency,HE_EXPANSION,23.02842935077979,454223.4210177133,1790.7694320593425,R245fa,gas,430009.78739407833,-1.0,18,336.66609294298024
S5_DCE_efficiency,2,DC-E,efficiency,HE_EXPANSION,22.48905824537633,453832.93385476153,1790.9027536305362,R245fa,gas,420102.6880746829,-1.0,19,336.06371481858173
S5_DCE_efficiency,2,DC-E,efficiency,HE_EXPANSION,21.95082985513609,453433.0513647969,1791.0397766900114,R245fa,gas,410195.58875528746,-1.0,20,335.4502555989449
S5_DCE_efficiency,2,DC-E,efficiency,HE_EXPANSION,21.413723567980394,453023.32943256455,1791.1806889048555,R245fa,gas,400288.48943589197,-1.0,21,334.8251776349187
S5_DCE_efficiency,2,DC-E,efficiency,HE_EXPANSION,20.877718152447553,452603.2913179066,1791.3256924132772,R245fa,gas,390381.39011649654,-1.0,22,334.18790361966694
S5_DCE_efficiency,2,DC-E,efficiency,HE_EXPANSION,20.342791700504726,452172.42436148674,1791.475005341595,R245fa,gas,380474.2907971011,-1.0,23,333.5378125610175
S5_DCE_efficiency,2,DC-E,efficiency,HE_EXPANSION,19.80892156409993,451730.176262394,1791.628863524578,R245fa,gas,370567.1914777056,-1.0,24,332.87423522754017
S5_DCE_efficiency,2,DC-E,efficiency,HE_EXPANSION,19.2760842845829,451275.95085888426,1791.7875224626011,R245fa,gas,360660.0921583102,-1.0,25,332.1964489834174
S5_DCE_efficiency,2,DC-E,efficiency,HE_EXPANSION,18.74425551397127,450809.1033302845,1791.95125955577,R245fa,gas,350752.99283891474,-1.0,26,331.5036719107612
S5_DCE_efficiency,2,DC-E,efficiency,HE_EXPANSION,18.213409926860976,450328.9347218185,1792.1203766632857,R245fa,gas,340845.8935195193,-1.0,27,330.7950560978088
S5_DCE_efficiency,2,DC-E,efficiency,HE_EXPANSION,17.68352112156223,449834.68567405245,1792.295203046404,R245fa,gas,330938.7942001238,-1.0,28,330.0696799465036
S5_DCE_efficiency,2,DC-E,efficiency,HE_EXPANSION,17.15456150878015,449325.5292137685,1792.476098765915,R245fa,gas,321031.6948807284,-1.0,29,329.3265393219796
S5_DCE_efficiency,2,DC-E,efficiency,HE_EXPANSION,16.626502185835232,448800.5624320121,1792.6634586208584,R245fa,gas,311124.59556133294,-1.0,30,328.5645373277961
S5_DCE_efficiency,2,DC-E,efficiency,HE_EXPANSION,16.09931279402491,448258.7968360244,1792.8577167350197,R245fa,gas,301217.49624193745,-1.0,31,327.782472442091
S5_DCE_efficiency,2,DC-E,efficiency,HE_EXPANSION,15.572961356237382,447699.1471123923,1793.0593519230486,R245fa,gas,291310.396922542,-1.0,32,326.9790246882189
S5_DCE_efficiency,2,DC-E,efficiency,HE_EXPANSION,15.047414091318872,447120.4179758642,1793.268894000382,R245fa,gas,281403.2976031466,-1.0,33,326.15273943487927
S5_DCE_efficiency,2,DC-E,efficiency,HE_EXPANSION,14.522635200933246,446521.2886975047,1793.4869312428496,R245fa,gas,271496.1982837511,-1.0,34,325.30200831974804
S5_DCE_efficiency,2,DC-E,efficiency,HE_EXPANSION,13.99858662368758,445900.29480134265,1793.7141192561194,R245fa,gas,261589.09896435565,-1.0,35,324.4250466597868
S5_DCE_efficiency,2,DC-E,efficiency,HE_EXPANSION,13.475227750071221,445255.8062821641,1793.951191586363,R245fa,gas,251681.99964496022,-1.0,36,323.5198665403417
S5_DCE_efficiency,2,DC-E,efficiency,HE_EXPANSION,12.952515090181247,444586.00151719083,1794.198972497902,R245fa,gas,241774.90032556473,-1.0,37,322.5842445494173
S5_DCE_efficiency,2,DC-E,efficiency,HE_EXPANSION,12.430401884168399,443888.835804863,1794.4583924699728,R245fa,gas,231867.8010061693,-1.0,38,321.6156828226219
S5_DCE_efficiency,2,DC-E,efficiency,HE_EXPANSION,11.908837642673006,443162.0031415827,1794.7305071357464,R245fa,gas,221960.70168677386,-1.0,39,320.611361658783
S5_DCE_efficiency,2,DC-E,efficiency,HE_EXPANSION,11.387767600997563,442402.8894083525,1795.016520621129,R245fa,gas,212053.60236737842,-1.0,40,319.5680814134012
S5_DCE_efficiency,2,DC-E,efficiency,HE_EXPANSION,10.867132066058534,441608.5145339737,1795.3178145659087,R245fa,gas,202146.50304798293,-1.0,41,318.4821906136415
S5_DCE_efficiency,2,DC-E,efficiency,HE_EXPANSION,10.34686562879315,440775.4603553717,1795.635984567411,R245fa,gas,192239.4037285875,-1.0,42,317.3494961697143
S5_DCE_efficiency,2,DC-E,efficiency,HE_EXPANSION,9.826896205969993,439899.7796949162,1795.972886440568,R245fa,gas,182332.30440919206,-1.0,43,316.165150038329
S5_DCE_efficiency,2,DC-E,efficiency,HE_EXPANSION,9.307143863210044,438976.88044269296,1796.3306956381805,R245fa,gas,172425.20508979657,-1.0,44,314.9235044988902
S5_DCE_efficiency,2,DC-E,efficiency,HE_EXPANSION,8.78751935385703,438001.3758880567,1796.711984580974,R245fa,gas,162518.10577040113,-1.0,45,313.61792497366764
S5_DCE_efficiency,2,DC-E,efficiency,HE_EXPANSION,8.267922283627481,436966.8887340154,1797.119824770242,R245fa,gas,152611.0064510057,-1.0,46,312.24054447574025
S5_DCE_efficiency,2,DC-E,efficiency,HE_EXPANSION,7.74823877469874,435865.7903911703,1797.5579238359235,R245fa,gas,142703.9071316102,-1.0,47,310.7819363289784
S5_DCE_efficiency,2,DC-E,efficiency,HE_EXPANSION,7.228338448455442,434688.847984216,1798.030812869763,R245fa,gas,132796.80781221477,-1.0,48,309.23067009919646
S5_DCE_efficiency,2,DC-E,efficiency,HE_EXPANSION,6.708070462360339,433424.736711197,1798.544107864369,R245fa,gas,122889.70849281934,-1.0,49,307.5726967365054
S5_DCF_compromise,1,DC-F,compromise,HE_EXPANSION,77.70135249691768,430024.0361036359,1680.898747390343,R236ea,gas,1169853.1428709633,-1.0,0,361.38362618793474
S5_DCF_compromise,1,DC-F,compromise,HE_EXPANSION,76.37378705914405,429825.4378633976,1680.960091013703,R236ea,gas,1152847.5245992686,-1.0,1,360.89709336459885
S5_DCF_compromise,1,DC-F,compromise,HE_EXPANSION,75.05422591571383,429623.3960398039,1681.0226698594247,R236ea,gas,1135841.906327574,-1.0,2,360.4072313012675
S5_DCF_compromise,1,DC-F,compromise,HE_EXPANSION,73.74257321098906,429417.8100961466,1681.0865221545268,R236ea,gas,1118836.2880558793,-1.0,3,359.913915734894
S5_DCF_compromise,1,DC-F,compromise,HE_EXPANSION,72.43873401188156,429208.5749613468,1681.1516879211902,R236ea,gas,1101830.6697841845,-1.0,4,359.4170168903114
S5_DCF_compromise,1,DC-F,compromise,HE_EXPANSION,71.14261429085838,428995.5807515416,1681.2182090904928,R236ea,gas,1084825.05151249,-1.0,5,358.91639914703444
S5_DCF_compromise,1,DC-F,compromise,HE_EXPANSION,69.85412090764059,428778.71246994595,1681.2861296252283,R236ea,gas,1067819.4332407953,-1.0,6,358.411920679614
S5_DCF_compromise,1,DC-F,compromise,HE_EXPANSION,68.57316158957283,428557.8496829192,1681.3554956527257,R236ea,gas,1050813.8149691005,-1.0,7,357.90343306905345
S5_DCF_compromise,1,DC-F,compromise,HE_EXPANSION,67.29964491064317,428332.8661699293,1681.426355608636,R236ea,gas,1033808.196697406,-1.0,8,357.39078088248664
S5_DCF_compromise,1,DC-F,compromise,HE_EXPANSION,66.03348026911355,428103.62954484334,1681.4987603928032,R236ea,gas,1016802.5784257113,-1.0,9,356.87380121801607
S5_DCF_compromise,1,DC-F,compromise,HE_EXPANSION,64.77457786371902,427870.0008456732,1681.5727635384478,R236ea,gas,999796.9601540166,-1.0,10,356.35232321122794
S5_DCF_compromise,1,DC-F,compromise,HE_EXPANSION,63.522848668372276,427631.8340895601,1681.6484213960805,R236ea,gas,982791.341882322,-1.0,11,355.82616749950694
S5_DCF_compromise,1,DC-F,compromise,HE_EXPANSION,62.27820440532191,427388.9757893959,1681.7257933335911,R236ea,gas,965785.7236106272,-1.0,12,355.2951456397493
S5_DCF_compromise,1,DC-F,compromise,HE_EXPANSION,61.040557516646544,427141.26442803215,1681.804941954524,R236ea,gas,948780.1053389326,-1.0,13,354.7590594746536
S5_DCF_compromise,1,DC-F,compromise,HE_EXPANSION,59.80982113403635,426888.5298855245,1681.8859333361602,R236ea,gas,931774.487067238,-1.0,14,354.2177004419545
S5_DCF_compromise,1,DC-F,compromise,HE_EXPANSION,58.5859090467087,426630.5928142707,1681.968837289935,R236ea,gas,914768.8687955433,-1.0,15,353.67084882046817
S5_DCF_compromise,1,DC-F,compromise,HE_EXPANSION,57.36873566734485,426367.26395623735,1682.0537276465946,R236ea,gas,897763.2505238487,-1.0,16,353.11827290586524
S5_DCF_compromise,1,DC-F,compromise,HE_EXPANSION,56.15821599589251,426098.3433957017,1682.1406825689814,R236ea,gas,880757.6322521539,-1.0,17,352.5597281082019
S5_DCF_compromise,1,DC-F,compromise,HE_EXPANSION,54.954265581058756,425823.61974003806,1682.2297848957292,R236ea,gas,863752.0139804593,-1.0,18,351.9949559621544
S5_DCF_compromise,1,DC-F,compromise,HE_EXPANSION,53.75680047929355,425542.86922005506,1682.3211225195873,R236ea,gas,846746.3957087647,-1.0,19,351.4236830396427
S5_DCF_compromise,1,DC-F,compromise,HE_EXPANSION,52.565737211032356,425255.8547001928,1682.414788804647,R236ea,gas,829740.7774370699,-1.0,20,350.8456197530824
S5_DCF_compromise,1,DC-F,compromise,HE_EXPANSION,51.38099271393503,424962.32458749524,1682.5108830473575,R236ea,gas,812735.1591653753,-1.0,21,350.26045903580456
S5_DCF_compromise,1,DC-F,compromise,HE_EXPANSION,50.20248429281737,424662.0116266505,1682.6095109869575,R236ea,gas,795729.5408936806,-1.0,22,349.66787488420965
S5_DCF_compromise,1,DC-F,compromise,HE_EXPANSION,49.03012956593197,424354.6315664814,1682.7107853717744,R236ea,gas,778723.9226219859,-1.0,23,349.0675207438914
S5_DCF_compromise,1,DC-F,compromise,HE_EXPANSION,47.86384640719727,424039.8816810409,1682.8148265889242,R236ea,gas,761718.3043502913,-1.0,24,348.45902771926455
S5_DCF_compromise,1,DC-F,compromise,HE_EXPANSION,46.70355288392158,423717.4391258173,1682.9217633660667,R236ea,gas,744712.6860785966,-1.0,25,347.84200258299035
S5_DCF_compromise,1,DC-F,compromise,HE_EXPANSION,45.54916718949789,423386.9591064371,1683.0317335553223,R236ea,gas,727707.0678069019,-1.0,26,347.21602555770136
S5_DCF_compromise,1,DC-F,compromise,HE_EXPANSION,44.40060757046376,423048.07283354655,1683.1448850111665,R236ea,gas,710701.4495352074,-1.0,27,346.58064783801296
S5_DCF_compromise,1,DC-F,compromise,HE_EXPANSION,43.257792247231244,422700.38523312367,1683.2613765760882,R236ea,gas,693695.8312635126,-1.0,28,345.93538881540127
S5_DCF_compromise,1,DC-F,compromise,HE_EXPANSION,42.12063932767855,422343.472376195,1683.381379190283,R236ea,gas,676690.212991818,-1.0,29,345.2797329620911
S5_DCF_compromise,1,DC-F,compromise,HE_EXPANSION,40.98906671266944,421976.87858555274,1683.5050771445078,R236ea,gas,659684.5947201233,-1.0,30,344.6131263223183
S5_DCF_compromise,1,DC-F,compromise,HE_EXPANSION,39.862991992410095,421600.1131694008,1683.6326694988272,R236ea,gas,642678.9764484286,-1.0,31,343.93497254997294
S5_DCF_compromise,1,DC-F,compromise,HE_EXPANSION,38.742332332371845,421212.6467225532,1683.7643716942541,R236ea,gas,625673.358176734,-1.0,32,343.2446284202539
S5_DCF_compromise,1,DC-F,compromise,HE_EXPANSION,37.627004347292434,420813.9069244332,1683.9004173895332,R236ea,gas,608667.7399050393,-1.0,33,342.5413987290882
S5_DCF_compromise,1,DC-F,compromise,HE_EXPANSION,36.516923961502286,420403.2737492589,1684.0410605618538,R236ea,gas,591662.1216333446,-1.0,34,341.8245304771068
S5_DCF_compromise,1,DC-F,compromise,HE_EXPANSION,35.41200625351127,419980.07398664847,1684.1865779181626,R236ea,gas,574656.5033616499,-1.0,35,341.0932062140059
S5_DCF_compromise,1,DC-F,compromise,HE_EXPANSION,34.31216528240329,419543.5749497139,1684.3372716737988,R236ea,gas,557650.8850899553,-1.0,36,340.34653639322516
S5_DCF_compromise,1,DC-F,compromise,HE_EXPANSION,33.21731389312162,419092.9772212942,1684.4934727674938,R236ea,gas,540645.2668182607,-1.0,37,339.5835505545347
S5_DCF_compromise,1,DC-F,compromise,HE_EXPANSION,32.127363497153496,418627.4062558766,1684.65554459742,R236ea,gas,523639.6485465659,-1.0,38,338.8031871115919
S5_DCF_compromise,1,DC-F,compromise,HE_EXPANSION,31.042223824410637,418145.9026130184,1684.8238873828302,R236ea,gas,506634.0302748713,-1.0,39,338.0042814703741
S5_DCF_compromise,1,DC-F,compromise,HE_EXPANSION,29.961802641228807,417647.4105449601,1684.998943280926,R236ea,gas,489628.41200317664,-1.0,40,337.1855521392717
S5_DCF_compromise,1,DC-F,compromise,HE_EXPANSION,28.88600542830162,417130.76459320675,1685.1812024212018,R236ea,gas,472622.7937314819,-1.0,41,336.34558440829414
S5_DCF_compromise,1,DC-F,compromise,HE_EXPANSION,27.81473501098321,416594.6737610963,1685.3712100614669,R236ea,gas,455617.17545978725,-1.0,42,335.48281106711624
S5_DCF_compromise,1,DC-F,compromise,HE_EXPANSION,26.74789113263445,416037.7027152086,1685.5695751246853,R236ea,gas,438611.5571880926,-1.0,43,334.5954894914032
S5_DCF_compromise,1,DC-F,compromise,HE_EXPANSION,25.68536995941674,415458.24931844644,1685.7769804488373,R236ea,gas,421605.938916398,-1.0,44,333.6816742425924
S5_DCF_compromise,1,DC-F,compromise,HE_EXPANSION,24.627063502085576,414854.51759861986,1685.9941951773233,R236ea,gas,404600.3206447032,-1.0,45,332.7391840810087
S5_DCF_compromise,1,DC-F,compromise,HE_EXPANSION,23.57285893645645,414224.4849895698,1686.2220898499045,R236ea,gas,387594.7023730086,-1.0,46,331.7655619644329
S5_DCF_compromise,1,DC-F,compromise,HE_EXPANSION,22.522637799314303,413565.8623201054,1686.4616549295804,R236ea,gas,370589.08410131396,-1.0,47,330.75802615772164
S5_DCF_compromise,1,DC-F,compromise,HE_EXPANSION,21.476275029845613,412876.04452946974,1686.7140237470355,R236ea,gas,353583.4658296192,-1.0,48,329.7134099670283
S5_DCF_compromise,1,DC-F,compromise,HE_EXPANSION,20.433637817743396,412152.0493973047,1686.9805011865042,R236ea,gas,336577.8475579246,-1.0,49,328.6280867592616
S5_DCF_compromise,2,DC-F,compromise,HE_EXPANSION,77.70135249691768,430024.0361036359,1680.898747390343,R236ea,gas,1169853.1428709633,-1.0,0,361.38362618793474
S5_DCF_compromise,2,DC-F,compromise,HE_EXPANSION,76.37378705914405,429825.4378633976,1680.960091013703,R236ea,gas,1152847.5245992686,-1.0,1,360.89709336459885
S5_DCF_compromise,2,DC-F,compromise,HE_EXPANSION,75.05422591571383,429623.3960398039,1681.0226698594247,R236ea,gas,1135841.906327574,-1.0,2,360.4072313012675
S5_DCF_compromise,2,DC-F,compromise,HE_EXPANSION,73.74257321098906,429417.8100961466,1681.0865221545268,R236ea,gas,1118836.2880558793,-1.0,3,359.913915734894
S5_DCF_compromise,2,DC-F,compromise,HE_EXPANSION,72.43873401188156,429208.5749613468,1681.1516879211902,R236ea,gas,1101830.6697841845,-1.0,4,359.4170168903114
S5_DCF_compromise,2,DC-F,compromise,HE_EXPANSION,71.14261429085838,428995.5807515416,1681.2182090904928,R236ea,gas,1084825.05151249,-1.0,5,358.91639914703444
S5_DCF_compromise,2,DC-F,compromise,HE_EXPANSION,69.85412090764059,428778.71246994595,1681.2861296252283,R236ea,gas,1067819.4332407953,-1.0,6,358.411920679614
S5_DCF_compromise,2,DC-F,compromise,HE_EXPANSION,68.57316158957283,428557.8496829192,1681.3554956527257,R236ea,gas,1050813.8149691005,-1.0,7,357.90343306905345
S5_DCF_compromise,2,DC-F,compromise,HE_EXPANSION,67.29964491064317,428332.8661699293,1681.426355608636,R236ea,gas,1033808.196697406,-1.0,8,357.39078088248664
S5_DCF_compromise,2,DC-F,compromise,HE_EXPANSION,66.03348026911355,428103.62954484334,1681.4987603928032,R236ea,gas,1016802.5784257113,-1.0,9,356.87380121801607
S5_DCF_compromise,2,DC-F,compromise,HE_EXPANSION,64.77457786371902,427870.0008456732,1681.5727635384478,R236ea,gas,999796.9601540166,-1.0,10,356.35232321122794
S5_DCF_compromise,2,DC-F,compromise,HE_EXPANSION,63.522848668372276,427631.8340895601,1681.6484213960805,R236ea,gas,982791.341882322,-1.0,11,355.82616749950694
S5_DCF_compromise,2,DC-F,compromise,HE_EXPANSION,62.27820440532191,427388.9757893959,1681.7257933335911,R236ea,gas,965785.7236106272,-1.0,12,355.2951456397493
S5_DCF_compromise,2,DC-F,compromise,HE_EXPANSION,61.040557516646544,427141.26442803215,1681.804941954524,R236ea,gas,948780.1053389326,-1.0,13,354.7590594746536
S5_DCF_compromise,2,DC-F,compromise,HE_EXPANSION,59.80982113403635,426888.5298855245,1681.8859333361602,R236ea,gas,931774.487067238,-1.0,14,354.2177004419545
S5_DCF_compromise,2,DC-F,compromise,HE_EXPANSION,58.5859090467087,426630.5928142707,1681.968837289935,R236ea,gas,914768.8687955433,-1.0,15,353.67084882046817
S5_DCF_compromise,2,DC-F,compromise,HE_EXPANSION,57.36873566734485,426367.26395623735,1682.0537276465946,R236ea,gas,897763.2505238487,-1.0,16,353.11827290586524
S5_DCF_compromise,2,DC-F,compromise,HE_EXPANSION,56.15821599589251,426098.3433957017,1682.1406825689814,R236ea,gas,880757.6322521539,-1.0,17,352.5597281082019
S5_DCF_compromise,2,DC-F,compromise,HE_EXPANSION,54.954265581058756,425823.61974003806,1682.2297848957292,R236ea,gas,863752.0139804593,-1.0,18,351.9949559621544
S5_DCF_compromise,2,DC-F,compromise,HE_EXPANSION,53.75680047929355,425542.86922005506,1682.3211225195873,R236ea,gas,846746.3957087647,-1.0,19,351.4236830396427
S5_DCF_compromise,2,DC-F,compromise,HE_EXPANSION,52.565737211032356,425255.8547001928,1682.414788804647,R236ea,gas,829740.7774370699,-1.0,20,350.8456197530824
S5_DCF_compromise,2,DC-F,compromise,HE_EXPANSION,51.38099271393503,424962.32458749524,1682.5108830473575,R236ea,gas,812735.1591653753,-1.0,21,350.26045903580456
S5_DCF_compromise,2,DC-F,compromise,HE_EXPANSION,50.20248429281737,424662.0116266505,1682.6095109869575,R236ea,gas,795729.5408936806,-1.0,22,349.66787488420965
S5_DCF_compromise,2,DC-F,compromise,HE_EXPANSION,49.03012956593197,424354.6315664814,1682.7107853717744,R236ea,gas,778723.9226219859,-1.0,23,349.0675207438914
S5_DCF_compromise,2,DC-F,compromise,HE_EXPANSION,47.86384640719727,424039.8816810409,1682.8148265889242,R236ea,gas,761718.3043502913,-1.0,24,348.45902771926455
S5_DCF_compromise,2,DC-F,compromise,HE_EXPANSION,46.70355288392158,423717.4391258173,1682.9217633660667,R236ea,gas,744712.6860785966,-1.0,25,347.84200258299035
S5_DCF_compromise,2,DC-F,compromise,HE_EXPANSION,45.54916718949789,423386.9591064371,1683.0317335553223,R236ea,gas,727707.0678069019,-1.0,26,347.21602555770136
S5_DCF_compromise,2,DC-F,compromise,HE_EXPANSION,44.40060757046376,423048.07283354655,1683.1448850111665,R236ea,gas,710701.4495352074,-1.0,27,346.58064783801296
S5_DCF_compromise,2,DC-F,compromise,HE_EXPANSION,43.257792247231244,422700.38523312367,1683.2613765760882,R236ea,gas,693695.8312635126,-1.0,28,345.93538881540127
S5_DCF_compromise,2,DC-F,compromise,HE_EXPANSION,42.12063932767855,422343.472376195,1683.381379190283,R236ea,gas,676690.212991818,-1.0,29,345.2797329620911
S5_DCF_compromise,2,DC-F,compromise,HE_EXPANSION,40.98906671266944,421976.87858555274,1683.5050771445078,R236ea,gas,659684.5947201233,-1.0,30,344.6131263223183
S5_DCF_compromise,2,DC-F,compromise,HE_EXPANSION,39.862991992410095,421600.1131694008,1683.6326694988272,R236ea,gas,642678.9764484286,-1.0,31,343.93497254997294
S5_DCF_compromise,2,DC-F,compromise,HE_EXPANSION,38.742332332371845,421212.6467225532,1683.7643716942541,R236ea,gas,625673.358176734,-1.0,32,343.2446284202539
S5_DCF_compromise,2,DC-F,compromise,HE_EXPANSION,37.627004347292434,420813.9069244332,1683.9004173895332,R236ea,gas,608667.7399050393,-1.0,33,342.5413987290882
S5_DCF_compromise,2,DC-F,compromise,HE_EXPANSION,36.516923961502286,420403.2737492589,1684.0410605618538,R236ea,gas,591662.1216333446,-1.0,34,341.8245304771068
S5_DCF_compromise,2,DC-F,compromise,HE_EXPANSION,35.41200625351127,419980.07398664847,1684.1865779181626,R236ea,gas,574656.5033616499,-1.0,35,341.0932062140059
S5_DCF_compromise,2,DC-F,compromise,HE_EXPANSION,34.31216528240329,419543.5749497139,1684.3372716737988,R236ea,gas,557650.8850899553,-1.0,36,340.34653639322516
S5_DCF_compromise,2,DC-F,compromise,HE_EXPANSION,33.21731389312162,419092.9772212942,1684.4934727674938,R236ea,gas,540645.2668182607,-1.0,37,339.5835505545347
S5_DCF_compromise,2,DC-F,compromise,HE_EXPANSION,32.127363497153496,418627.4062558766,1684.65554459742,R236ea,gas,523639.6485465659,-1.0,38,338.8031871115919
S5_DCF_compromise,2,DC-F,compromise,HE_EXPANSION,31.042223824410637,418145.9026130184,1684.8238873828302,R236ea,gas,506634.0302748713,-1.0,39,338.0042814703741
S5_DCF_compromise,2,DC-F,compromise,HE_EXPANSION,29.961802641228807,417647.4105449601,1684.998943280926,R236ea,gas,489628.41200317664,-1.0,40,337.1855521392717
S5_DCF_compromise,2,DC-F,compromise,HE_EXPANSION,28.88600542830162,417130.76459320675,1685.1812024212018,R236ea,gas,472622.7937314819,-1.0,41,336.34558440829414
S5_DCF_compromise,2,DC-F,compromise,HE_EXPANSION,27.81473501098321,416594.6737610963,1685.3712100614669,R236ea,gas,455617.17545978725,-1.0,42,335.48281106711624
S5_DCF_compromise,2,DC-F,compromise,HE_EXPANSION,26.74789113263445,416037.7027152086,1685.5695751246853,R236ea,gas,438611.5571880926,-1.0,43,334.5954894914032
S5_DCF_compromise,2,DC-F,compromise,HE_EXPANSION,25.68536995941674,415458.24931844644,1685.7769804488373,R236ea,gas,421605.938916398,-1.0,44,333.6816742425924
S5_DCF_compromise,2,DC-F,compromise,HE_EXPANSION,24.627063502085576,414854.51759861986,1685.9941951773233,R236ea,gas,404600.3206447032,-1.0,45,332.7391840810087
S5_DCF_compromise,2,DC-F,compromise,HE_EXPANSION,23.57285893645645,414224.4849895698,1686.2220898499045,R236ea,gas,387594.7023730086,-1.0,46,331.7655619644329
S5_DCF_compromise,2,DC-F,compromise,HE_EXPANSION,22.522637799314303,413565.8623201054,1686.4616549295804,R236ea,gas,370589.08410131396,-1.0,47,330.75802615772164
S5_DCF_compromise,2,DC-F,compromise,HE_EXPANSION,21.476275029845613,412876.04452946974,1686.7140237470355,R236ea,gas,353583.4658296192,-1.0,48,329.7134099670283
S5_DCF_compromise,2,DC-F,compromise,HE_EXPANSION,20.433637817743396,412152.0493973047,1686.9805011865042,R236ea,gas,336577.8475579246,-1.0,49,328.6280867592616
S5_DCF_density,1,DC-F,density,HE_EXPANSION,10.666470016134879,463220.70516562427,1817.5595457760037,R365MFC,gas,186725.5227681976,-1.0,0,334.4668076695668
S5_DCF_density,1,DC-F,density,HE_EXPANSION,10.564548987301231,463099.93784423085,1817.6934197330663,R365MFC,gas,184968.31737554577,-1.0,1,334.3105739017279
S5_DCF_density,1,DC-F,density,HE_EXPANSION,10.46269492955987,462978.0196241488,1817.828712763628,R365MFC,gas,183211.11198289393,-1.0,2,334.1532087127077
S5_DCF_density,1,DC-F,density,HE_EXPANSION,10.360907395695357,462854.9289126689,1817.965452778291,R365MFC,gas,181453.90659024208,-1.0,3,333.9946903231331
S5_DCF_density,1,DC-F,density,HE_EXPANSION,10.259185933428606,462730.643497997,1818.1036685143674,R365MFC,gas,179696.7011975902,-1.0,4,333.8349963273645
S5_DCF_density,1,DC-F,density,HE_EXPANSION,10.157530085239387,462605.1405252571,1818.2433895687345,R365MFC,gas,177939.49580493837,-1.0,5,333.67410366912594
S5_DCF_density,1,DC-F,density,HE_EXPANSION,10.055939388181843,462478.39647131425,1818.3846464323167,R365MFC,gas,176182.29041228653,-1.0,6,333.5119886159315
S5_DCF_density,1,DC-F,density,HE_EXPANSION,9.954413373692205,462350.3871183546,1818.5274705263405,R365MFC,gas,174425.0850196347,-1.0,7,333.3486267322473
S5_DCF_density,1,DC-F,density,HE_EXPANSION,9.852951567388777,462221.08752614114,1818.6718942404198,R365MFC,gas,172667.87962698285,-1.0,8,333.18399285130073
S5_DCF_density,1,DC-F,density,HE_EXPANSION,9.75155348886356,462090.4720028647,1818.8179509726115,R365MFC,gas,170910.674234331,-1.0,9,333.0180610454606
S5_DCF_density,1,DC-F,density,HE_EXPANSION,9.650218651465034,461958.5140745102,1818.9656751715681,R365MFC,gas,169153.46884167916,-1.0,10,332.85080459510135
S5_DCF_density,1,DC-F,density,HE_EXPANSION,9.548946562071812,461825.1864526365,1819.1151023808966,R365MFC,gas,167396.26344902732,-1.0,11,332.6821959558504
S5_DCF_density,1,DC-F,density,HE_EXPANSION,9.447736720856476,461690.46100047964,1819.2662692858846,R365MFC,gas,165639.05805637548,-1.0,12,332.5122067241249
S5_DCF_density,1,DC-F,density,HE_EXPANSION,9.346588621039091,461554.3086972681,1819.4192137627576,R365MFC,gas,163881.8526637236,-1.0,13,332.34080760084635
S5_DCF_density,1,DC-F,density,HE_EXPANSION,9.245501748630124,461416.6996006335,1819.573974930573,R365MFC,gas,162124.64727107176,-1.0,14,332.16796835320844
S5_DCF_density,1,DC-F,density,HE_EXPANSION,9.144475582161634,461277.6028070014,1819.7305932060144,R365MFC,gas,160367.44187841992,-1.0,15,331.9936577743866
S5_DCF_density,1,DC-F,density,HE_EXPANSION,9.043509592406586,461136.9864098201,1819.8891103611973,R365MFC,gas,158610.23648576808,-1.0,16,331.81784364103993
S5_DCF_density,1,DC-F,density,HE_EXPANSION,8.942603242085275,460994.8174554944,1820.0495695847437,R365MFC,gas,156853.03109311624,-1.0,17,331.6404926684693
S5_DCF_density,1,DC-F,density,HE_EXPANSION,8.84175598555834,460851.06189686095,1820.2120155463153,R365MFC,gas,155095.8257004644,-1.0,18,331.46157046326545
S5_DCF_density,1,DC-F,density,HE_EXPANSION,8.740967268505443,460705.6845440449,1820.3764944648617,R365MFC,gas,153338.62030781253,-1.0,19,331.281041473284
S5_DCF_density,1,DC-F,density,HE_EXPANSION,8.6402365275888,460558.64901251876,1820.543054180839,R365MFC,gas,151581.41491516068,-1.0,20,331.0988689347604
S5_DCF_density,1,DC-F,density,HE_EXPANSION,8.53956319010077,460409.91766816354,1820.711744232667,R365MFC,gas,149824.20952250884,-1.0,21,330.9150148163638
S5_DCF_density,1,DC-F,density,HE_EXPANSION,8.43894667359438,460259.4515691315,1820.8826159377497,R365MFC,gas,148067.004129857,-1.0,22,330.72943975998004
S5_DCF_density,1,DC-F,density,HE_EXPANSION,8.338386385495786,460107.21040427446,1821.0557224783654,R365MFC,gas,146309.79873720516,-1.0,23,330.5421030179882
S5_DCF_density,1,DC-F,density,HE_EXPANSION,8.237881722697729,459953.15242789616,1821.2311189928,R365MFC,gas,144552.59334455332,-1.0,24,330.35296238677535
S5_DCF_density,1,DC-F,density,HE_EXPANSION,8.137432071132594,459797.23439056054,1821.40886267209,R365MFC,gas,142795.38795190147,-1.0,25,330.16197413621853
S5_DCF_density,1,DC-F,density,HE_EXPANSION,8.037036805323739,459639.4114656689,1821.5890128628332,R365MFC,gas,141038.18255924963,-1.0,26,329.96909293484157
S5_DCF_density,1,DC-F,density,HE_EXPANSION,7.936695287914089,459479.63717147894,1821.7716311764727,R365MFC,gas,139280.9771665978,-1.0,27,329.77427177030756
S5_DCF_density,1,DC-F,density,HE_EXPANSION,7.83640686917005,459317.86328824033,1821.9567816055992,R365MFC,gas,137523.77177394595,-1.0,28,329.57746186491227
S5_DCF_density,1,DC-F,density,HE_EXPANSION,7.73617088645936,459154.0397700577,1822.1445306478001,R365MFC,gas,135766.5663812941,-1.0,29,329.3786125856857
S5_DCF_density,1,DC-F,density,HE_EXPANSION,7.635986663701248,458988.1146510808,1822.3349474376353,R365MFC,gas,134009.36098864223,-1.0,30,329.1776713486817
S5_DCF_density,1,DC-F,density,HE_EXPANSION,7.535853510786754,458820.0339455762,1822.528103887419,R365MFC,gas,132252.1555959904,-1.0,31,328.974583517006
S5_DCF_density,1,DC-F,density,HE_EXPANSION,7.435770722967522,458649.7415413906,1822.724074837477,R365MFC,gas,130494.95020333855,-1.0,32,328.7692922920731
S5_DCF_density,1,DC-F,density,HE_EXPANSION,7.33573758021053,458477.17908628,1822.9229382167116,R365MFC,gas,128737.74481068671,-1.0,33,328.5617385975576
S5_DCF_density,1,DC-F,density,HE_EXPANSION,7.235753346516714,458302.28586651443,1823.1247752142776,R365MFC,gas,126980.53941803487,-1.0,34,328.35186095542787
S5_DCF_density,1,DC-F,density,HE_EXPANSION,7.1358172692007225,458124.9986771256,1823.3296704633276,R365MFC,gas,125223.33402538301,-1.0,35,328.13959535341485
S5_DCF_density,1,DC-F,density,HE_EXPANSION,7.035928578128975,457945.251683093,1823.5377122378827,R365MFC,gas,123466.12863273117,-1.0,36,327.92487510319177
S5_DCF_density,1,DC-F,density,HE_EXPANSION,6.936086484913241,457762.97627069324,1823.7489926639078,R365MFC,gas,121708.92324007933,-1.0,37,327.70763068846566
S5_DCF_density,1,DC-F,density,HE_EXPANSION,6.836290182056111,457578.10088817234,1823.9636079459028,R365MFC,gas,119951.71784742747,-1.0,38,327.4877896021165
S5_DCF_density,1,DC-F,density,HE_EXPANSION,6.736538842045101,457390.550874792,1824.181658610345,R365MFC,gas,118194.51245477563,-1.0,39,327.26527617140835
S5_DCF_density,1,DC-F,density,HE_EXPANSION,6.636831616391118,457200.24827722757,1824.4032497675464,R365MFC,gas,116437.30706212379,-1.0,40,327.040011370221
S5_DCF_density,1,DC-F,density,HE_EXPANSION,6.537167634607363,457007.1116521674,1824.628491393587,R365MFC,gas,114680.10166947194,-1.0,41,326.8119126171125
S5_DCF_density,1,DC-F,density,HE_EXPANSION,6.437546003123696,456811.0558538499,1824.8574986342253,R365MFC,gas,112922.8962768201,-1.0,42,326.5808935579186
S5_DCF_density,1,DC-F,density,HE_EXPANSION,6.337965804131523,456611.9918051358,1825.090392132853,R365MFC,gas,111165.69088416825,-1.0,43,326.34686383143816
S5_DCF_density,1,DC-F,density,HE_EXPANSION,6.238426094353468,456409.82625055686,1825.3272983848149,R365MFC,gas,109408.4854915164,-1.0,44,326.10972881660047
S5_DCF_density,1,DC-F,density,HE_EXPANSION,6.138925903731787,456204.4614896072,1825.568350120677,R365MFC,gas,107651.28009886456,-1.0,45,325.86938935932477
S5_DCF_density,1,DC-F,density,HE_EXPANSION,6.039464234028557,455995.7950883443,1825.8136867213273,R365MFC,gas,105894.0747062127,-1.0,46,325.62574147708443
S5_DCF_density,1,DC-F,density,HE_EXPANSION,5.940040057330339,455783.719567148,1826.0634546681151,R365MFC,gas,104136.86931356086,-1.0,47,325.3786760389476
S5_DCF_density,1,DC-F,density,HE_EXPANSION,5.8406523144489615,455568.12206222233,1826.3178080316563,R365MFC,gas,102379.66392090902,-1.0,48,325.1280784186086
S5_DCF_density,1,DC-F,density,HE_EXPANSION,5.7412999132093985,455348.8839581406,1826.5769090033311,R365MFC,gas,100622.45852825718,-1.0,49,324.8738281176225
S5_DCF_density,2,DC-F,density,HE_EXPANSION,10.666470016134879,463220.70516562427,1817.5595457760037,R365MFC,gas,186725.5227681976,-1.0,0,334.4668076695668
S5_DCF_density,2,DC-F,density,HE_EXPANSION,10.564548987301231,463099.93784423085,1817.6934197330663,R365MFC,gas,184968.31737554577,-1.0,1,334.3105739017279
S5_DCF_density,2,DC-F,density,HE_EXPANSION,10.46269492955987,462978.0196241488,1817.828712763628,R365MFC,gas,183211.11198289393,-1.0,2,334.1532087127077
S5_DCF_density,2,DC-F,density,HE_EXPANSION,10.360907395695357,462854.9289126689,1817.965452778291,R365MFC,gas,181453.90659024208,-1.0,3,333.9946903231331
S5_DCF_density,2,DC-F,density,HE_EXPANSION,10.259185933428606,462730.643497997,1818.1036685143674,R365MFC,gas,179696.7011975902,-1.0,4,333.8349963273645
S5_DCF_density,2,DC-F,density,HE_EXPANSION,10.157530085239387,462605.1405252571,1818.2433895687345,R365MFC,gas,177939.49580493837,-1.0,5,333.67410366912594
S5_DCF_density,2,DC-F,density,HE_EXPANSION,10.055939388181843,462478.39647131425,1818.3846464323167,R365MFC,gas,176182.29041228653,-1.0,6,333.5119886159315
S5_DCF_density,2,DC-F,density,HE_EXPANSION,9.954413373692205,462350.3871183546,1818.5274705263405,R365MFC,gas,174425.0850196347,-1.0,7,333.3486267322473
S5_DCF_density,2,DC-F,density,HE_EXPANSION,9.852951567388777,462221.08752614114,1818.6718942404198,R365MFC,gas,172667.87962698285,-1.0,8,333.18399285130073
S5_DCF_density,2,DC-F,density,HE_EXPANSION,9.75155348886356,462090.4720028647,1818.8179509726115,R365MFC,gas,170910.674234331,-1.0,9,333.0180610454606
S5_DCF_density,2,DC-F,density,HE_EXPANSION,9.650218651465034,461958.5140745102,1818.9656751715681,R365MFC,gas,169153.46884167916,-1.0,10,332.85080459510135
S5_DCF_density,2,DC-F,density,HE_EXPANSION,9.548946562071812,461825.1864526365,1819.1151023808966,R365MFC,gas,167396.26344902732,-1.0,11,332.6821959558504
S5_DCF_density,2,DC-F,density,HE_EXPANSION,9.447736720856476,461690.46100047964,1819.2662692858846,R365MFC,gas,165639.05805637548,-1.0,12,332.5122067241249
S5_DCF_density,2,DC-F,density,HE_EXPANSION,9.346588621039091,461554.3086972681,1819.4192137627576,R365MFC,gas,163881.8526637236,-1.0,13,332.34080760084635
S5_DCF_density,2,DC-F,density,HE_EXPANSION,9.245501748630124,461416.6996006335,1819.573974930573,R365MFC,gas,162124.64727107176,-1.0,14,332.16796835320844
S5_DCF_density,2,DC-F,density,HE_EXPANSION,9.144475582161634,461277.6028070014,1819.7305932060144,R365MFC,gas,160367.44187841992,-1.0,15,331.9936577743866
S5_DCF_density,2,DC-F,density,HE_EXPANSION,9.043509592406586,461136.9864098201,1819.8891103611973,R365MFC,gas,158610.23648576808,-1.0,16,331.81784364103993
S5_DCF_density,2,DC-F,density,HE_EXPANSION,8.942603242085275,460994.8174554944,1820.0495695847437,R365MFC,gas,156853.03109311624,-1.0,17,331.6404926684693
S5_DCF_density,2,DC-F,density,HE_EXPANSION,8.84175598555834,460851.06189686095,1820.2120155463153,R365MFC,gas,155095.8257004644,-1.0,18,331.46157046326545
S5_DCF_density,2,DC-F,density,HE_EXPANSION,8.740967268505443,460705.6845440449,1820.3764944648617,R365MFC,gas,153338.62030781253,-1.0,19,331.281041473284
S5_DCF_density,2,DC-F,density,HE_EXPANSION,8.6402365275888,460558.64901251876,1820.543054180839,R365MFC,gas,151581.41491516068,-1.0,20,331.0988689347604
S5_DCF_density,2,DC-F,density,HE_EXPANSION,8.53956319010077,460409.91766816354,1820.711744232667,R365MFC,gas,149824.20952250884,-1.0,21,330.9150148163638
S5_DCF_density,2,DC-F,density,HE_EXPANSION,8.43894667359438,460259.4515691315,1820.8826159377497,R365MFC,gas,148067.004129857,-1.0,22,330.72943975998004
S5_DCF_density,2,DC-F,density,HE_EXPANSION,8.338386385495786,460107.21040427446,1821.0557224783654,R365MFC,gas,146309.79873720516,-1.0,23,330.5421030179882
S5_DCF_density,2,DC-F,density,HE_EXPANSION,8.237881722697729,459953.15242789616,1821.2311189928,R365MFC,gas,144552.59334455332,-1.0,24,330.35296238677535
S5_DCF_density,2,DC-F,density,HE_EXPANSION,8.137432071132594,459797.23439056054,1821.40886267209,R365MFC,gas,142795.38795190147,-1.0,25,330.16197413621853
S5_DCF_density,2,DC-F,density,HE_EXPANSION,8.037036805323739,459639.4114656689,1821.5890128628332,R365MFC,gas,141038.18255924963,-1.0,26,329.96909293484157
S5_DCF_density,2,DC-F,density,HE_EXPANSION,7.936695287914089,459479.63717147894,1821.7716311764727,R365MFC,gas,139280.9771665978,-1.0,27,329.77427177030756
S5_DCF_density,2,DC-F,density,HE_EXPANSION,7.83640686917005,459317.86328824033,1821.9567816055992,R365MFC,gas,137523.77177394595,-1.0,28,329.57746186491227
S5_DCF_density,2,DC-F,density,HE_EXPANSION,7.73617088645936,459154.0397700577,1822.1445306478001,R365MFC,gas,135766.5663812941,-1.0,29,329.3786125856857
S5_DCF_density,2,DC-F,density,HE_EXPANSION,7.635986663701248,458988.1146510808,1822.3349474376353,R365MFC,gas,134009.36098864223,-1.0,30,329.1776713486817
S5_DCF_density,2,DC-F,density,HE_EXPANSION,7.535853510786754,458820.0339455762,1822.528103887419,R365MFC,gas,132252.1555959904,-1.0,31,328.974583517006
S5_DCF_density,2,DC-F,density,HE_EXPANSION,7.435770722967522,458649.7415413906,1822.724074837477,R365MFC,gas,130494.95020333855,-1.0,32,328.7692922920731
S5_DCF_density,2,DC-F,density,HE_EXPANSION,7.33573758021053,458477.17908628,1822.9229382167116,R365MFC,gas,128737.74481068671,-1.0,33,328.5617385975576
S5_DCF_density,2,DC-F,density,HE_EXPANSION,7.235753346516714,458302.28586651443,1823.1247752142776,R365MFC,gas,126980.53941803487,-1.0,34,328.35186095542787
S5_DCF_density,2,DC-F,density,HE_EXPANSION,7.1358172692007225,458124.9986771256,1823.3296704633276,R365MFC,gas,125223.33402538301,-1.0,35,328.13959535341485
S5_DCF_density,2,DC-F,density,HE_EXPANSION,7.035928578128975,457945.251683093,1823.5377122378827,R365MFC,gas,123466.12863273117,-1.0,36,327.92487510319177
S5_DCF_density,2,DC-F,density,HE_EXPANSION,6.936086484913241,457762.97627069324,1823.7489926639078,R365MFC,gas,121708.92324007933,-1.0,37,327.70763068846566
S5_DCF_density,2,DC-F,density,HE_EXPANSION,6.836290182056111,457578.10088817234,1823.9636079459028,R365MFC,gas,119951.71784742747,-1.0,38,327.4877896021165
S5_DCF_density,2,DC-F,density,HE_EXPANSION,6.736538842045101,457390.550874792,1824.181658610345,R365MFC,gas,118194.51245477563,-1.0,39,327.26527617140835
S5_DCF_density,2,DC-F,density,HE_EXPANSION,6.636831616391118,457200.24827722757,1824.4032497675464,R365MFC,gas,116437.30706212379,-1.0,40,327.040011370221
S5_DCF_density,2,DC-F,density,HE_EXPANSION,6.537167634607363,457007.1116521674,1824.628491393587,R365MFC,gas,114680.10166947194,-1.0,41,326.8119126171125
S5_DCF_density,2,DC-F,density,HE_EXPANSION,6.437546003123696,456811.0558538499,1824.8574986342253,R365MFC,gas,112922.8962768201,-1.0,42,326.5808935579186
S5_DCF_density,2,DC-F,density,HE_EXPANSION,6.337965804131523,456611.9918051358,1825.090392132853,R365MFC,gas,111165.69088416825,-1.0,43,326.34686383143816
S5_DCF_density,2,DC-F,density,HE_EXPANSION,6.238426094353468,456409.82625055686,1825.3272983848149,R365MFC,gas,109408.4854915164,-1.0,44,326.10972881660047
S5_DCF_density,2,DC-F,density,HE_EXPANSION,6.138925903731787,456204.4614896072,1825.568350120677,R365MFC,gas,107651.28009886456,-1.0,45,325.86938935932477
S5_DCF_density,2,DC-F,density,HE_EXPANSION,6.039464234028557,455995.7950883443,1825.8136867213273,R365MFC,gas,105894.0747062127,-1.0,46,325.62574147708443
S5_DCF_density,2,DC-F,density,HE_EXPANSION,5.940040057330339,455783.719567148,1826.0634546681151,R365MFC,gas,104136.86931356086,-1.0,47,325.3786760389476
S5_DCF_density,2,DC-F,density,HE_EXPANSION,5.8406523144489615,455568.12206222233,1826.3178080316563,R365MFC,gas,102379.66392090902,-1.0,48,325.1280784186086
S5_DCF_density,2,DC-F,density,HE_EXPANSION,5.7412999132093985,455348.8839581406,1826.5769090033311,R365MFC,gas,100622.45852825718,-1.0,49,324.8738281176225
S5_DCF_efficiency,1,DC-F,efficiency,HE_EXPANSION,19.472103052503442,482759.9331291134,1842.2166182031697,R365MFC,gas,348059.42896549485,-1.0,0,355.60948994358233
S5_DCF_efficiency,1,DC-F,efficiency,HE_EXPANSION,19.17758437609328,482524.5503783607,1842.2904349286503,R365MFC,gas,343003.7546847511,-1.0,1,355.2928350701847
S5_DCF_efficiency,1,DC-F,efficiency,HE_EXPANSION,18.88363178603088,482285.5511220842,1842.3655247250113,R365MFC,gas,337948.08040400734,-1.0,2,354.972728767977
S5_DCF_efficiency,1,DC-F,efficiency,HE_EXPANSION,18.590239980003815,482042.8292839711,1842.4419268886347,R365MFC,gas,332892.4061232636,-1.0,3,354.64906540351484
S5_DCF_efficiency,1,DC-F,efficiency,HE_EXPANSION,18.297403616787964,481796.2739995775,1842.5196825536661,R365MFC,gas,327836.73184251983,-1.0,4,354.32173458639716
S5_DCF_efficiency,1,DC-F,efficiency,HE_EXPANSION,18.005117312705263,481545.76932261913,1842.5988348074297,R365MFC,gas,322781.0575617761,-1.0,5,353.99062087602607
S5_DCF_efficiency,1,DC-F,efficiency,HE_EXPANSION,17.71337563785465,481291.19390832767,1842.6794288156952,R365MFC,gas,317725.3832810323,-1.0,6,353.6556034655934
S5_DCF_efficiency,1,DC-F,efficiency,HE_EXPANSION,17.422173112120156,481032.42067169474,1842.7615119578138,R365MFC,gas,312669.70900028857,-1.0,7,353.3165558408232
S5_DCF_efficiency,1,DC-F,efficiency,HE_EXPANSION,17.131504200928763,480769.3164181553,1842.8451339730213,R365MFC,gas,307614.0347195448,-1.0,8,352.97334541112104
S5_DCF_efficiency,1,DC-F,efficiency,HE_EXPANSION,16.841363310736924,480501.7414440094,1842.9303471190217,R365MFC,gas,302558.36043880106,-1.0,9,352.62583311039634
S5_DCF_efficiency,1,DC-F,efficiency,HE_EXPANSION,16.551744784222507,480229.5491035428,1843.0172063440673,R365MFC,gas,297502.6861580573,-1.0,10,352.2738729645015
S5_DCF_efficiency,1,DC-F,efficiency,HE_EXPANSION,16.262642895155512,479952.58533945604,1843.1057694739677,R365MFC,gas,292447.0118773136,-1.0,11,351.9173116218784
S5_DCF_efficiency,1,DC-F,efficiency,HE_EXPANSION,15.974051842918653,479670.68817279715,1843.1960974155677,R365MFC,gas,287391.3375965698,-1.0,12,351.55598784358284
S5_DCF_efficiency,1,DC-F,efficiency,HE_EXPANSION,15.685965746645323,479383.6871481301,1843.2882543785008,R365MFC,gas,282335.6633158261,-1.0,13,351.18973194839157
S5_DCF_efficiency,1,DC-F,efficiency,HE_EXPANSION,15.39837863893932,479091.4027291206,1843.382308117186,R365MFC,gas,277279.98903508234,-1.0,14,350.8183652081416
S5_DCF_efficiency,1,DC-F,efficiency,HE_EXPANSION,15.111284459135979,478793.645639133,1843.4783301953655,R365MFC,gas,272224.3147543386,-1.0,15,350.4416991878548
S5_DCF_efficiency,1,DC-F,efficiency,HE_EXPANSION,14.82467704606089,478490.216140694,1843.576396275695,R365MFC,gas,267168.64047359483,-1.0,16,350.0595350244562
S5_DCF_efficiency,1,DC-F,efficiency,HE_EXPANSION,14.53855013023642,478180.9032468868,1843.676586437307,R365MFC,gas,262112.96619285108,-1.0,17,349.67166263709595
S5_DCF_efficiency,1,DC-F,efficiency,HE_EXPANSION,14.25289732547989,477865.4838568037,1843.778985524679,R365MFC,gas,257057.29191210732,-1.0,18,349.27785986113736
S5_DCF_efficiency,1,DC-F,efficiency,HE_EXPANSION,13.967712119832127,477543.72180607874,1843.8836835315071,R365MFC,gas,252001.61763136357,-1.0,19,348.8778914967494
S5_DCF_efficiency,1,DC-F,efficiency,HE_EXPANSION,13.682987865745828,477215.3668222796,1843.990776023943,R365MFC,gas,246945.9433506198,-1.0,20,348.4715082617918
S5_DCF_efficiency,1,DC-F,efficiency,HE_EXPANSION,13.398717769455027,476880.15337345726,1844.1003646081003,R365MFC,gas,241890.26906987606,-1.0,21,348.0584456371828
S5_DCF_efficiency,1,DC-F,efficiency,HE_EXPANSION,13.11489487943713,476537.7993964446,1844.212557447484,R365MFC,gas,236834.5947891323,-1.0,22,347.638422591193
S5_DCF_efficiency,1,DC-F,efficiency,HE_EXPANSION,12.83151207386645,476188.0048894774,1844.3274698369012,R365MFC,gas,231778.92050838855,-1.0,23,347.211140167091
S5_DCF_efficiency,1,DC-F,efficiency,HE_EXPANSION,12.548562046945468,475830.4503513575,1844.4452248403752,R365MFC,gas,226723.2462276448,-1.0,24,346.77627991615657
S5_DCF_efficiency,1,DC-F,efficiency,HE_EXPANSION,12.26603729398388,475464.79504659196,1844.5659540018157,R365MFC,gas,221667.57194690104,-1.0,25,346.33350215525894
S5_DCF_efficiency,1,DC-F,efficiency,HE_EXPANSION,11.983930095077529,475090.6750726396,1844.689798138614,R365MFC,gas,216611.89766615728,-1.0,26,345.882444024853
S5_DCF_efficiency,1,DC-F,efficiency,HE_EXPANSION,11.702232497217985,474707.7012014956,1844.816908230028,R365MFC,gas,211556.22338541356,-1.0,27,345.4227173192716
S5_DCF_efficiency,1,DC-F,efficiency,HE_EXPANSION,11.420936294638231,474315.45646317856,1844.9474464142622,R365MFC,gas,206500.5491046698,-1.0,28,344.9539060564619
S5_DCF_efficiency,1,DC-F,efficiency,HE_EXPANSION,11.140033007171594,473913.4934330912,1845.0815871105485,R365MFC,gas,201444.87482392605,-1.0,29,344.4755637486215
S5_DCF_efficiency,1,DC-F,efficiency,HE_EXPANSION,10.859513856365306,473501.33117853466,1845.2195182854996,R365MFC,gas,196389.2005431823,-1.0,30,343.9872103283883
S5_DCF_efficiency,1,DC-F,efficiency,HE_EXPANSION,10.579369739050358,473078.45181154355,1845.361442886518,R365MFC,gas,191333.52626243854,-1.0,31,343.4883286769752
S5_DCF_efficiency,1,DC-F,efficiency,HE_EXPANSION,10.29959119801971,472644.296585397,1845.5075804694006,R365MFC,gas,186277.85198169478,-1.0,32,342.9783606906595
S5_DCF_efficiency,1,DC-F,efficiency,HE_EXPANSION,10.02016838940972,472198.2614601887,1845.6581690524895,R365MFC,gas,181222.17770095103,-1.0,33,342.4567028098252
S5_DCF_efficiency,1,DC-F,efficiency,HE_EXPANSION,9.741091046309391,471739.69204819214,1845.8134672362407,R365MFC,gas,176166.50342020727,-1.0,34,341.92270091982857
S5_DCF_efficiency,1,DC-F,efficiency,HE_EXPANSION,9.462348438038434,471267.8778317015,1845.973756635053,R365MFC,gas,171110.82913946352,-1.0,35,341.3756445145421
S5_DCF_efficiency,1,DC-F,efficiency,HE_EXPANSION,9.18392932443354,470782.0455236952,1846.1393446781199,R365MFC,gas,166055.15485871976,-1.0,36,340.81475999061826
S5_DCF_efficiency,1,DC-F,efficiency,HE_EXPANSION,8.90582190435825,470281.35141384543,1846.3105678484765,R365MFC,gas,160999.480577976,-1.0,37,340.23920291209487
S5_DCF_efficiency,1,DC-F,efficiency,HE_EXPANSION,8.628013757500764,469764.8725074981,1846.4877954449723,R365MFC,gas,155943.80629723228,-1.0,38,339.6480490492885
S5_DCF_efficiency,1,DC-F,efficiency,HE_EXPANSION,8.350491778336583,469231.5962212721,1846.6714339717062,R365MFC,gas,150888.13201648853,-1.0,39,339.0402839509215
S5_DCF_efficiency,1,DC-F,efficiency,HE_EXPANSION,8.073242100902318,468680.40834298613,1846.8619322845373,R365MFC,gas,145832.45773574477,-1.0,40,338.4147907511518
S5_DCF_efficiency,1,DC-F,efficiency,HE_EXPANSION,7.796250012738102,468110.0788920343,1847.0597876566421,R365MFC,gas,140776.78345500102,-1.0,41,337.7703358398205
S5_DCF_efficiency,1,DC-F,efficiency,HE_EXPANSION,7.519499855992569,467519.2454239882,1847.2655529669994,R365MFC,gas,135721.10917425726,-1.0,42,337.10555192951847
S5_DCF_efficiency,1,DC-F,efficiency,HE_EXPANSION,7.242974913226213,466906.39320293156,1847.479845270264,R365MFC,gas,130665.4348935135,-1.0,43,336.41891792962235
S5_DCF_efficiency,1,DC-F,efficiency,HE_EXPANSION,6.966657274861126,466269.8315071803,1847.7033560787463,R365MFC,gas,125609.76061276975,-1.0,44,335.70873487527257
S5_DCF_efficiency,1,DC-F,efficiency,HE_EXPANSION,6.690527684471225,465607.6651245857,1847.9368637830437,R365MFC,gas,120554.086332026,-1.0,45,334.9730969438635
S5_DCF_efficiency,1,DC-F,efficiency,HE_EXPANSION,6.41456535712423,464917.7598129929,1848.1812487673133,R365MFC,gas,115498.41205128224,-1.0,46,334.20985630275743
S5_DCF_efficiency,1,DC-F,efficiency,HE_EXPANSION,6.138747764698994,464197.7001209581,1848.4375119509266,R365MFC,gas,110442.73777053849,-1.0,47,333.41658013988547
S5_DCF_efficiency,1,DC-F,efficiency,HE_EXPANSION,5.863050380390591,463444.73744183575,1848.7067977308423,R365MFC,gas,105387.06348979473,-1.0,48,332.59049769045123
S5_DCF_efficiency,1,DC-F,efficiency,HE_EXPANSION,5.58744637231833,462655.72544851387,1848.9904226378521,R365MFC,gas,100331.389209051,-1.0,49,331.728434323394
S5_DCF_efficiency,2,DC-F,efficiency,HE_EXPANSION,19.472103052503442,482759.9331291134,1842.2166182031697,R365MFC,gas,348059.42896549485,-1.0,0,355.60948994358233
S5_DCF_efficiency,2,DC-F,efficiency,HE_EXPANSION,19.17758437609328,482524.5503783607,1842.2904349286503,R365MFC,gas,343003.7546847511,-1.0,1,355.2928350701847
S5_DCF_efficiency,2,DC-F,efficiency,HE_EXPANSION,18.88363178603088,482285.5511220842,1842.3655247250113,R365MFC,gas,337948.08040400734,-1.0,2,354.972728767977
S5_DCF_efficiency,2,DC-F,efficiency,HE_EXPANSION,18.590239980003815,482042.8292839711,1842.4419268886347,R365MFC,gas,332892.4061232636,-1.0,3,354.64906540351484
S5_DCF_efficiency,2,DC-F,efficiency,HE_EXPANSION,18.297403616787964,481796.2739995775,1842.5196825536661,R365MFC,gas,327836.73184251983,-1.0,4,354.32173458639716
S5_DCF_efficiency,2,DC-F,efficiency,HE_EXPANSION,18.005117312705263,481545.76932261913,1842.5988348074297,R365MFC,gas,322781.0575617761,-1.0,5,353.99062087602607
S5_DCF_efficiency,2,DC-F,efficiency,HE_EXPANSION,17.71337563785465,481291.19390832767,1842.6794288156952,R365MFC,gas,317725.3832810323,-1.0,6,353.6556034655934
S5_DCF_efficiency,2,DC-F,efficiency,HE_EXPANSION,17.422173112120156,481032.42067169474,1842.7615119578138,R365MFC,gas,312669.70900028857,-1.0,7,353.3165558408232
S5_DCF_efficiency,2,DC-F,efficiency,HE_EXPANSION,17.131504200928763,480769.3164181553,1842.8451339730213,R365MFC,gas,307614.0347195448,-1.0,8,352.97334541112104
S5_DCF_efficiency,2,DC-F,efficiency,HE_EXPANSION,16.841363310736924,480501.7414440094,1842.9303471190217,R365MFC,gas,302558.36043880106,-1.0,9,352.62583311039634
S5_DCF_efficiency,2,DC-F,efficiency,HE_EXPANSION,16.551744784222507,480229.5491035428,1843.0172063440673,R365MFC,gas,297502.6861580573,-1.0,10,352.2738729645015
S5_DCF_efficiency,2,DC-F,efficiency,HE_EXPANSION,16.262642895155512,479952.58533945604,1843.1057694739677,R365MFC,gas,292447.0118773136,-1.0,11,351.9173116218784
S5_DCF_efficiency,2,DC-F,efficiency,HE_EXPANSION,15.974051842918653,479670.68817279715,1843.1960974155677,R365MFC,gas,287391.3375965698,-1.0,12,351.55598784358284
S5_DCF_efficiency,2,DC-F,efficiency,HE_EXPANSION,15.685965746645323,479383.6871481301,1843.2882543785008,R365MFC,gas,282335.6633158261,-1.0,13,351.18973194839157
S5_DCF_efficiency,2,DC-F,efficiency,HE_EXPANSION,15.39837863893932,479091.4027291206,1843.382308117186,R365MFC,gas,277279.98903508234,-1.0,14,350.8183652081416
S5_DCF_efficiency,2,DC-F,efficiency,HE_EXPANSION,15.111284459135979,478793.645639133,1843.4783301953655,R365MFC,gas,272224.3147543386,-1.0,15,350.4416991878548
S5_DCF_efficiency,2,DC-F,efficiency,HE_EXPANSION,14.82467704606089,478490.216140694,1843.576396275695,R365MFC,gas,267168.64047359483,-1.0,16,350.0595350244562
S5_DCF_efficiency,2,DC-F,efficiency,HE_EXPANSION,14.53855013023642,478180.9032468868,1843.676586437307,R365MFC,gas,262112.96619285108,-1.0,17,349.67166263709595
S5_DCF_efficiency,2,DC-F,efficiency,HE_EXPANSION,14.25289732547989,477865.4838568037,1843.778985524679,R365MFC,gas,257057.29191210732,-1.0,18,349.27785986113736
S5_DCF_efficiency,2,DC-F,efficiency,HE_EXPANSION,13.967712119832127,477543.72180607874,1843.8836835315071,R365MFC,gas,252001.61763136357,-1.0,19,348.8778914967494
S5_DCF_efficiency,2,DC-F,efficiency,HE_EXPANSION,13.682987865745828,477215.3668222796,1843.990776023943,R365MFC,gas,246945.9433506198,-1.0,20,348.4715082617918
S5_DCF_efficiency,2,DC-F,efficiency,HE_EXPANSION,13.398717769455027,476880.15337345726,1844.1003646081003,R365MFC,gas,241890.26906987606,-1.0,21,348.0584456371828
S5_DCF_efficiency,2,DC-F,efficiency,HE_EXPANSION,13.11489487943713,476537.7993964446,1844.212557447484,R365MFC,gas,236834.5947891323,-1.0,22,347.638422591193
S5_DCF_efficiency,2,DC-F,efficiency,HE_EXPANSION,12.83151207386645,476188.0048894774,1844.3274698369012,R365MFC,gas,231778.92050838855,-1.0,23,347.211140167091
S5_DCF_efficiency,2,DC-F,efficiency,HE_EXPANSION,12.548562046945468,475830.4503513575,1844.4452248403752,R365MFC,gas,226723.2462276448,-1.0,24,346.77627991615657
S5_DCF_efficiency,2,DC-F,efficiency,HE_EXPANSION,12.26603729398388,475464.79504659196,1844.5659540018157,R365MFC,gas,221667.57194690104,-1.0,25,346.33350215525894
S5_DCF_efficiency,2,DC-F,efficiency,HE_EXPANSION,11.983930095077529,475090.6750726396,1844.689798138614,R365MFC,gas,216611.89766615728,-1.0,26,345.882444024853
S5_DCF_efficiency,2,DC-F,efficiency,HE_EXPANSION,11.702232497217985,474707.7012014956,1844.816908230028,R365MFC,gas,211556.22338541356,-1.0,27,345.4227173192716
S5_DCF_efficiency,2,DC-F,efficiency,HE_EXPANSION,11.420936294638231,474315.45646317856,1844.9474464142622,R365MFC,gas,206500.5491046698,-1.0,28,344.9539060564619
S5_DCF_efficiency,2,DC-F,efficiency,HE_EXPANSION,11.140033007171594,473913.4934330912,1845.0815871105485,R365MFC,gas,201444.87482392605,-1.0,29,344.4755637486215
S5_DCF_efficiency,2,DC-F,efficiency,HE_EXPANSION,10.859513856365306,473501.33117853466,1845.2195182854996,R365MFC,gas,196389.2005431823,-1.0,30,343.9872103283883
S5_DCF_efficiency,2,DC-F,efficiency,HE_EXPANSION,10.579369739050358,473078.45181154355,1845.361442886518,R365MFC,gas,191333.52626243854,-1.0,31,343.4883286769752
S5_DCF_efficiency,2,DC-F,efficiency,HE_EXPANSION,10.29959119801971,472644.296585397,1845.5075804694006,R365MFC,gas,186277.85198169478,-1.0,32,342.9783606906595
S5_DCF_efficiency,2,DC-F,efficiency,HE_EXPANSION,10.02016838940972,472198.2614601887,1845.6581690524895,R365MFC,gas,181222.17770095103,-1.0,33,342.4567028098252
S5_DCF_efficiency,2,DC-F,efficiency,HE_EXPANSION,9.741091046309391,471739.69204819214,1845.8134672362407,R365MFC,gas,176166.50342020727,-1.0,34,341.92270091982857
S5_DCF_efficiency,2,DC-F,efficiency,HE_EXPANSION,9.462348438038434,471267.8778317015,1845.973756635053,R365MFC,gas,171110.82913946352,-1.0,35,341.3756445145421
S5_DCF_efficiency,2,DC-F,efficiency,HE_EXPANSION,9.18392932443354,470782.0455236952,1846.1393446781199,R365MFC,gas,166055.15485871976,-1.0,36,340.81475999061826
S5_DCF_efficiency,2,DC-F,efficiency,HE_EXPANSION,8.90582190435825,470281.35141384543,1846.3105678484765,R365MFC,gas,160999.480577976,-1.0,37,340.23920291209487
S5_DCF_efficiency,2,DC-F,efficiency,HE_EXPANSION,8.628013757500764,469764.8725074981,1846.4877954449723,R365MFC,gas,155943.80629723228,-1.0,38,339.6480490492885
S5_DCF_efficiency,2,DC-F,efficiency,HE_EXPANSION,8.350491778336583,469231.5962212721,1846.6714339717062,R365MFC,gas,150888.13201648853,-1.0,39,339.0402839509215
S5_DCF_efficiency,2,DC-F,efficiency,HE_EXPANSION,8.073242100902318,468680.40834298613,1846.8619322845373,R365MFC,gas,145832.45773574477,-1.0,40,338.4147907511518
S5_DCF_efficiency,2,DC-F,efficiency,HE_EXPANSION,7.796250012738102,468110.0788920343,1847.0597876566421,R365MFC,gas,140776.78345500102,-1.0,41,337.7703358398205
S5_DCF_efficiency,2,DC-F,efficiency,HE_EXPANSION,7.519499855992569,467519.2454239882,1847.2655529669994,R365MFC,gas,135721.10917425726,-1.0,42,337.10555192951847
S5_DCF_efficiency,2,DC-F,efficiency,HE_EXPANSION,7.242974913226213,466906.39320293156,1847.479845270264,R365MFC,gas,130665.4348935135,-1.0,43,336.41891792962235
S5_DCF_efficiency,2,DC-F,efficiency,HE_EXPANSION,6.966657274861126,466269.8315071803,1847.7033560787463,R365MFC,gas,125609.76061276975,-1.0,44,335.70873487527257
S5_DCF_efficiency,2,DC-F,efficiency,HE_EXPANSION,6.690527684471225,465607.6651245857,1847.9368637830437,R365MFC,gas,120554.086332026,-1.0,45,334.9730969438635
S5_DCF_efficiency,2,DC-F,efficiency,HE_EXPANSION,6.41456535712423,464917.7598129929,1848.1812487673133,R365MFC,gas,115498.41205128224,-1.0,46,334.20985630275743
S5_DCF_efficiency,2,DC-F,efficiency,HE_EXPANSION,6.138747764698994,464197.7001209581,1848.4375119509266,R365MFC,gas,110442.73777053849,-1.0,47,333.41658013988547
S5_DCF_efficiency,2,DC-F,efficiency,HE_EXPANSION,5.863050380390591,463444.73744183575,1848.7067977308423,R365MFC,gas,105387.06348979473,-1.0,48,332.59049769045123
S5_DCF_efficiency,2,DC-F,efficiency,HE_EXPANSION,5.58744637231833,462655.72544851387,1848.9904226378521,R365MFC,gas,100331.389209051,-1.0,49,331.728434323394
