{
  "position1": {
    "name": "Position 1",
    "description": "T_hs=15\u00b0C, T_cs=15\u00b0C (\u0394T=0 K)",
    "T_hp_cs": 15.0,
    "T_he_cs": 15.0,
    "delta_T": 0.0,
    "n_pareto": 8,
    "eta_P2P_max": 0.21755994751471505,
    "eta_P2P_min": 0.06491504234673273,
    "eta_P2P_mean": 0.1576307982728971,
    "E_dens_max": 39.44066196272639,
    "E_dens_min": 29.77314772389284,
    "E_dens_mean": 36.83878328704955,
    "eta_II_max": 0.21755994751471508,
    "eta_II_min": 0.06491504234673273,
    "eta_II_mean": 0.15763079827289708,
    "top_fluid_hp": "R1233zd(E)",
    "top_fluid_he": "R227ea"
  },
  "position2": {
    "name": "Position 2",
    "description": "T_hs=40\u00b0C, T_cs=30\u00b0C (\u0394T=10 K)",
    "T_hp_cs": 40.0,
    "T_he_cs": 30.0,
    "delta_T": 10.0,
    "n_pareto": 7,
    "eta_P2P_max": 0.1979343427233335,
    "eta_P2P_min": 0.07121619463481695,
    "eta_P2P_mean": 0.16921449922143003,
    "E_dens_max": 39.077786291967456,
    "E_dens_min": 22.980064499043838,
    "E_dens_mean": 31.02131468275645,
    "eta_II_max": 0.1897561970127766,
    "eta_II_min": 0.05899142683430253,
    "eta_II_mean": 0.15984321770046955,
    "top_fluid_hp": "R1233zd(E)",
    "top_fluid_he": "R227ea"
  },
  "position3": {
    "name": "Position 3",
    "description": "T_hs=60\u00b0C, T_cs=15\u00b0C (\u0394T=45 K)",
    "T_hp_cs": 60.0,
    "T_he_cs": 15.0,
    "delta_T": 45.0,
    "n_pareto": 39,
    "eta_P2P_max": 0.44023818590290714,
    "eta_P2P_min": 0.04817520953308126,
    "eta_P2P_mean": 0.35738418577247716,
    "E_dens_max": 39.199634175109274,
    "E_dens_min": 11.824000219253001,
    "E_dens_mean": 26.619642331924677,
    "eta_II_max": 0.22462116035417637,
    "eta_II_min": 0.02511952324614744,
    "eta_II_mean": 0.1269435590718013,
    "top_fluid_hp": "R1233zd(E)",
    "top_fluid_he": "R227ea"
  },
  "position4": {
    "name": "Position 4",
    "description": "T_hs=100\u00b0C, T_cs=15\u00b0C (\u0394T=85 K)",
    "T_hp_cs": 100.0,
    "T_he_cs": 15.0,
    "delta_T": 85.0,
    "n_pareto": 6,
    "eta_P2P_max": 0.9976648406456685,
    "eta_P2P_min": 0.7690196145355094,
    "eta_P2P_mean": 0.930498729029821,
    "E_dens_max": 22.496019651859143,
    "E_dens_min": 16.33283890723654,
    "E_dens_mean": 19.56331844210213,
    "eta_II_max": 0.30675911159159136,
    "eta_II_min": 0.25458489304120363,
    "eta_II_mean": 0.2858476587186953,
    "top_fluid_hp": "R1233zd(E)",
    "top_fluid_he": "R1234ze(E)"
  }
}