eta_P2P,E_dens_th,eta_II,T_st_ht,dT_st_sp,dT_hp_cs_gl,dT_hp_ev_sh,dT_he_ev_sh,dT_hp_cd_sc,eta_max_cp,eta_max_ex,eta_pm,fluid_hp,fluid_he,position,T_hp_cs,T_he_cs
0.1735595186052785,39.06950566975912,0.16927238169103098,124.20481896025723,69.46567075376211,13.58318472913979,11.32897897745173,1.4062401843921255,39.18214003541385,0.7725430918249776,0.7994206006402454,0.4901529805766239,R1233zd(E),R227ea,position2,40.0,30.0
0.1979343427233335,28.698136414730552,0.18231239401756644,117.79716812596524,51.02885906522903,4.199262487884992,4.405459715683058,1.2517799529927507,24.7572717123578,0.7480446703128223,0.7902378960568681,0.5192576588358162,R1233zd(E),R227ea,position2,40.0,30.0
0.18028556853018485,30.797717763320108,0.15997921004776114,116.11422370352183,54.68464202209139,3.290409198937354,10.294199584623565,2.8313510961647808,38.74057151041626,0.7853055062644871,0.7518980339267886,0.5097375571454156,R1233zd(E),R227ea,position2,40.0,30.0
0.178797498945735,32.63586813588145,0.1750726943812377,121.11012858800873,58.04959360934354,17.2763719293564,12.373832277106786,1.6253494724037494,44.994831090445835,0.7952057729696396,0.7185482328725525,0.5140990909520593,R1233zd(E),R227ea,position2,40.0,30.0
0.07121619463481695,39.077786291967456,0.05899142683430253,117.09369003369204,69.25952515978113,1.845730532622529,6.737061521251332,2.716499949229663,33.2694856302655,0.7043289271135359,0.7792768966610484,0.5281740485619856,R1233zd(E),R227ea,position2,40.0,30.0
0.1870473011728488,23.89012400459261,0.18351821991861136,116.66679568626587,42.52357896504199,17.472008202773676,13.76898452295768,1.3751396491143455,38.540427085926865,0.7428778955991572,0.7697384743029152,0.5111401749711667,R245fa,R1234ze(E),position2,40.0,30.0
0.1956610699378128,22.980064499043838,0.1897561970127766,114.30158891813574,40.87109164183618,11.730610994768774,6.874405904380569,2.5872454561575484,38.81200171526129,0.7148578934456514,0.7719946844470006,0.5179901081725709,R245fa,R227ea,position2,40.0,30.0
