eta_P2P,E_dens_th,eta_II,T_st_ht,dT_st_sp,dT_hp_cs_gl,dT_hp_ev_sh,dT_he_ev_sh,dT_hp_cd_sc,eta_max_cp,eta_max_ex,eta_pm,fluid_hp,fluid_he,position,T_hp_cs,T_he_cs
0.21755994751471505,29.77314772389284,0.21755994751471508,117.26457744605543,52.909739760345616,4.501768948406656,3.4271432792449144,0.8984702168792467,40.71945463017407,0.7177646454434121,0.7900286771431816,0.542048296094033,R1233zd(E),R1234ze(E),position1,15.0,15.0
0.16695469663291757,39.25224160732641,0.16695469663291754,113.81847355760772,69.46567075376211,13.58318472913979,11.32897897745173,1.4062401843921255,39.18214003541385,0.7725430918249776,0.7994206006402454,0.4901529805766239,R1233zd(E),R227ea,position1,15.0,15.0
0.06491504234673273,39.44066196272639,0.06491504234673273,103.90345208730666,69.50153504663822,1.9055385568544319,13.444484175700318,1.5584080044108577,37.904055053443095,0.7372798532162275,0.7203567288609549,0.5381171947812422,R1233zd(E),R227ea,position1,15.0,15.0
0.17196565410156292,38.096990382584856,0.17196565410156295,117.76265326784113,67.55807276120993,0.3394166779245788,10.70370072292941,1.471019857218448,42.26358389530678,0.7315184077139278,0.707581185607382,0.5350220687156649,R1233zd(E),R227ea,position1,15.0,15.0
0.17972017114506297,37.34301477217269,0.17972017114506297,117.73385732797608,66.23316692592049,12.024930639685005,11.937150845323927,1.944799524950636,37.227679096197086,0.7938955498212036,0.751357134719429,0.4623720752691642,R1233zd(E),R227ea,position1,15.0,15.0
0.1844695623777739,33.993160494742796,0.18446956237777387,111.01108700867732,60.16478795260745,6.0285010792580636,6.571811108840958,1.4761796197328936,45.415259788001954,0.7818161508835566,0.7259934815113506,0.5167866043973737,R1233zd(E),R227ea,position1,15.0,15.0
0.1740608131826541,37.5475394143818,0.17406081318265412,116.46476262235385,66.5546808064951,3.946413501447828,6.955671510680772,1.7364195001467062,36.95500190828724,0.7182296264288507,0.7457518045679473,0.4856923213019827,R1233zd(E),R227ea,position1,15.0,15.0
0.10140049888175752,39.263509938568625,0.1014004988817575,106.23326936927151,69.25952515978113,1.845730532622529,6.737061521251332,2.716499949229663,33.2694856302655,0.7043289271135359,0.7792768966610484,0.5281740485619856,R1233zd(E),R227ea,position1,15.0,15.0
