wp,cfg,fluid_hp,fluid_he,candidate_key,source_s2_run_id,front_contribution_rank,config_front_point_count,config_front_point_share,wp_global_front_point_count,candidate_normalized_hv,registry_final_normalized_hv_before_certification,manifest_certified_normalized_hv,certified_hv_recompute_difference,front_certification_hv_change,eta_p2p_max,energy_density_thermal_max,exergy_efficiency_max,eta_p2p_gap_to_unit_extreme,energy_density_thermal_gap_to_unit_extreme,exergy_efficiency_gap_to_unit_extreme,evaluation_count,feasible_count,failure_count,failure_rate,revalidation_quarantined_count,selected_for_s4,selection_rank,selected_reason
DC-A,SBVCHP_SBORC,Cyclopentane,R227EA,DC-A|SBVCHP_SBORC|Cyclopentane|R227EA,S2_DCA_SBVCHP-SBORC_Cyclopentane_R227EA_seed042_20260717T060425Z,1,450,0.26423957721667646,329,0.0944187723238113,0.0944187830338608,0.0944187723238113,0.0,-1.0710049500040064e-08,0.5281221126320556,34.31931150863715,0.3270470700565408,0.03873508909329415,8.669655395721065e-05,0.04681543485440476,8794,8018,776,0.08824198317034342,2,True,5,greedy_incremental_hypervolume
DC-A,SBVCHP_SBORC,Cyclopentane,R600,DC-A|SBVCHP_SBORC|Cyclopentane|R600,S2_DCA_SBVCHP-SBORC_Cyclopentane_R600_seed042_20260717T060425Z,2,385,0.22607163828537874,0,0.11028624727840994,0.1102862472784101,0.11028624727840994,0.0,-1.6653345369377348e-16,0.5635878799080752,34.30799154846668,0.3730049024840246,0.003269321817274462,0.01140665672442509,0.0008576024269209559,6577,6326,251,0.03816329633571537,0,True,3,greedy_incremental_hypervolume
DC-A,SBVCHP_SBORC,Cyclopentane,R245fa,DC-A|SBVCHP_SBORC|Cyclopentane|R245fa,S2_DCA_SBVCHP-SBORC_Cyclopentane_R245fa_seed042_20260717T060425Z,3,373,0.2190252495596007,0,0.11042196114052959,0.1104219611405298,0.11042196114052963,-4.163336342344337e-17,-1.6653345369377348e-16,0.5668572017253497,34.30980004171612,0.3738625049109456,0.0,0.009598163474983323,0.0,6617,6442,175,0.02644703037630346,0,True,1,extreme_eta_p2p;extreme_exergy_efficiency
DC-A,SBVCHP_SBORC,R1233zd(E),R227EA,DC-A|SBVCHP_SBORC|R1233zd(E)|R227EA,S2_DCA_SBVCHP-SBORC_R1233zdE_R227EA_seed042_20260717T060425Z,4,171,0.10041103934233706,171,0.08070364773934281,0.0807036477357797,0.0807036477393428,1.3877787807814457e-17,3.563094264080746e-12,0.5081080949038481,34.319398205191106,0.3118751463418415,0.058749106821501584,0.0,0.06198735856910409,6587,5716,871,0.13223015029603766,0,True,2,extreme_energy_density_thermal
DC-A,SBVCHP_SBORC,Cyclopentane,R236fa,DC-A|SBVCHP_SBORC|Cyclopentane|R236fa,S2_DCA_SBVCHP-SBORC_Cyclopentane_R236fa_seed042_20260717T060425Z,5,140,0.08220786846741045,1,0.10352877217180737,0.1035287721718064,0.10352877217180738,-1.3877787807814457e-17,9.853229343548264e-16,0.541192534141543,34.31482669172341,0.3531960465652566,0.0256646675838067,0.004571513467695354,0.020666458345688976,7084,6772,312,0.044042913608131,0,True,4,greedy_incremental_hypervolume
DC-A,SBVCHP_SBORC,Cyclopentane,R236ea,DC-A|SBVCHP_SBORC|Cyclopentane|R236ea,S2_DCA_SBVCHP-SBORC_Cyclopentane_R236ea_seed042_20260717T060425Z,6,93,0.0546095126247798,0,0.10617390277085817,0.1061739027708587,0.10617390277085817,0.0,-5.273559366969494e-16,0.5572589156948232,34.31370110467616,0.3606858189932679,0.009598286030526482,0.005697100514943543,0.013176685917677677,7251,7027,224,0.030892290718521582,0,False,,
DC-A,SBVCHP_SBORC,Cyclopentane,R600a,DC-A|SBVCHP_SBORC|Cyclopentane|R600a,S2_DCA_SBVCHP-SBORC_Cyclopentane_R600a_seed042_20260717T060425Z,7,64,0.037580739870816206,0,0.10372684290939384,0.1037268429093934,0.10372684290939378,5.551115123125783e-17,3.885780586188048e-16,0.5403705211386435,34.3102817958103,0.3582031551869595,0.026486680586706224,0.009116409380808932,0.015659349723986082,6605,6392,213,0.032248296744890236,0,False,,
DC-A,SBVCHP_SBORC,Cyclopentane,R1234ze(E),DC-A|SBVCHP_SBORC|Cyclopentane|R1234ze(E),S2_DCA_SBVCHP-SBORC_Cyclopentane_R1234zeE_seed042_20260717T060425Z,8,27,0.015854374633000587,0,0.10061856405002952,0.1006185640500296,0.10061856405002952,0.0,-8.326672684688674e-17,0.5472970219211668,34.31386548465662,0.3452488122931696,0.019560179804182898,0.005532720534489499,0.028613692617775965,8112,7454,658,0.08111439842209073,0,False,,
DC-A,SBVCHP_SBORC,R1234ze(Z),R600,DC-A|SBVCHP_SBORC|R1234ze(Z)|R600,S2_DCA_SBVCHP-SBORC_R1234zeZ_R600_seed042_20260717T060425Z,9,0,0.0,0,0.09597370984637231,0.095973709846372,0.0959737098463723,1.3877787807814457e-17,2.914335439641036e-16,0.5451462472913394,34.30959388841502,0.3480757478035887,0.021710954434010277,0.00980431677608351,0.025786757107356895,6669,6333,336,0.05038236617183985,0,False,,
DC-A,SBVCHP_SBORC,R1234ze(Z),R245fa,DC-A|SBVCHP_SBORC|R1234ze(Z)|R245fa,S2_DCA_SBVCHP-SBORC_R1234zeZ_R245fa_seed042_20260717T060425Z,10,0,0.0,0,0.09431299185470318,0.0943129918547036,0.09431299185470318,0.0,-4.163336342344337e-16,0.5310357966755421,34.307077470176964,0.3454606516080009,0.035821405049807575,0.01232073501414277,0.028401853302944702,6851,6676,175,0.02554371624580353,0,False,,
DC-A,SBVCHP_SBORC,R1234ze(Z),R236ea,DC-A|SBVCHP_SBORC|R1234ze(Z)|R236ea,S2_DCA_SBVCHP-SBORC_R1234zeZ_R236ea_seed042_20260717T060425Z,11,0,0.0,0,0.0934915401499724,0.093491540149972,0.09349154014997238,1.3877787807814457e-17,3.7470027081099033e-16,0.529967145766492,34.31398568059172,0.3397385957700396,0.03689005595885775,0.005412524599385904,0.03412390914090596,8592,8238,354,0.04120111731843575,0,False,,
DC-A,SBVCHP_SBORC,R1234ze(Z),R600a,DC-A|SBVCHP_SBORC|R1234ze(Z)|R600a,S2_DCA_SBVCHP-SBORC_R1234zeZ_R600a_seed042_20260717T060425Z,12,0,0.0,0,0.0929700931068717,0.0929700931068718,0.0929700931068717,0.0,-1.1102230246251565e-16,0.5353362009913826,34.311477426243655,0.3414298203011737,0.03152100073396713,0.007920778947450913,0.03243268460977189,9980,9596,384,0.03847695390781563,0,False,,
DC-A,SBVCHP_SBORC,R1233zd(E),R245fa,DC-A|SBVCHP_SBORC|R1233zd(E)|R245fa,S2_DCA_SBVCHP-SBORC_R1233zdE_R245fa_seed042_20260717T060425Z,13,0,0.0,0,0.09190828205874516,0.0919083582524452,0.09190828205874516,0.0,-7.619370004374737e-08,0.5413845870710101,34.30941330829423,0.3487539678983163,0.025472614654339587,0.009984896896874318,0.025108537012629273,6626,5784,842,0.12707515846664655,0,False,,
DC-A,SBVCHP_SBORC,R1234ze(Z),R236fa,DC-A|SBVCHP_SBORC|R1234ze(Z)|R236fa,S2_DCA_SBVCHP-SBORC_R1234zeZ_R236fa_seed042_20260717T060425Z,14,0,0.0,0,0.09051055422449157,0.0905105547927456,0.09051055422449159,-1.3877787807814457e-17,-5.682540132889713e-10,0.5351600623621949,34.314465409579185,0.3329007932189959,0.03169713936315477,0.004932795611921392,0.040961711691949676,10742,10307,435,0.040495252280767086,0,False,,
DC-A,SBVCHP_SBORC,R1233zd(E),R600,DC-A|SBVCHP_SBORC|R1233zd(E)|R600,S2_DCA_SBVCHP-SBORC_R1233zdE_R600_seed042_20260717T060425Z,15,0,0.0,0,0.09032537095480767,0.0903253709548084,0.09032537095480767,0.0,-7.355227538141662e-16,0.5232403109616262,34.30901535989257,0.3471975204339103,0.04361689076372355,0.010382845298536836,0.026664984477035303,6642,5871,771,0.11607949412827462,0,False,,
DC-A,SBVCHP_SBORC,R1234ze(Z),R1234ze(E),DC-A|SBVCHP_SBORC|R1234ze(Z)|R1234ze(E),S2_DCA_SBVCHP-SBORC_R1234zeZ_R1234zeE_seed042_20260717T060425Z,16,0,0.0,0,0.08868889111571857,0.088688891115719,0.08868889111571857,0.0,-4.3021142204224816e-16,0.5290373039637295,34.31161283481732,0.3275654356008841,0.0378198977616202,0.00778537037378868,0.0462970693100615,6718,6325,393,0.05849955343852337,0,False,,
DC-A,SBVCHP_SBORC,R1233zd(E),R600a,DC-A|SBVCHP_SBORC|R1233zd(E)|R600a,S2_DCA_SBVCHP-SBORC_R1233zdE_R600a_seed042_20260717T060425Z,17,0,0.0,0,0.08754033658015481,0.087540336612737,0.08754033658015481,0.0,-3.2582186948459935e-11,0.5128368250523964,34.31052404554928,0.3387095987442739,0.05402037667295334,0.008874159641827362,0.03515290616667166,6564,6020,544,0.08287629494210846,0,False,,
DC-A,SBVCHP_SBORC,R1233zd(E),R236fa,DC-A|SBVCHP_SBORC|R1233zd(E)|R236fa,S2_DCA_SBVCHP-SBORC_R1233zdE_R236fa_seed042_20260717T060425Z,18,0,0.0,0,0.08622241435656718,0.0862272668660927,0.08622241435656718,0.0,-4.8525095255186335e-06,0.5211008400293576,34.31374449862371,0.3303779139833028,0.045756361695992065,0.005653706567393613,0.043484590927642786,6926,6203,723,0.1043892578688998,0,False,,
DC-A,SBVCHP_SBORC,R1233zd(E),R236ea,DC-A|SBVCHP_SBORC|R1233zd(E)|R236ea,S2_DCA_SBVCHP-SBORC_R1233zdE_R236ea_seed042_20260717T060425Z,19,0,0.0,0,0.08589664306582402,0.0858975594512712,0.08589664306582402,0.0,-9.163854471777588e-07,0.5062063987764224,34.31313540564527,0.3354521366524406,0.06065080294892733,0.006262799545837083,0.03841036825850497,6592,6034,558,0.08464805825242719,1,False,,
DC-A,SBVCHP_SBORC,R245fa,R245fa,DC-A|SBVCHP_SBORC|R245fa|R245fa,S2_DCA_SBVCHP-SBORC_R245fa_R245fa_seed042_20260717T060425Z,20,0,0.0,0,0.08409742652257339,0.0841072705400537,0.08409742652257339,0.0,-9.844017480303835e-06,0.5046284837934728,34.30986760109377,0.3413429017633403,0.0622287179318769,0.009530604097335527,0.03251960314760527,9460,8377,1083,0.11448202959830867,0,False,,
DC-A,SBVCHP_SBORC,R245fa,R600,DC-A|SBVCHP_SBORC|R245fa|R600,S2_DCA_SBVCHP-SBORC_R245fa_R600_seed042_20260717T060425Z,21,0,0.0,0,0.08331436053947729,0.0833142556907334,0.08331436053947729,0.0,1.0484874388150267e-07,0.5058601530438342,34.30905520278674,0.3413100496944309,0.06099704868151545,0.010343002404368917,0.032552455216514675,9895,8891,1004,0.10146538655886811,0,False,,
DC-A,SBVCHP_SBORC,R1233zd(E),R1234ze(E),DC-A|SBVCHP_SBORC|R1233zd(E)|R1234ze(E),S2_DCA_SBVCHP-SBORC_R1233zdE_R1234zeE_seed042_20260717T060425Z,22,0,0.0,0,0.08331214017361765,0.08331357331299,0.08331214017361765,0.0,-1.4331393723421293e-06,0.4943442547437253,34.313659939687675,0.3260340597286729,0.07251294698162442,0.005738265503431705,0.047828445182272694,8170,7240,930,0.11383108935128519,1,False,,
DC-A,SBVCHP_SBORC,R245fa,R1234ze(E),DC-A|SBVCHP_SBORC|R245fa|R1234ze(E),S2_DCA_SBVCHP-SBORC_R245fa_R1234zeE_seed042_20260717T060425Z,23,0,0.0,0,0.07679730465056443,0.076797578192789,0.07679730465056445,-1.3877787807814457e-17,-2.735422245520036e-07,0.4924292891964631,34.312976219039385,0.3191281051396799,0.07442791252888659,0.006421986151721626,0.05473439977126571,6995,6101,894,0.12780557541100787,0,False,,
DC-A,SBVCHP_SBORC,R600,R1234ze(E),DC-A|SBVCHP_SBORC|R600|R1234ze(E),S2_DCA_SBVCHP-SBORC_R600_R1234zeE_seed042_20260717T060425Z,24,0,0.0,0,0.07611243218588437,0.0761124321858844,0.07611243218588437,0.0,-2.7755575615628914e-17,0.4821902434444798,34.31318913405708,0.3184514645151711,0.0846669582808699,0.006209071134023247,0.05541104039577449,9347,8055,1292,0.13822616882422167,0,False,,
DC-A,SBVCHP_SBORC,R245fa,R290,DC-A|SBVCHP_SBORC|R245fa|R290,S2_DCA_SBVCHP-SBORC_R245fa_R290_seed042_20260717T060425Z,25,0,0.0,0,0.0689298973682955,0.0689298659174828,0.06892989736829547,2.7755575615628914e-17,3.14508126625368e-08,0.458581185659347,34.31287498067794,0.3021085075554656,0.10827601606600268,0.006523224513166781,0.07175399735547999,8534,6355,2179,0.2553316147176002,1,False,,
DC-A,SBVCHP_SBORC,R245fa,R152A,DC-A|SBVCHP_SBORC|R245fa|R152A,S2_DCA_SBVCHP-SBORC_R245fa_R152A_seed042_20260717T060425Z,26,0,0.0,0,0.039583031021159995,0.0395830551090291,0.039583031021159995,0.0,-2.4087869102129567e-08,0.4060469545444128,34.30679862580449,0.2339344207687355,0.1608102471809369,0.01259957938661671,0.13992808414221009,7687,4918,2769,0.36021855080005205,0,False,,
DC-A,SRVCHP_SRORC,Cyclopentane,R245fa,DC-A|SRVCHP_SRORC|Cyclopentane|R245fa,S2_DCA_SRVCHP-SRORC_Cyclopentane_R245fa_seed042_20260717T060425Z,1,549,0.22903629536921152,549,0.14616884905035693,0.1461688490503516,0.14616884905035699,-5.551115123125783e-17,5.384581669432009e-15,0.6006259100230852,33.948684963825414,0.4247587077813597,0.0,0.1737310353783741,0.0,6558,6144,414,0.06312900274473925,0,True,1,extreme_eta_p2p;extreme_exergy_efficiency
DC-A,SRVCHP_SRORC,Cyclopentane,R236ea,DC-A|SRVCHP_SRORC|Cyclopentane|R236ea,S2_DCA_SRVCHP-SRORC_Cyclopentane_R236ea_seed042_20260717T060425Z,2,382,0.15936587400917815,382,0.14425600721559892,0.1442560072155947,0.14425600721559895,-2.7755575615628914e-17,4.246603069191224e-15,0.5913014506063008,34.00610917063207,0.4163991039889668,0.009324459416784392,0.11630682857171593,0.008359603792392922,6952,6591,361,0.051927502876869966,0,True,3,greedy_incremental_hypervolume
DC-A,SRVCHP_SRORC,R1233zd(E),R227EA,DC-A|SRVCHP_SRORC|R1233zd(E)|R227EA,S2_DCA_SRVCHP-SRORC_R1233zdE_R227EA_seed042_20260717T060425Z,3,309,0.12891113892365458,245,0.11940623050341535,0.119406247270505,0.11940623050341535,0.0,-1.67670896472627e-08,0.5344451526586185,34.12214305200746,0.3604017687402002,0.06618075736446671,0.0002729471963291985,0.06435693904115952,6614,5593,1021,0.15436951920169337,5,True,4,greedy_incremental_hypervolume
DC-A,SRVCHP_SRORC,R601a,R227EA,DC-A|SRVCHP_SRORC|R601a|R227EA,S2_DCA_SRVCHP-SRORC_R601a_R227EA_seed042_20260717T060425Z,4,258,0.10763454317897372,219,0.12204325308101727,0.1220500945017551,0.12204325308101727,0.0,-6.841420737827009e-06,0.5668015725148031,34.11030739746754,0.3634276318595927,0.033824337508282065,0.0121086017362515,0.06133107592176701,7327,6046,1281,0.1748328101542241,7,False,,
DC-A,SRVCHP_SRORC,Cyclopentane,R600,DC-A|SRVCHP_SRORC|Cyclopentane|R600,S2_DCA_SRVCHP-SRORC_Cyclopentane_R600_seed042_20260717T060425Z,5,255,0.10638297872340426,255,0.14385467661473939,0.1438546766147315,0.14385467661473939,0.0,7.882583474838611e-15,0.5930052280197452,33.923621164356746,0.4237706882656574,0.007620682003339985,0.19879483484704252,0.0009880195157023208,6613,6326,287,0.04339936488734311,0,False,,
DC-A,SRVCHP_SRORC,R245fa,R227EA,DC-A|SRVCHP_SRORC|R245fa|R227EA,S2_DCA_SRVCHP-SRORC_R245fa_R227EA_seed042_20260717T060425Z,6,172,0.07175636211931581,125,0.1211452229643744,0.1211452479100346,0.1211452229643744,0.0,-2.4945660204167552e-08,0.5610988738981965,34.12241599920379,0.3590471286709223,0.039527036124888726,0.0,0.0657115791104374,7856,6422,1434,0.1825356415478615,2,True,2,extreme_energy_density_thermal
DC-A,SRVCHP_SRORC,R600,R227EA,DC-A|SRVCHP_SRORC|R600|R227EA,S2_DCA_SRVCHP-SRORC_R600_R227EA_seed042_20260717T060425Z,7,163,0.06800166875260742,122,0.11638949851258047,0.1164028157822502,0.11638949851258047,0.0,-1.3317269669729792e-05,0.5305183399075456,34.12056263315338,0.3595774969387172,0.07010757011553959,0.0018533660504118643,0.0651812108426425,6596,5731,865,0.13114008489993936,6,False,,
DC-A,SRVCHP_SRORC,R600,R236ea,DC-A|SRVCHP_SRORC|R600|R236ea,S2_DCA_SRVCHP-SRORC_R600_R236ea_seed042_20260717T060425Z,8,105,0.04380475594493116,105,0.13565341839132627,0.1356534183913275,0.13565341839132627,0.0,-1.2212453270876722e-15,0.5709554198409362,34.04971022997752,0.399111803299187,0.029670490182148956,0.07270576922626759,0.025646904482172717,6560,6220,340,0.051829268292682924,0,True,5,greedy_incremental_hypervolume
DC-A,SRVCHP_SRORC,R1233zd(E),R236ea,DC-A|SRVCHP_SRORC|R1233zd(E)|R236ea,S2_DCA_SRVCHP-SRORC_R1233zdE_R236ea_seed042_20260717T060425Z,9,52,0.02169378389653734,52,0.13593254742026284,0.1359398317614021,0.13593254742026284,0.0,-7.284341139252026e-06,0.5757649600726945,34.06228071155832,0.4007832384120637,0.024860949950390676,0.060135287645465496,0.02397546936929601,6946,6195,751,0.10811978116901814,8,False,,
DC-A,SRVCHP_SRORC,R601,R236ea,DC-A|SRVCHP_SRORC|R601|R236ea,S2_DCA_SRVCHP-SRORC_R601_R236ea_seed042_20260717T060425Z,10,45,0.01877346683354193,45,0.13977441885989086,0.1397743376436703,0.13977441885989086,0.0,8.121622055434763e-08,0.5884063394430548,34.04852825055864,0.4095783927381767,0.012219570580030426,0.07388774864514858,0.015180315043183013,6653,6094,559,0.08402224560348714,0,False,,
DC-A,SRVCHP_SRORC,R1234ze(Z),R236ea,DC-A|SRVCHP_SRORC|R1234ze(Z)|R236ea,S2_DCA_SRVCHP-SRORC_R1234zeZ_R236ea_seed042_20260717T060425Z,11,27,0.011264080100125156,27,0.1358024661185932,0.1358024661185971,0.1358024661185932,0.0,-3.885780586188048e-15,0.5821745943601686,33.888006698244695,0.398224618239876,0.01845131566291658,0.23440930095909351,0.02653408954148373,7585,6895,690,0.09096901779828609,0,False,,
DC-A,SRVCHP_SRORC,R365MFC,R236ea,DC-A|SRVCHP_SRORC|R365MFC|R236ea,S2_DCA_SRVCHP-SRORC_R365MFC_R236ea_seed042_20260717T060425Z,12,25,0.010429703796412181,25,0.1378550957219955,0.1378550957219956,0.13785509572199547,2.7755575615628914e-17,-1.3877787807814457e-16,0.5868511169754036,34.06273549004087,0.4074514374600247,0.013774793047681588,0.05968050916291645,0.017307270321335,6628,6046,582,0.08780929390464695,0,False,,
DC-A,SRVCHP_SRORC,R601,R245fa,DC-A|SRVCHP_SRORC|R601|R245fa,S2_DCA_SRVCHP-SRORC_R601_R245fa_seed042_20260717T060425Z,13,18,0.007509386733416771,18,0.1373433069473205,0.1373433069473204,0.1373433069473205,0.0,1.1102230246251565e-16,0.5724715403214322,33.959534608340505,0.4139235853656571,0.02815436970165297,0.16288139086328357,0.010835122415702614,6565,6059,506,0.07707539984767707,0,False,,
DC-A,SRVCHP_SRORC,R600,R245fa,DC-A|SRVCHP_SRORC|R600|R245fa,S2_DCA_SRVCHP-SRORC_R600_R245fa_seed042_20260717T060425Z,14,18,0.007509386733416771,18,0.1364622084225171,0.1364622084225172,0.1364622084225171,0.0,-8.326672684688674e-17,0.5682289409373492,34.05518013159564,0.4062898647877007,0.03239696908573597,0.06723586760814726,0.01846884299365903,6554,5802,752,0.11473909063167531,0,False,,
DC-A,SRVCHP_SRORC,R601a,R600,DC-A|SRVCHP_SRORC|R601a|R600,S2_DCA_SRVCHP-SRORC_R601a_R600_seed042_20260717T060425Z,15,9,0.0037546933667083854,9,0.13985554907548362,0.139855549075483,0.13985554907548364,-2.7755575615628914e-17,6.38378239159465e-16,0.5886349982749868,33.96651962796259,0.4157847371476565,0.01199091174809841,0.15589637124119804,0.008973970633703199,6588,6127,461,0.06997571341833637,0,False,,
DC-A,SRVCHP_SRORC,R601,R600,DC-A|SRVCHP_SRORC|R601|R600,S2_DCA_SRVCHP-SRORC_R601_R600_seed042_20260717T060425Z,16,4,0.001668752607425949,4,0.13820299675165532,0.1382029967516552,0.13820299675165532,0.0,1.1102230246251565e-16,0.5977751367843612,33.95628521565588,0.413567772362012,0.002850773238723958,0.16613078354790645,0.011190935419347736,6603,5999,604,0.09147357261850673,0,False,,
DC-A,SRVCHP_SRORC,R365MFC,R600,DC-A|SRVCHP_SRORC|R365MFC|R600,S2_DCA_SRVCHP-SRORC_R365MFC_R600_seed042_20260717T060425Z,17,3,0.0012515644555694619,3,0.1373777129202587,0.1373777129202584,0.1373777129202587,0.0,2.7755575615628914e-16,0.5910106055871511,33.95710819556137,0.4116239002850745,0.009615304435934058,0.16530780364242048,0.013134807496285206,7898,7396,502,0.06356039503671816,0,False,,
DC-A,SRVCHP_SRORC,R365MFC,R245fa,DC-A|SRVCHP_SRORC|R365MFC|R245fa,S2_DCA_SRVCHP-SRORC_R365MFC_R245fa_seed042_20260717T060425Z,18,2,0.0008343763037129745,2,0.13727623930792077,0.1372762393079212,0.13727623930792077,0.0,-4.440892098500626e-16,0.5859270040013803,33.87004331027413,0.4117214886303144,0.014698906021704872,0.25237268892966114,0.013037219151045332,6607,6102,505,0.07643408506129862,0,False,,
DC-A,SRVCHP_SRORC,R601a,R236ea,DC-A|SRVCHP_SRORC|R601a|R236ea,S2_DCA_SRVCHP-SRORC_R601a_R236ea_seed042_20260717T060425Z,19,1,0.00041718815185648727,1,0.13656676780681268,0.136566786250311,0.13656676780681265,2.7755575615628914e-17,-1.8443498339681952e-08,0.577845274992466,34.04844322630562,0.4066822720556128,0.022780635030619223,0.07397277289816628,0.01807643572574691,6601,6277,324,0.04908347220118164,1,False,,
DC-A,SRVCHP_SRORC,R601a,R245fa,DC-A|SRVCHP_SRORC|R601a|R245fa,S2_DCA_SRVCHP-SRORC_R601a_R245fa_seed042_20260717T060425Z,20,0,0.0,0,0.1377160182149744,0.1377160182149743,0.1377160182149744,0.0,8.326672684688674e-17,0.5796852471117163,33.89597827772166,0.4135922941935968,0.020940662911368868,0.22643772148212804,0.011166413587762936,6643,6333,310,0.04666566310401927,0,False,,
DC-A,SRVCHP_SRORC,R245fa,R236ea,DC-A|SRVCHP_SRORC|R245fa|R236ea,S2_DCA_SRVCHP-SRORC_R245fa_R236ea_seed042_20260717T060425Z,21,0,0.0,0,0.13451214038935508,0.1345119638329034,0.13451214038935508,0.0,1.7655645168090928e-07,0.5855136663280812,34.052262550079085,0.3978651615122874,0.015112243695003968,0.07015344912470312,0.02689354626907231,8269,7223,1046,0.12649655339218768,1,False,,
DC-A,SRVCHP_SRORC,R600,R1234ze(E),DC-A|SRVCHP_SRORC|R600|R1234ze(E),S2_DCA_SRVCHP-SRORC_R600_R1234zeE_seed042_20260717T060425Z,22,0,0.0,0,0.11900337954907664,0.1190033795490767,0.11900337954907664,0.0,-5.551115123125783e-17,0.5655350644949814,33.93888398165476,0.3608470731640139,0.03509084552810382,0.1835320175490267,0.06391163461734584,8797,6872,1925,0.21882459929521428,0,False,,
DC-B,SBVCHP_SBORC,Cyclopentane,R227EA,DC-B|SBVCHP_SBORC|Cyclopentane|R227EA,S2_DCB_SBVCHP-SBORC_Cyclopentane_R227EA_seed042_20260717T060425Z,1,1046,0.6517133956386293,854,0.06307440526823115,0.0631059556930078,0.06307440526823113,1.3877787807814457e-17,-3.155042477666348e-05,0.366537098352127,34.04871734903995,0.299141565273537,0.05147653494527099,0.0,0.05830780448215239,11850,10026,1824,0.1539240506329114,3,True,1,extreme_energy_density_thermal
DC-B,SBVCHP_SBORC,Cyclopentane,R365MFC,DC-B|SBVCHP_SBORC|Cyclopentane|R365MFC,S2_DCB_SBVCHP-SBORC_Cyclopentane_R365MFC_seed042_20260717T060425Z,2,355,0.22118380062305296,0,0.07543311586378698,0.075433115863787,0.075433115863787,-1.3877787807814457e-17,0.0,0.4151071751727706,33.931446283060865,0.3574493697556894,0.0029064581246273646,0.11727106597908232,0.0,6720,6539,181,0.02693452380952381,0,True,2,extreme_exergy_efficiency
DC-B,SBVCHP_SBORC,Cyclopentane,R245fa,DC-B|SBVCHP_SBORC|Cyclopentane|R245fa,S2_DCB_SBVCHP-SBORC_Cyclopentane_R245fa_seed042_20260717T060425Z,3,109,0.06791277258566979,0,0.07427898016204884,0.074278980162049,0.07427898016204884,0.0,-1.5265566588595902e-16,0.418013633297398,33.99456575987831,0.351570353522814,0.0,0.054151589161634206,0.0058790162328754,6663,6513,150,0.0225123818099955,0,True,3,extreme_eta_p2p
DC-B,SBVCHP_SBORC,Cyclopentane,R600,DC-B|SBVCHP_SBORC|Cyclopentane|R600,S2_DCB_SBVCHP-SBORC_Cyclopentane_R600_seed042_20260717T060425Z,4,52,0.032398753894081,0,0.07289636805998187,0.0728963680599817,0.07289636805998187,0.0,1.6653345369377348e-16,0.4085101788479549,33.93457239762952,0.3494490954070001,0.009503454449443116,0.1141449514104238,0.008000274348689329,6545,6451,94,0.01436210847975554,0,True,5,greedy_incremental_hypervolume
DC-B,SBVCHP_SBORC,Cyclopentane,R236ea,DC-B|SBVCHP_SBORC|Cyclopentane|R236ea,S2_DCB_SBVCHP-SBORC_Cyclopentane_R236ea_seed042_20260717T060425Z,5,28,0.017445482866043614,0,0.07207591498790333,0.0720759149879025,0.07207591498790333,0.0,8.326672684688674e-16,0.4069007457803156,34.03571133552239,0.339226040942755,0.011112887517082393,0.013006013517554038,0.018223328812934425,7523,7222,301,0.04001063405556294,0,True,4,greedy_incremental_hypervolume
DC-B,SBVCHP_SBORC,Cyclopentane,R236fa,DC-B|SBVCHP_SBORC|Cyclopentane|R236fa,S2_DCB_SBVCHP-SBORC_Cyclopentane_R236fa_seed042_20260717T060425Z,6,8,0.004984423676012461,0,0.06903540945411102,0.0690358449969451,0.06903540945411102,0.0,-4.35542834076319e-07,0.3961012712866854,34.03881932145549,0.3271793266475031,0.021912362010712616,0.009898027584455349,0.030270043108186317,6903,6628,275,0.03983775170215848,2,False,,
DC-B,SBVCHP_SBORC,Cyclopentane,R1234ze(E),DC-B|SBVCHP_SBORC|Cyclopentane|R1234ze(E),S2_DCB_SBVCHP-SBORC_Cyclopentane_R1234zeE_seed042_20260717T060425Z,7,4,0.0024922118380062306,0,0.06453285554590617,0.0645328555459063,0.06453285554590618,-1.3877787807814457e-17,-1.249000902703301e-16,0.3764900421288702,34.03915774353025,0.3149087476780064,0.041523591168527774,0.009559605509700475,0.042540622077683,7795,7091,704,0.09031430404105195,0,False,,
DC-B,SBVCHP_SBORC,Cyclopentane,R600a,DC-B|SBVCHP_SBORC|Cyclopentane|R600a,S2_DCB_SBVCHP-SBORC_Cyclopentane_R600a_seed042_20260717T060425Z,8,3,0.001869158878504673,0,0.07022324584298557,0.0702232458429852,0.07022324584298557,0.0,3.7470027081099033e-16,0.4030634335827643,34.03546004340891,0.3381763992090548,0.014950199714633683,0.013257305631036331,0.019272970546634627,8292,8031,261,0.03147612156295224,0,False,,
DC-B,SBVCHP_SBORC,R1234ze(Z),R365MFC,DC-B|SBVCHP_SBORC|R1234ze(Z)|R365MFC,S2_DCB_SBVCHP-SBORC_R1234zeZ_R365MFC_seed042_20260717T060425Z,9,0,0.0,0,0.06152190348591384,0.0615219034859138,0.06152190348591384,0.0,4.163336342344337e-17,0.3809749355647569,33.981736518233454,0.321708933623301,0.03703869773264107,0.06698083080649297,0.03574043613238842,6594,6389,205,0.031088868668486504,0,False,,
DC-B,SBVCHP_SBORC,R1234ze(Z),R245fa,DC-B|SBVCHP_SBORC|R1234ze(Z)|R245fa,S2_DCB_SBVCHP-SBORC_R1234zeZ_R245fa_seed042_20260717T060425Z,10,0,0.0,0,0.06103404087248881,0.061034040871259,0.061034040872488815,-6.938893903907228e-18,1.2298148610589976e-12,0.3797271098609232,34.03216438897548,0.3177446727295296,0.03828652343647482,0.01655296006446605,0.03970469702615981,6593,6401,192,0.02912179584407705,0,False,,
DC-B,SBVCHP_SBORC,R1234ze(Z),R600,DC-B|SBVCHP_SBORC|R1234ze(Z)|R600,S2_DCB_SBVCHP-SBORC_R1234zeZ_R600_seed042_20260717T060425Z,11,0,0.0,0,0.060839026593498186,0.0608390265934981,0.060839026593498186,0.0,8.326672684688674e-17,0.3805222712010522,33.986445874885575,0.3178778233972708,0.03749136209634579,0.06227147415437173,0.03957154635841864,6787,6618,169,0.024900545159864448,0,False,,
DC-B,SBVCHP_SBORC,R1234ze(Z),R236ea,DC-B|SBVCHP_SBORC|R1234ze(Z)|R236ea,S2_DCB_SBVCHP-SBORC_R1234zeZ_R236ea_seed042_20260717T060425Z,12,0,0.0,0,0.05952967828754186,0.0595296782875422,0.05952967828754188,-2.0816681711721685e-17,-3.191891195797325e-16,0.3749161880703222,34.03661609616392,0.3102614744010862,0.043097445227075815,0.012101252876028923,0.047187895354603215,6672,6442,230,0.03447242206235012,0,False,,
DC-B,SBVCHP_SBORC,R1234ze(Z),R600a,DC-B|SBVCHP_SBORC|R1234ze(Z)|R600a,S2_DCB_SBVCHP-SBORC_R1234zeZ_R600a_seed042_20260717T060425Z,13,0,0.0,0,0.059136492138881384,0.0591364921388814,0.059136492138881384,0.0,-1.3877787807814457e-17,0.3726521046572795,34.03513107969788,0.3093277066202557,0.0453615286401185,0.013586269342070523,0.0481216631354337,9740,9329,411,0.04219712525667351,0,False,,
DC-B,SBVCHP_SBORC,R1234ze(Z),R236fa,DC-B|SBVCHP_SBORC|R1234ze(Z)|R236fa,S2_DCB_SBVCHP-SBORC_R1234zeZ_R236fa_seed042_20260717T060425Z,14,0,0.0,0,0.05893911216141927,0.0589391121613997,0.058939112161419276,-6.938893903907228e-18,1.957461970292229e-14,0.3706357061421548,34.03904481175928,0.304677934742699,0.047377927155243194,0.009672537280664528,0.05277143501299042,10002,9693,309,0.03089382123575285,0,False,,
DC-B,SBVCHP_SBORC,R1233zd(E),R365MFC,DC-B|SBVCHP_SBORC|R1233zd(E)|R365MFC,S2_DCB_SBVCHP-SBORC_R1233zdE_R365MFC_seed042_20260717T060425Z,15,0,0.0,0,0.058477026629853254,0.0584771541056442,0.058477026629853254,0.0,-1.2747579094390948e-07,0.36299087373243,34.03109081164895,0.3250156467167126,0.055022759564967993,0.017626537390995622,0.03243372303897679,7753,7468,285,0.03675996388494776,0,False,,
DC-B,SBVCHP_SBORC,R1233zd(E),R245fa,DC-B|SBVCHP_SBORC|R1233zd(E)|R245fa,S2_DCB_SBVCHP-SBORC_R1233zdE_R245fa_seed042_20260717T060425Z,16,0,0.0,0,0.05791893058247506,0.0579189166915339,0.05791893058247506,0.0,1.3890941161220915e-08,0.3684052812837893,34.030749832488134,0.3218717500562452,0.04960835201360869,0.01796751655181339,0.03557761969944423,8139,7462,677,0.08317975181226195,1,False,,
DC-B,SBVCHP_SBORC,R1233zd(E),R236ea,DC-B|SBVCHP_SBORC|R1233zd(E)|R236ea,S2_DCB_SBVCHP-SBORC_R1233zdE_R236ea_seed042_20260717T060425Z,17,0,0.0,0,0.05596714299201266,0.0559681650844365,0.05596714299201266,0.0,-1.0220924238427131e-06,0.3547184382821481,34.036623330816056,0.3110250298082396,0.06329519501524988,0.012094018223891112,0.04642433994744982,9227,8614,613,0.06643546114663487,0,False,,
DC-B,SBVCHP_SBORC,R1234ze(Z),R1234ze(E),DC-B|SBVCHP_SBORC|R1234ze(Z)|R1234ze(E),S2_DCB_SBVCHP-SBORC_R1234zeZ_R1234zeE_seed042_20260717T060425Z,18,0,0.0,0,0.05555139026384816,0.0555513902638481,0.05555139026384816,0.0,5.551115123125783e-17,0.3575168356072566,34.038704196041124,0.291237934653113,0.06049679769014138,0.010013152998823216,0.06621143510257643,7132,6350,782,0.10964666292765003,0,False,,
DC-B,SBVCHP_SBORC,R1233zd(E),R600,DC-B|SBVCHP_SBORC|R1233zd(E)|R600,S2_DCB_SBVCHP-SBORC_R1233zdE_R600_seed042_20260717T060425Z,19,0,0.0,0,0.05541808908062083,0.0554179401509663,0.05541808908062083,0.0,1.4892965453233709e-07,0.3593578703888488,34.03136441771058,0.3155080292054341,0.05865576290854918,0.01735293132936988,0.041941340550255335,6598,5914,684,0.10366777811458018,0,False,,
DC-B,SBVCHP_SBORC,R1233zd(E),R600a,DC-B|SBVCHP_SBORC|R1233zd(E)|R600a,S2_DCB_SBVCHP-SBORC_R1233zdE_R600a_seed042_20260717T060425Z,20,0,0.0,0,0.05480462262696226,0.0548050420713441,0.054804622626962264,-6.938893903907228e-18,-4.194443818383853e-07,0.355482457579332,34.03404011411093,0.3090944609182113,0.06253117571806599,0.014677234929017402,0.04835490883747812,9153,8560,593,0.06478750136567246,0,False,,
DC-B,SBVCHP_SBORC,R1233zd(E),R236fa,DC-B|SBVCHP_SBORC|R1233zd(E)|R236fa,S2_DCB_SBVCHP-SBORC_R1233zdE_R236fa_seed042_20260717T060425Z,21,0,0.0,0,0.0545209255896405,0.0545208086010481,0.054520925589640494,6.938893903907228e-18,1.1698859239683834e-07,0.3529310532066297,34.01009915575258,0.3032538983844738,0.06508258009076828,0.038618193287369706,0.05419547137121561,7348,6746,602,0.0819270549809472,0,False,,
DC-B,SBVCHP_SBORC,R1233zd(E),R1234ze(E),DC-B|SBVCHP_SBORC|R1233zd(E)|R1234ze(E),S2_DCB_SBVCHP-SBORC_R1233zdE_R1234zeE_seed042_20260717T060425Z,22,0,0.0,0,0.05161102083434939,0.0516106544983591,0.05161102083434939,0.0,3.6633599028584873e-07,0.3424235620620621,34.03760587313947,0.2914320682034539,0.0755900712353359,0.011111475900477785,0.06601730155223551,6583,5697,886,0.13458909311863892,1,False,,
DC-B,SBVCHP_SBORC,R245fa,R365MFC,DC-B|SBVCHP_SBORC|R245fa|R365MFC,S2_DCB_SBVCHP-SBORC_R245fa_R365MFC_seed042_20260717T060425Z,23,0,0.0,0,0.05093359305111308,0.0509335930511261,0.05093359305111311,-3.469446951953614e-17,-1.2989609388114332e-14,0.3352116263577512,34.03068503068263,0.3114883210816965,0.08280200693964679,0.01803231835731367,0.04596104867399292,7007,6881,126,0.017982017982017984,0,False,,
DC-B,SBVCHP_SBORC,R245fa,R600,DC-B|SBVCHP_SBORC|R245fa|R600,S2_DCB_SBVCHP-SBORC_R245fa_R600_seed042_20260717T060425Z,24,0,0.0,0,0.05050556614373382,0.0505055661306646,0.05050556614373382,0.0,1.3069219317873859e-11,0.3381874469355246,34.02959053295476,0.3077505314146754,0.07982618636187339,0.019126816085190512,0.04969883834101402,6586,6111,475,0.07212268448223505,0,False,,
DC-B,SBVCHP_SBORC,R245fa,R245fa,DC-B|SBVCHP_SBORC|R245fa|R245fa,S2_DCB_SBVCHP-SBORC_R245fa_R245fa_seed042_20260717T060425Z,25,0,0.0,0,0.05000282701750316,0.0500028537569724,0.05000282701750315,6.938893903907228e-18,-2.673946924991455e-08,0.3366055387124494,34.02971360645715,0.3064913325795832,0.08140809458494858,0.01900374258279669,0.0509580371761062,6560,6138,422,0.06432926829268293,0,False,,
DC-B,SBVCHP_SBORC,R1233zd(E),R227EA,DC-B|SBVCHP_SBORC|R1233zd(E)|R227EA,S2_DCB_SBVCHP-SBORC_R1233zdE_R227EA_seed042_20260717T060425Z,26,0,0.0,0,0.04974398943323255,0.0497441305658541,0.04974398943323255,0.0,-1.4113262154780148e-07,0.3251726663338517,34.04616972443214,0.2769642370528644,0.09284096696354627,0.0025476246078071085,0.08048513270282504,6603,5173,1430,0.21656822656368319,1,False,,
DC-B,SBVCHP_SBORC,R600,R1234ze(E),DC-B|SBVCHP_SBORC|R600|R1234ze(E),S2_DCB_SBVCHP-SBORC_R600_R1234zeE_seed042_20260717T060425Z,27,0,0.0,0,0.0446135200029233,0.0446135200029229,0.0446135200029233,0.0,3.95516952522712e-16,0.3072488768083788,34.03438342568425,0.2817790419385172,0.11076475648901918,0.014333923355700051,0.0756703278171722,7654,6458,1196,0.15625816566501177,0,False,,
DC-B,SBVCHP_SBORC,R245fa,R1234ze(E),DC-B|SBVCHP_SBORC|R245fa|R1234ze(E),S2_DCB_SBVCHP-SBORC_R245fa_R1234zeE_seed042_20260717T060425Z,28,0,0.0,0,0.0436599816723426,0.0436599959190389,0.0436599816723426,0.0,-1.4246696301845052e-08,0.3117220949030969,34.03672941615558,0.2775254700249637,0.10629153839430111,0.011987932884366614,0.07992389973072572,9025,7812,1213,0.134404432132964,2,False,,
DC-B,SBVCHP_SBORC,R245fa,R290,DC-B|SBVCHP_SBORC|R245fa|R290,S2_DCB_SBVCHP-SBORC_R245fa_R290_seed042_20260717T060425Z,29,0,0.0,0,0.03282576554579355,0.0328257655496485,0.03282576554579355,0.0,-3.854951080572988e-12,0.2706712870865755,34.03779909196432,0.2377840598645212,0.14734234621082248,0.010918257075630322,0.11966530989116822,12456,8296,4160,0.33397559409120103,3,False,,
DC-B,SBVCHP_SBORC,R245fa,R152A,DC-B|SBVCHP_SBORC|R245fa|R152A,S2_DCB_SBVCHP-SBORC_R245fa_R152A_seed042_20260717T060425Z,30,0,0.0,0,0.020671854102895845,0.020671854096717,0.020671854102895845,0.0,6.178845629589702e-12,0.2485437338491913,34.02923240134441,0.190581901239997,0.1694698994482067,0.019484947695538324,0.16686746851569242,9188,5733,3455,0.3760339573356552,0,False,,
DC-B,SRVCHP_SRORC,Cyclopentane,R365MFC,DC-B|SRVCHP_SRORC|Cyclopentane|R365MFC,S2_DCB_SRVCHP-SRORC_Cyclopentane_R365MFC_seed042_20260717T060425Z,1,479,0.24216380182002023,479,0.10508337676167526,0.1050833767616753,0.10508337676167523,2.7755575615628914e-17,-6.938893903907228e-17,0.4940505631681677,33.78240113657701,0.4228039805331641,0.0,0.08404233583536325,0.0,6637,6258,379,0.05710411330420371,0,True,1,extreme_eta_p2p;extreme_exergy_efficiency
DC-B,SRVCHP_SRORC,R601,R365MFC,DC-B|SRVCHP_SRORC|R601|R365MFC,S2_DCB_SRVCHP-SRORC_R601_R365MFC_seed042_20260717T060425Z,2,332,0.1678463094034378,332,0.10029429012447036,0.1002942901244697,0.10029429012447036,0.0,6.522560269672795e-16,0.4789054460930327,33.782774229995375,0.4127473687555669,0.015145117075134995,0.08366924241699536,0.010056611777597202,7976,7427,549,0.06883149448345036,0,False,,
DC-B,SRVCHP_SRORC,R1233zd(E),R227EA,DC-B|SRVCHP_SRORC|R1233zd(E)|R227EA,S2_DCB_SRVCHP-SRORC_R1233zdE_R227EA_seed042_20260717T060425Z,3,266,0.134479271991911,206,0.0804728875290465,0.0804731219228129,0.0804728875290465,0.0,-2.3439376641010146e-07,0.3884322236378059,33.8630030335906,0.3218039070104626,0.10561833953036182,0.003440438821769476,0.10100007352270152,7604,5670,1934,0.25433982114676484,4,False,,
DC-B,SRVCHP_SRORC,R245fa,R227EA,DC-B|SRVCHP_SRORC|R245fa|R227EA,S2_DCB_SRVCHP-SRORC_R245fa_R227EA_seed042_20260717T060425Z,4,256,0.12942366026289182,229,0.08053280047275103,0.0805347565451199,0.080532800472751,2.7755575615628914e-17,-1.9560723688999415e-06,0.398565606490098,33.86300960518996,0.3216257242565137,0.09548495667806972,0.0034338672224123457,0.10117825627665039,8884,6308,2576,0.289959477712742,4,True,3,greedy_incremental_hypervolume
DC-B,SRVCHP_SRORC,R600,R227EA,DC-B|SRVCHP_SRORC|R600|R227EA,S2_DCB_SRVCHP-SRORC_R600_R227EA_seed042_20260717T060425Z,5,219,0.11071789686552073,151,0.07943182622898907,0.0794322092654867,0.07943182622898907,0.0,-3.830364976309397e-07,0.3839492479304201,33.86644347241237,0.3214792009730432,0.11010131523774758,0.0,0.10132477956012087,7958,5923,2035,0.2557175169640613,5,True,2,extreme_energy_density_thermal
DC-B,SRVCHP_SRORC,Cyclopentane,R236ea,DC-B|SRVCHP_SRORC|Cyclopentane|R236ea,S2_DCB_SRVCHP-SRORC_Cyclopentane_R236ea_seed042_20260717T060425Z,6,149,0.07532861476238625,149,0.09888053043476548,0.0988805304347653,0.0988805304347655,-1.3877787807814457e-17,1.942890293094024e-16,0.4674511246600178,33.78544884556052,0.3942552017252076,0.026599438508149886,0.08099462685184733,0.028548778807956476,6609,6317,292,0.04418217582085036,0,True,4,greedy_incremental_hypervolume
DC-B,SRVCHP_SRORC,R601a,R227EA,DC-B|SRVCHP_SRORC|R601a|R227EA,S2_DCB_SRVCHP-SRORC_R601a_R227EA_seed042_20260717T060425Z,7,123,0.0621840242669363,113,0.08085147468371387,0.0808515253645525,0.08085147468371388,-1.3877787807814457e-17,-5.068083862302952e-08,0.4044959396178983,33.86287938663868,0.3263378412589575,0.08955462355026939,0.003564085773689385,0.09646613927420661,6723,4788,1935,0.2878179384203481,4,True,5,greedy_incremental_hypervolume
DC-B,SRVCHP_SRORC,Cyclopentane,R245fa,DC-B|SRVCHP_SRORC|Cyclopentane|R245fa,S2_DCB_SRVCHP-SRORC_Cyclopentane_R245fa_seed042_20260717T060425Z,8,106,0.05358948432760364,106,0.09803189135149185,0.0980318913514918,0.09803189135149185,0.0,4.163336342344337e-17,0.4711033300331007,32.19982621109979,0.4019489814244746,0.022947233135067024,1.666617261312581,0.020854999108689487,7627,6820,807,0.10580831257375115,0,False,,
DC-B,SRVCHP_SRORC,R601,R236ea,DC-B|SRVCHP_SRORC|R601|R236ea,S2_DCB_SRVCHP-SRORC_R601_R236ea_seed042_20260717T060425Z,9,16,0.008088978766430738,16,0.09474773870662218,0.0947477387066224,0.09474773870662219,-1.3877787807814457e-17,-2.0816681711721685e-16,0.4548278762182789,33.76991532778438,0.3881476360065482,0.039222686949888785,0.09652814462798887,0.03465634452661587,6636,6238,398,0.05997588908981314,0,False,,
DC-B,SRVCHP_SRORC,R601a,R236ea,DC-B|SRVCHP_SRORC|R601a|R236ea,S2_DCB_SRVCHP-SRORC_R601a_R236ea_seed042_20260717T060425Z,10,7,0.003538928210313448,7,0.09367151014837884,0.0936715101483786,0.09367151014837884,0.0,2.3592239273284576e-16,0.4482773170815833,33.77199237237635,0.3840849906394958,0.045773246086584396,0.09445110003601798,0.03871898989366829,6562,6184,378,0.057604388905821396,0,False,,
DC-B,SRVCHP_SRORC,R601a,R365MFC,DC-B|SRVCHP_SRORC|R601a|R365MFC,S2_DCB_SRVCHP-SRORC_R601a_R365MFC_seed042_20260717T060425Z,11,6,0.003033367037411527,6,0.09961330617625083,0.0996133061762512,0.09961330617625082,1.3877787807814457e-17,-3.885780586188048e-16,0.4809238047148707,33.76599768050625,0.4095494717117773,0.013126758453297027,0.10044579190611813,0.01325450882138679,8179,7641,538,0.06577821249541509,0,False,,
DC-B,SRVCHP_SRORC,R1233zd(E),R365MFC,DC-B|SRVCHP_SRORC|R1233zd(E)|R365MFC,S2_DCB_SRVCHP-SRORC_R1233zdE_R365MFC_seed042_20260717T060425Z,12,5,0.0025278058645096056,5,0.09883380416481974,0.0988435736545048,0.09883380416481974,0.0,-9.769489685063082e-06,0.4742932534876776,33.76153428943759,0.4036541049532584,0.01975730968049011,0.10490918297477947,0.019149875579905717,6908,6282,626,0.09061957151129126,6,False,,
DC-B,SRVCHP_SRORC,R365MFC,R236ea,DC-B|SRVCHP_SRORC|R365MFC|R236ea,S2_DCB_SRVCHP-SRORC_R365MFC_R236ea_seed042_20260717T060425Z,13,5,0.0025278058645096056,5,0.09233996072585501,0.092339960725864,0.09233996072585501,0.0,-8.992806499463768e-15,0.4480272698003539,33.77179752463755,0.3831524836190804,0.0460232933678138,0.09464594777482205,0.039651496914083706,6646,6381,265,0.039873608185374665,0,False,,
DC-B,SRVCHP_SRORC,Cyclopentane,R600,DC-B|SRVCHP_SRORC|Cyclopentane|R600,S2_DCB_SRVCHP-SRORC_Cyclopentane_R600_seed042_20260717T060425Z,14,4,0.0020222446916076846,4,0.09867263727155659,0.0986726372715565,0.09867263727155662,-2.7755575615628914e-17,1.249000902703301e-16,0.4774872366865597,33.772812815989255,0.4035636277945372,0.01656332648160802,0.09363065642311597,0.019240352738626898,7078,6276,802,0.11330884430630121,0,False,,
DC-B,SRVCHP_SRORC,R1233zd(E),R236ea,DC-B|SRVCHP_SRORC|R1233zd(E)|R236ea,S2_DCB_SRVCHP-SRORC_R1233zdE_R236ea_seed042_20260717T060425Z,15,2,0.0010111223458038423,2,0.09282482167106457,0.0928258903839846,0.09282482167106457,0.0,-1.0687129200354084e-06,0.4457695652959242,33.78373758826971,0.37705129481848,0.04828099787224349,0.082705884142662,0.045752685714684105,7216,6674,542,0.07511086474501108,3,False,,
DC-B,SRVCHP_SRORC,R600,R236ea,DC-B|SRVCHP_SRORC|R600|R236ea,S2_DCB_SRVCHP-SRORC_R600_R236ea_seed042_20260717T060425Z,16,2,0.0010111223458038423,2,0.09054782637832395,0.090547826378325,0.09054782637832393,2.7755575615628914e-17,-1.0685896612017132e-15,0.4350517907662109,33.765471676351886,0.374293803096582,0.05899877240195678,0.10097179606048456,0.04851017743658209,6557,6256,301,0.04590513954552387,0,False,,
DC-B,SRVCHP_SRORC,R1234ze(Z),R236ea,DC-B|SRVCHP_SRORC|R1234ze(Z)|R236ea,S2_DCB_SRVCHP-SRORC_R1234zeZ_R236ea_seed042_20260717T060425Z,17,1,0.0005055611729019212,1,0.09232513775273456,0.0923251377527344,0.09232513775273458,-2.7755575615628914e-17,1.8041124150158794e-16,0.4423430025344301,33.76977986644428,0.3728843880478025,0.051707560633737604,0.09666360596808943,0.0499195924853616,6959,6574,385,0.05532404081046127,0,False,,
DC-B,SRVCHP_SRORC,R365MFC,R365MFC,DC-B|SRVCHP_SRORC|R365MFC|R365MFC,S2_DCB_SRVCHP-SRORC_R365MFC_R365MFC_seed042_20260717T060425Z,18,0,0.0,0,0.09867584559357878,0.0986758455935796,0.09867584559357884,-5.551115123125783e-17,-7.632783294297951e-16,0.4737618806813645,33.76781955014041,0.4074038087564264,0.02028868248680321,0.09862392227196182,0.015400171776737692,6612,6294,318,0.04809437386569873,0,False,,
DC-B,SRVCHP_SRORC,R1234ze(Z),R365MFC,DC-B|SRVCHP_SRORC|R1234ze(Z)|R365MFC,S2_DCB_SRVCHP-SRORC_R1234zeZ_R365MFC_seed042_20260717T060425Z,19,0,0.0,0,0.09656208600330464,0.096562086003305,0.09656208600330461,2.7755575615628914e-17,-3.885780586188048e-16,0.4653794406149873,33.7764173966707,0.3959432783905652,0.028671122553180384,0.09002607574166888,0.02686070214259889,7188,6683,505,0.07025598219254313,0,False,,
DC-B,SRVCHP_SRORC,R600,R365MFC,DC-B|SRVCHP_SRORC|R600|R365MFC,S2_DCB_SRVCHP-SRORC_R600_R365MFC_seed042_20260717T060425Z,20,0,0.0,0,0.095522359993778,0.0955223599937778,0.095522359993778,0.0,2.0816681711721685e-16,0.4599890105540175,33.77364840407227,0.3964525042277113,0.034061552614150226,0.0927950683401022,0.026351476305452814,7499,6960,539,0.07187625016668889,0,False,,
DC-B,SRVCHP_SRORC,R245fa,R365MFC,DC-B|SRVCHP_SRORC|R245fa|R365MFC,S2_DCB_SRVCHP-SRORC_R245fa_R365MFC_seed042_20260717T060425Z,21,0,0.0,0,0.0952510368945503,0.0952367537906048,0.09525103689455032,-1.3877787807814457e-17,1.428310394552268e-05,0.4647618371366335,33.774139449991786,0.3933480012363152,0.029288726031534207,0.09230402242058489,0.0294559792968489,7198,6646,552,0.07668796888024451,0,False,,
DC-B,SRVCHP_SRORC,R601,R600,DC-B|SRVCHP_SRORC|R601|R600,S2_DCB_SRVCHP-SRORC_R601_R600_seed042_20260717T060425Z,22,0,0.0,0,0.0944155518853087,0.0944155518853087,0.0944155518853087,0.0,0.0,0.4652866147407458,33.041400118017144,0.3946323279496916,0.028763948427421915,0.8250433543952269,0.028171652583472484,6594,5733,861,0.1305732484076433,0,False,,
DC-B,SRVCHP_SRORC,R601,R245fa,DC-B|SRVCHP_SRORC|R601|R245fa,S2_DCB_SRVCHP-SRORC_R601_R245fa_seed042_20260717T060425Z,23,0,0.0,0,0.09378728614305779,0.0937872861432779,0.09378728614305779,0.0,-2.201155924197451e-13,0.4626241229804018,32.125162659499374,0.3957342996803926,0.031426440187765914,1.741280812912997,0.027069680852771505,7738,7015,723,0.0934349961230292,0,False,,
DC-B,SRVCHP_SRORC,R601a,R245fa,DC-B|SRVCHP_SRORC|R601a|R245fa,S2_DCB_SRVCHP-SRORC_R601a_R245fa_seed042_20260717T060425Z,24,0,0.0,0,0.093412941183118,0.0934129411831179,0.09341294118311805,-4.163336342344337e-17,1.5265566588595902e-16,0.462191974965885,31.86690608291493,0.3941323180438849,0.03185858820228271,1.9995373894974406,0.028671662489279215,10271,9082,1189,0.11576282737805471,0,False,,
DC-B,SRVCHP_SRORC,R365MFC,R600,DC-B|SRVCHP_SRORC|R365MFC|R600,S2_DCB_SRVCHP-SRORC_R365MFC_R600_seed042_20260717T060425Z,25,0,0.0,0,0.09223718627983864,0.0922371862798385,0.09223718627983865,-1.3877787807814457e-17,1.5265566588595902e-16,0.4568658109682511,33.7629972905195,0.3918840856983019,0.037184752199916626,0.10344618189287047,0.030919894834862183,7340,6546,794,0.10817438692098093,0,False,,
DC-B,SRVCHP_SRORC,R601a,R600,DC-B|SRVCHP_SRORC|R601a|R600,S2_DCB_SRVCHP-SRORC_R601a_R600_seed042_20260717T060425Z,26,0,0.0,0,0.09209160558629967,0.0920916055863021,0.09209160558629965,1.3877787807814457e-17,-2.4424906541753444e-15,0.4547998574702689,32.39373302734381,0.3915255678565068,0.03925070569789879,1.4727104450685573,0.03127841267665732,6651,5941,710,0.10675086453164938,0,False,,
DC-B,SRVCHP_SRORC,R245fa,R236ea,DC-B|SRVCHP_SRORC|R245fa|R236ea,S2_DCB_SRVCHP-SRORC_R245fa_R236ea_seed042_20260717T060425Z,27,0,0.0,0,0.0903630101600625,0.0903629308341256,0.0903630101600625,0.0,7.932593690251899e-08,0.4405361324720995,33.787192268206645,0.3733565659891275,0.053514430696068205,0.0792512042057254,0.049447414544036616,6794,6341,453,0.06667647924639387,0,False,,
DC-B,SRVCHP_SRORC,R600,R245fa,DC-B|SRVCHP_SRORC|R600|R245fa,S2_DCB_SRVCHP-SRORC_R600_R245fa_seed042_20260717T060425Z,28,0,0.0,0,0.08818814669825065,0.0881881466982479,0.08818814669825062,2.7755575615628914e-17,2.7200464103316335e-15,0.4395873225905264,31.59693605113201,0.3814518406719422,0.05446324057764129,2.2695074212803625,0.04135213986122188,6600,5911,689,0.1043939393939394,0,False,,
DC-B,SRVCHP_SRORC,R365MFC,R245fa,DC-B|SRVCHP_SRORC|R365MFC|R245fa,S2_DCB_SRVCHP-SRORC_R365MFC_R245fa_seed042_20260717T060425Z,29,0,0.0,0,0.08597389605787298,0.0859738960578729,0.08597389605787295,2.7755575615628914e-17,5.551115123125783e-17,0.4193517187963647,32.50591838252083,0.3910556115562954,0.07469884437180302,1.3605250898915386,0.03174836897686867,6580,5894,686,0.10425531914893617,0,False,,
DC-B,SRVCHP_SRORC,R600,R1234ze(E),DC-B|SRVCHP_SRORC|R600|R1234ze(E),S2_DCB_SRVCHP-SRORC_R600_R1234zeE_seed042_20260717T060425Z,30,0,0.0,0,0.07447564556533988,0.0744756455653419,0.07447564556533987,1.3877787807814457e-17,-2.040034807748725e-15,0.3947560539547394,32.24662583757402,0.326372035386759,0.0992945092134283,1.6198176348383484,0.09643194514640507,7403,5145,2258,0.30501148183168986,0,False,,
DC-C,SBVCHP_SBORC,Acetone,R245fa,DC-C|SBVCHP_SBORC|Acetone|R245fa,S2_DCC_SBVCHP-SBORC_Acetone_R245fa_seed042_20260717T060425Z,1,927,0.34875846501128666,14,0.1616105560038779,0.1616202987827674,0.1616105560038779,0.0,-9.742778889515469e-06,0.796983956223797,39.9199335744996,0.3720133618740898,0.0,0.011836892797454368,0.0,11322,10074,1248,0.11022787493375728,23,True,1,extreme_eta_p2p;extreme_exergy_efficiency
DC-C,SBVCHP_SBORC,Acetone,R600,DC-C|SBVCHP_SBORC|Acetone|R600,S2_DCC_SBVCHP-SBORC_Acetone_R600_seed042_20260717T060425Z,2,435,0.1636568848758465,0,0.15676718776292045,0.1567691164968213,0.15676718776292045,0.0,-1.9287339008411397e-06,0.7603953986655495,39.91946252550045,0.369184828703254,0.036588557558247525,0.01230794179660677,0.002828533170835812,7735,7269,466,0.06024563671622495,7,True,3,greedy_incremental_hypervolume
DC-C,SBVCHP_SBORC,Acetone,R236fa,DC-C|SBVCHP_SBORC|Acetone|R236fa,S2_DCC_SBVCHP-SBORC_Acetone_R236fa_seed042_20260717T060425Z,3,384,0.14446952595936793,72,0.14876131221274075,0.148764806863534,0.14876131221274075,0.0,-3.494650793245402e-06,0.7190737172836567,39.92461605555096,0.3450610102728425,0.07791023894014037,0.007154411746093103,0.02695235160124726,9015,8516,499,0.05535219079312257,9,True,4,greedy_incremental_hypervolume
DC-C,SBVCHP_SBORC,R1233zd(E),R227EA,DC-C|SBVCHP_SBORC|R1233zd(E)|R227EA,S2_DCC_SBVCHP-SBORC_R1233zdE_R227EA_seed042_20260717T060425Z,4,333,0.1252821670428894,309,0.11376654561599506,0.113813443297015,0.11376654561599506,0.0,-4.6897681019938964e-05,0.7286097119072155,39.931770467297056,0.2982356751362802,0.06837424431658157,0.0,0.0737776867378096,8835,7542,1293,0.14634974533106962,6,True,2,extreme_energy_density_thermal
DC-C,SBVCHP_SBORC,Acetone,R600a,DC-C|SBVCHP_SBORC|Acetone|R600a,S2_DCC_SBVCHP-SBORC_Acetone_R600a_seed042_20260717T060425Z,5,295,0.1109857035364936,2,0.154235132972344,0.1542398698279164,0.154235132972344,0.0,-4.736855572395893e-06,0.7648657703367377,39.92103591813755,0.3575921266918334,0.03211818588705928,0.010734549159508333,0.014421235182256409,7479,6877,602,0.08049204439096136,5,True,5,greedy_incremental_hypervolume
DC-C,SBVCHP_SBORC,Acetone,R236ea,DC-C|SBVCHP_SBORC|Acetone|R236ea,S2_DCC_SBVCHP-SBORC_Acetone_R236ea_seed042_20260717T060425Z,6,200,0.07524454477050414,32,0.15178882198281685,0.1518035608119144,0.15178882198281687,-2.7755575615628914e-17,-1.4738829097526995e-05,0.7928736009487195,39.92183549113475,0.3540919587292166,0.004110355275077526,0.009934976162305986,0.01792140314487317,8048,7456,592,0.073558648111332,3,False,,
DC-C,SBVCHP_SBORC,Cyclopentane,R245fa,DC-C|SBVCHP_SBORC|Cyclopentane|R245fa,S2_DCC_SBVCHP-SBORC_Cyclopentane_R245fa_seed042_20260717T060425Z,7,42,0.01580135440180587,0,0.14568245376135314,0.1456824537613535,0.14568245376135308,5.551115123125783e-17,-4.163336342344337e-16,0.79032622333622,39.918620798581706,0.3597401274975459,0.006657732887576984,0.01314966871535006,0.012273234376543873,11733,10907,826,0.07039972726497912,0,False,,
DC-C,SBVCHP_SBORC,Cyclopentane,R236ea,DC-C|SBVCHP_SBORC|Cyclopentane|R236ea,S2_DCC_SBVCHP-SBORC_Cyclopentane_R236ea_seed042_20260717T060425Z,8,25,0.009405568096313018,3,0.13842576516927632,0.1384257651692762,0.13842576516927632,0.0,1.1102230246251565e-16,0.6904782990248327,39.92460810826064,0.3459028962331124,0.10650565719896432,0.0071623590364140455,0.02611046564097741,6771,6336,435,0.06424457244129375,0,False,,
DC-C,SBVCHP_SBORC,Cyclopentane,R600,DC-C|SBVCHP_SBORC|Cyclopentane|R600,S2_DCC_SBVCHP-SBORC_Cyclopentane_R600_seed042_20260717T060425Z,9,12,0.004514672686230248,0,0.14324458205711246,0.1432445820571126,0.14324458205711246,0.0,-1.3877787807814457e-16,0.721825447052134,39.91929644592094,0.35894949397289,0.075158509171663,0.012474021376114308,0.013063867901199788,9691,8949,742,0.07656588587349086,0,False,,
DC-C,SBVCHP_SBORC,Cyclopentane,R600a,DC-C|SBVCHP_SBORC|Cyclopentane|R600a,S2_DCC_SBVCHP-SBORC_Cyclopentane_R600a_seed042_20260717T060425Z,10,3,0.001128668171557562,0,0.13824692531748825,0.1382469253174759,0.13824692531748822,2.7755575615628914e-17,1.2323475573339238e-14,0.7691776634055016,39.87426189639941,0.3473275702890794,0.027806292818295386,0.05750857089764594,0.024685791585010386,7192,6627,565,0.078559510567297,0,False,,
DC-C,SBVCHP_SBORC,Cyclopentane,R236fa,DC-C|SBVCHP_SBORC|Cyclopentane|R236fa,S2_DCC_SBVCHP-SBORC_Cyclopentane_R236fa_seed042_20260717T060425Z,11,1,0.0003762227238525207,1,0.13762413891817063,0.1376241389181648,0.13762413891817063,0.0,5.828670879282072e-15,0.7590535073991944,39.92581546163744,0.3387466718524912,0.037930448824602614,0.0059550056596151535,0.0332666900215986,8506,7872,634,0.0745356219139431,0,False,,
DC-C,SBVCHP_SBORC,R1234ze(Z),R236ea,DC-C|SBVCHP_SBORC|R1234ze(Z)|R236ea,S2_DCC_SBVCHP-SBORC_R1234zeZ_R236ea_seed042_20260717T060425Z,12,1,0.0003762227238525207,0,0.1283677871011196,0.1283677871011204,0.1283677871011196,0.0,-8.049116928532385e-16,0.7820692638835275,39.924064980397794,0.3296735902704642,0.014914692340269542,0.007705486899261871,0.042339771603625564,9028,8640,388,0.042977403633141335,0,False,,
DC-C,SBVCHP_SBORC,R1234ze(Z),R245fa,DC-C|SBVCHP_SBORC|R1234ze(Z)|R245fa,S2_DCC_SBVCHP-SBORC_R1234zeZ_R245fa_seed042_20260717T060425Z,13,0,0.0,0,0.13216868042922236,0.1321686804292222,0.13216868042922236,0.0,1.6653345369377348e-16,0.7781227796055492,39.91892902937757,0.3410249426504113,0.01886117661824782,0.012841437919483667,0.03098841922367851,7662,7334,328,0.042808666144609764,0,False,,
DC-C,SBVCHP_SBORC,R1234ze(Z),R600,DC-C|SBVCHP_SBORC|R1234ze(Z)|R600,S2_DCC_SBVCHP-SBORC_R1234zeZ_R600_seed042_20260717T060425Z,14,0,0.0,0,0.12973866085234054,0.1297386608523401,0.12973866085234056,-2.7755575615628914e-17,4.718447854656915e-16,0.7703631561524956,39.91806165102763,0.3367254952265696,0.02662080007130141,0.013708816269428326,0.035287866647520205,7471,7085,386,0.05166644358184982,0,False,,
DC-C,SBVCHP_SBORC,R1234ze(Z),R600a,DC-C|SBVCHP_SBORC|R1234ze(Z)|R600a,S2_DCC_SBVCHP-SBORC_R1234zeZ_R600a_seed042_20260717T060425Z,15,0,0.0,0,0.12627009013676155,0.1262700901367606,0.12627009013676152,2.7755575615628914e-17,9.159339953157541e-16,0.6688875666284847,39.921126812165056,0.3306546571494405,0.12809638959531233,0.010643655132000163,0.04135870472464931,8846,8560,286,0.03233099706081845,0,False,,
DC-C,SBVCHP_SBORC,R1233zd(E),R245fa,DC-C|SBVCHP_SBORC|R1233zd(E)|R245fa,S2_DCC_SBVCHP-SBORC_R1233zdE_R245fa_seed042_20260717T060425Z,16,0,0.0,0,0.12519101047355116,0.1251907464555787,0.12519101047355116,0.0,2.64017972456676e-07,0.7549168389868964,39.918623820780674,0.3380152647565727,0.0420671172369006,0.013146646516382532,0.03399809711751711,8354,7273,1081,0.12939909025616472,2,False,,
DC-C,SBVCHP_SBORC,R1234ze(Z),R236fa,DC-C|SBVCHP_SBORC|R1234ze(Z)|R236fa,S2_DCC_SBVCHP-SBORC_R1234zeZ_R236fa_seed042_20260717T060425Z,17,0,0.0,0,0.124179829099304,0.1241798290988151,0.124179829099304,0.0,4.889005866814955e-13,0.7310546040636908,39.925835382650725,0.3216397008215776,0.0659293521601062,0.005935084646331745,0.050373661052512175,11495,10929,566,0.049238799478033925,0,False,,
DC-C,SBVCHP_SBORC,R1233zd(E),R600,DC-C|SBVCHP_SBORC|R1233zd(E)|R600,S2_DCC_SBVCHP-SBORC_R1233zdE_R600_seed042_20260717T060425Z,18,0,0.0,0,0.12257954922504309,0.1225795750764087,0.12257954922504308,1.3877787807814457e-17,-2.585136561761292e-08,0.6966871964852245,39.91810688453995,0.3349561692257464,0.10029675973857255,0.013663582757104109,0.037057192648343396,6608,5848,760,0.11501210653753027,0,False,,
DC-C,SBVCHP_SBORC,R1233zd(E),R236ea,DC-C|SBVCHP_SBORC|R1233zd(E)|R236ea,S2_DCC_SBVCHP-SBORC_R1233zdE_R236ea_seed042_20260717T060425Z,19,0,0.0,0,0.12225282139016874,0.1222528230734215,0.12225282139016878,-4.163336342344337e-17,-1.6832527177657042e-09,0.7691141971553312,39.92262334974711,0.3263815219794285,0.027869759068465783,0.009147117549943573,0.0456318398946613,10422,9245,1177,0.11293417770101707,0,False,,
DC-C,SBVCHP_SBORC,R1233zd(E),R600a,DC-C|SBVCHP_SBORC|R1233zd(E)|R600a,S2_DCC_SBVCHP-SBORC_R1233zdE_R600a_seed042_20260717T060425Z,20,0,0.0,0,0.1196756668562084,0.1196756206865891,0.11967566685620837,2.7755575615628914e-17,4.6169619266622774e-08,0.6890253365353736,39.92004873700002,0.3260420463375406,0.10795861968842346,0.011721730297033162,0.04597131553654921,8993,8207,786,0.08740131213165796,0,False,,
DC-C,SBVCHP_SBORC,R1233zd(E),R236fa,DC-C|SBVCHP_SBORC|R1233zd(E)|R236fa,S2_DCC_SBVCHP-SBORC_R1233zdE_R236fa_seed042_20260717T060425Z,21,0,0.0,0,0.11926591513940621,0.1192660914556544,0.11926591513940621,0.0,-1.7631624818492675e-07,0.6856764691524087,39.92552277852327,0.3210165573624926,0.11130748707138838,0.006247688773783011,0.05099680451159716,10213,8963,1250,0.12239302849309704,1,False,,
DC-C,SBVCHP_SBORC,R1233zd(E),R1234ze(E),DC-C|SBVCHP_SBORC|R1233zd(E)|R1234ze(E),S2_DCC_SBVCHP-SBORC_R1233zdE_R1234zeE_seed042_20260717T060425Z,22,0,0.0,0,0.11704734791024135,0.1170470895221594,0.11704734791024135,0.0,2.5838808194456053e-07,0.7248090445777546,39.92427074321107,0.3149546811226404,0.0721749116460424,0.007499724085988646,0.057058680751449375,10321,8641,1680,0.1627749249103769,1,False,,
DC-C,SBVCHP_SBORC,R245fa,R1234ze(E),DC-C|SBVCHP_SBORC|R245fa|R1234ze(E),S2_DCC_SBVCHP-SBORC_R245fa_R1234zeE_seed042_20260717T060425Z,23,0,0.0,0,0.11042133816832124,0.1104213558836613,0.11042133816832123,1.3877787807814457e-17,-1.7715340069890395e-08,0.7050500474582695,39.92386393725289,0.3086865696189865,0.09193390876552754,0.00790653004416697,0.06332679225510329,9229,7728,1501,0.16263950590529852,1,False,,
DC-C,SBVCHP_SBORC,R600,R1234ze(E),DC-C|SBVCHP_SBORC|R600|R1234ze(E),S2_DCC_SBVCHP-SBORC_R600_R1234zeE_seed042_20260717T060425Z,24,0,0.0,0,0.10893260291041888,0.1089326029104198,0.10893260291041888,0.0,-9.159339953157541e-16,0.7153346417145797,39.92351305643862,0.3084064571749917,0.08164931450921731,0.0082574108584339,0.06360690469909808,11265,9201,2064,0.18322237017310253,0,False,,
DC-C,SBVCHP_SBORC,Acetone,R152A,DC-C|SBVCHP_SBORC|Acetone|R152A,S2_DCC_SBVCHP-SBORC_Acetone_R152A_seed042_20260720T015713Z,25,0,0.0,0,0.07062074067280488,0.0706217317044192,0.07062074067280488,0.0,-9.910316143141307e-07,0.6666512483905325,39.91763700618438,0.2230937957126112,0.13033270783326456,0.014133461112677992,0.14891956616147858,16135,10253,5882,0.3645491168267741,3,False,,
DC-C,SBVCHP_SBORC,R1233zd(E),R152A,DC-C|SBVCHP_SBORC|R1233zd(E)|R152A,S2_DCC_SBVCHP-SBORC_R1233zdE_R152A_seed042_20260717T060425Z,26,0,0.0,0,0.061475782144155514,0.0614757821995009,0.061475782144155514,0.0,-5.534538799478739e-11,0.6146421285319907,39.914354750309386,0.2232881436766636,0.1823418276918063,0.01741571698767075,0.14872521819742618,6996,4838,2158,0.308461978273299,1,False,,
DC-C,SRVCHP_SRORC,Acetone,R236ea,DC-C|SRVCHP_SRORC|Acetone|R236ea,S2_DCC_SRVCHP-SRORC_Acetone_R236ea_seed042_20260717T060425Z,1,751,0.26112656467315715,751,0.1888728765235817,0.1888834374268973,0.18887287652358176,-5.551115123125783e-17,-1.0560903315554038e-05,0.8016703209800511,39.6386478630204,0.3990381163680013,0.0,0.04969562748136269,0.011353976903092089,10691,9079,1612,0.15078103077354785,7,True,1,extreme_eta_p2p
DC-C,SRVCHP_SRORC,Cyclopentane,R236ea,DC-C|SRVCHP_SRORC|Cyclopentane|R236ea,S2_DCC_SRVCHP-SRORC_Cyclopentane_R236ea_seed042_20260717T060425Z,2,430,0.14951321279554938,430,0.1873228720143471,0.1873228720137787,0.18732287201434714,-2.7755575615628914e-17,5.684341886080801e-13,0.7540614054140481,39.63892638815429,0.4009193265918848,0.047608915566002996,0.049417102347476316,0.0094727666792086,6636,6351,285,0.04294755877034358,0,True,4,greedy_incremental_hypervolume
DC-C,SRVCHP_SRORC,Cyclopentane,R600,DC-C|SRVCHP_SRORC|Cyclopentane|R600,S2_DCC_SRVCHP-SRORC_Cyclopentane_R600_seed042_20260717T060425Z,3,383,0.1331710709318498,383,0.18680640604819534,0.1868064060481994,0.1868064060481953,5.551115123125783e-17,-4.107825191113079e-15,0.7676974876173565,39.52549505507115,0.4103920932710934,0.03397283336269463,0.1628484354306181,0.0,8452,7988,464,0.05489824893516328,0,True,2,extreme_exergy_efficiency
DC-C,SRVCHP_SRORC,Cyclopentane,R245fa,DC-C|SRVCHP_SRORC|Cyclopentane|R245fa,S2_DCC_SRVCHP-SRORC_Cyclopentane_R245fa_seed042_20260717T060425Z,4,230,0.0799721835883171,230,0.18735716493789573,0.1873571649378959,0.18735716493789575,-2.7755575615628914e-17,-1.3877787807814457e-16,0.7689243078602794,39.51494456210407,0.4079660060174608,0.032746013119771655,0.17339892839769533,0.0024260872536325806,7631,7139,492,0.06447385663740007,0,False,,
DC-C,SRVCHP_SRORC,R1233zd(E),R227EA,DC-C|SRVCHP_SRORC|R1233zd(E)|R227EA,S2_DCC_SRVCHP-SRORC_R1233zdE_R227EA_seed042_20260717T060425Z,5,209,0.07267037552155772,209,0.16262292934140635,0.1626646584748161,0.16262292934140635,0.0,-4.172913340974582e-05,0.77823061939269,39.67868236391683,0.3447500923740015,0.023439701587361084,0.009661126584937563,0.06564200089709188,9505,7373,2132,0.22430299842188323,16,True,5,greedy_incremental_hypervolume
DC-C,SRVCHP_SRORC,Cyclopentane,R227EA,DC-C|SRVCHP_SRORC|Cyclopentane|R227EA,S2_DCC_SRVCHP-SRORC_Cyclopentane_R227EA_seed042_20260717T060425Z,6,165,0.05737134909596662,165,0.1647875471900543,0.1647875479267105,0.1647875471900543,0.0,-7.36656180500006e-10,0.7879982546851764,39.68093013131931,0.3517370052079147,0.013672066294874718,0.007413359182457668,0.058655088063178706,8308,6591,1717,0.20666827154549833,0,False,,
DC-C,SRVCHP_SRORC,R1234ze(Z),R236ea,DC-C|SRVCHP_SRORC|R1234ze(Z)|R236ea,S2_DCC_SRVCHP-SRORC_R1234zeZ_R236ea_seed042_20260717T060425Z,7,120,0.04172461752433936,120,0.18082637219428918,0.1808263721942904,0.18082637219428918,0.0,-1.2212453270876722e-15,0.7837742888971962,39.64228201880336,0.3870072129722666,0.01789603208285484,0.04606147169840824,0.023384880298826793,6532,5953,579,0.08864053888548683,0,False,,
DC-C,SRVCHP_SRORC,R1233zd(E),R236ea,DC-C|SRVCHP_SRORC|R1233zd(E)|R236ea,S2_DCC_SRVCHP-SRORC_R1233zdE_R236ea_seed042_20260717T060425Z,8,119,0.041376912378303196,119,0.1810788034533534,0.181077772099021,0.18107880345335342,-2.7755575615628914e-17,1.0313543324091956e-06,0.7601507108868206,39.630093735194606,0.3896245673644428,0.041519610093230463,0.058249755307159035,0.020767525906650597,8098,7505,593,0.0732279575203754,0,False,,
DC-C,SRVCHP_SRORC,R600,R227EA,DC-C|SRVCHP_SRORC|R600|R227EA,S2_DCC_SRVCHP-SRORC_R600_R227EA_seed042_20260717T060425Z,9,113,0.03929068150208623,113,0.16070039476807624,0.1607003777544571,0.16070039476807624,0.0,1.7013619124650603e-08,0.7635699158288932,39.68077134304112,0.3402951468131681,0.03810040515115787,0.007572147460642498,0.0700969464579253,8006,6345,1661,0.20746939795153635,2,False,,
DC-C,SRVCHP_SRORC,R245fa,R227EA,DC-C|SRVCHP_SRORC|R245fa|R227EA,S2_DCC_SRVCHP-SRORC_R245fa_R227EA_seed042_20260717T060425Z,10,105,0.03650904033379694,105,0.1581022679877743,0.1581054120491479,0.1581022679877743,0.0,-3.144061373611118e-06,0.7518606769487713,39.67806068254495,0.3397648856469893,0.04980964403127974,0.01028280795681269,0.07062720762410407,8941,6876,2065,0.2309585057599821,5,False,,
DC-C,SRVCHP_SRORC,R365MFC,R600,DC-C|SRVCHP_SRORC|R365MFC|R600,S2_DCC_SRVCHP-SRORC_R365MFC_R600_seed042_20260717T060425Z,11,56,0.019471488178025034,56,0.18188711569450397,0.181887115694504,0.181887115694504,-2.7755575615628914e-17,0.0,0.7897622573727676,39.53200187777371,0.4025216982558738,0.01190806360728347,0.15634161272805613,0.007870395015219578,8855,8170,685,0.07735742518351214,0,False,,
DC-C,SRVCHP_SRORC,R601a,R236ea,DC-C|SRVCHP_SRORC|R601a|R236ea,S2_DCC_SRVCHP-SRORC_R601a_R236ea_seed042_20260717T060425Z,12,36,0.012517385257301807,35,0.1812002292245585,0.1812002292248243,0.1812002292245585,0.0,-2.657873920952625e-13,0.7958657984826021,39.64573366125292,0.3955779486030177,0.005804522497449005,0.042609829248846154,0.01481414466807568,9410,8541,869,0.09234856535600425,0,False,,
DC-C,SRVCHP_SRORC,R365MFC,R236ea,DC-C|SRVCHP_SRORC|R365MFC|R236ea,S2_DCC_SRVCHP-SRORC_R365MFC_R236ea_seed042_20260717T060425Z,13,30,0.01043115438108484,10,0.18010772080685333,0.1801077208068748,0.18010772080685333,0.0,-2.145505995088115e-14,0.7608704071441149,39.68833554232919,0.3947705742393287,0.040799913835936175,7.948172573435386e-06,0.015621519031764675,7345,6765,580,0.07896528250510551,0,False,,
DC-C,SRVCHP_SRORC,R601,R245fa,DC-C|SRVCHP_SRORC|R601|R245fa,S2_DCC_SRVCHP-SRORC_R601_R245fa_seed042_20260717T060425Z,14,26,0.009040333796940195,26,0.1808626372871329,0.180863845362334,0.1808626372871329,0.0,-1.2080752010978912e-06,0.7611618367388991,39.51509749067983,0.4037004547481002,0.04050848424115194,0.1732459998219369,0.006691638522993204,6610,6162,448,0.06777609682299546,1,False,,
DC-C,SRVCHP_SRORC,R1234ze(Z),R245fa,DC-C|SRVCHP_SRORC|R1234ze(Z)|R245fa,S2_DCC_SRVCHP-SRORC_R1234zeZ_R245fa_seed042_20260717T060425Z,15,19,0.006606397774687065,19,0.18096919956877716,0.1809691995687778,0.18096919956877716,0.0,-6.38378239159465e-16,0.7403491041826576,39.51754910303411,0.3939600838983786,0.06132121679739344,0.17079438746765163,0.016432009372714773,7907,7263,644,0.08144681927406096,0,False,,
DC-C,SRVCHP_SRORC,R245fa,R236ea,DC-C|SRVCHP_SRORC|R245fa|R236ea,S2_DCC_SRVCHP-SRORC_R245fa_R236ea_seed042_20260717T060425Z,16,19,0.006606397774687065,19,0.17831080397899793,0.1783102225551115,0.17831080397899793,0.0,5.814238864254584e-07,0.7881802205145865,39.613429807105526,0.386274139635019,0.013490100465464616,0.0749136833962396,0.024117953636074385,6628,6056,572,0.08630054315027158,0,False,,
DC-C,SRVCHP_SRORC,R601,R600,DC-C|SRVCHP_SRORC|R601|R600,S2_DCC_SRVCHP-SRORC_R601_R600_seed042_20260717T060425Z,17,18,0.006258692628650904,18,0.18003205826139337,0.1800337859461561,0.1800320582613934,-2.7755575615628914e-17,-1.727684762697912e-06,0.7793925101492135,39.51850839171027,0.4026549968360354,0.022277810830837574,0.16983509879149494,0.0077370964350579885,8397,7760,637,0.07586042634274145,0,False,,
DC-C,SRVCHP_SRORC,R600,R236ea,DC-C|SRVCHP_SRORC|R600|R236ea,S2_DCC_SRVCHP-SRORC_R600_R236ea_seed042_20260717T060425Z,18,16,0.005563282336578581,2,0.17890787007920403,0.1789078700792032,0.17890787007920406,-2.7755575615628914e-17,8.604228440844963e-16,0.7475500213761123,39.688343490501765,0.3876762863502216,0.054120299603938826,0.0,0.022715806920871773,6573,5819,754,0.11471169937623611,0,True,3,extreme_energy_density_thermal
DC-C,SRVCHP_SRORC,R601,R236ea,DC-C|SRVCHP_SRORC|R601|R236ea,S2_DCC_SRVCHP-SRORC_R601_R236ea_seed042_20260717T060425Z,19,15,0.00521557719054242,15,0.1814231052317318,0.1814231052317317,0.18142310523173188,-8.326672684688674e-17,1.942890293094024e-16,0.7780706746481475,39.67966609256189,0.3937483991681961,0.02359964633190359,0.008677397939877096,0.01664369410289729,7209,6452,757,0.10500762935219864,0,False,,
DC-C,SRVCHP_SRORC,R365MFC,R245fa,DC-C|SRVCHP_SRORC|R365MFC|R245fa,S2_DCC_SRVCHP-SRORC_R365MFC_R245fa_seed042_20260717T060425Z,20,11,0.0038247566063977748,11,0.17986695343603573,0.1798669534360241,0.17986695343603573,0.0,1.1629586182948515e-14,0.751262095911939,39.540238277717805,0.3999553762571703,0.050408225068112045,0.14810521278396038,0.01043671701392307,9039,8360,679,0.07511892908507578,0,False,,
DC-C,SRVCHP_SRORC,R1233zd(E),R1234ze(E),DC-C|SRVCHP_SRORC|R1233zd(E)|R1234ze(E),S2_DCC_SRVCHP-SRORC_R1233zdE_R1234zeE_seed042_20260717T060425Z,21,5,0.0017385257301808068,5,0.1580768423625693,0.1580797546372271,0.15807684236256928,2.7755575615628914e-17,-2.9122746578180703e-06,0.7489850492075097,39.51447808172246,0.3427617313482115,0.05268527177254134,0.17386540877930656,0.06763036192288191,8457,6451,2006,0.23719995270190375,2,False,,
DC-D,SBVCHP_SBORC,R1233zd(E),R227EA,DC-D|SBVCHP_SBORC|R1233zd(E)|R227EA,S2_DCD_SBVCHP-SBORC_R1233zdE_R227EA_seed042_20260717T060425Z,1,444,0.24395604395604395,429,0.0714722116173266,0.0714802396910645,0.0714722116173266,0.0,-8.028073737897934e-06,0.4315372282850849,39.61198177980699,0.2723920242559365,0.10273439782809901,0.0,0.09242494444329291,11035,8573,2462,0.22310829179882194,3,True,1,extreme_energy_density_thermal
DC-D,SBVCHP_SBORC,Acetone,R365MFC,DC-D|SBVCHP_SBORC|Acetone|R365MFC,S2_DCD_SBVCHP-SBORC_Acetone_R365MFC_seed042_20260717T060425Z,2,423,0.23241758241758242,0,0.11338943130294589,0.1133885078130054,0.11338943130294589,0.0,9.234899404908514e-07,0.5342716261131839,39.59206670697907,0.3648169686992294,0.0,0.01991507282792071,0.0,8327,7987,340,0.04083103158400384,1,True,2,extreme_eta_p2p;extreme_exergy_efficiency
DC-D,SBVCHP_SBORC,Acetone,R236fa,DC-D|SBVCHP_SBORC|Acetone|R236fa,S2_DCD_SBVCHP-SBORC_Acetone_R236fa_seed042_20260717T060425Z,3,330,0.1813186813186813,12,0.10492025408289514,0.104919148086188,0.10492025408289514,0.0,1.1059967071347376e-06,0.5000526061796147,39.60169438932721,0.3334748305401592,0.03421901993356924,0.010287390479781777,0.03134213815907022,8140,7659,481,0.05909090909090909,2,True,3,greedy_incremental_hypervolume
DC-D,SBVCHP_SBORC,Acetone,R245fa,DC-D|SBVCHP_SBORC|Acetone|R245fa,S2_DCD_SBVCHP-SBORC_Acetone_R245fa_seed042_20260717T060425Z,4,298,0.16373626373626374,0,0.11279748076092934,0.112800860330775,0.11279748076092933,1.3877787807814457e-17,-3.379569845668451e-06,0.532526227054618,39.59355824682389,0.3613160355391473,0.0017453990585658552,0.018423532983099733,0.003500933160082098,9751,9316,435,0.04461080914777971,0,True,4,greedy_incremental_hypervolume
DC-D,SBVCHP_SBORC,Acetone,R236ea,DC-D|SBVCHP_SBORC|Acetone|R236ea,S2_DCD_SBVCHP-SBORC_Acetone_R236ea_seed042_20260717T060425Z,5,173,0.09505494505494505,0,0.10679240665689599,0.1067912859970004,0.10679240665689597,1.3877787807814457e-17,1.1206598955759706e-06,0.5093787468900116,39.59788731575519,0.3428640690243358,0.024892879223172293,0.01409446405180148,0.02195289967489361,7644,7435,209,0.027341705913134486,0,True,5,greedy_incremental_hypervolume
DC-D,SBVCHP_SBORC,Acetone,R600,DC-D|SBVCHP_SBORC|Acetone|R600,S2_DCD_SBVCHP-SBORC_Acetone_R600_seed042_20260717T060425Z,6,122,0.06703296703296703,0,0.1105251653887624,0.1105251635966772,0.1105251653887624,0.0,1.7920852024566614e-09,0.5262041486349118,39.59185191088489,0.358529321132165,0.008067477478272078,0.02012986892209767,0.006287647567064403,7680,7463,217,0.028255208333333334,1,False,,
DC-D,SBVCHP_SBORC,Acetone,R600a,DC-D|SBVCHP_SBORC|Acetone|R600a,S2_DCD_SBVCHP-SBORC_Acetone_R600a_seed042_20260717T060425Z,7,30,0.016483516483516484,0,0.10615666616404087,0.1061566769741784,0.10615666616404087,0.0,-1.0810137521244378e-08,0.5132983714179146,39.595246784751865,0.341371189907926,0.02097325469526934,0.016734995055124102,0.02344577879130344,7996,7640,356,0.04452226113056528,0,False,,
DC-D,SBVCHP_SBORC,Cyclopentane,R245fa,DC-D|SBVCHP_SBORC|Cyclopentane|R245fa,S2_DCD_SBVCHP-SBORC_Cyclopentane_R245fa_seed042_20260717T060425Z,8,0,0.0,0,0.09758503364312653,0.0975850336431265,0.09758503364312653,0.0,2.7755575615628914e-17,0.5131945489808254,39.490986251363616,0.3462510395651785,0.021077077132358513,0.12099552844337325,0.018565929134050918,6583,5945,638,0.09691629955947137,0,False,,
DC-D,SBVCHP_SBORC,Cyclopentane,R365MFC,DC-D|SBVCHP_SBORC|Cyclopentane|R365MFC,S2_DCD_SBVCHP-SBORC_Cyclopentane_R365MFC_seed042_20260717T060425Z,9,0,0.0,0,0.09732032637962446,0.0973203263796235,0.09732032637962446,0.0,9.575673587391975e-16,0.4997163383523973,39.592051101364206,0.3482913377227031,0.03455528776078659,0.01993067844278329,0.016525630976526318,9302,8399,903,0.09707589765641797,0,False,,
DC-D,SBVCHP_SBORC,Cyclopentane,R236ea,DC-D|SBVCHP_SBORC|Cyclopentane|R236ea,S2_DCD_SBVCHP-SBORC_Cyclopentane_R236ea_seed042_20260717T060425Z,10,0,0.0,0,0.09460331213245693,0.0946033121324557,0.09460331213245696,-2.7755575615628914e-17,1.2628786905111156e-15,0.4966138409073696,39.59803118225625,0.3333662108398029,0.03765778520581431,0.013950597550739019,0.031450757859426526,12316,11059,1257,0.10206235790841182,0,False,,
DC-D,SBVCHP_SBORC,Cyclopentane,R600a,DC-D|SBVCHP_SBORC|Cyclopentane|R600a,S2_DCD_SBVCHP-SBORC_Cyclopentane_R600a_seed042_20260717T060425Z,11,0,0.0,0,0.09388568205062123,0.0938856820506179,0.09388568205062123,0.0,3.3306690738754696e-15,0.4951262592752122,39.58920069761266,0.3311664332758597,0.03914536683797171,0.02278108219432795,0.03365053542336971,8574,7989,585,0.0682295311406578,0,False,,
DC-D,SBVCHP_SBORC,Cyclopentane,R600,DC-D|SBVCHP_SBORC|Cyclopentane|R600,S2_DCD_SBVCHP-SBORC_Cyclopentane_R600_seed042_20260717T060425Z,12,0,0.0,0,0.09377204608351968,0.0937720460835196,0.09377204608351968,0.0,6.938893903907228e-17,0.4833263544382728,39.59142674274656,0.3437089970685127,0.050945271674911086,0.020555037060425718,0.021107971630716704,6840,6333,507,0.07412280701754385,0,False,,
DC-D,SBVCHP_SBORC,Cyclopentane,R236fa,DC-D|SBVCHP_SBORC|Cyclopentane|R236fa,S2_DCD_SBVCHP-SBORC_Cyclopentane_R236fa_seed042_20260717T060425Z,13,0,0.0,0,0.09050370781641545,0.090507628960676,0.09050370781641545,0.0,-3.921144260551901e-06,0.4889864677010676,39.599059872428775,0.3182044553470535,0.04528515841211633,0.01292190737821386,0.04661251335217592,10625,9225,1400,0.13176470588235295,1,False,,
DC-D,SBVCHP_SBORC,R1234ze(Z),R245fa,DC-D|SBVCHP_SBORC|R1234ze(Z)|R245fa,S2_DCD_SBVCHP-SBORC_R1234zeZ_R245fa_seed042_20260717T060425Z,14,0,0.0,0,0.08613257346925392,0.0861325734692541,0.08613257346925392,0.0,-1.8041124150158794e-16,0.4764486686411021,39.5908121958956,0.3205247998054099,0.057822957472081826,0.021169583911387235,0.04429216889381954,7494,7305,189,0.02522017614091273,0,False,,
DC-D,SBVCHP_SBORC,R1234ze(Z),R365MFC,DC-D|SBVCHP_SBORC|R1234ze(Z)|R365MFC,S2_DCD_SBVCHP-SBORC_R1234zeZ_R365MFC_seed042_20260717T060425Z,15,0,0.0,0,0.08599572079663496,0.0859957207966353,0.08599572079663496,0.0,-3.3306690738754696e-16,0.4845311463602934,39.59051514255166,0.322354604416059,0.04974047975289053,0.0214666372553296,0.042462364283170406,7348,7131,217,0.029531845400108874,0,False,,
DC-D,SBVCHP_SBORC,R1234ze(Z),R600,DC-D|SBVCHP_SBORC|R1234ze(Z)|R600,S2_DCD_SBVCHP-SBORC_R1234zeZ_R600_seed042_20260717T060425Z,16,0,0.0,0,0.08515205574212402,0.0851520557421239,0.08515205574212402,0.0,1.249000902703301e-16,0.4718586761942336,39.590942190253095,0.3200145195687209,0.0624129499189503,0.021039589553893734,0.044802449130508515,8135,7866,269,0.03306699446834665,0,False,,
DC-D,SBVCHP_SBORC,R1234ze(Z),R236ea,DC-D|SBVCHP_SBORC|R1234ze(Z)|R236ea,S2_DCD_SBVCHP-SBORC_R1234zeZ_R236ea_seed042_20260717T060425Z,17,0,0.0,0,0.08375796117753662,0.0837579611775355,0.08375796117753662,0.0,1.1102230246251565e-15,0.4743879934310774,39.59480924727293,0.3102058005060529,0.0598836326821065,0.017172532534061702,0.05461116819317652,6974,6816,158,0.02265557786062518,0,False,,
DC-D,SBVCHP_SBORC,R1234ze(Z),R600a,DC-D|SBVCHP_SBORC|R1234ze(Z)|R600a,S2_DCD_SBVCHP-SBORC_R1234zeZ_R600a_seed042_20260717T060425Z,18,0,0.0,0,0.08349892685015148,0.0834989268501504,0.08349892685015148,0.0,1.0824674490095276e-15,0.4681289146610097,39.59580926332961,0.3102712051479348,0.06614271145217421,0.01617251647737561,0.05454576355129459,12539,12052,487,0.038838822872637374,0,False,,
DC-D,SBVCHP_SBORC,R1234ze(Z),R236fa,DC-D|SBVCHP_SBORC|R1234ze(Z)|R236fa,S2_DCD_SBVCHP-SBORC_R1234zeZ_R236fa_seed042_20260717T060425Z,19,0,0.0,0,0.0817207678888829,0.0817207678889521,0.08172076788888287,2.7755575615628914e-17,-6.923628337318632e-14,0.4708949352984492,39.60058162150692,0.2995702199721307,0.06337669081473468,0.011400158300070018,0.06524674872709874,8380,8021,359,0.042840095465393795,0,False,,
DC-D,SBVCHP_SBORC,R1233zd(E),R365MFC,DC-D|SBVCHP_SBORC|R1233zd(E)|R365MFC,S2_DCD_SBVCHP-SBORC_R1233zdE_R365MFC_seed042_20260717T060425Z,20,0,0.0,0,0.08099463941619957,0.0809945582686653,0.08099463941619957,0.0,8.114753426158305e-08,0.4445329774937901,39.590738879898495,0.3238377510652231,0.08973864861939379,0.021242899908493484,0.040979217634006304,11643,11109,534,0.04586446792063901,1,False,,
DC-D,SBVCHP_SBORC,R1233zd(E),R600,DC-D|SBVCHP_SBORC|R1233zd(E)|R600,S2_DCD_SBVCHP-SBORC_R1233zdE_R600_seed042_20260717T060425Z,21,0,0.0,0,0.08077125568274893,0.0807712556799204,0.08077125568274893,0.0,2.828529077625319e-12,0.4545526606617768,39.59100087929644,0.3188573579626056,0.07971896545140711,0.020980900510551237,0.0459596107366238,10375,9515,860,0.08289156626506024,0,False,,
DC-D,SBVCHP_SBORC,R1233zd(E),R236ea,DC-D|SBVCHP_SBORC|R1233zd(E)|R236ea,S2_DCD_SBVCHP-SBORC_R1233zdE_R236ea_seed042_20260717T060425Z,22,0,0.0,0,0.07924871028709123,0.079250663609519,0.07924871028709123,0.0,-1.9533224277779038e-06,0.4536996514605838,39.59622136858013,0.3082068984416105,0.08057197465260013,0.01576041122685723,0.05661007025761894,11162,9858,1304,0.11682494176670848,0,False,,
DC-D,SBVCHP_SBORC,R1233zd(E),R245fa,DC-D|SBVCHP_SBORC|R1233zd(E)|R245fa,S2_DCD_SBVCHP-SBORC_R1233zdE_R245fa_seed042_20260717T060425Z,23,0,0.0,0,0.07910952731062017,0.0791095273520268,0.07910952731062017,0.0,-4.14066281262393e-11,0.4447157665608411,39.5913863191482,0.3160801007431556,0.0895558595523428,0.020595460658789477,0.04873686795607379,7279,6732,547,0.07514768512158264,0,False,,
DC-D,SBVCHP_SBORC,R1233zd(E),R236fa,DC-D|SBVCHP_SBORC|R1233zd(E)|R236fa,S2_DCD_SBVCHP-SBORC_R1233zdE_R236fa_seed042_20260717T060425Z,24,0,0.0,0,0.07715988949886342,0.0771782075671262,0.07715988949886336,5.551115123125783e-17,-1.83180682628431e-05,0.4489914894585856,39.600433360716366,0.3009425453578611,0.08528013665459833,0.011548419090622986,0.06387442334136834,8748,7693,1055,0.12059899405578418,1,False,,
DC-D,SBVCHP_SBORC,R1233zd(E),R600a,DC-D|SBVCHP_SBORC|R1233zd(E)|R600a,S2_DCD_SBVCHP-SBORC_R1233zdE_R600a_seed042_20260717T060425Z,25,0,0.0,0,0.07684785220096382,0.0768393306440134,0.07684785220096382,0.0,8.521556950427667e-06,0.4344907955822557,39.59474642593575,0.30605787637811,0.09978083053092823,0.01723535387123576,0.05875909232111942,6605,6185,420,0.0635881907645723,0,False,,
DC-D,SBVCHP_SBORC,R1233zd(E),R1234ze(E),DC-D|SBVCHP_SBORC|R1233zd(E)|R1234ze(E),S2_DCD_SBVCHP-SBORC_R1233zdE_R1234zeE_seed042_20260717T060425Z,26,0,0.0,0,0.07348697764989058,0.0734869778446271,0.07348697764989058,0.0,-1.9473651857726537e-10,0.4394951234658509,39.60031362863806,0.2877250532512477,0.094776502647333,0.0116681511689265,0.07709191544798172,10452,8800,1652,0.1580558744737849,0,False,,
DC-D,SBVCHP_SBORC,R600,R1234ze(E),DC-D|SBVCHP_SBORC|R600|R1234ze(E),S2_DCD_SBVCHP-SBORC_R600_R1234zeE_seed042_20260717T060425Z,27,0,0.0,0,0.0649205769286079,0.0649205769286031,0.0649205769286079,0.0,4.801714581503802e-15,0.389225486491944,39.58275868534879,0.2787366609771577,0.1450461396212399,0.02922309445819593,0.0860803077220717,7502,6316,1186,0.1580911756864836,0,False,,
DC-D,SBVCHP_SBORC,R245fa,R1234ze(E),DC-D|SBVCHP_SBORC|R245fa|R1234ze(E),S2_DCD_SBVCHP-SBORC_R245fa_R1234zeE_seed042_20260717T060425Z,28,0,0.0,0,0.06491185145362496,0.0649118507217502,0.06491185145362496,0.0,7.318747691220651e-10,0.3930126250258068,39.59979094635633,0.2769857971901975,0.1412590010873771,0.012190833450659966,0.08783117150903191,7659,6617,1042,0.1360490925708317,0,False,,
DC-D,SBVCHP_SBORC,Acetone,R152A,DC-D|SBVCHP_SBORC|Acetone|R152A,S2_DCD_SBVCHP-SBORC_Acetone_R152A_seed042_20260717T060425Z,29,0,0.0,0,0.03637882515162474,0.0364258096241893,0.03637882515162474,0.0,-4.6984472564563784e-05,0.3544502281070126,39.591606914613536,0.1934277355467115,0.1798213980061713,0.020374865193453218,0.17138923315251792,9234,5706,3528,0.3820662768031189,0,False,,
DC-D,SBVCHP_SBORC,R1233zd(E),R152A,DC-D|SBVCHP_SBORC|R1233zd(E)|R152A,S2_DCD_SBVCHP-SBORC_R1233zdE_R152A_seed042_20260717T060425Z,30,0,0.0,0,0.029741949990635865,0.0297419499744976,0.029741949990635865,0.0,1.613826433599641e-11,0.325640310108414,39.58864371479419,0.1775979530274,0.20863131600476992,0.023338065012801223,0.18721901567182941,9529,5832,3697,0.387973554412845,0,False,,
DC-D,SRVCHP_SRORC,Cyclopentane,R365MFC,DC-D|SRVCHP_SRORC|Cyclopentane|R365MFC,S2_DCD_SRVCHP-SRORC_Cyclopentane_R365MFC_seed042_20260717T060425Z,1,433,0.22837552742616032,433,0.13893055923091185,0.1389305592309112,0.13893055923091177,8.326672684688674e-17,5.828670879282072e-16,0.5959459280438942,39.31608482347893,0.4169264413628051,0.0,0.09546158995783571,0.0,6545,6306,239,0.036516424751718866,0,True,1,extreme_eta_p2p;extreme_exergy_efficiency
DC-D,SRVCHP_SRORC,Acetone,R365MFC,DC-D|SRVCHP_SRORC|Acetone|R365MFC,S2_DCD_SRVCHP-SRORC_Acetone_R365MFC_seed042_20260717T060425Z,2,426,0.22468354430379747,426,0.13867497766356174,0.1386749776635585,0.13867497766356168,5.551115123125783e-17,3.191891195797325e-15,0.5946627754544213,39.32225970006203,0.413736035155931,0.00128315258947298,0.08928671337474015,0.003190406206874108,6578,6209,369,0.05609607783520827,0,True,4,greedy_incremental_hypervolume
DC-D,SRVCHP_SRORC,Acetone,R236ea,DC-D|SRVCHP_SRORC|Acetone|R236ea,S2_DCD_SRVCHP-SRORC_Acetone_R236ea_seed042_20260717T060425Z,3,208,0.10970464135021098,208,0.13173395674267363,0.1317289687490912,0.13173395674267363,0.0,4.987993582422634e-06,0.5654633985854246,39.331171931576414,0.3860576153228958,0.03048252945846963,0.08037448186035334,0.030868826039909314,7581,6982,599,0.0790133227806358,0,True,5,greedy_incremental_hypervolume
DC-D,SRVCHP_SRORC,R1233zd(E),R227EA,DC-D|SRVCHP_SRORC|R1233zd(E)|R227EA,S2_DCD_SRVCHP-SRORC_R1233zdE_R227EA_seed042_20260717T060425Z,4,162,0.08544303797468354,159,0.10904284543095703,0.10904248643075,0.10904284543095703,0.0,3.590002070341658e-07,0.5123892653865157,39.41154641343677,0.3188060467899011,0.08355666265737849,0.0,0.098120394572904,11416,7682,3734,0.32708479327259987,8,True,2,extreme_energy_density_thermal
DC-D,SRVCHP_SRORC,Cyclopentane,R227EA,DC-D|SRVCHP_SRORC|Cyclopentane|R227EA,S2_DCD_SRVCHP-SRORC_Cyclopentane_R227EA_seed042_20260720T015713Z,5,145,0.07647679324894514,145,0.1156084152938021,0.1156276829022863,0.11560841529380213,-2.7755575615628914e-17,-1.9267608484169196e-05,0.5279697675690503,39.38906018095203,0.3269455470394343,0.0679761604748439,0.02248623248473791,0.08998089432337081,13967,9745,4222,0.3022839550368726,9,True,3,greedy_incremental_hypervolume
DC-D,SRVCHP_SRORC,Cyclopentane,R600,DC-D|SRVCHP_SRORC|Cyclopentane|R600,S2_DCD_SRVCHP-SRORC_Cyclopentane_R600_seed042_20260717T060425Z,6,87,0.04588607594936709,87,0.1288665736366674,0.1288665736366675,0.12886657363666743,-2.7755575615628914e-17,-8.326672684688674e-17,0.5681921988312827,36.9457897718415,0.3968203893401749,0.027753729212611544,2.46575664159527,0.020106052022630216,6582,6223,359,0.05454269219082346,0,False,,
DC-D,SRVCHP_SRORC,R601,R236ea,DC-D|SRVCHP_SRORC|R601|R236ea,S2_DCD_SRVCHP-SRORC_R601_R236ea_seed042_20260717T060425Z,7,81,0.04272151898734177,81,0.12839748029393347,0.1283974803794006,0.12839748029393347,0.0,-8.546713337054257e-11,0.5552120208436396,39.32112384082255,0.38442271750883,0.040733907200254604,0.09042257261421582,0.0325037238539751,8914,8482,432,0.048463091765761725,1,False,,
DC-D,SRVCHP_SRORC,Cyclopentane,R236ea,DC-D|SRVCHP_SRORC|Cyclopentane|R236ea,S2_DCD_SRVCHP-SRORC_Cyclopentane_R236ea_seed042_20260717T060425Z,8,77,0.04061181434599156,77,0.13194265756547136,0.1319426590134998,0.13194265756547136,0.0,-1.4480284471485305e-09,0.5681517136172017,39.32774146048982,0.3893071250564145,0.0277942144266925,0.08380495294694867,0.027619316306390584,6611,6315,296,0.04477386174557556,2,False,,
DC-D,SRVCHP_SRORC,R601a,R365MFC,DC-D|SRVCHP_SRORC|R601a|R365MFC,S2_DCD_SRVCHP-SRORC_R601a_R365MFC_seed042_20260717T060425Z,9,66,0.03481012658227848,66,0.1321688013512757,0.1321688013512753,0.1321688013512757,0.0,4.163336342344337e-16,0.574167813261046,39.35287731130275,0.407091771377251,0.02177811478284819,0.05866910213401866,0.009834669985554101,6538,5980,558,0.08534720097889263,0,False,,
DC-D,SRVCHP_SRORC,Cyclopentane,R245fa,DC-D|SRVCHP_SRORC|Cyclopentane|R245fa,S2_DCD_SRVCHP-SRORC_Cyclopentane_R245fa_seed042_20260717T060425Z,10,61,0.03217299578059072,61,0.13037039253731444,0.13037039253732,0.13037039253731444,0.0,-5.551115123125783e-15,0.5727453672222494,37.2642208730074,0.4000095762201023,0.02320056082164479,2.147325540429364,0.016916865142702797,8557,7788,769,0.08986794437302793,0,False,,
DC-D,SRVCHP_SRORC,R1234ze(Z),R236ea,DC-D|SRVCHP_SRORC|R1234ze(Z)|R236ea,S2_DCD_SRVCHP-SRORC_R1234zeZ_R236ea_seed042_20260717T060425Z,11,43,0.02267932489451477,43,0.12470654271951521,0.1247065427195247,0.12470654271951521,0.0,-9.478529072737274e-15,0.5447905979988523,39.3270055524805,0.3706696739872183,0.051155330045041914,0.08454086095626678,0.046256767375586816,8049,7462,587,0.07292831407628277,0,False,,
DC-D,SRVCHP_SRORC,R245fa,R227EA,DC-D|SRVCHP_SRORC|R245fa|R227EA,S2_DCD_SRVCHP-SRORC_R245fa_R227EA_seed042_20260720T015713Z,12,41,0.021624472573839662,41,0.1078667152831855,0.1078804833293755,0.1078667152831855,0.0,-1.376804618999361e-05,0.5128912745309671,39.39167158689326,0.3158102247917276,0.08305465351292718,0.01987482654350714,0.1011162165710775,14583,10337,4246,0.2911609408215045,12,False,,
DC-D,SRVCHP_SRORC,R365MFC,R365MFC,DC-D|SRVCHP_SRORC|R365MFC|R365MFC,S2_DCD_SRVCHP-SRORC_R365MFC_R365MFC_seed042_20260717T060425Z,13,38,0.020042194092827006,38,0.13222956122921847,0.1322295612292193,0.13222956122921845,2.7755575615628914e-17,-8.604228440844963e-16,0.5798116342450745,39.308464538380576,0.4055661033440704,0.0161342937988197,0.1030818750561906,0.011360338018734706,7046,6726,320,0.04541583877377235,0,False,,
DC-D,SRVCHP_SRORC,R600,R227EA,DC-D|SRVCHP_SRORC|R600|R227EA,S2_DCD_SRVCHP-SRORC_R600_R227EA_seed042_20260717T060425Z,14,10,0.005274261603375527,10,0.10472943487472405,0.1047300012974959,0.10472943487472407,-1.3877787807814457e-17,-5.664227718388259e-07,0.4949088554370932,39.32382977218285,0.3137894306004125,0.10103707260680106,0.08771664125391965,0.10313701076239262,9328,6859,2469,0.2646869639794168,4,False,,
DC-D,SRVCHP_SRORC,R601,R365MFC,DC-D|SRVCHP_SRORC|R601|R365MFC,S2_DCD_SRVCHP-SRORC_R601_R365MFC_seed042_20260717T060425Z,15,8,0.004219409282700422,8,0.13395680289651357,0.1339568028965135,0.13395680289651357,0.0,8.326672684688674e-17,0.585294571112068,39.35646472845542,0.4108304480697866,0.010651356931826284,0.0550816849813458,0.00609599329301852,9502,8691,811,0.08535045253630814,0,False,,
DC-D,SRVCHP_SRORC,R1234ze(Z),R365MFC,DC-D|SRVCHP_SRORC|R1234ze(Z)|R365MFC,S2_DCD_SRVCHP-SRORC_R1234zeZ_R365MFC_seed042_20260717T060425Z,16,4,0.002109704641350211,4,0.1294137182150536,0.1294137182150531,0.12941371821505354,5.551115123125783e-17,4.440892098500626e-16,0.5688799752813688,39.309834307924056,0.3949178791954264,0.027065952762525436,0.1017121055127106,0.022008562167378676,6583,6259,324,0.049217681907944705,0,False,,
DC-D,SRVCHP_SRORC,R1233zd(E),R236ea,DC-D|SRVCHP_SRORC|R1233zd(E)|R236ea,S2_DCD_SRVCHP-SRORC_R1233zdE_R236ea_seed042_20260717T060425Z,17,3,0.0015822784810126582,3,0.12376774880409201,0.1237677577068373,0.12376774880409201,0.0,-8.902745290972902e-09,0.5546936776519765,39.339372390251285,0.375098200197774,0.04125225039191771,0.07217402318548238,0.04182824116503109,8584,7885,699,0.08143056849953402,1,False,,
DC-D,SRVCHP_SRORC,R1234ze(Z),R245fa,DC-D|SRVCHP_SRORC|R1234ze(Z)|R245fa,S2_DCD_SRVCHP-SRORC_R1234zeZ_R245fa_seed042_20260717T060425Z,18,2,0.0010548523206751054,2,0.12368266608335479,0.1236826660833545,0.12368266608335476,2.7755575615628914e-17,2.636779683484747e-16,0.5545795450570989,37.99871059554581,0.3790689055853726,0.04136638298679529,1.412835817890958,0.037857535777432505,7063,6029,1034,0.14639671527679457,0,False,,
DC-D,SRVCHP_SRORC,R601,R600,DC-D|SRVCHP_SRORC|R601|R600,S2_DCD_SRVCHP-SRORC_R601_R600_seed042_20260717T060425Z,19,1,0.0005274261603375527,1,0.12425757293797614,0.124257572937973,0.12425757293797617,-2.7755575615628914e-17,3.164135620181696e-15,0.5585644332166567,37.2741636701516,0.3889666773548526,0.037381494827237516,2.1373827432851655,0.027959764007952526,8816,8148,668,0.07577132486388385,0,False,,
DC-D,SRVCHP_SRORC,R1233zd(E),R365MFC,DC-D|SRVCHP_SRORC|R1233zd(E)|R365MFC,S2_DCD_SRVCHP-SRORC_R1233zdE_R365MFC_seed042_20260717T060425Z,20,0,0.0,0,0.13060784910645354,0.1306077857252527,0.1306078491064536,-5.551115123125783e-17,6.338120089877108e-08,0.5697323946586448,39.32159198992658,0.4007587187534506,0.026213533385249455,0.08995442351018568,0.016167722609354507,6620,6247,373,0.05634441087613293,0,False,,
DC-D,SRVCHP_SRORC,R600,R365MFC,DC-D|SRVCHP_SRORC|R600|R365MFC,S2_DCD_SRVCHP-SRORC_R600_R365MFC_seed042_20260717T060425Z,21,0,0.0,0,0.12820384974155438,0.1282038497415595,0.12820384974155438,0.0,-5.10702591327572e-15,0.5704833216292063,39.32619450395067,0.3961403357183147,0.025462606414687894,0.08535190948609994,0.020786105644490405,9723,9142,581,0.059755219582433405,0,False,,
DC-D,SRVCHP_SRORC,R245fa,R365MFC,DC-D|SRVCHP_SRORC|R245fa|R365MFC,S2_DCD_SRVCHP-SRORC_R245fa_R365MFC_seed042_20260717T060425Z,22,0,0.0,0,0.12659446530325735,0.126598597578105,0.12659446530325735,0.0,-4.132274847634676e-06,0.562414790382318,39.3218923491478,0.3958803680426216,0.03353113766157623,0.08965406428896472,0.02104607332018349,8638,8072,566,0.06552442695068303,1,False,,
DC-D,SRVCHP_SRORC,R601,R245fa,DC-D|SRVCHP_SRORC|R601|R245fa,S2_DCD_SRVCHP-SRORC_R601_R245fa_seed042_20260717T060425Z,23,0,0.0,0,0.12508427334393687,0.1250842733439368,0.12508427334393682,5.551115123125783e-17,2.7755575615628914e-17,0.5591516650475012,36.49092848443231,0.3931921181480807,0.03679426299639299,2.9206179290044574,0.023734323214724407,7540,6875,665,0.08819628647214854,0,False,,
DC-D,SRVCHP_SRORC,R601a,R236ea,DC-D|SRVCHP_SRORC|R601a|R236ea,S2_DCD_SRVCHP-SRORC_R601a_R236ea_seed042_20260717T060425Z,24,0,0.0,0,0.12479945628114636,0.1247994562865582,0.12479945628114635,1.3877787807814457e-17,-5.411851522474365e-12,0.5566022788941967,39.31074200580087,0.3809214025992043,0.03934364914969757,0.10080440763589849,0.03600503876360078,6632,6252,380,0.05729794933655006,0,False,,
DC-D,SRVCHP_SRORC,R365MFC,R236ea,DC-D|SRVCHP_SRORC|R365MFC|R236ea,S2_DCD_SRVCHP-SRORC_R365MFC_R236ea_seed042_20260717T060425Z,25,0,0.0,0,0.12359789828187169,0.1235979344660023,0.12359789828187169,0.0,-3.618413060846315e-08,0.5420050118056735,39.32124247203092,0.378634214819212,0.053940916238220726,0.09030394140584974,0.0382922265435931,6594,6349,245,0.037154989384288746,1,False,,
DC-D,SRVCHP_SRORC,R365MFC,R245fa,DC-D|SRVCHP_SRORC|R365MFC|R245fa,S2_DCD_SRVCHP-SRORC_R365MFC_R245fa_seed042_20260717T060425Z,26,0,0.0,0,0.12249079144140532,0.1224907914414052,0.12249079144140533,-1.3877787807814457e-17,1.249000902703301e-16,0.5542069926626345,36.94522819939347,0.3885856795119226,0.04173893538125972,2.466318214043298,0.028340761850882523,6530,6156,374,0.05727411944869831,0,False,,
DC-D,SRVCHP_SRORC,R245fa,R236ea,DC-D|SRVCHP_SRORC|R245fa|R236ea,S2_DCD_SRVCHP-SRORC_R245fa_R236ea_seed042_20260717T060425Z,27,0,0.0,0,0.12165852969841688,0.1216583236436865,0.1216585296984169,-1.3877787807814457e-17,2.060547303894822e-07,0.5399189100678009,39.33046178613441,0.3711524451213933,0.05602701797609333,0.08108462730235999,0.04577399624141182,9028,8421,607,0.06723526805494019,3,False,,
DC-D,SRVCHP_SRORC,R365MFC,R600,DC-D|SRVCHP_SRORC|R365MFC|R600,S2_DCD_SRVCHP-SRORC_R365MFC_R600_seed042_20260717T060425Z,28,0,0.0,0,0.12130648213724327,0.1213064821372438,0.12130648213724328,-1.3877787807814457e-17,-5.273559366969494e-16,0.5515338962234688,37.19864012777701,0.3870763853461299,0.04441203182042541,2.2129062856597557,0.029850056016675175,6582,6198,384,0.05834092980856882,0,False,,
DC-D,SRVCHP_SRORC,R600,R236ea,DC-D|SRVCHP_SRORC|R600|R236ea,S2_DCD_SRVCHP-SRORC_R600_R236ea_seed042_20260717T060425Z,29,0,0.0,0,0.12061189185214777,0.1206165314325684,0.12061189185214775,1.3877787807814457e-17,-4.63958042064283e-06,0.5308392871659127,39.323606343908494,0.3692804154907511,0.06510664087798157,0.0879400695282726,0.04764602587205402,6627,6237,390,0.058850158442734266,1,False,,
DC-D,SRVCHP_SRORC,R1233zd(E),R1234ze(E),DC-D|SRVCHP_SRORC|R1233zd(E)|R1234ze(E),S2_DCD_SRVCHP-SRORC_R1233zdE_R1234zeE_seed042_20260717T060425Z,30,0,0.0,0,0.10174536008849344,0.101766996226693,0.10174536008849344,0.0,-2.1636138199554455e-05,0.4951711081021254,38.93597293911075,0.3164452856049756,0.10077481994176885,0.47557347432601915,0.10048115575782951,7344,4868,2476,0.3371459694989107,1,False,,
DC-E,SBVCHP_SBORC,Acetone,R600,DC-E|SBVCHP_SBORC|Acetone|R600,S2_DCE_SBVCHP-SBORC_Acetone_R600_seed042_20260717T060425Z,1,693,0.197098976109215,0,0.19270393821854928,0.1927075312581087,0.19270393821854928,0.0,-3.593039559407485e-06,0.9998381128985658,45.490038897686176,0.3338625764578479,0.00016003037032596978,0.01705984891794543,0.0,8178,7523,655,0.08009293225727562,3,True,1,extreme_exergy_efficiency
DC-E,SBVCHP_SBORC,Acetone,R236ea,DC-E|SBVCHP_SBORC|Acetone|R236ea,S2_DCE_SBVCHP-SBORC_Acetone_R236ea_seed042_20260717T060425Z,2,666,0.189419795221843,17,0.18624439251380628,0.1862576501375859,0.18624439251380628,0.0,-1.3257623779627803e-05,0.9077725343001264,45.49756031209491,0.3219753117062501,0.09222560896876542,0.009538434509209992,0.011887264751597793,9126,8352,774,0.08481262327416174,5,True,5,greedy_incremental_hypervolume
DC-E,SBVCHP_SBORC,Acetone,R600a,DC-E|SBVCHP_SBORC|Acetone|R600a,S2_DCE_SBVCHP-SBORC_Acetone_R600a_seed042_20260717T060425Z,3,411,0.11689419795221843,40,0.1895396122970675,0.1895528013247786,0.1895396122970675,0.0,-1.318902771110797e-05,0.9999981432688918,45.493219837183176,0.3232697496376594,0.0,0.013878909420945718,0.010592826820188472,7761,6900,861,0.11093931194433707,7,True,2,extreme_eta_p2p
DC-E,SBVCHP_SBORC,Acetone,R236fa,DC-E|SBVCHP_SBORC|Acetone|R236fa,S2_DCE_SBVCHP-SBORC_Acetone_R236fa_seed042_20260717T060425Z,4,404,0.1149032992036405,27,0.18438480117673509,0.1843900397075689,0.18438480117673509,0.0,-5.238530833812094e-06,0.9999361873283972,45.496272520262096,0.308487023980332,6.195594049462905e-05,0.010826226342025791,0.025375552477515884,6602,5925,677,0.10254468342926386,7,False,,
DC-E,SBVCHP_SBORC,Acetone,R1234ze(E),DC-E|SBVCHP_SBORC|Acetone|R1234ze(E),S2_DCE_SBVCHP-SBORC_Acetone_R1234zeE_seed042_20260717T060425Z,5,329,0.09357224118316268,7,0.17766438425569506,0.1777157754868278,0.17766438425569506,0.0,-5.1391231132735804e-05,0.9999317018204684,45.49641230992448,0.2949814367148772,6.644144842338218e-05,0.010686436679641531,0.038881139742970694,6621,5573,1048,0.1582842470925842,15,True,4,greedy_incremental_hypervolume
DC-E,SBVCHP_SBORC,Acetone,R245fa,DC-E|SBVCHP_SBORC|Acetone|R245fa,S2_DCE_SBVCHP-SBORC_Acetone_R245fa_seed042_20260717T060425Z,6,294,0.08361774744027303,0,0.19002055692543235,0.1899858330855081,0.19002055692543235,0.0,3.472383992425554e-05,0.9999550014903476,45.48963857350526,0.3334687058958869,4.3141778544253384e-05,0.017460173098861276,0.0003938705619609961,6622,6018,604,0.09121111446692842,0,False,,
DC-E,SBVCHP_SBORC,Cyclopentane,R227EA,DC-E|SBVCHP_SBORC|Cyclopentane|R227EA,S2_DCE_SBVCHP-SBORC_Cyclopentane_R227EA_seed042_20260717T060425Z,7,277,0.07878270762229807,227,0.16004743698898452,0.1600490066573626,0.16004743698898452,0.0,-1.5696683780819232e-06,0.999755608943734,45.50709874660412,0.2719943977825754,0.00024253432515775053,0.0,0.0618681786752725,6648,5509,1139,0.1713297232250301,1,True,3,extreme_energy_density_thermal
DC-E,SBVCHP_SBORC,R1233zd(E),R227EA,DC-E|SBVCHP_SBORC|R1233zd(E)|R227EA,S2_DCE_SBVCHP-SBORC_R1233zdE_R227EA_seed042_20260717T060425Z,8,127,0.03612059158134243,122,0.14998716138663068,0.1499862765208288,0.14998716138663068,0.0,8.84865801881185e-07,0.999604263003122,45.50494730446084,0.2678030523633813,0.00039388026576980817,0.0021514421432797803,0.06605952409446658,6583,5431,1152,0.17499620233935895,1,False,,
DC-E,SBVCHP_SBORC,Cyclopentane,R245fa,DC-E|SBVCHP_SBORC|Cyclopentane|R245fa,S2_DCE_SBVCHP-SBORC_Cyclopentane_R245fa_seed042_20260717T060425Z,9,73,0.020762229806598406,0,0.17880299869982305,0.1788029986998227,0.17880299869982305,0.0,3.608224830031759e-16,0.9996326742715396,45.490485762406216,0.3273777313206791,0.00036546899735223626,0.01661298419790569,0.006484845137168793,7790,6728,1062,0.1363286264441592,0,False,,
DC-E,SBVCHP_SBORC,Cyclopentane,R600a,DC-E|SBVCHP_SBORC|Cyclopentane|R600a,S2_DCE_SBVCHP-SBORC_Cyclopentane_R600a_seed042_20260717T060425Z,10,56,0.015927189988623434,22,0.17235959564264564,0.1723595956426452,0.17235959564264564,0.0,4.440892098500626e-16,0.999996489695872,45.49158140064394,0.3136624870736972,1.6535730198441456e-06,0.015517345960184059,0.020200089384150688,8597,7472,1125,0.13085960218680937,0,False,,
DC-E,SBVCHP_SBORC,Cyclopentane,R236fa,DC-E|SBVCHP_SBORC|Cyclopentane|R236fa,S2_DCE_SBVCHP-SBORC_Cyclopentane_R236fa_seed042_20260717T060425Z,11,47,0.013367463026166098,0,0.17015262754997956,0.1701526275504885,0.17015262754997956,0.0,-5.089262344881718e-13,0.9999875249407424,45.49719989484775,0.3013301562297271,1.0618328149414324e-05,0.009898851756368288,0.032532420228120806,8442,7578,864,0.1023454157782516,0,False,,
DC-E,SBVCHP_SBORC,Cyclopentane,R236ea,DC-E|SBVCHP_SBORC|Cyclopentane|R236ea,S2_DCE_SBVCHP-SBORC_Cyclopentane_R236ea_seed042_20260717T060425Z,12,40,0.011376564277588168,0,0.1730546118165567,0.1730546118165565,0.1730546118165567,0.0,2.220446049250313e-16,0.999994914197226,45.49482498148005,0.3110560016483989,3.229071665833416e-06,0.01227376512407119,0.022806574809448976,7884,6941,943,0.11960933536276001,0,False,,
DC-E,SBVCHP_SBORC,Cyclopentane,R600,DC-E|SBVCHP_SBORC|Cyclopentane|R600,S2_DCE_SBVCHP-SBORC_Cyclopentane_R600_seed042_20260717T060425Z,13,26,0.00739476678043231,0,0.17554156897108558,0.1755415689710852,0.17554156897108558,0.0,3.885780586188048e-16,0.9999010396132272,45.488314360327074,0.3238458804314423,9.710365566462098e-05,0.018784386277047815,0.010016696026405592,8709,7704,1005,0.11539786427833276,0,False,,
DC-E,SBVCHP_SBORC,Cyclopentane,R1234ze(E),DC-E|SBVCHP_SBORC|Cyclopentane|R1234ze(E),S2_DCE_SBVCHP-SBORC_Cyclopentane_R1234zeE_seed042_20260717T060425Z,14,23,0.006541524459613196,0,0.16518308035311907,0.1651830803531196,0.16518308035311907,0.0,-5.273559366969494e-16,0.9999879654184184,45.49503429119101,0.291198899738044,1.0177850473414018e-05,0.012064455413110409,0.04266367671980387,7635,6521,1114,0.1459070072036673,0,False,,
DC-E,SBVCHP_SBORC,Acetone,R134a,DC-E|SBVCHP_SBORC|Acetone|R134a,S2_DCE_SBVCHP-SBORC_Acetone_R134a_seed042_20260717T060425Z,15,20,0.005688282138794084,0,0.14874220995235055,0.1487459358100983,0.14874220995235055,0.0,-3.7258577477439214e-06,0.9998930406924176,45.494124336559125,0.2535668115873891,0.00010510257647422527,0.012974410044996887,0.08029576487045881,8939,6244,2695,0.3014878621769773,15,False,,
DC-E,SBVCHP_SBORC,R1233zd(E),R245fa,DC-E|SBVCHP_SBORC|R1233zd(E)|R245fa,S2_DCE_SBVCHP-SBORC_R1233zdE_R245fa_seed042_20260717T060425Z,16,13,0.003697383390216155,0,0.16522686336235307,0.1652268716156082,0.1652268633623531,-2.7755575615628914e-17,-8.25325510711572e-09,0.9999802771477464,45.49061591904184,0.3133423509289979,1.7866121145404534e-05,0.016482827562278146,0.020520225528849967,8241,7139,1102,0.13372163572381993,1,False,,
DC-E,SBVCHP_SBORC,Acetone,R290,DC-E|SBVCHP_SBORC|Acetone|R290,S2_DCE_SBVCHP-SBORC_Acetone_R290_seed042_20260717T060425Z,17,6,0.0017064846416382253,1,0.14247344058600653,0.1424769327567835,0.14247344058600653,0.0,-3.4921707769697274e-06,0.9994893100628824,45.42647218018303,0.2465486098774404,0.0005088332060093625,0.08062656642108834,0.08731396658040749,9380,6260,3120,0.3326226012793177,5,False,,
DC-E,SBVCHP_SBORC,R1233zd(E),R600a,DC-E|SBVCHP_SBORC|R1233zd(E)|R600a,S2_DCE_SBVCHP-SBORC_R1233zdE_R600a_seed042_20260717T060425Z,18,5,0.001422070534698521,0,0.15949915035809833,0.1594992332901312,0.15949915035809833,0.0,-8.293203285214545e-08,0.9999967283950276,45.48770434094366,0.3009721881597064,1.4148738641805991e-06,0.019394405660463576,0.032890388298141504,6594,5814,780,0.11828935395814377,1,False,,
DC-E,SBVCHP_SBORC,R1233zd(E),R134a,DC-E|SBVCHP_SBORC|R1233zd(E)|R134a,S2_DCE_SBVCHP-SBORC_R1233zdE_R134a_seed042_20260717T060425Z,19,4,0.0011376564277588168,0,0.13525606846973026,0.1352587543403614,0.1352560684697303,-2.7755575615628914e-17,-2.6858706310972646e-06,0.999904088459923,45.49336138939002,0.2479872346522751,9.405480896884644e-05,0.013737357214104406,0.0858753418055728,6595,4560,2035,0.30856709628506446,2,False,,
DC-E,SBVCHP_SBORC,R1233zd(E),R236ea,DC-E|SBVCHP_SBORC|R1233zd(E)|R236ea,S2_DCE_SBVCHP-SBORC_R1233zdE_R236ea_seed042_20260717T060425Z,20,2,0.0005688282138794084,0,0.1608101456939162,0.1608094205896996,0.1608101456939162,0.0,7.251042165867805e-07,0.9999723311719853,45.49310965798003,0.2989148615013539,2.5812096906552284e-05,0.013989088624093426,0.034947714956494014,6797,5919,878,0.12917463586876562,0,False,,
DC-E,SBVCHP_SBORC,R1233zd(E),R600,DC-E|SBVCHP_SBORC|R1233zd(E)|R600,S2_DCE_SBVCHP-SBORC_R1233zdE_R600_seed042_20260717T060425Z,21,0,0.0,0,0.1618799018916052,0.161879724879447,0.1618799018916052,0.0,1.7701215820897787e-07,0.9998924418642968,45.40335494056797,0.3118272125127354,0.00010570140459498223,0.10374380603614952,0.02203536394511252,7419,6531,888,0.1196926809543065,0,False,,
DC-E,SBVCHP_SBORC,R1233zd(E),R236fa,DC-E|SBVCHP_SBORC|R1233zd(E)|R236fa,S2_DCE_SBVCHP-SBORC_R1233zdE_R236fa_seed042_20260717T060425Z,22,0,0.0,0,0.15974964882537637,0.1597496702356628,0.15974964882537643,-5.551115123125783e-17,-2.1410286377143706e-08,0.9999833851984484,45.49642420732496,0.2924039139860834,1.4758070443376958e-05,0.010674539279165174,0.041458662471764496,9105,7674,1431,0.157166392092257,4,False,,
DC-E,SBVCHP_SBORC,R1233zd(E),R1234ze(E),DC-E|SBVCHP_SBORC|R1233zd(E)|R1234ze(E),S2_DCE_SBVCHP-SBORC_R1233zdE_R1234zeE_seed042_20260717T060425Z,23,0,0.0,0,0.15382987878011062,0.153811251586001,0.15382987878011062,0.0,1.8627194109610556e-05,0.9995541344306526,45.49723036948849,0.2831189764314551,0.0004440088382392515,0.009868377115630267,0.05074360002639278,8298,7080,1218,0.1467823571945047,0,False,,
DC-E,SBVCHP_SBORC,R1233zd(E),R152A,DC-E|SBVCHP_SBORC|R1233zd(E)|R152A,S2_DCE_SBVCHP-SBORC_R1233zdE_R152A_seed042_20260717T060425Z,24,0,0.0,0,0.07852424303679395,0.0785243105157822,0.07852424303679395,0.0,-6.747898824432941e-08,0.8566581080582578,45.48399013664619,0.1853108811339726,0.143340035210634,0.02310860995793007,0.1485516953238753,11919,7708,4211,0.353301451464049,0,False,,
DC-E,SRVCHP_SRORC,Acetone,R236ea,DC-E|SRVCHP_SRORC|Acetone|R236ea,S2_DCE_SRVCHP-SRORC_Acetone_R236ea_seed042_20260717T060425Z,1,617,0.21980762379764873,616,0.2198171718454308,0.2198224608768852,0.2198171718454308,0.0,-5.2890314544140615e-06,0.999989487942808,45.19726304823955,0.356964495823007,9.696547779602938e-06,0.003524314370743298,0.006083963857601515,10123,8416,1707,0.1686259014126247,1,True,4,greedy_incremental_hypervolume
DC-E,SRVCHP_SRORC,Cyclopentane,R245fa,DC-E|SRVCHP_SRORC|Cyclopentane|R245fa,S2_DCE_SRVCHP-SRORC_Cyclopentane_R245fa_seed042_20260717T060425Z,2,536,0.19095119344495903,536,0.21748169096598965,0.2174816909659893,0.21748169096598965,0.0,3.608224830031759e-16,0.9996485940720466,45.07284432982012,0.3630484596806085,0.0003505904185409081,0.12794303279017072,0.0,7128,6434,694,0.0973625140291807,0,True,1,extreme_exergy_efficiency
DC-E,SRVCHP_SRORC,Cyclopentane,R227EA,DC-E|SRVCHP_SRORC|Cyclopentane|R227EA,S2_DCE_SRVCHP-SRORC_Cyclopentane_R227EA_seed042_20260717T060425Z,3,386,0.1375133594584966,386,0.20169427786922373,0.2017019280563187,0.2016942778692237,2.7755575615628914e-17,-7.65018709500409e-06,0.9999977692693616,45.20078736261029,0.3034293196875809,1.4152212259865848e-06,0.0,0.05961913999302759,7106,5176,1930,0.27160146355192794,7,True,2,extreme_energy_density_thermal
DC-E,SRVCHP_SRORC,Cyclopentane,R236ea,DC-E|SRVCHP_SRORC|Cyclopentane|R236ea,S2_DCE_SRVCHP-SRORC_Cyclopentane_R236ea_seed042_20260717T060425Z,4,326,0.11613822586391165,315,0.21887398840030717,0.2188739884003071,0.21887398840030717,0.0,5.551115123125783e-17,0.9999299949698592,45.19899379051699,0.3570262085334875,6.918952072831885e-05,0.001793572093305329,0.006022251147121016,6592,5873,719,0.10907160194174757,0,False,,
DC-E,SRVCHP_SRORC,Cyclopentane,R600,DC-E|SRVCHP_SRORC|Cyclopentane|R600,S2_DCE_SRVCHP-SRORC_Cyclopentane_R600_seed042_20260717T060425Z,5,235,0.08371927324545779,233,0.21540679510996683,0.2154067951099666,0.21540679510996683,0.0,2.220446049250313e-16,0.9999928772833132,45.05317186835987,0.3621937581877707,6.307207274347526e-06,0.14761549425042375,0.0008547014928377838,6625,5790,835,0.12603773584905661,0,False,,
DC-E,SRVCHP_SRORC,R1233zd(E),R227EA,DC-E|SRVCHP_SRORC|R1233zd(E)|R227EA,S2_DCE_SRVCHP-SRORC_R1233zdE_R227EA_seed042_20260717T060425Z,6,157,0.055931599572497326,157,0.19809734929354533,0.1981133960479137,0.19809734929354533,0.0,-1.6046754368365113e-05,0.999901462474586,45.166284956318414,0.3041203126750383,9.772201600155572e-05,0.034502406291878174,0.0589281470055702,7071,5141,1930,0.27294583510111725,6,True,5,greedy_incremental_hypervolume
DC-E,SRVCHP_SRORC,R1233zd(E),R236ea,DC-E|SRVCHP_SRORC|R1233zd(E)|R236ea,S2_DCE_SRVCHP-SRORC_R1233zdE_R236ea_seed042_20260717T060425Z,7,145,0.051656572853580336,144,0.21237440409173877,0.2123726888348097,0.2123744040917387,8.326672684688674e-17,1.7152569289913266e-06,0.9997491295493032,45.1725376859349,0.3500968057073212,0.0002500549412843833,0.028249676675393687,0.012951653973287292,6615,5947,668,0.10098261526832955,2,False,,
DC-E,SRVCHP_SRORC,R601,R245fa,DC-E|SRVCHP_SRORC|R601|R245fa,S2_DCE_SRVCHP-SRORC_R601_R245fa_seed042_20260717T060425Z,8,96,0.034200213751335945,96,0.2129418074070941,0.2129429390656918,0.21294180740709406,2.7755575615628914e-17,-1.1316585977472204e-06,0.9998960533502752,45.15526213017719,0.3605930950142487,0.00010313114031235138,0.045525232433099916,0.002455364666359816,6587,5628,959,0.14558979808714134,0,False,,
DC-E,SRVCHP_SRORC,R1233zd(E),R245fa,DC-E|SRVCHP_SRORC|R1233zd(E)|R245fa,S2_DCE_SRVCHP-SRORC_R1233zdE_R245fa_seed042_20260717T060425Z,9,70,0.02493765586034913,69,0.21181038692797663,0.2118104035478269,0.21181038692797663,0.0,-1.6619850273791315e-08,0.9999119826551618,45.04059192346372,0.3576435955254433,8.720183542576532e-05,0.16019543914656964,0.005404864155165223,6696,5826,870,0.12992831541218638,1,False,,
DC-E,SRVCHP_SRORC,R601,R236ea,DC-E|SRVCHP_SRORC|R601|R236ea,S2_DCE_SRVCHP-SRORC_R601_R236ea_seed042_20260717T060425Z,10,54,0.01923762023512647,53,0.21264240670048434,0.2126424145699875,0.21264240670048434,0.0,-7.869503160229385e-09,0.9999980239682468,45.18808678123085,0.3519919367648133,1.1605223407817888e-06,0.01270058137944119,0.01105652291579523,6571,5848,723,0.11002891492923451,0,False,,
DC-E,SRVCHP_SRORC,R1233zd(E),R600,DC-E|SRVCHP_SRORC|R1233zd(E)|R600,S2_DCE_SRVCHP-SRORC_R1233zdE_R600_seed042_20260717T060425Z,11,38,0.013537584609903812,33,0.2108670479725424,0.2108702554331738,0.2108670479725424,0.0,-3.207460631399206e-06,0.9999818169617392,45.06098126051552,0.3555234452476817,1.736752884839987e-05,0.13980610209477362,0.007525014432926802,8056,6906,1150,0.14275074478649455,1,False,,
DC-E,SRVCHP_SRORC,R365MFC,R600,DC-E|SRVCHP_SRORC|R365MFC|R600,S2_DCE_SRVCHP-SRORC_R365MFC_R600_seed042_20260717T060425Z,12,35,0.012468827930174564,35,0.20918342384306798,0.2091834238430686,0.20918342384306798,0.0,-6.106226635438361e-16,0.9999871757603376,45.09097216880121,0.3591469152167302,1.2008730249979394e-05,0.10981519380908367,0.0039015444638783037,8624,7702,922,0.10691094619666049,0,False,,
DC-E,SRVCHP_SRORC,R365MFC,R236ea,DC-E|SRVCHP_SRORC|R365MFC|R236ea,S2_DCE_SRVCHP-SRORC_R365MFC_R236ea_seed042_20260717T060425Z,13,33,0.011756323477021732,31,0.21108427307732738,0.2110842730773355,0.21108427307732738,0.0,-8.104628079763643e-15,0.9999810059934224,45.16307419815155,0.3502309473140194,1.817849716512221e-05,0.03771316445874362,0.012817512366589123,6601,5880,721,0.10922587486744433,0,False,,
DC-E,SRVCHP_SRORC,R601a,R245fa,DC-E|SRVCHP_SRORC|R601a|R245fa,S2_DCE_SRVCHP-SRORC_R601a_R245fa_seed042_20260717T060425Z,14,26,0.009262557890986818,6,0.20864477911613943,0.2086447791161393,0.20864477911613943,0.0,1.3877787807814457e-16,0.9999478642965338,45.07671632590342,0.3588696393741046,5.132019405373889e-05,0.12407103670687292,0.004178820306503905,7981,6995,986,0.12354341561207868,0,False,,
DC-E,SRVCHP_SRORC,R365MFC,R245fa,DC-E|SRVCHP_SRORC|R365MFC|R245fa,S2_DCE_SRVCHP-SRORC_R365MFC_R245fa_seed042_20260717T060425Z,15,17,0.006056287851799074,16,0.2087067835082687,0.2087067835082577,0.20870678350826874,-2.7755575615628914e-17,1.1046719095020308e-14,0.9999725839032,45.077510588268,0.3548780276919929,2.6600587387570762e-05,0.123276774342294,0.008170431988615612,7636,6756,880,0.11524358302776323,0,False,,
DC-E,SRVCHP_SRORC,R601,R600,DC-E|SRVCHP_SRORC|R601|R600,S2_DCE_SRVCHP-SRORC_R601_R600_seed042_20260717T060425Z,16,16,0.0057000356252226575,15,0.20901959810934534,0.2090195981093456,0.20901959810934542,-8.326672684688674e-17,-1.6653345369377348e-16,0.999946100983268,45.12733655024259,0.3582865538578034,5.3083507319584555e-05,0.07345081236770312,0.0047619058228051125,8943,7769,1174,0.1312758582131276,0,False,,
DC-E,SRVCHP_SRORC,R601a,R236ea,DC-E|SRVCHP_SRORC|R601a|R236ea,S2_DCE_SRVCHP-SRORC_R601a_R236ea_seed042_20260717T060425Z,17,13,0.004631278945493409,13,0.20892067920542673,0.2089210161243855,0.20892067920542673,0.0,-3.3691895875986866e-07,0.9999799294617728,45.19344066905912,0.3499584762491567,1.9255028814724184e-05,0.007346693551170347,0.01308998343145179,7563,6810,753,0.09956366521221738,1,False,,
DC-E,SRVCHP_SRORC,R601a,R600,DC-E|SRVCHP_SRORC|R601a|R600,S2_DCE_SRVCHP-SRORC_R601a_R600_seed042_20260717T060425Z,18,4,0.0014250089063056644,1,0.20588149276222723,0.2058819456740555,0.20588149276222723,0.0,-4.5291182826368015e-07,0.9999991844905876,45.08709095548495,0.3545212463505552,0.0,0.1136964071253388,0.008527213330053296,6643,5749,894,0.13457775101610717,1,True,3,extreme_eta_p2p
DC-E,SRVCHP_SRORC,R1233zd(E),R1234ze(E),DC-E|SRVCHP_SRORC|R1233zd(E)|R1234ze(E),S2_DCE_SRVCHP-SRORC_R1233zdE_R1234zeE_seed042_20260717T060425Z,19,3,0.0010687566797292483,3,0.18956140622442652,0.1895616231538676,0.18956140622442652,0.0,-2.1692944107698509e-07,0.999956451888152,45.10521543157,0.3021891637070367,4.273260243559118e-05,0.09557193104028983,0.060859295973571814,6550,4727,1823,0.2783206106870229,1,False,,
DC-F,SBVCHP_SBORC,Acetone,R365MFC,DC-F|SBVCHP_SBORC|Acetone|R365MFC,S2_DCF_SBVCHP-SBORC_Acetone_R365MFC_seed042_20260717T060425Z,1,565,0.22828282828282828,0,0.13803692106618742,0.1380369210661878,0.13803692106618742,0.0,-3.885780586188048e-16,0.7223792260161365,45.11584276200019,0.3334036968040615,0.09120438905871686,0.025823809385961738,0.0,8725,8453,272,0.031174785100286533,0,True,1,extreme_exergy_efficiency
DC-F,SBVCHP_SBORC,Acetone,R236fa,DC-F|SBVCHP_SBORC|Acetone|R236fa,S2_DCF_SBVCHP-SBORC_Acetone_R236fa_seed042_20260717T060425Z,2,483,0.19515151515151516,4,0.13587531848960938,0.1358746137111559,0.13587531848960938,0.0,7.047784534863766e-07,0.7694055702508906,45.126647723208606,0.3072898955663519,0.0441780448239627,0.015018848177547284,0.026113801237709622,12628,11684,944,0.07475451377890402,1,True,4,greedy_incremental_hypervolume
DC-F,SBVCHP_SBORC,Acetone,R236ea,DC-F|SBVCHP_SBORC|Acetone|R236ea,S2_DCF_SBVCHP-SBORC_Acetone_R236ea_seed042_20260717T060425Z,3,347,0.1402020202020202,0,0.13863209609416996,0.1386320547172388,0.13863209609416996,0.0,4.137693115913166e-08,0.7493328688909899,45.12107537871616,0.3186246079157547,0.0642507461838634,0.02059119266999687,0.014779088888306813,6563,6281,282,0.04296815480725278,1,True,5,greedy_incremental_hypervolume
DC-F,SBVCHP_SBORC,Cyclopentane,R227EA,DC-F|SBVCHP_SBORC|Cyclopentane|R227EA,S2_DCF_SBVCHP-SBORC_Cyclopentane_R227EA_seed042_20260717T060425Z,4,312,0.12606060606060607,304,0.11508249882287827,0.1150828905072305,0.11508249882287827,0.0,-3.916843522300262e-07,0.7438596969846977,45.14166657138615,0.2619001579692011,0.06972391809015566,0.0,0.07150353883486044,7956,5578,2378,0.29889391654097536,2,True,2,extreme_energy_density_thermal
DC-F,SBVCHP_SBORC,Acetone,R245fa,DC-F|SBVCHP_SBORC|Acetone|R245fa,S2_DCF_SBVCHP-SBORC_Acetone_R245fa_seed042_20260717T060425Z,5,184,0.07434343434343435,0,0.1360814429480578,0.1360814665601067,0.1360814429480578,0.0,-2.3612048899446236e-08,0.733296017585948,45.07320186908884,0.3298566831251903,0.08028759748890535,0.06846470229731239,0.0035470136788712248,8566,8322,244,0.028484706981088022,0,False,,
DC-F,SBVCHP_SBORC,Acetone,R600a,DC-F|SBVCHP_SBORC|Acetone|R600a,S2_DCF_SBVCHP-SBORC_Acetone_R600a_seed042_20260717T060425Z,6,127,0.05131313131313131,0,0.13437053662772822,0.1343705382655066,0.13437053662772822,0.0,-1.6377783851329042e-09,0.7100328263603009,45.11794056784287,0.3164266541861854,0.10355078871455248,0.023726003543281138,0.016977042617876137,7273,6932,341,0.04688574178468308,0,False,,
DC-F,SBVCHP_SBORC,Acetone,R1234ze(E),DC-F|SBVCHP_SBORC|Acetone|R1234ze(E),S2_DCF_SBVCHP-SBORC_Acetone_R1234zeE_seed042_20260717T060425Z,7,115,0.046464646464646465,3,0.12379034131867402,0.1237902514387226,0.12379034131867402,0.0,8.987995141207517e-08,0.7964248882853902,45.118995712975305,0.2785105241270008,0.017158726789463175,0.022670858410847927,0.05489317267706073,8101,6318,1783,0.22009628440933218,0,False,,
DC-F,SBVCHP_SBORC,R1233zd(E),R227EA,DC-F|SBVCHP_SBORC|R1233zd(E)|R227EA,S2_DCF_SBVCHP-SBORC_R1233zdE_R227EA_seed042_20260717T060425Z,8,97,0.039191919191919194,97,0.1059953938381686,0.1059988598529867,0.1059953938381686,0.0,-3.466014818098717e-06,0.7579917832083183,45.1400507247528,0.253229335881202,0.055591831866535046,0.0016158466333564547,0.08017436092285951,8926,6237,2689,0.30125476137127494,4,False,,
DC-F,SBVCHP_SBORC,Cyclopentane,R236ea,DC-F|SBVCHP_SBORC|Cyclopentane|R236ea,S2_DCF_SBVCHP-SBORC_Cyclopentane_R236ea_seed042_20260717T060425Z,9,66,0.02666666666666667,0,0.12167422312862756,0.1216742231286269,0.12167422312862756,0.0,6.661338147750939e-16,0.8135836150748533,45.11993474446937,0.3081373776821544,0.0,0.02173182691678477,0.025266319121907133,9059,7903,1156,0.1276079037421349,0,True,3,extreme_eta_p2p
DC-F,SBVCHP_SBORC,Cyclopentane,R365MFC,DC-F|SBVCHP_SBORC|Cyclopentane|R365MFC,S2_DCF_SBVCHP-SBORC_Cyclopentane_R365MFC_seed042_20260717T060425Z,10,64,0.02585858585858586,0,0.1252855379846504,0.1252855379846479,0.12528553798465042,-2.7755575615628914e-17,2.525757381022231e-15,0.6845367244919391,45.11507172093099,0.3229083633693084,0.1290468905829142,0.026594850455161634,0.010495333434753118,10941,10123,818,0.07476464674161411,0,False,,
DC-F,SBVCHP_SBORC,Acetone,R600,DC-F|SBVCHP_SBORC|Acetone|R600,S2_DCF_SBVCHP-SBORC_Acetone_R600_seed042_20260717T060425Z,11,31,0.012525252525252526,0,0.13145256251702603,0.1314525625170261,0.13145256251702603,0.0,-8.326672684688674e-17,0.6855146453947659,45.112524764603926,0.3262233835215294,0.1280689696800874,0.029141806782227775,0.0071803132825321025,7854,7644,210,0.026737967914438502,0,False,,
DC-F,SBVCHP_SBORC,Cyclopentane,R245fa,DC-F|SBVCHP_SBORC|Cyclopentane|R245fa,S2_DCF_SBVCHP-SBORC_Cyclopentane_R245fa_seed042_20260717T060425Z,12,30,0.012121212121212121,0,0.12388680713752823,0.1238868071375279,0.12388680713752821,1.3877787807814457e-17,3.191891195797325e-16,0.6759980802487876,45.11230615446178,0.3201380694638495,0.13758553482606573,0.02936041692437641,0.013265627340212027,7101,6739,362,0.050978735389381774,0,False,,
DC-F,SBVCHP_SBORC,R1233zd(E),R365MFC,DC-F|SBVCHP_SBORC|R1233zd(E)|R365MFC,S2_DCF_SBVCHP-SBORC_R1233zdE_R365MFC_seed042_20260717T060425Z,13,16,0.006464646464646465,0,0.1173337836968269,0.1173337841481177,0.1173337836968269,0.0,-4.5129079639938396e-10,0.792377055529523,45.11485365338606,0.3094888903772496,0.02120655954533035,0.026812918000096886,0.02391480642681193,7851,6976,875,0.11145077060247102,0,False,,
DC-F,SBVCHP_SBORC,Cyclopentane,R600,DC-F|SBVCHP_SBORC|Cyclopentane|R600,S2_DCF_SBVCHP-SBORC_Cyclopentane_R600_seed042_20260717T060425Z,14,14,0.0056565656565656566,0,0.12384474902862844,0.1238447490286274,0.12384474902862841,2.7755575615628914e-17,1.0130785099704553e-15,0.802315651665858,45.11391942345055,0.3164672492554904,0.011267963408995274,0.02774714793560662,0.0169364475485711,7794,6849,945,0.12124711316397228,0,False,,
DC-F,SBVCHP_SBORC,R1233zd(E),R245fa,DC-F|SBVCHP_SBORC|R1233zd(E)|R245fa,S2_DCF_SBVCHP-SBORC_R1233zdE_R245fa_seed042_20260717T060425Z,15,14,0.0056565656565656566,0,0.11447834308698775,0.1144783430925146,0.11447834308698773,1.3877787807814457e-17,-5.526870627825531e-12,0.7928976834779853,45.11294758958476,0.3056004096732919,0.020685931596868046,0.028718981801389987,0.027803287130769627,8473,7508,965,0.1138911837601794,0,False,,
DC-F,SBVCHP_SBORC,R1233zd(E),R236fa,DC-F|SBVCHP_SBORC|R1233zd(E)|R236fa,S2_DCF_SBVCHP-SBORC_R1233zdE_R236fa_seed042_20260717T060425Z,16,7,0.0028282828282828283,0,0.11334059761566656,0.1133405964666803,0.11334059761566656,0.0,1.1489862672409146e-09,0.7939702130146329,45.1242690342134,0.2855173687451373,0.019613402060220442,0.01739753717275505,0.04788632805892423,10698,9001,1697,0.15862778089362498,0,False,,
DC-F,SBVCHP_SBORC,Acetone,R134a,DC-F|SBVCHP_SBORC|Acetone|R134a,S2_DCF_SBVCHP-SBORC_Acetone_R134a_seed042_20260717T060425Z,17,3,0.0012121212121212121,3,0.09385610582671076,0.0938840873313073,0.09385610582671076,0.0,-2.7981504596541473e-05,0.7212907061895084,45.12583753501072,0.2261289352633731,0.09229290888534492,0.01582903637543609,0.10727476154068841,10708,6971,3737,0.3489914082928651,13,False,,
DC-F,SBVCHP_SBORC,Cyclopentane,R600a,DC-F|SBVCHP_SBORC|Cyclopentane|R600a,S2_DCF_SBVCHP-SBORC_Cyclopentane_R600a_seed042_20260717T060425Z,18,0,0.0,0,0.12198411868742026,0.1219841186874204,0.12198411868742026,0.0,-1.3877787807814457e-16,0.766339671609694,45.11887534788465,0.3076506121575319,0.047243943465159366,0.022791223501506863,0.02575308464652959,7743,6915,828,0.10693529639674544,0,False,,
DC-F,SBVCHP_SBORC,Cyclopentane,R236fa,DC-F|SBVCHP_SBORC|Cyclopentane|R236fa,S2_DCF_SBVCHP-SBORC_Cyclopentane_R236fa_seed042_20260717T060425Z,19,0,0.0,0,0.11999598285639237,0.1199960289291347,0.11999598285639237,0.0,-4.6072742329594796e-08,0.6965310862260143,45.12475867373128,0.2977141661315304,0.11705252884883899,0.01690789765487466,0.03568953067253111,8445,7696,749,0.0886915334517466,3,False,,
DC-F,SBVCHP_SBORC,Cyclopentane,R1234ze(E),DC-F|SBVCHP_SBORC|Cyclopentane|R1234ze(E),S2_DCF_SBVCHP-SBORC_Cyclopentane_R1234zeE_seed042_20260717T060425Z,20,0,0.0,0,0.11602854792789598,0.1160285479278973,0.11602854792789598,0.0,-1.3183898417423734e-15,0.7896565119008362,45.12427874299698,0.2788868050468131,0.02392710317401714,0.017387828389175297,0.05451689175724839,10777,8115,2662,0.24700751600630974,0,False,,
DC-F,SBVCHP_SBORC,R1233zd(E),R236ea,DC-F|SBVCHP_SBORC|R1233zd(E)|R236ea,S2_DCF_SBVCHP-SBORC_R1233zdE_R236ea_seed042_20260717T060425Z,21,0,0.0,0,0.11474628179537205,0.1147462831384625,0.11474628179537205,0.0,-1.3430904444167169e-09,0.7409957532940155,45.12248387170314,0.2951715230807298,0.07258786178083787,0.019182699683014448,0.03823217372333171,8121,7087,1034,0.12732422115503017,0,False,,
DC-F,SBVCHP_SBORC,R1233zd(E),R600a,DC-F|SBVCHP_SBORC|R1233zd(E)|R600a,S2_DCF_SBVCHP-SBORC_R1233zdE_R600a_seed042_20260717T060425Z,22,0,0.0,0,0.11158202355671912,0.1115918447798935,0.11158202355671912,0.0,-9.821223174388827e-06,0.7523203302050355,45.11942385969972,0.2939739110828346,0.0612632848698178,0.022242711686430994,0.039429785721226907,8432,7350,1082,0.12832068311195446,0,False,,
DC-F,SBVCHP_SBORC,R1233zd(E),R600,DC-F|SBVCHP_SBORC|R1233zd(E)|R600,S2_DCF_SBVCHP-SBORC_R1233zdE_R600_seed042_20260717T060425Z,23,0,0.0,0,0.11124220520057657,0.1112451293981689,0.11124220520057657,0.0,-2.9241975923327557e-06,0.6762301568582684,45.111209800155926,0.3020212750620933,0.13735345821658496,0.030456771230227275,0.0313824217419682,6769,6073,696,0.10282168710296942,1,False,,
DC-F,SBVCHP_SBORC,CycloHexane,R245fa,DC-F|SBVCHP_SBORC|CycloHexane|R245fa,S2_DCF_SBVCHP-SBORC_CycloHexane_R245fa_seed042_20260717T060425Z,24,0,0.0,0,0.11070314769393644,0.1107031476939366,0.11070314769393644,0.0,-1.6653345369377348e-16,0.6718806674941946,45.11376239045856,0.3073782633973375,0.1417029475806587,0.027904180927592392,0.02602543340672403,8399,7123,1276,0.15192284795809025,0,False,,
DC-F,SBVCHP_SBORC,CycloHexane,R365MFC,DC-F|SBVCHP_SBORC|CycloHexane|R365MFC,S2_DCF_SBVCHP-SBORC_CycloHexane_R365MFC_seed042_20260717T060425Z,25,0,0.0,0,0.11008913586919707,0.1100891358691977,0.11008913586919707,0.0,-6.38378239159465e-16,0.7274841021922908,45.102902719693816,0.3116400316160114,0.08609951288256257,0.038763851692337425,0.02176366518805012,6869,5645,1224,0.1781918765468045,0,False,,
DC-F,SBVCHP_SBORC,R1233zd(E),R1234ze(E),DC-F|SBVCHP_SBORC|R1233zd(E)|R1234ze(E),S2_DCF_SBVCHP-SBORC_R1233zdE_R1234zeE_seed042_20260717T060425Z,26,0,0.0,0,0.10649118705658214,0.1064911870565818,0.10649118705658218,-4.163336342344337e-17,3.885780586188048e-16,0.7001709893298037,45.125691259633015,0.2696384592796312,0.11341262574504962,0.015975311753138044,0.06376523752443031,7717,5709,2008,0.26020474277569006,0,False,,
DC-F,SBVCHP_SBORC,CycloHexane,R600,DC-F|SBVCHP_SBORC|CycloHexane|R600,S2_DCF_SBVCHP-SBORC_CycloHexane_R600_seed042_20260717T060425Z,27,0,0.0,0,0.10528304732372336,0.1052830473237225,0.10528304732372336,0.0,8.604228440844963e-16,0.6751062167264031,45.11334559809431,0.3012928183976877,0.1384773983484502,0.0283209732918408,0.03211087840637383,8457,6751,1706,0.20172638051318434,0,False,,
DC-F,SBVCHP_SBORC,Acetone,R290,DC-F|SBVCHP_SBORC|Acetone|R290,S2_DCF_SBVCHP-SBORC_Acetone_R290_seed042_20260717T060425Z,28,0,0.0,0,0.08430984855670873,0.084336925277461,0.08430984855670873,0.0,-2.7076720752278183e-05,0.7614356859251903,45.1270945142664,0.2107016985358858,0.05214792914966304,0.01457205711975007,0.12270199826817571,10560,7022,3538,0.3350378787878788,4,False,,
DC-F,SBVCHP_SBORC,R1233zd(E),R134a,DC-F|SBVCHP_SBORC|R1233zd(E)|R134a,S2_DCF_SBVCHP-SBORC_R1233zdE_R134a_seed042_20260717T060425Z,29,0,0.0,0,0.08290046036471478,0.0829032878602088,0.08290046036471477,1.3877787807814457e-17,-2.8274954940316066e-06,0.7444370298219711,45.12386046264476,0.2213320919491888,0.0691465852528822,0.017806108741396542,0.11207160485487272,8529,5529,3000,0.35174111853675694,8,False,,
DC-F,SBVCHP_SBORC,R1233zd(E),R152A,DC-F|SBVCHP_SBORC|R1233zd(E)|R152A,S2_DCF_SBVCHP-SBORC_R1233zdE_R152A_seed042_20260717T060425Z,30,0,0.0,0,0.0466135876036702,0.0466135965254381,0.0466135876036702,0.0,-8.921767900849087e-09,0.5138285414097858,45.11349872597916,0.1668083580577497,0.2997550736650675,0.028167845406990466,0.1665953387463118,11487,6957,4530,0.39435884042831026,3,False,,
DC-F,SRVCHP_SRORC,Acetone,R365MFC,DC-F|SRVCHP_SRORC|Acetone|R365MFC,S2_DCF_SRVCHP-SRORC_Acetone_R365MFC_seed042_20260717T060425Z,1,473,0.19537381247418423,473,0.15931049172382472,0.1593031341148549,0.1593104917238247,2.7755575615628914e-17,7.357608969804641e-06,0.8082443173516421,39.29188234079367,0.369452637647244,0.02563961152233918,1.3765920679992973,0.0006780832781010937,6581,6056,525,0.07977511016562833,0,True,3,greedy_incremental_hypervolume
DC-F,SRVCHP_SRORC,Cyclopentane,R365MFC,DC-F|SRVCHP_SRORC|Cyclopentane|R365MFC,S2_DCF_SRVCHP-SRORC_Cyclopentane_R365MFC_seed042_20260717T060425Z,2,443,0.18298223874432054,443,0.15750465331224411,0.1575046533122449,0.1575046533122441,2.7755575615628914e-17,-8.049116928532385e-16,0.8338839288739813,39.58955655690234,0.3701307209253451,0.0,1.0789178518906297,0.0,12463,11467,996,0.07991655299687074,0,True,1,extreme_eta_p2p;extreme_exergy_efficiency
DC-F,SRVCHP_SRORC,Acetone,R236ea,DC-F|SRVCHP_SRORC|Acetone|R236ea,S2_DCF_SRVCHP-SRORC_Acetone_R236ea_seed042_20260717T060425Z,3,257,0.10615448161916563,257,0.15027804569327696,0.150278045693265,0.150278045693277,-2.7755575615628914e-17,1.199040866595169e-14,0.7716281483327176,39.22194215149378,0.3475174130568434,0.06225578054126368,1.4465322572991894,0.022613307868501686,6619,6116,503,0.07599335247016166,0,True,5,greedy_incremental_hypervolume
DC-F,SRVCHP_SRORC,R1233zd(E),R227EA,DC-F|SRVCHP_SRORC|R1233zd(E)|R227EA,S2_DCF_SRVCHP-SRORC_R1233zdE_R227EA_seed042_20260717T060425Z,4,221,0.0912845931433292,167,0.1313020793082771,0.1313151175632904,0.1313020793082771,0.0,-1.3038255013309019e-05,0.7690695575955956,40.63088291227668,0.2794391860335335,0.06481437127838574,0.037591496516284906,0.09069153489181159,9512,5594,3918,0.4119007569386039,11,True,4,greedy_incremental_hypervolume
DC-F,SRVCHP_SRORC,CycloHexane,R236ea,DC-F|SRVCHP_SRORC|CycloHexane|R236ea,S2_DCF_SRVCHP-SRORC_CycloHexane_R236ea_seed042_20260717T060425Z,5,193,0.07971912432878976,193,0.1511257728941804,0.1511257728941801,0.1511257728941804,0.0,2.7755575615628914e-16,0.7501368001517777,39.48218955250785,0.3498015699080394,0.08374712872220358,1.1862848562851198,0.020329151017305702,7079,6505,574,0.08108489899703349,0,False,,
DC-F,SRVCHP_SRORC,CycloHexane,R227EA,DC-F|SRVCHP_SRORC|CycloHexane|R227EA,S2_DCF_SRVCHP-SRORC_CycloHexane_R227EA_seed042_20260717T060425Z,6,176,0.07269723254853366,136,0.13660305657028016,0.1366048575572694,0.13660305657028016,0.0,-1.800986989236586e-06,0.8114336771860662,40.66847440879297,0.2870315663057625,0.022450251687915146,0.0,0.08309915461958262,10031,6350,3681,0.36696241650882266,8,True,2,extreme_energy_density_thermal
DC-F,SRVCHP_SRORC,CycloHexane,R365MFC,DC-F|SRVCHP_SRORC|CycloHexane|R365MFC,S2_DCF_SRVCHP-SRORC_CycloHexane_R365MFC_seed042_20260717T060425Z,7,130,0.053696819496076,130,0.1551742631333336,0.1551742631333332,0.1551742631333336,0.0,3.885780586188048e-16,0.8093852277259637,39.6134939228059,0.3688972092278001,0.024498701148017665,1.0549804859870662,0.0012335116975449867,8997,8120,877,0.09747693675669668,0,False,,
DC-F,SRVCHP_SRORC,Cyclopentane,R236ea,DC-F|SRVCHP_SRORC|Cyclopentane|R236ea,S2_DCF_SRVCHP-SRORC_Cyclopentane_R236ea_seed042_20260717T060425Z,8,122,0.050392399834779014,122,0.15029194573367524,0.1502919457336762,0.15029194573367524,0.0,-9.71445146547012e-16,0.7764404763589025,39.74213543451438,0.3487188222451583,0.057443452515078874,0.9263389742785861,0.02141189868018678,7691,7144,547,0.07112209075542843,0,False,,
DC-F,SRVCHP_SRORC,CycloHexane,R245fa,DC-F|SRVCHP_SRORC|CycloHexane|R245fa,S2_DCF_SRVCHP-SRORC_CycloHexane_R245fa_seed042_20260717T060425Z,9,120,0.04956629491945477,120,0.15074074253156486,0.1507407425315733,0.1507407425315649,-2.7755575615628914e-17,-8.409939411535561e-15,0.7809199408481102,37.85031713524796,0.3577817853484386,0.0529639880258711,2.8181572735450047,0.012348935576906528,8696,7963,733,0.0842916283348666,0,False,,
DC-F,SRVCHP_SRORC,Cyclopentane,R227EA,DC-F|SRVCHP_SRORC|Cyclopentane|R227EA,S2_DCF_SRVCHP-SRORC_Cyclopentane_R227EA_seed042_20260717T060425Z,10,99,0.040892193308550186,99,0.13549077393493622,0.1354920677321445,0.13549077393493628,-5.551115123125783e-17,-1.2937972082294191e-06,0.8108213646427599,40.293094401108405,0.2858594078104544,0.02306256423122144,0.37538000768456214,0.08427131311489072,11644,7642,4002,0.34369632428718655,10,False,,
DC-F,SRVCHP_SRORC,R601a,R365MFC,DC-F|SRVCHP_SRORC|R601a|R365MFC,S2_DCF_SRVCHP-SRORC_R601a_R365MFC_seed042_20260717T060425Z,11,54,0.022304832713754646,54,0.15328002684120903,0.153280026841203,0.15328002684120903,0.0,6.022959908591474e-15,0.7858229236869586,39.325431262832055,0.3650671157941217,0.04806100518702272,1.3430431459609125,0.005063605131223392,8009,7318,691,0.08627793732051442,0,False,,
DC-F,SRVCHP_SRORC,Cyclopentane,R245fa,DC-F|SRVCHP_SRORC|Cyclopentane|R245fa,S2_DCF_SRVCHP-SRORC_Cyclopentane_R245fa_seed042_20260717T060425Z,12,53,0.021891780256092525,53,0.15031146215511507,0.1503114621551149,0.15031146215511504,2.7755575615628914e-17,1.3877787807814457e-16,0.8132969800478648,37.86891459170288,0.3555490904705487,0.020586948826116558,2.799559817090085,0.01458163045479638,8891,7892,999,0.11236081430660218,0,False,,
DC-F,SRVCHP_SRORC,R1233zd(E),R236ea,DC-F|SRVCHP_SRORC|R1233zd(E)|R236ea,S2_DCF_SRVCHP-SRORC_R1233zdE_R236ea_seed042_20260717T060425Z,13,18,0.007434944237918215,18,0.14619474401392904,0.1461970559381186,0.14619474401392904,0.0,-2.3119241895630527e-06,0.764897248653109,39.70678788098921,0.3413599292700989,0.06898668022087229,0.9616865278037565,0.02877079165524621,6583,5926,657,0.09980252164666566,2,False,,
DC-F,SRVCHP_SRORC,R365MFC,R365MFC,DC-F|SRVCHP_SRORC|R365MFC|R365MFC,S2_DCF_SRVCHP-SRORC_R365MFC_R365MFC_seed042_20260717T060425Z,14,12,0.004956629491945477,12,0.15029807558526742,0.1502980755852646,0.15029807558526745,-2.7755575615628914e-17,2.858824288409778e-15,0.8130030920307267,39.9932952871736,0.3621742642075261,0.02088083684325459,0.6751791216193652,0.007956456717819027,11913,10889,1024,0.08595651808948208,0,False,,
DC-F,SRVCHP_SRORC,R1233zd(E),R365MFC,DC-F|SRVCHP_SRORC|R1233zd(E)|R365MFC,S2_DCF_SRVCHP-SRORC_R1233zdE_R365MFC_seed042_20260717T060425Z,15,8,0.003304419661296985,8,0.1498552948883404,0.1498657524258311,0.14985529488834035,5.551115123125783e-17,-1.0457537490765612e-05,0.764559574932044,38.872225030848895,0.3611782092961234,0.06932435394193737,1.796249377944072,0.008952511629221727,6899,6367,532,0.07711262501811857,2,False,,
DC-F,SRVCHP_SRORC,Cyclopentane,R600,DC-F|SRVCHP_SRORC|Cyclopentane|R600,S2_DCF_SRVCHP-SRORC_Cyclopentane_R600_seed042_20260717T060425Z,16,8,0.003304419661296985,8,0.14800252956565507,0.1480025295656557,0.14800252956565507,0.0,-6.38378239159465e-16,0.7737591236588517,38.15107121392227,0.3537493986099574,0.06012480521512964,2.5174031948706954,0.016381322315387692,11093,10125,968,0.08726223744703868,0,False,,
DC-F,SRVCHP_SRORC,R601a,R236ea,DC-F|SRVCHP_SRORC|R601a|R236ea,S2_DCF_SRVCHP-SRORC_R601a_R236ea_seed042_20260717T060425Z,17,8,0.003304419661296985,8,0.1462314928985627,0.1462314928985627,0.1462314928985627,0.0,0.0,0.785912022088714,39.504309429347565,0.3429478321998993,0.047971906785267304,1.1641649794454025,0.027182888725445775,6574,5903,671,0.10206875570428962,0,False,,
DC-F,SRVCHP_SRORC,R1233zd(E),R245fa,DC-F|SRVCHP_SRORC|R1233zd(E)|R245fa,S2_DCF_SRVCHP-SRORC_R1233zdE_R245fa_seed042_20260717T060425Z,18,7,0.0028913672036348617,7,0.14670775434392316,0.1467101906966459,0.14670775434392316,0.0,-2.4363527227344584e-06,0.8232777074624368,37.89545702604329,0.3493730533077981,0.010606221411544547,2.7730173827496785,0.020757667617546993,10181,8890,1291,0.12680483253118555,0,False,,
DC-F,SRVCHP_SRORC,R1233zd(E),R600,DC-F|SRVCHP_SRORC|R1233zd(E)|R600,S2_DCF_SRVCHP-SRORC_R1233zdE_R600_seed042_20260717T060425Z,19,5,0.0020652622883106154,5,0.14507592071059974,0.1450759425967444,0.14507592071059974,0.0,-2.1886144646598993e-08,0.8176089666951342,38.00717606815526,0.3491407928714813,0.016274962178847163,2.661298340637707,0.020989928053863793,7320,6246,1074,0.14672131147540984,2,False,,
DC-F,SRVCHP_SRORC,R365MFC,R245fa,DC-F|SRVCHP_SRORC|R365MFC|R245fa,S2_DCF_SRVCHP-SRORC_R365MFC_R245fa_seed042_20260717T060425Z,20,5,0.0020652622883106154,5,0.142754993496373,0.1427549934963731,0.142754993496373,0.0,-1.1102230246251565e-16,0.7439509765008891,37.53903144591757,0.3502666155956818,0.08993295237309218,3.1294429628753946,0.019864105329663317,9787,9148,639,0.06529069173393277,0,False,,
DC-F,SRVCHP_SRORC,R601,R236ea,DC-F|SRVCHP_SRORC|R601|R236ea,S2_DCF_SRVCHP-SRORC_R601_R236ea_seed042_20260717T060425Z,21,4,0.0016522098306484924,4,0.14868124751691852,0.1486812475169191,0.14868124751691858,-5.551115123125783e-17,-5.273559366969494e-16,0.7937474696775879,40.228553975525095,0.3473087214616747,0.040136459196393415,0.4399204332678721,0.022821999463670417,9662,8805,857,0.08869799213413372,0,False,,
DC-F,SRVCHP_SRORC,R365MFC,R236ea,DC-F|SRVCHP_SRORC|R365MFC|R236ea,S2_DCF_SRVCHP-SRORC_R365MFC_R236ea_seed042_20260720T015713Z,22,2,0.0008261049153242462,2,0.14851686625264246,0.1485168662526459,0.14851686625264246,0.0,-3.4416913763379853e-15,0.7908427826925208,40.231721564139725,0.3469325285394029,0.04304114618146049,0.4367528446532418,0.02319819238594223,13833,12663,1170,0.08458035133376708,0,False,,
DC-F,SRVCHP_SRORC,R601,R365MFC,DC-F|SRVCHP_SRORC|R601|R365MFC,S2_DCF_SRVCHP-SRORC_R601_R365MFC_seed042_20260717T060425Z,23,2,0.0008261049153242462,2,0.14845902294536806,0.1484590229453632,0.14845902294536806,0.0,4.85722573273506e-15,0.7747603748037736,39.85189174680611,0.36428148312821,0.05912355407020775,0.8165826619868568,0.005849237797135087,8762,8195,567,0.06471125313855285,0,False,,
DC-F,SRVCHP_SRORC,R1233zd(E),R1234ze(E),DC-F|SRVCHP_SRORC|R1233zd(E)|R1234ze(E),S2_DCF_SRVCHP-SRORC_R1233zdE_R1234zeE_seed042_20260717T060425Z,24,1,0.0004130524576621231,1,0.12526056880937206,0.1252596721505333,0.12526056880937206,0.0,8.966588387615548e-07,0.7165652706952619,39.290183129778896,0.287243210090336,0.11731865817871945,1.3782912790140713,0.08288751083500911,7702,5137,2565,0.33303038171903404,0,False,,
DC-F,SRVCHP_SRORC,R601a,R245fa,DC-F|SRVCHP_SRORC|R601a|R245fa,S2_DCF_SRVCHP-SRORC_R601a_R245fa_seed042_20260717T060425Z,25,0,0.0,0,0.14619428641467672,0.1461942864146767,0.14619428641467672,0.0,2.7755575615628914e-17,0.7839186588275243,37.665611262827575,0.3514646177090916,0.04996527004645701,3.0028631459653923,0.018666103216253505,9272,8315,957,0.103213977566868,0,False,,
DC-F,SRVCHP_SRORC,R601,R245fa,DC-F|SRVCHP_SRORC|R601|R245fa,S2_DCF_SRVCHP-SRORC_R601_R245fa_seed042_20260717T060425Z,26,0,0.0,0,0.14401833583015175,0.1440183358301517,0.14401833583015178,-2.7755575615628914e-17,8.326672684688674e-17,0.7534469633428597,36.93031428214572,0.351980315773046,0.08043696553112167,3.7381601266472444,0.0181504051522991,10160,9442,718,0.07066929133858267,0,False,,
DC-F,SRVCHP_SRORC,R601,R600,DC-F|SRVCHP_SRORC|R601|R600,S2_DCF_SRVCHP-SRORC_R601_R600_seed042_20260717T060425Z,27,0,0.0,0,0.14199548909920715,0.1419954890992072,0.14199548909920715,0.0,-5.551115123125783e-17,0.8008611160205842,36.890726711477946,0.3494808065271154,0.03302281285339714,3.7777476973150215,0.02064991439822972,12884,11261,1623,0.12597019559143124,0,False,,
DC-F,SRVCHP_SRORC,R365MFC,R600,DC-F|SRVCHP_SRORC|R365MFC|R600,S2_DCF_SRVCHP-SRORC_R365MFC_R600_seed042_20260717T060425Z,28,0,0.0,0,0.13973056561660446,0.1397305656166025,0.13973056561660446,0.0,1.970645868709653e-15,0.7400105954273524,37.7976926631391,0.3482124844771558,0.09387333344662896,2.870781745653865,0.0219182364481893,8945,8318,627,0.07009502515371716,0,False,,
DC-F,SRVCHP_SRORC,R601a,R600,DC-F|SRVCHP_SRORC|R601a|R600,S2_DCF_SRVCHP-SRORC_R601a_R600_seed042_20260717T060425Z,29,0,0.0,0,0.1396902642338949,0.1396902642338942,0.1396902642338949,0.0,7.216449660063518e-16,0.7849049606044227,38.19100380775959,0.3465311284516075,0.04897896826955861,2.4774706010333745,0.023599592473737607,9402,8299,1103,0.11731546479472453,0,False,,
DC-F,SRVCHP_SRORC,CycloHexane,R600,DC-F|SRVCHP_SRORC|CycloHexane|R600,S2_DCF_SRVCHP-SRORC_CycloHexane_R600_seed042_20260717T060425Z,30,0,0.0,0,0.13837913553158046,0.1383791355315807,0.13837913553158043,2.7755575615628914e-17,-2.7755575615628914e-16,0.7315863745874869,36.99603377336941,0.3429695214145294,0.10229755428649445,3.6724406354235555,0.027161199510815692,6597,6037,560,0.08488706988024859,0,False,,
