wp,config,fluid_hp,fluid_he,file,eta_p2p,energy_density_thermal,exergy_efficiency,T_st_ht,dT_st_sp,T_st_lt,cop_hp,eta_he,energy_density_electric,storage_volume
DC-A,SBVCHP_SBORC,R1233zd(E),R227ea,pareto_DC-A_SBVCHP_SBORC_R1233zd(E)_R227ea.csv,0.010040449590714344,34.320234543128805,0.006318279361661718,81.3650638081566,59.99997911502098,,,,,
DC-A,SBVCHP_SBORC,R600,R227ea,pareto_DC-A_SBVCHP_SBORC_R600_R227ea.csv,0.01184012203268727,34.31923500797391,0.005979910212119491,81.44268376429847,59.99999784475345,,,,,
DC-A,SBVCHP_SBORC,R245fa,R227ea,pareto_DC-A_SBVCHP_SBORC_R245fa_R227ea.csv,0.028076191374390602,34.30937444434851,0.021709149754113678,82.19206686839338,59.99985597328111,,,,,
DC-A,SBVCHP_SBORC,R600,R227ea,pareto_DC-A_SBVCHP_SBORC_R600_R227ea.csv,0.03750310767100704,34.30681316247192,0.02751046057128121,82.39150976028792,59.999941028902015,,,,,
DC-A,SBVCHP_SBORC,R600,R227ea,pareto_DC-A_SBVCHP_SBORC_R600_R227ea.csv,0.05008282664942923,34.299680521421564,0.036471470165140345,82.9373790993137,59.99998978707741,,,,,
DC-A,SBVCHP_SBORC,R600,R227ea,pareto_DC-A_SBVCHP_SBORC_R600_R227ea.csv,0.059959061802104745,34.29578748556851,0.033173709926035765,83.22968299525124,59.9999053827468,,,,,
DC-A,SBVCHP_SBORC,R245fa,R227ea,pareto_DC-A_SBVCHP_SBORC_R245fa_R227ea.csv,0.0782834046219053,34.28590820547721,0.05212071217689171,83.97791525165066,59.999894816676196,,,,,
DC-A,SBVCHP_SBORC,R1233zd(E),R227ea,pareto_DC-A_SBVCHP_SBORC_R1233zd(E)_R227ea.csv,0.08851488180612008,34.28432923899243,0.04617008631881962,84.0991986977555,59.99993967716117,,,,,
DC-A,SBVCHP_SBORC,R245fa,R227ea,pareto_DC-A_SBVCHP_SBORC_R245fa_R227ea.csv,0.09833914191857578,34.27396378818133,0.05652178482700318,84.86544162298625,59.99959465015141,,,,,
DC-A,SBVCHP_SBORC,R245fa,R227ea,pareto_DC-A_SBVCHP_SBORC_R245fa_R227ea.csv,0.11144929598188498,34.26504782540811,0.07473043827268787,85.48689823429811,59.99849226955503,,,,,
DC-A,SBVCHP_SBORC,R600,R227ea,pareto_DC-A_SBVCHP_SBORC_R600_R227ea.csv,0.11995170775371324,34.25562664182372,0.09027798520127739,86.21331776325765,59.999016329541604,,,,,
DC-A,SBVCHP_SBORC,R600,R227ea,pareto_DC-A_SBVCHP_SBORC_R600_R227ea.csv,0.130453775757953,34.251788550905275,0.07487024762377474,86.53869173507832,59.99994075697756,,,,,
DC-A,SBVCHP_SBORC,R245fa,R227ea,pareto_DC-A_SBVCHP_SBORC_R245fa_R227ea.csv,0.14414473390213406,34.23357654882201,0.11451986524320364,87.88566953837386,59.99989305183829,,,,,
DC-A,SBVCHP_SBORC,R600,R227ea,pareto_DC-A_SBVCHP_SBORC_R600_R227ea.csv,0.15809482989744045,34.229233848333315,0.11192503412498353,88.2091327675021,59.99997526732817,,,,,
DC-A,SBVCHP_SBORC,R1233zd(E),R227ea,pareto_DC-A_SBVCHP_SBORC_R1233zd(E)_R227ea.csv,0.16386268424538084,34.237536586431396,0.05449340368996612,87.59529205045575,59.99993961769938,,,,,
DC-A,SBVCHP_SBORC,R1233zd(E),R227ea,pareto_DC-A_SBVCHP_SBORC_R1233zd(E)_R227ea.csv,0.17503651845675083,34.22237204144992,0.11229747577680697,88.71141649292943,59.9999278136492,,,,,
DC-A,SBVCHP_SBORC,R245fa,R227ea,pareto_DC-A_SBVCHP_SBORC_R245fa_R227ea.csv,0.1874295505260001,34.20314300993776,0.13199330690296146,90.11392833440716,59.99987362512439,,,,,
DC-A,SBVCHP_SBORC,R245fa,R227ea,pareto_DC-A_SBVCHP_SBORC_R245fa_R227ea.csv,0.19886630175656492,34.19061873574844,0.11922936187649624,91.02125316359424,59.999846673086,,,,,
DC-A,SBVCHP_SBORC,R245fa,R227ea,pareto_DC-A_SBVCHP_SBORC_R245fa_R227ea.csv,0.21319535350296703,34.16218568681981,0.16717172690336476,93.03699583628666,59.99915833826313,,,,,
DC-A,SBVCHP_SBORC,R600,R227ea,pareto_DC-A_SBVCHP_SBORC_R600_R227ea.csv,0.23119788886476644,34.143409575775316,0.14210052953991278,94.36845260868523,59.999034473730845,,,,,
DC-A,SBVCHP_SBORC,R600,R227ea,pareto_DC-A_SBVCHP_SBORC_R600_R227ea.csv,0.24704661019228477,34.103982016453735,0.19489140668876875,97.14219545408483,59.99903474224971,,,,,
DC-A,SBVCHP_SBORC,R600,R227ea,pareto_DC-A_SBVCHP_SBORC_R600_R227ea.csv,0.25674595398271344,34.08907997830159,0.16098159822931102,98.2170877393365,59.99997714506773,,,,,
DC-A,SBVCHP_SBORC,R245fa,R227ea,pareto_DC-A_SBVCHP_SBORC_R245fa_R227ea.csv,0.2734484478416549,34.054491139914,0.20519876133825815,100.54590980541043,59.99851987568848,,,,,
DC-A,SBVCHP_SBORC,R600,R1234ze(E),pareto_DC-A_SBVCHP_SBORC_R600_R1234ze(E).csv,0.27698944366209965,33.90999397390334,0.22731083936456925,110.29611872423713,59.999874459145495,,,,,
DC-A,SBVCHP_SBORC,R600,R227ea,pareto_DC-A_SBVCHP_SBORC_R600_R227ea.csv,0.28789106039079343,33.831314727446916,0.2485520906287695,115.42175839909153,59.99947516743471,,,,,
DC-A,SBVCHP_SBORC,R1233zd(E),R227ea,pareto_DC-A_SBVCHP_SBORC_R1233zd(E)_R227ea.csv,0.30917627729444913,33.98282560437582,0.16780818011622364,104.51493668982059,59.97533516647522,,,,,
DC-A,SBVCHP_SBORC,R1233zd(E),R1234ze(E),pareto_DC-A_SBVCHP_SBORC_R1233zd(E)_R1234ze(E).csv,0.31614230695742646,30.732605500016806,0.2738146643083793,116.67670819044059,54.584151273739096,,,,,
DC-A,SBVCHP_SBORC,R1233zd(E),R1234ze(E),pareto_DC-A_SBVCHP_SBORC_R1233zd(E)_R1234ze(E).csv,0.3226387699765435,29.37551762098328,0.27774966647758065,117.712963035152,52.22029089943983,,,,,
DC-A,SBVCHP_SBORC,R1233zd(E),R227ea,pareto_DC-A_SBVCHP_SBORC_R1233zd(E)_R227ea.csv,0.3281899447067257,30.368295449290788,0.19076253319684375,100.02737863745988,53.54229073554915,,,,,
DC-A,SBVCHP_SBORC,R1233zd(E),R1234ze(E),pareto_DC-A_SBVCHP_SBORC_R1233zd(E)_R1234ze(E).csv,0.33410911072041316,26.525376634579363,0.26630673686010975,107.18529773221896,46.96805378456453,,,,,
DC-A,SBVCHP_SBORC,R1233zd(E),R1234ze(E),pareto_DC-A_SBVCHP_SBORC_R1233zd(E)_R1234ze(E).csv,0.3397819493403847,23.57811197712204,0.2863275310361964,106.32317193376531,41.77181987132249,,,,,
DC-A,SBVCHP_SBORC,R1233zd(E),R227ea,pareto_DC-A_SBVCHP_SBORC_R1233zd(E)_R227ea.csv,0.3450683719347599,27.90365359167916,0.15585521106138597,101.44568548051024,49.261126129730705,,,,,
DC-A,SBVCHP_SBORC,R1233zd(E),R1234ze(E),pareto_DC-A_SBVCHP_SBORC_R1233zd(E)_R1234ze(E).csv,0.3477446284090117,21.71193257627175,0.2928215469270578,106.32317193376531,38.48923547895657,,,,,
DC-A,SBVCHP_SBORC,R600,R1234ze(E),pareto_DC-A_SBVCHP_SBORC_R600_R1234ze(E).csv,0.3524387277578276,20.501992638235755,0.27340459742967366,102.17734214080974,36.28968938328616,,,,,
DC-A,SBVCHP_SBORC,R1233zd(E),R1234ze(E),pareto_DC-A_SBVCHP_SBORC_R1233zd(E)_R1234ze(E).csv,0.35643904070357524,24.672449927949938,0.2263126084604595,98.09936925276882,43.53346302085324,,,,,
DC-A,SBVCHP_SBORC,R1233zd(E),R1234ze(E),pareto_DC-A_SBVCHP_SBORC_R1233zd(E)_R1234ze(E).csv,0.3661013652964088,14.637464864496069,0.31028559700429537,106.12396878581303,26.01037304796151,,,,,
DC-A,SBVCHP_SBORC,R1233zd(E),R1234ze(E),pareto_DC-A_SBVCHP_SBORC_R1233zd(E)_R1234ze(E).csv,0.36873991238883275,22.755517609327008,0.2532974935279604,103.762529312158,40.27795512963715,,,,,
DC-A,SBVCHP_SBORC,R1233zd(E),R227ea,pareto_DC-A_SBVCHP_SBORC_R1233zd(E)_R227ea.csv,0.37116366038051135,23.435594858954275,0.2245174419007986,99.77267582408635,41.39773108069088,,,,,
DC-A,SBVCHP_SBORC,R245fa,R227ea,pareto_DC-A_SBVCHP_SBORC_R245fa_R227ea.csv,0.37315732559000236,17.321801384810616,0.2486197237043919,83.81883962590936,30.441049204780136,,,,,
DC-A,SBVCHP_SBORC,R245fa,R1234ze(E),pareto_DC-A_SBVCHP_SBORC_R245fa_R1234ze(E).csv,0.3784457451820442,16.727576525227853,0.26692997223220477,94.72224643516668,29.545627476648907,,,,,
DC-A,SBVCHP_SBORC,R600,R1234ze(E),pareto_DC-A_SBVCHP_SBORC_R600_R1234ze(E).csv,0.3852430908127882,15.857112733940232,0.28081457077332345,91.91365065849398,27.98075639874061,,,,,
DC-A,SBVCHP_SBORC,R245fa,R134a,pareto_DC-A_SBVCHP_SBORC_R245fa_R134a.csv,0.3881959496580191,13.263978144776159,0.2841769026170819,82.32853026111944,23.325479837427263,,,,,
DC-A,SBVCHP_SBORC,R245fa,R134a,pareto_DC-A_SBVCHP_SBORC_R245fa_R134a.csv,0.39189132972986396,12.296750375906926,0.2950758112864089,85.32544814285276,21.66057308634675,,,,,
DC-A,SBVCHP_SBORC,R1233zd(E),R227ea,pareto_DC-A_SBVCHP_SBORC_R1233zd(E)_R227ea.csv,0.3944003849997453,19.21479499078624,0.21938666547853042,90.08391421008032,33.84035302501341,,,,,
DC-A,SBVCHP_SBORC,R245fa,R134a,pareto_DC-A_SBVCHP_SBORC_R245fa_R134a.csv,0.39974041031861524,13.842055570835559,0.26942332003975505,84.99621091080617,24.366059619928265,,,,,
DC-A,SBVCHP_SBORC,R1233zd(E),R227ea,pareto_DC-A_SBVCHP_SBORC_R1233zd(E)_R227ea.csv,0.40268035259287177,18.627003937755827,0.17940258948751128,88.60083767609353,32.78979783012511,,,,,
DC-A,SBVCHP_SBORC,R1233zd(E),R134a,pareto_DC-A_SBVCHP_SBORC_R1233zd(E)_R134a.csv,0.4064041930335766,17.266639028566964,0.18155443991559708,89.62167249868409,30.422207144723373,,,,,
DC-A,SBVCHP_SBORC,R1233zd(E),R1234ze(E),pareto_DC-A_SBVCHP_SBORC_R1233zd(E)_R1234ze(E).csv,0.410759436022964,10.23030373572768,0.3038719980949646,78.60430333602979,17.979755707889353,,,,,
DC-A,SBVCHP_SBORC,R1233zd(E),R1234ze(E),pareto_DC-A_SBVCHP_SBORC_R1233zd(E)_R1234ze(E).csv,0.41407321398867425,17.350634490080388,0.17967806139388484,83.99973925508097,30.493836979999045,,,,,
DC-A,SBVCHP_SBORC,R1233zd(E),R1234ze(E),pareto_DC-A_SBVCHP_SBORC_R1233zd(E)_R1234ze(E).csv,0.4184169201928299,17.238887624525397,0.2112709025798107,90.3062335977739,30.382874545379735,,,,,
DC-A,SBVCHP_SBORC,R245fa,R1234ze(E),pareto_DC-A_SBVCHP_SBORC_R245fa_R1234ze(E).csv,0.42179871219709725,9.990341618918585,0.27878032108078027,72.78645082389102,17.515260555997013,,,,,
DC-A,SBVCHP_SBORC,R600,R1234ze(E),pareto_DC-A_SBVCHP_SBORC_R600_R1234ze(E).csv,0.4298928383579488,9.56297886497997,0.3004213106062433,81.9170995876985,16.835626791529943,,,,,
DC-A,SBVCHP_SBORC,R1233zd(E),R1234ze(E),pareto_DC-A_SBVCHP_SBORC_R1233zd(E)_R1234ze(E).csv,0.4393291059232983,12.719996948453932,0.23019797752362278,76.86814781766768,22.319808845566797,,,,,
DC-A,SBVCHP_SBORC,R1233zd(E),R134a,pareto_DC-A_SBVCHP_SBORC_R1233zd(E)_R134a.csv,0.4448518592794216,9.469854067886708,0.2837337937901367,82.47100627437656,16.676381430190297,,,,,
DC-A,SBVCHP_SBORC,R1233zd(E),R1234ze(E),pareto_DC-A_SBVCHP_SBORC_R1233zd(E)_R1234ze(E).csv,0.4508962973522945,8.523329133962728,0.2794786815850746,94.83784902067833,15.100474843868898,,,,,
DC-A,SBVCHP_SBORC,R1233zd(E),R134a,pareto_DC-A_SBVCHP_SBORC_R1233zd(E)_R134a.csv,0.46086834306969243,11.168315380760856,0.22910070292316365,81.93619076673447,19.65083167562355,,,,,
DC-A,SBVCHP_SBORC,R1233zd(E),R1234ze(E),pareto_DC-A_SBVCHP_SBORC_R1233zd(E)_R1234ze(E).csv,0.4698176676731525,9.592459218719272,0.26012669319332504,84.05403413755727,16.903591949456754,,,,,
DC-A,SBVCHP_SBORC,R1233zd(E),R1234ze(E),pareto_DC-A_SBVCHP_SBORC_R1233zd(E)_R1234ze(E).csv,0.48050607821199803,9.771507171264282,0.12096802365774467,78.60430333602979,17.176165752597836,,,,,
DC-A,SBVCHP_SBORC,R1233zd(E),R1234ze(E),pareto_DC-A_SBVCHP_SBORC_R1233zd(E)_R1234ze(E).csv,0.499289306757001,8.536934946344948,0.21073671571939545,81.8494911648956,15.034393757576565,,,,,
DC-A,SBVCHP_SBORC,R1233zd(E),R1234ze(E),pareto_DC-A_SBVCHP_SBORC_R1233zd(E)_R1234ze(E).csv,0.5111033188599292,8.53790991604149,0.19159767685591564,78.72529620918931,15.015126313353681,,,,,
DC-A,SBVCHP_SRORC,R1233zd(E),R227ea,pareto_DC-A_SBVCHP_SRORC_R1233zd(E)_R227ea.csv,0.19660485323928226,34.12096673981389,0.16125226001515164,95.96468561679332,59.99933482585329,,,,,
DC-A,SBVCHP_SRORC,R600,R227ea,pareto_DC-A_SBVCHP_SRORC_R600_R227ea.csv,0.20576772693837897,34.11360305993884,0.1650629908146799,96.5062899532355,59.99995597422168,,,,,
DC-A,SBVCHP_SRORC,R1233zd(E),R227ea,pareto_DC-A_SBVCHP_SRORC_R1233zd(E)_R227ea.csv,0.2226635984780533,34.0796443193034,0.18616972478548066,98.78527076763666,59.99781611378113,,,,,
DC-A,SBVCHP_SRORC,R245fa,R227ea,pareto_DC-A_SBVCHP_SRORC_R245fa_R227ea.csv,0.22859515664976365,34.08982249857461,0.15800422986764603,97.71286976277554,59.98860846707391,,,,,
DC-A,SBVCHP_SRORC,R600,R227ea,pareto_DC-A_SBVCHP_SRORC_R600_R227ea.csv,0.23689188236929556,34.064331455414084,0.19171381788295616,99.92582898282299,59.999941366922464,,,,,
DC-A,SBVCHP_SRORC,R1233zd(E),R227ea,pareto_DC-A_SBVCHP_SRORC_R1233zd(E)_R227ea.csv,0.2492815572559596,34.088755836119006,0.13778997722618913,98.21405236762409,59.99933482585329,,,,,
DC-A,SBVCHP_SRORC,R600,R227ea,pareto_DC-A_SBVCHP_SRORC_R600_R227ea.csv,0.2562474771683516,34.02673691253272,0.20919531879304873,102.3726821352738,59.996767676520044,,,,,
DC-A,SBVCHP_SRORC,R1233zd(E),R227ea,pareto_DC-A_SBVCHP_SRORC_R1233zd(E)_R227ea.csv,0.262064797841291,34.06343898893456,0.014892102813033353,99.97934355824343,59.999741273620245,,,,,
DC-A,SBVCHP_SRORC,R1233zd(E),R227ea,pareto_DC-A_SBVCHP_SRORC_R1233zd(E)_R227ea.csv,0.2684669591198998,34.01295827833356,0.223871910922734,103.35863711830386,59.99808925684738,,,,,
DC-A,SBVCHP_SRORC,R245fa,R227ea,pareto_DC-A_SBVCHP_SRORC_R245fa_R227ea.csv,0.27632728003041584,33.97404611908468,0.2226266390162853,105.98338838210192,59.998248313350096,,,,,
DC-A,SBVCHP_SRORC,R600,R227ea,pareto_DC-A_SBVCHP_SRORC_R600_R227ea.csv,0.28121987948765637,33.94281891667761,0.23607791839665918,108.13027287848963,59.999981170633674,,,,,
DC-A,SBVCHP_SRORC,R1233zd(E),R227ea,pareto_DC-A_SBVCHP_SRORC_R1233zd(E)_R227ea.csv,0.29013532721319446,33.89475586992099,0.2506608937248851,111.27776135739092,59.99933482585329,,,,,
DC-A,SBVCHP_SRORC,R1233zd(E),R1234ze(E),pareto_DC-A_SBVCHP_SRORC_R1233zd(E)_R1234ze(E).csv,0.29261441864862997,33.94965516773866,0.09180580525570141,107.60330160008483,59.998060456040385,,,,,
DC-A,SBVCHP_SRORC,R600,R227ea,pareto_DC-A_SBVCHP_SRORC_R600_R227ea.csv,0.305476184614356,33.45045903869933,0.26369011028300743,118.09515716212985,59.40239002981926,,,,,
DC-A,SBVCHP_SRORC,R1233zd(E),R1234ze(E),pareto_DC-A_SBVCHP_SRORC_R1233zd(E)_R1234ze(E).csv,0.31123085666624606,33.81162927623552,0.23687820560050216,115.27061772721338,59.96080358406498,,,,,
DC-A,SBVCHP_SRORC,R1233zd(E),R1234ze(E),pareto_DC-A_SBVCHP_SRORC_R1233zd(E)_R1234ze(E).csv,0.3213468030744726,32.92156071420756,0.24395877787522963,115.2870653894716,58.39748841899045,,,,,
DC-A,SBVCHP_SRORC,R1233zd(E),R227ea,pareto_DC-A_SBVCHP_SRORC_R1233zd(E)_R227ea.csv,0.33189385132714483,33.767694020964235,0.2400175012847772,116.46592183645672,59.91599206835093,,,,,
DC-A,SBVCHP_SRORC,R1233zd(E),R227ea,pareto_DC-A_SBVCHP_SRORC_R1233zd(E)_R227ea.csv,0.33745508743256764,31.651638535527248,0.22969161837482413,109.30172373098395,56.01389558246877,,,,,
DC-A,SBVCHP_SRORC,R1233zd(E),R227ea,pareto_DC-A_SBVCHP_SRORC_R1233zd(E)_R227ea.csv,0.3453356749136814,30.418771998335565,0.2349391494267203,108.85734156360255,53.84023806246306,,,,,
DC-A,SBVCHP_SRORC,R1233zd(E),R227ea,pareto_DC-A_SBVCHP_SRORC_R1233zd(E)_R227ea.csv,0.34677604933599937,22.2109949296147,0.295686737510124,109.92485723286366,39.43307507263745,,,,,
DC-A,SBVCHP_SRORC,R1233zd(E),R227ea,pareto_DC-A_SBVCHP_SRORC_R1233zd(E)_R227ea.csv,0.3513749584606682,30.05440866596264,0.08248187759617837,116.42022270289473,53.38426035536848,,,,,
DC-A,SBVCHP_SRORC,R600,R227ea,pareto_DC-A_SBVCHP_SRORC_R600_R227ea.csv,0.3563250368873044,19.40751031404347,0.295988201339384,99.3285773688116,34.320147486979906,,,,,
DC-A,SBVCHP_SRORC,R1233zd(E),R227ea,pareto_DC-A_SBVCHP_SRORC_R1233zd(E)_R227ea.csv,0.3604985798835818,28.222997091454157,0.19459387441685347,111.00889588036296,50.03506911104376,,,,,
DC-A,SBVCHP_SRORC,R245fa,R1234ze(E),pareto_DC-A_SBVCHP_SRORC_R245fa_R1234ze(E).csv,0.3676862633237136,20.329445289340676,0.23249803296257182,95.44298578315791,35.87632453692629,,,,,
DC-A,SBVCHP_SRORC,R1233zd(E),R227ea,pareto_DC-A_SBVCHP_SRORC_R1233zd(E)_R227ea.csv,0.36802750516844757,26.756802206473985,0.20043408336157498,109.68596841445998,47.42849791109267,,,,,
DC-A,SBVCHP_SRORC,R1233zd(E),R1234ze(E),pareto_DC-A_SBVCHP_SRORC_R1233zd(E)_R1234ze(E).csv,0.3692364240872358,18.586011160755383,0.2950763327246819,98.3844389687111,32.862307768915144,,,,,
DC-A,SBVCHP_SRORC,R245fa,R1234ze(E),pareto_DC-A_SBVCHP_SRORC_R245fa_R1234ze(E).csv,0.3723418954132621,19.625461041002,0.26760674922385974,96.07420563071582,34.65174899368726,,,,,
DC-A,SBVCHP_SRORC,R1233zd(E),R227ea,pareto_DC-A_SBVCHP_SRORC_R1233zd(E)_R227ea.csv,0.37699428805690627,18.423740911093883,0.30482132263125783,96.15053585115956,32.544005094118454,,,,,
DC-A,SBVCHP_SRORC,R1233zd(E),R227ea,pareto_DC-A_SBVCHP_SRORC_R1233zd(E)_R227ea.csv,0.379977861842283,23.239726993013132,0.1271161710996498,95.27410642858393,40.97184565419237,,,,,
DC-A,SBVCHP_SRORC,R1233zd(E),R227ea,pareto_DC-A_SBVCHP_SRORC_R1233zd(E)_R227ea.csv,0.385818245433301,17.49429075677796,0.3086139873076681,96.02196216991325,30.91009185710896,,,,,
DC-A,SBVCHP_SRORC,R245fa,R1234ze(E),pareto_DC-A_SBVCHP_SRORC_R245fa_R1234ze(E).csv,0.3876873827446025,17.444523210943125,0.24445228475159156,95.73902048367657,30.818704743158236,,,,,
DC-A,SBVCHP_SRORC,R245fa,R227ea,pareto_DC-A_SBVCHP_SRORC_R245fa_R227ea.csv,0.3922621632220446,13.017969685714913,0.31268938061178525,97.1152755462644,23.04902868590585,,,,,
DC-A,SBVCHP_SRORC,R1233zd(E),R227ea,pareto_DC-A_SBVCHP_SRORC_R1233zd(E)_R227ea.csv,0.3991298072215511,15.378756053074738,0.3062406680292581,99.47440100127487,27.235513417295834,,,,,
DC-A,SBVCHP_SRORC,R1233zd(E),R227ea,pareto_DC-A_SBVCHP_SRORC_R1233zd(E)_R227ea.csv,0.4036229949595174,20.632911909287795,0.0799798695305184,95.83000067082129,36.414648982356525,,,,,
DC-A,SBVCHP_SRORC,R600,R1234ze(E),pareto_DC-A_SBVCHP_SRORC_R600_R1234ze(E).csv,0.4072122247338067,13.480475124804949,0.2876560927804946,85.03749392337714,23.73292822391866,,,,,
DC-A,SBVCHP_SRORC,R1233zd(E),R227ea,pareto_DC-A_SBVCHP_SRORC_R1233zd(E)_R227ea.csv,0.4104226550636803,19.879373502673275,0.09549195194675934,97.88163421022911,35.12590129972651,,,,,
DC-A,SBVCHP_SRORC,R1233zd(E),R227ea,pareto_DC-A_SBVCHP_SRORC_R1233zd(E)_R227ea.csv,0.4135487857856334,11.736729393431252,0.32861248847761415,95.96344134157818,20.779203054474923,,,,,
DC-A,SBVCHP_SRORC,R1233zd(E),R1234ze(E),pareto_DC-A_SBVCHP_SRORC_R1233zd(E)_R1234ze(E).csv,0.41460374386436405,12.527219112595946,0.3111256718029187,85.76862093858729,22.069154952629166,,,,,
DC-A,SBVCHP_SRORC,R1233zd(E),R1234ze(E),pareto_DC-A_SBVCHP_SRORC_R1233zd(E)_R1234ze(E).csv,0.4150904001797604,18.16195339049676,0.15964880757707545,90.0691523604323,31.99670636840999,,,,,
DC-A,SBVCHP_SRORC,R1233zd(E),R1234ze(E),pareto_DC-A_SBVCHP_SRORC_R1233zd(E)_R1234ze(E).csv,0.41803306345395835,9.0624976475448,0.3349670528989273,92.99521900809293,16.03858209040164,,,,,
DC-A,SBVCHP_SRORC,R1233zd(E),R227ea,pareto_DC-A_SBVCHP_SRORC_R1233zd(E)_R227ea.csv,0.42050418094699044,18.022322341755245,0.17045255099547846,95.79383580366726,31.834059530548515,,,,,
DC-A,SBVCHP_SRORC,R1233zd(E),R227ea,pareto_DC-A_SBVCHP_SRORC_R1233zd(E)_R227ea.csv,0.42305914285547697,8.74467502231524,0.33670366716191946,89.6308398988155,15.453834421004862,,,,,
DC-A,SBVCHP_SRORC,R600,R1234ze(E),pareto_DC-A_SBVCHP_SRORC_R600_R1234ze(E).csv,0.42709193918003097,10.95151958926428,0.29486865820761676,85.30433759082482,19.29995167976683,,,,,
DC-A,SBVCHP_SRORC,R245fa,R1234ze(E),pareto_DC-A_SBVCHP_SRORC_R245fa_R1234ze(E).csv,0.4303287975639783,12.224264189321039,0.28481637543404026,86.44030209840268,21.544236279683236,,,,,
DC-A,SBVCHP_SRORC,R1233zd(E),R227ea,pareto_DC-A_SBVCHP_SRORC_R1233zd(E)_R227ea.csv,0.43770401602819664,16.314082768184477,0.14477812648798233,89.21407230264947,28.74771553907287,,,,,
DC-A,SBVCHP_SRORC,R245fa,R1234ze(E),pareto_DC-A_SBVCHP_SRORC_R245fa_R1234ze(E).csv,0.44273888427934704,8.912080079672764,0.3076872188688087,91.01071721231779,15.75874119005016,,,,,
DC-A,SBVCHP_SRORC,R1233zd(E),R227ea,pareto_DC-A_SBVCHP_SRORC_R1233zd(E)_R227ea.csv,0.446504160025579,15.626696876886495,0.13313297140596225,89.24779395300754,27.543209054500714,,,,,
DC-A,SBVCHP_SRORC,R1233zd(E),R227ea,pareto_DC-A_SBVCHP_SRORC_R1233zd(E)_R227ea.csv,0.4502403066151186,9.742927555613598,0.298469952366072,81.08645173423542,17.14495835722246,,,,,
DC-A,SBVCHP_SRORC,R1233zd(E),R1234ze(E),pareto_DC-A_SBVCHP_SRORC_R1233zd(E)_R1234ze(E).csv,0.4531427985333294,14.424644013231323,0.03424132410376023,86.75167918798353,25.406436885635554,,,,,
DC-A,SBVCHP_SRORC,R1233zd(E),R1234ze(E),pareto_DC-A_SBVCHP_SRORC_R1233zd(E)_R1234ze(E).csv,0.4570449020517327,13.604297471973865,0.07394388633893559,88.65883928840194,23.988854294850906,,,,,
DC-A,SBVCHP_SRORC,R1233zd(E),R227ea,pareto_DC-A_SBVCHP_SRORC_R1233zd(E)_R227ea.csv,0.4606011483578391,13.270725640359922,0.0870413026203895,89.11533043915834,23.40822413862218,,,,,
DC-A,SBVCHP_SRORC,R1233zd(E),R227ea,pareto_DC-A_SBVCHP_SRORC_R1233zd(E)_R227ea.csv,0.4701566016643652,12.848557399347005,0.11831474174118828,81.12191123985475,22.586110771109286,,,,,
DC-A,SBVCHP_SRORC,R1233zd(E),R1234ze(E),pareto_DC-A_SBVCHP_SRORC_R1233zd(E)_R1234ze(E).csv,0.4751980086723983,12.299031630707733,0.1862074775134235,82.89947982578457,21.641130475222624,,,,,
DC-A,SBVCHP_SRORC,R1233zd(E),R1234ze(E),pareto_DC-A_SBVCHP_SRORC_R1233zd(E)_R1234ze(E).csv,0.4821188737325439,11.53570392641084,0.10464502883077581,82.86511769860094,20.303049448181888,,,,,
DC-A,SBVCHP_SRORC,R245fa,R227ea,pareto_DC-A_SBVCHP_SRORC_R245fa_R227ea.csv,0.48446465891150214,9.678423060580313,0.21248265719163606,74.72020590045555,16.984276646439703,,,,,
DC-A,SBVCHP_SRORC,R1233zd(E),R1234ze(E),pareto_DC-A_SBVCHP_SRORC_R1233zd(E)_R1234ze(E).csv,0.4899588980870155,10.666108100263138,0.15044930196981304,82.81197160001601,18.777832440073997,,,,,
DC-A,SBVCHP_SRORC,R1233zd(E),R227ea,pareto_DC-A_SBVCHP_SRORC_R1233zd(E)_R227ea.csv,0.49528119217911365,9.520454685704468,0.21911780934427694,77.4557529388968,16.72788739014625,,,,,
DC-A,SBVCHP_SRORC,R1233zd(E),R1234ze(E),pareto_DC-A_SBVCHP_SRORC_R1233zd(E)_R1234ze(E).csv,0.4996400687116837,9.411009266504827,0.13119264974827338,84.54623390361256,16.588633584989793,,,,,
DC-A,SBVCHP_SRORC,R1233zd(E),R1234ze(E),pareto_DC-A_SBVCHP_SRORC_R1233zd(E)_R1234ze(E).csv,0.5096436571268966,8.962394113855767,0.06177083783145644,81.25515863707253,15.777025576106327,,,,,
DC-A,SBVCHP_SRORC,R1233zd(E),R1234ze(E),pareto_DC-A_SBVCHP_SRORC_R1233zd(E)_R1234ze(E).csv,0.5154105609895328,8.626161878125501,0.02701783525687772,80.02174877056629,15.178603724315892,,,,,
DC-A,SRVCHP_SBORC,R1233zd(E),R227ea,pareto_DC-A_SRVCHP_SBORC_R1233zd(E)_R227ea.csv,0.010069565962275026,34.32095207375668,0.005309394043614756,81.30960046823076,59.99997199797702,,,,,
DC-A,SRVCHP_SBORC,R600,R227ea,pareto_DC-A_SRVCHP_SBORC_R600_R227ea.csv,0.011660262637375305,34.320545961699956,0.0036579052943325153,81.33156855456903,59.99976295643205,,,,,
DC-A,SRVCHP_SBORC,R245fa,R227ea,pareto_DC-A_SRVCHP_SBORC_R245fa_R227ea.csv,0.032736561650898804,34.311739922302024,0.018759630225166687,81.97551879148446,59.999047994821495,,,,,
DC-A,SRVCHP_SBORC,R1233zd(E),R227ea,pareto_DC-A_SRVCHP_SBORC_R1233zd(E)_R227ea.csv,0.05825607970395094,34.297522240070805,0.04542007625654683,83.0807699198505,59.99951483054884,,,,,
DC-A,SRVCHP_SBORC,R600,R227ea,pareto_DC-A_SRVCHP_SBORC_R600_R227ea.csv,0.06948389385402498,34.2984997123337,0.0349647281583512,82.98702166497013,59.999071328696665,,,,,
DC-A,SRVCHP_SBORC,R245fa,R227ea,pareto_DC-A_SRVCHP_SBORC_R245fa_R227ea.csv,0.08690135061510534,34.29240907400557,0.025006512306303477,83.49022655975229,59.99999975936805,,,,,
DC-A,SRVCHP_SBORC,R245fa,R227ea,pareto_DC-A_SRVCHP_SBORC_R245fa_R227ea.csv,0.10115227451629463,34.27885183331428,0.07418171275459605,84.51081980094233,59.999901685583374,,,,,
DC-A,SRVCHP_SBORC,R1233zd(E),R227ea,pareto_DC-A_SRVCHP_SBORC_R1233zd(E)_R227ea.csv,0.11587997173351644,34.2815629829006,0.040656942394776616,84.30347231194226,59.99983426539174,,,,,
DC-A,SRVCHP_SBORC,R1233zd(E),R227ea,pareto_DC-A_SRVCHP_SBORC_R1233zd(E)_R227ea.csv,0.1335106454608453,34.26934310475515,0.07183708912217476,85.2226540418699,59.99983107543477,,,,,
DC-A,SRVCHP_SBORC,R245fa,R227ea,pareto_DC-A_SRVCHP_SBORC_R245fa_R227ea.csv,0.155121135152237,34.26027271597051,0.06275219143964443,85.89500371076112,59.99967776703073,,,,,
DC-A,SRVCHP_SBORC,R245fa,R227ea,pareto_DC-A_SRVCHP_SBORC_R245fa_R227ea.csv,0.17386403489418928,34.250078271886004,0.07946423234947217,86.654632800605,59.999677784669274,,,,,
DC-A,SRVCHP_SBORC,R245fa,R227ea,pareto_DC-A_SRVCHP_SBORC_R245fa_R227ea.csv,0.18642866225559476,34.23761529529134,0.11174801860301714,87.57835797190971,59.99967776703073,,,,,
DC-A,SRVCHP_SBORC,R245fa,R227ea,pareto_DC-A_SRVCHP_SBORC_R245fa_R227ea.csv,0.2068826483209926,34.229711579868294,0.10299115545012713,88.15761082464783,59.99958863424426,,,,,
DC-A,SRVCHP_SBORC,R1233zd(E),R227ea,pareto_DC-A_SRVCHP_SBORC_R1233zd(E)_R227ea.csv,0.22090838138144675,34.22653510055643,0.08004562832901674,88.40548481986242,59.9999238039611,,,,,
DC-A,SRVCHP_SBORC,R1233zd(E),R227ea,pareto_DC-A_SRVCHP_SBORC_R1233zd(E)_R227ea.csv,0.2380142843436901,34.215061442169606,0.0883383816349858,89.24301274746666,59.99983426539174,,,,,
DC-A,SRVCHP_SBORC,R600,R227ea,pareto_DC-A_SRVCHP_SBORC_R600_R227ea.csv,0.25620176646769627,34.19895976822477,0.11045479692344927,90.41334062991234,59.99976367245077,,,,,
DC-A,SRVCHP_SBORC,R1233zd(E),R1234ze(E),pareto_DC-A_SRVCHP_SBORC_R1233zd(E)_R1234ze(E).csv,0.27360216791923253,34.117353487526664,0.1911121547808627,96.24477840517922,59.99999106980527,,,,,
DC-A,SRVCHP_SBORC,R245fa,R227ea,pareto_DC-A_SRVCHP_SBORC_R245fa_R227ea.csv,0.29027981076201853,34.16579921341552,0.11695703193982883,92.81312037327731,59.99999986366086,,,,,
DC-A,SRVCHP_SBORC,R600,R1234ze(E),pareto_DC-A_SRVCHP_SBORC_R600_R1234ze(E).csv,0.3081129595362615,34.058286405303356,0.22796773606755916,100.32901487329863,59.99962885666699,,,,,
DC-A,SRVCHP_SBORC,R245fa,R227ea,pareto_DC-A_SRVCHP_SBORC_R245fa_R227ea.csv,0.323868082852059,34.111928067394146,0.19937936769305273,96.61237247106934,59.999676316272634,,,,,
DC-A,SRVCHP_SBORC,R1233zd(E),R1234ze(E),pareto_DC-A_SRVCHP_SBORC_R1233zd(E)_R1234ze(E).csv,0.34123109335271745,34.007247337412686,0.24464137594769242,103.44805219459481,59.99041167394243,,,,,
DC-A,SRVCHP_SBORC,R600,R227ea,pareto_DC-A_SRVCHP_SBORC_R600_R227ea.csv,0.3535610194387319,33.98502392776561,0.283961777383309,105.29493791864077,59.99948280555345,,,,,
DC-A,SRVCHP_SBORC,R1233zd(E),R227ea,pareto_DC-A_SRVCHP_SBORC_R1233zd(E)_R227ea.csv,0.3598827984805226,34.07131567945197,0.1978471406677773,99.2712318833305,59.995549474255,,,,,
DC-A,SRVCHP_SBORC,R600,R1234ze(E),pareto_DC-A_SRVCHP_SBORC_R600_R1234ze(E).csv,0.3743713066623834,33.95121414888402,0.26287579925352156,107.56382123216981,59.99975124914808,,,,,
DC-A,SRVCHP_SBORC,R600,R1234ze(E),pareto_DC-A_SRVCHP_SBORC_R600_R1234ze(E).csv,0.3838479660784585,33.98454361973326,0.19761311955243294,105.33369841349223,59.999653046000354,,,,,
DC-A,SRVCHP_SBORC,R600,R1234ze(E),pareto_DC-A_SRVCHP_SBORC_R600_R1234ze(E).csv,0.39321125532881224,33.98455275697929,0.12100610552130407,105.33306896150997,59.99965262047124,,,,,
DC-A,SRVCHP_SBORC,R1233zd(E),R1234ze(E),pareto_DC-A_SRVCHP_SBORC_R1233zd(E)_R1234ze(E).csv,0.4015983752931966,31.12110031985506,0.3336042602549895,119.16930668880613,55.33097650002403,,,,,
DC-A,SRVCHP_SBORC,R600,R1234ze(E),pareto_DC-A_SRVCHP_SBORC_R600_R1234ze(E).csv,0.4051627266627493,23.09456348371099,0.3451673854305796,118.02693771159407,41.144716845371136,,,,,
DC-A,SRVCHP_SBORC,R245fa,R1234ze(E),pareto_DC-A_SRVCHP_SBORC_R245fa_R1234ze(E).csv,0.41443909163612636,14.713838842017818,0.3473494663362166,106.43554755096616,26.14918173781333,,,,,
DC-A,SRVCHP_SBORC,R245fa,R1234ze(E),pareto_DC-A_SRVCHP_SBORC_R245fa_R1234ze(E).csv,0.41871071057610976,15.15746997610281,0.34658060563022197,106.43554755096616,26.933205594646296,,,,,
DC-A,SRVCHP_SBORC,R245fa,R1234ze(E),pareto_DC-A_SRVCHP_SBORC_R245fa_R1234ze(E).csv,0.4243396057338126,33.141782851370785,0.30475425040957094,119.03868447103436,58.88480924995213,,,,,
DC-A,SRVCHP_SBORC,R1233zd(E),R1234ze(E),pareto_DC-A_SRVCHP_SBORC_R1233zd(E)_R1234ze(E).csv,0.428744478216212,12.391173818214968,0.3510507150293306,103.20308913023636,22.006944339639233,,,,,
DC-A,SRVCHP_SBORC,R245fa,R1234ze(E),pareto_DC-A_SRVCHP_SBORC_R245fa_R1234ze(E).csv,0.435038414224232,28.512755336147247,0.3128487459195711,116.9877324331008,50.68321323113827,,,,,
DC-A,SRVCHP_SBORC,R1233zd(E),R1234ze(E),pareto_DC-A_SRVCHP_SBORC_R1233zd(E)_R1234ze(E).csv,0.4388048873999064,33.6221665952577,0.27277178925491447,118.2465520056637,59.708488587630455,,,,,
DC-A,SRVCHP_SBORC,R245fa,R1234ze(E),pareto_DC-A_SRVCHP_SBORC_R245fa_R1234ze(E).csv,0.43980402283021663,24.828283638463134,0.3215871808585768,119.37468812263194,44.235510472091576,,,,,
DC-A,SRVCHP_SBORC,R245fa,R227ea,pareto_DC-A_SRVCHP_SBORC_R245fa_R227ea.csv,0.44377375862403406,31.36422632570341,0.26548009520141586,114.60869696335448,55.642955031642984,,,,,
DC-A,SRVCHP_SBORC,R245fa,R1234ze(E),pareto_DC-A_SRVCHP_SBORC_R245fa_R1234ze(E).csv,0.44850780121630984,27.021065692906433,0.30177883380385767,119.96245633145855,48.12079810920173,,,,,
DC-A,SRVCHP_SBORC,R1233zd(E),R227ea,pareto_DC-A_SRVCHP_SBORC_R1233zd(E)_R227ea.csv,0.4538390760842484,33.529006686943504,0.1795012508387024,114.71315698010405,59.449360236637915,,,,,
DC-A,SRVCHP_SBORC,R245fa,R1234ze(E),pareto_DC-A_SRVCHP_SBORC_R245fa_R1234ze(E).csv,0.4563511443490265,27.02579798119541,0.28215220194783014,119.58941037407112,48.12079810920173,,,,,
DC-A,SRVCHP_SBORC,R245fa,R1234ze(E),pareto_DC-A_SRVCHP_SBORC_R245fa_R1234ze(E).csv,0.46048889732460674,12.407266284013135,0.3268184538021187,105.88839309869401,22.063286592921138,,,,,
DC-A,SRVCHP_SBORC,R600,R1234ze(E),pareto_DC-A_SRVCHP_SBORC_R600_R1234ze(E).csv,0.46255467704767744,27.270186025375967,0.2613293024472697,119.20779797908273,48.543500385704704,,,,,
DC-A,SRVCHP_SBORC,R1233zd(E),R1234ze(E),pareto_DC-A_SRVCHP_SBORC_R1233zd(E)_R1234ze(E).csv,0.4662293389980054,27.646126251582437,0.18684327249864727,109.9650722691205,48.997674852930565,,,,,
DC-A,SRVCHP_SBORC,R245fa,R1234ze(E),pareto_DC-A_SRVCHP_SBORC_R245fa_R1234ze(E).csv,0.47007622635089147,20.078985908109882,0.255408283281937,101.8282797441675,35.54027914010452,,,,,
DC-A,SRVCHP_SBORC,R1233zd(E),R134a,pareto_DC-A_SRVCHP_SBORC_R1233zd(E)_R134a.csv,0.4730385561989385,14.525241045418342,0.265511233036574,88.52241821425469,25.60305776269383,,,,,
DC-A,SRVCHP_SBORC,R1233zd(E),R1234ze(E),pareto_DC-A_SRVCHP_SBORC_R1233zd(E)_R1234ze(E).csv,0.47498311905063795,27.23583616602478,0.21702206778701555,119.00718167083325,48.478370321143856,,,,,
DC-A,SRVCHP_SBORC,R600,R227ea,pareto_DC-A_SRVCHP_SBORC_R600_R227ea.csv,0.47972644206747755,12.320767025393776,0.2548625199989052,83.76856914205459,21.687594404397686,,,,,
DC-A,SRVCHP_SBORC,R245fa,R1234ze(E),pareto_DC-A_SRVCHP_SBORC_R245fa_R1234ze(E).csv,0.48474442269144685,17.400935969309838,0.2500322538310554,104.1552144843262,30.86170838224683,,,,,
DC-A,SRVCHP_SBORC,R1233zd(E),R1234ze(E),pareto_DC-A_SRVCHP_SBORC_R1233zd(E)_R1234ze(E).csv,0.4865262821334913,21.04938230570518,0.196602341054973,113.78393800020993,37.452935073331034,,,,,
DC-A,SRVCHP_SBORC,R245fa,R1234ze(E),pareto_DC-A_SRVCHP_SBORC_R245fa_R1234ze(E).csv,0.490684968131769,19.191105255711133,0.15732228855393632,100.08820284280219,33.951736546789306,,,,,
DC-A,SRVCHP_SBORC,R1233zd(E),R1234ze(E),pareto_DC-A_SRVCHP_SBORC_R1233zd(E)_R1234ze(E).csv,0.49444482676837,19.027715950131437,0.1700928807254185,105.48787690481227,33.74862344166836,,,,,
DC-A,SRVCHP_SBORC,R245fa,R1234ze(E),pareto_DC-A_SRVCHP_SBORC_R245fa_R1234ze(E).csv,0.4985495830293382,16.462130341074626,0.20709161734083734,101.35636895179243,29.168383741617596,,,,,
DC-A,SRVCHP_SBORC,R600,R1234ze(E),pareto_DC-A_SRVCHP_SBORC_R600_R1234ze(E).csv,0.5011101033374059,11.208532406720241,0.2532200762336463,101.46607025084343,19.899181483093546,,,,,
DC-A,SRVCHP_SBORC,R1233zd(E),R1234ze(E),pareto_DC-A_SRVCHP_SBORC_R1233zd(E)_R1234ze(E).csv,0.5079975798350623,14.710414727572154,0.21384721724847405,98.1343016655146,26.04193979534289,,,,,
DC-A,SRVCHP_SBORC,R600,R1234ze(E),pareto_DC-A_SRVCHP_SBORC_R600_R1234ze(E).csv,0.5134694714326895,11.29793176077889,0.22227135180785318,84.32148429196036,19.899181483093546,,,,,
DC-A,SRVCHP_SBORC,R1233zd(E),R134a,pareto_DC-A_SRVCHP_SBORC_R1233zd(E)_R134a.csv,0.5155158197737206,11.34369589599884,0.2078668055305797,84.52658160504541,19.981303454434386,,,,,
DC-A,SRVCHP_SBORC,R245fa,R134a,pareto_DC-A_SRVCHP_SBORC_R245fa_R134a.csv,0.5194224261315173,11.57100956366466,0.18134974472527643,84.59199071035492,20.38066873137838,,,,,
DC-A,SRVCHP_SBORC,R1233zd(E),R134a,pareto_DC-A_SRVCHP_SBORC_R1233zd(E)_R134a.csv,0.5258816630893606,11.36311336518835,0.1636957775880795,84.39216764215678,20.014161091450703,,,,,
DC-A,SRVCHP_SBORC,R1233zd(E),R1234ze(E),pareto_DC-A_SRVCHP_SBORC_R1233zd(E)_R1234ze(E).csv,0.5345409549430108,10.907375895845426,0.12479712980535065,84.9403933559257,19.21930423614338,,,,,
DC-A,SRVCHP_SBORC,R245fa,R1234ze(E),pareto_DC-A_SRVCHP_SBORC_R245fa_R1234ze(E).csv,0.5472814767722004,9.774529058177453,0.15556688509170807,78.31705764216605,17.179286204778975,,,,,
DC-A,SRVCHP_SBORC,R1233zd(E),R1234ze(E),pareto_DC-A_SRVCHP_SBORC_R1233zd(E)_R1234ze(E).csv,0.5558477585871994,8.599084349338565,0.1424244163703286,72.69502133201163,15.0825893895219,,,,,
DC-A,SRVCHP_SRORC,R245fa,R227ea,pareto_DC-A_SRVCHP_SRORC_R245fa_R227ea.csv,0.23391730103857045,34.11923431907364,0.19176013203565484,96.09972048295604,59.99966650992599,,,,,
DC-A,SRVCHP_SRORC,R600,R227ea,pareto_DC-A_SRVCHP_SRORC_R600_R227ea.csv,0.2401655365825836,34.12180363500595,0.1893649901979419,95.93203909481613,59.99998444272471,,,,,
DC-A,SRVCHP_SRORC,R600,R227ea,pareto_DC-A_SRVCHP_SRORC_R600_R227ea.csv,0.25503515570377394,34.10446132388712,0.20309560235222698,97.14553272061724,59.99995478705219,,,,,
DC-A,SRVCHP_SRORC,R600,R227ea,pareto_DC-A_SRVCHP_SRORC_R600_R227ea.csv,0.27814060399486484,34.12059454059942,0.15336013518819727,96.01703588718217,59.999985555641466,,,,,
DC-A,SRVCHP_SRORC,R600,R227ea,pareto_DC-A_SRVCHP_SRORC_R600_R227ea.csv,0.2857258909929925,34.0695334863461,0.2257296529619705,99.5060717951676,59.99838217704303,,,,,
DC-A,SRVCHP_SRORC,R1233zd(E),R227ea,pareto_DC-A_SRVCHP_SRORC_R1233zd(E)_R227ea.csv,0.2939068463087734,34.11974789266745,0.09209133505817657,95.97600793673,59.9974893332331,,,,,
DC-A,SRVCHP_SRORC,R600,R227ea,pareto_DC-A_SRVCHP_SRORC_R600_R227ea.csv,0.2970863654382247,34.113091503018396,0.11892791020371557,96.5402849603508,59.99991018030477,,,,,
DC-A,SRVCHP_SRORC,R1233zd(E),R227ea,pareto_DC-A_SRVCHP_SRORC_R1233zd(E)_R227ea.csv,0.30627458959582715,34.09068957951011,0.1409298312796601,97.24932619861703,59.97851214060595,,,,,
DC-A,SRVCHP_SRORC,R1233zd(E),R227ea,pareto_DC-A_SRVCHP_SRORC_R1233zd(E)_R227ea.csv,0.3146384205787721,34.10226375263185,0.038555415440615734,97.28223730665859,59.99953833986271,,,,,
DC-A,SRVCHP_SRORC,R600,R227ea,pareto_DC-A_SRVCHP_SRORC_R600_R227ea.csv,0.32459746076604873,34.08947535138797,0.032198702348849924,98.10106031146947,59.9977497169836,,,,,
DC-A,SRVCHP_SRORC,R245fa,R227ea,pareto_DC-A_SRVCHP_SRORC_R245fa_R227ea.csv,0.33140121248904136,34.06240354210555,0.18289055353682318,99.91258201074722,59.99623696575352,,,,,
DC-A,SRVCHP_SRORC,R600,R227ea,pareto_DC-A_SRVCHP_SRORC_R600_R227ea.csv,0.3416464175060843,33.966485174108975,0.2831351870879637,106.55247798969654,59.99991583425729,,,,,
DC-A,SRVCHP_SRORC,R245fa,R227ea,pareto_DC-A_SRVCHP_SRORC_R245fa_R227ea.csv,0.35078529227420546,34.048089069489144,0.18979683565707678,101.02944581986708,59.99966650992599,,,,,
DC-A,SRVCHP_SRORC,R600,R1234ze(E),pareto_DC-A_SRVCHP_SRORC_R600_R1234ze(E).csv,0.3623677249806222,33.928438251730356,0.2740528147534399,108.87366737125244,59.99443765319124,,,,,
DC-A,SRVCHP_SRORC,R600,R227ea,pareto_DC-A_SRVCHP_SRORC_R600_R227ea.csv,0.3751220100553321,33.90763060774545,0.30775003140424506,110.45404244995105,59.999936394898455,,,,,
DC-A,SRVCHP_SRORC,R600,R1234ze(E),pareto_DC-A_SRVCHP_SRORC_R600_R1234ze(E).csv,0.3814109245307551,33.87599245572372,0.2526647135485011,108.85782828273867,59.902113338741046,,,,,
DC-A,SRVCHP_SRORC,R245fa,R227ea,pareto_DC-A_SRVCHP_SRORC_R245fa_R227ea.csv,0.39474461583886766,33.855467558172116,0.31995667540093287,113.2135850903718,59.982292886433406,,,,,
DC-A,SRVCHP_SRORC,R1233zd(E),R227ea,pareto_DC-A_SRVCHP_SRORC_R1233zd(E)_R227ea.csv,0.4039779395889587,33.989919026514585,0.0549826513508505,104.96890581032834,59.99955377115402,,,,,
DC-A,SRVCHP_SRORC,R1233zd(E),R227ea,pareto_DC-A_SRVCHP_SRORC_R1233zd(E)_R227ea.csv,0.41550637590289946,33.92630852880029,0.156886907514655,106.69613476732101,59.93333424379486,,,,,
DC-A,SRVCHP_SRORC,R1233zd(E),R227ea,pareto_DC-A_SRVCHP_SRORC_R1233zd(E)_R227ea.csv,0.4240299647014693,33.231851683917256,0.3553642314086948,119.73560756595319,59.06210120909206,,,,,
DC-A,SRVCHP_SRORC,R600,R1234ze(E),pareto_DC-A_SRVCHP_SRORC_R600_R1234ze(E).csv,0.43371677919869134,33.57592702076926,0.29037850850433533,118.79621648639379,59.64209322317483,,,,,
DC-A,SRVCHP_SRORC,R1233zd(E),R227ea,pareto_DC-A_SRVCHP_SRORC_R1233zd(E)_R227ea.csv,0.4356112421020374,33.923704383232064,0.01426973290805128,109.24871781272115,59.99607881809442,,,,,
DC-A,SRVCHP_SRORC,R1233zd(E),R1234ze(E),pareto_DC-A_SRVCHP_SRORC_R1233zd(E)_R1234ze(E).csv,0.4392141415781568,10.84541423892331,0.3597603534492951,96.75168908231369,19.21463593881171,,,,,
DC-A,SRVCHP_SRORC,R600,R227ea,pareto_DC-A_SRVCHP_SRORC_R600_R227ea.csv,0.4451583330608346,32.38426421371044,0.34002932156118365,118.42924272302193,57.53559112273425,,,,,
DC-A,SRVCHP_SRORC,R600,R227ea,pareto_DC-A_SRVCHP_SRORC_R600_R227ea.csv,0.4531593390331447,20.359651401876285,0.3382039756558411,106.87113121178251,36.11766768699005,,,,,
DC-A,SRVCHP_SRORC,R600,R227ea,pareto_DC-A_SRVCHP_SRORC_R600_R227ea.csv,0.4620169193052681,33.82273216314316,0.16464233621083615,113.28095492255349,59.926645482330926,,,,,
DC-A,SRVCHP_SRORC,R245fa,R227ea,pareto_DC-A_SRVCHP_SRORC_R245fa_R227ea.csv,0.467523324902489,30.583768368570773,0.2837897070712258,115.16759510376917,54.28472056731971,,,,,
DC-A,SRVCHP_SRORC,R1233zd(E),R227ea,pareto_DC-A_SRVCHP_SRORC_R1233zd(E)_R227ea.csv,0.4764572670543997,17.559787656650528,0.32321514569414983,100.45896937892086,31.088369760744207,,,,,
DC-A,SRVCHP_SRORC,R245fa,R227ea,pareto_DC-A_SRVCHP_SRORC_R245fa_R227ea.csv,0.4778648834579825,21.55828799513638,0.30459009162547235,110.90176090379083,38.300125692120375,,,,,
DC-A,SRVCHP_SRORC,R1233zd(E),R227ea,pareto_DC-A_SRVCHP_SRORC_R1233zd(E)_R227ea.csv,0.48111077689554443,33.76202541596386,0.27437857532982474,119.89557184415446,59.99953472412787,,,,,
DC-A,SRVCHP_SRORC,R245fa,R227ea,pareto_DC-A_SRVCHP_SRORC_R245fa_R227ea.csv,0.48374431677042,32.63114614743416,0.054013527659514345,117.41814965834004,57.94327229552712,,,,,
DC-A,SRVCHP_SRORC,R1233zd(E),R227ea,pareto_DC-A_SRVCHP_SRORC_R1233zd(E)_R227ea.csv,0.4849586483612657,29.407926421749483,0.2655164435495041,116.04348599178292,52.23720954184209,,,,,
DC-A,SRVCHP_SRORC,R600,R227ea,pareto_DC-A_SRVCHP_SRORC_R600_R227ea.csv,0.4880280389458829,31.511081801611603,0.24965361492432395,118.38613165591059,55.99762613337048,,,,,
DC-A,SRVCHP_SRORC,R245fa,R227ea,pareto_DC-A_SRVCHP_SRORC_R245fa_R227ea.csv,0.4900700898354187,11.77010396128902,0.3258077841007047,95.78393830073362,20.8362934297575,,,,,
DC-A,SRVCHP_SRORC,R600,R1234ze(E),pareto_DC-A_SRVCHP_SRORC_R600_R1234ze(E).csv,0.49222820183541716,12.276308019455975,0.2951672007143418,86.65499080311275,21.637657472732357,,,,,
DC-A,SRVCHP_SRORC,R245fa,R227ea,pareto_DC-A_SRVCHP_SRORC_R245fa_R227ea.csv,0.4966749209273477,15.959960787514543,0.2781541954005896,101.03989429024347,28.279504025820557,,,,,
DC-A,SRVCHP_SRORC,R1233zd(E),R227ea,pareto_DC-A_SRVCHP_SRORC_R1233zd(E)_R227ea.csv,0.5007033892542888,28.022098086713513,0.2149556928334219,116.23444021306426,49.80137666030292,,,,,
DC-A,SRVCHP_SRORC,R1233zd(E),R1234ze(E),pareto_DC-A_SRVCHP_SRORC_R1233zd(E)_R1234ze(E).csv,0.5017774047281096,14.297979550779779,0.28270989700497456,97.47170726197093,25.307783744470285,,,,,
DC-A,SRVCHP_SRORC,R600,R1234ze(E),pareto_DC-A_SRVCHP_SRORC_R600_R1234ze(E).csv,0.5028430142663509,10.114301129886016,0.3090078695490509,86.76410749796229,17.841709688801544,,,,,
DC-A,SRVCHP_SRORC,R245fa,R1234ze(E),pareto_DC-A_SRVCHP_SRORC_R245fa_R1234ze(E).csv,0.5037719728203119,11.235762210067591,0.2969137233392534,89.21103657387187,19.834026754367912,,,,,
DC-A,SRVCHP_SRORC,R1233zd(E),R1234ze(E),pareto_DC-A_SRVCHP_SRORC_R1233zd(E)_R1234ze(E).csv,0.5050746681158002,15.363358248820864,0.21830288868587552,110.10218841736199,27.34411787088771,,,,,
DC-A,SRVCHP_SRORC,R1233zd(E),R227ea,pareto_DC-A_SRVCHP_SRORC_R1233zd(E)_R227ea.csv,0.509584251541615,19.491568094076435,0.19905866777586054,105.29479142281636,34.56270130606087,,,,,
DC-A,SRVCHP_SRORC,R1233zd(E),R227ea,pareto_DC-A_SRVCHP_SRORC_R1233zd(E)_R227ea.csv,0.5122963877575957,14.43748239564329,0.25556597937352243,90.31888182316638,25.46978620497955,,,,,
DC-A,SRVCHP_SRORC,R1233zd(E),R227ea,pareto_DC-A_SRVCHP_SRORC_R1233zd(E)_R227ea.csv,0.5138525187450217,10.976677935818866,0.3017177978791897,90.86189110470876,19.39318960628156,,,,,
DC-A,SRVCHP_SRORC,R245fa,R227ea,pareto_DC-A_SRVCHP_SRORC_R245fa_R227ea.csv,0.515557746464329,17.55593193547294,0.014745983578759845,96.78992551034709,31.029230457347328,,,,,
DC-A,SRVCHP_SRORC,R1233zd(E),R227ea,pareto_DC-A_SRVCHP_SRORC_R1233zd(E)_R227ea.csv,0.5186324485336391,14.908596953009695,0.22655888781371156,90.31888182316638,26.2966202637759,,,,,
DC-A,SRVCHP_SRORC,R1233zd(E),R227ea,pareto_DC-A_SRVCHP_SRORC_R1233zd(E)_R227ea.csv,0.5218876376513357,14.151486041797066,0.2392571271848674,91.60594748015744,24.982343962814937,,,,,
DC-A,SRVCHP_SRORC,R1233zd(E),R227ea,pareto_DC-A_SRVCHP_SRORC_R1233zd(E)_R227ea.csv,0.5264271437123277,16.172546960421958,0.00894153110303019,95.9247794805263,28.586457274990316,,,,,
DC-A,SRVCHP_SRORC,R1233zd(E),R227ea,pareto_DC-A_SRVCHP_SRORC_R1233zd(E)_R227ea.csv,0.5285546536809046,13.28044462983159,0.2320261048966981,90.31888182316638,23.43809944199909,,,,,
DC-A,SRVCHP_SRORC,R1233zd(E),R227ea,pareto_DC-A_SRVCHP_SRORC_R1233zd(E)_R227ea.csv,0.5289630510318714,15.441603899851922,0.06660762468474872,92.17334531624948,27.254662031572988,,,,,
DC-A,SRVCHP_SRORC,R245fa,R1234ze(E),pareto_DC-A_SRVCHP_SRORC_R245fa_R1234ze(E).csv,0.5319724796768258,11.905976925746346,0.18333333330800194,95.05256615454319,21.068608888756728,,,,,
DC-A,SRVCHP_SRORC,R1233zd(E),R1234ze(E),pareto_DC-A_SRVCHP_SRORC_R1233zd(E)_R1234ze(E).csv,0.5349428874502706,12.622436209874596,0.17847894412189655,96.56104097250645,22.34620021780325,,,,,
DC-A,SRVCHP_SRORC,R600,R1234ze(E),pareto_DC-A_SRVCHP_SRORC_R600_R1234ze(E).csv,0.540729597067328,11.831009498873193,0.16938487710582,86.64118382360873,20.855946909202522,,,,,
DC-A,SRVCHP_SRORC,R600,R227ea,pareto_DC-A_SRVCHP_SRORC_R600_R227ea.csv,0.5424475158716084,12.239749961875845,0.08483722576853961,84.12548989687816,21.549019287031427,,,,,
DC-A,SRVCHP_SRORC,R600,R1234ze(E),pareto_DC-A_SRVCHP_SRORC_R600_R1234ze(E).csv,0.5442290266678961,11.199421012913438,0.05802961082791476,83.24085483925897,19.716811360595315,,,,,
DC-A,SRVCHP_SRORC,R600,R1234ze(E),pareto_DC-A_SRVCHP_SRORC_R600_R1234ze(E).csv,0.5478022708796633,10.115738590068556,0.18582544272692997,86.45307480643847,17.841709688801544,,,,,
DC-A,SRVCHP_SRORC,R1233zd(E),R1234ze(E),pareto_DC-A_SRVCHP_SRORC_R1233zd(E)_R1234ze(E).csv,0.5536753877822038,10.778310199903535,0.126416477355089,84.283377490417,18.987139336865738,,,,,
DC-A,SRVCHP_SRORC,R245fa,R227ea,pareto_DC-A_SRVCHP_SRORC_R245fa_R227ea.csv,0.5573587740898656,10.225286094427089,0.05363443228670052,84.87942958395654,18.021342497191302,,,,,
DC-A,SRVCHP_SRORC,R600,R227ea,pareto_DC-A_SRVCHP_SRORC_R600_R227ea.csv,0.5629845338394808,8.988212822554962,0.029468042806386548,81.30999806163942,15.822717147875217,,,,,
DC-A,SRVCHP_SRORC,R245fa,R227ea,pareto_DC-A_SRVCHP_SRORC_R245fa_R227ea.csv,0.5692852725304602,8.583828452682472,0.128502680001379,77.33523348826587,15.086357025509315,,,,,
DC-B,SBVCHP_SBORC,R1233zd(E),R227ea,pareto_DC-B_SBVCHP_SBORC_R1233zd(E)_R227ea.csv,0.010492857036440163,34.04769035547255,0.009425385042805759,101.06964513129672,59.999996529971185,,,,,
DC-B,SBVCHP_SBORC,R600,R227ea,pareto_DC-B_SBVCHP_SBORC_R600_R227ea.csv,0.01092164659089467,34.047014998459424,0.010172813681664427,101.11558944920505,59.99999007356195,,,,,
DC-B,SBVCHP_SBORC,R1233zd(E),R227ea,pareto_DC-B_SBVCHP_SBORC_R1233zd(E)_R227ea.csv,0.0165744686713862,34.04428022972601,0.014167642168033623,101.29863168846516,59.99988979083036,,,,,
DC-B,SBVCHP_SBORC,R1233zd(E),R227ea,pareto_DC-B_SBVCHP_SBORC_R1233zd(E)_R227ea.csv,0.025355422011145632,34.03957239517945,0.021698626167257817,101.61825532396787,59.99984263249034,,,,,
DC-B,SBVCHP_SBORC,R245fa,R227ea,pareto_DC-B_SBVCHP_SBORC_R245fa_R227ea.csv,0.025876354879492316,34.037657034699265,0.023587772817955356,101.74790562838378,59.999817106857094,,,,,
DC-B,SBVCHP_SBORC,R1233zd(E),R227ea,pareto_DC-B_SBVCHP_SBORC_R1233zd(E)_R227ea.csv,0.03411574082988325,34.034733317022365,0.0307612382846653,101.95037412724021,59.9998991775403,,,,,
DC-B,SBVCHP_SBORC,R600,R227ea,pareto_DC-B_SBVCHP_SBORC_R600_R227ea.csv,0.040181442882132754,34.029239269009054,0.03750264363862731,102.32368600142605,59.999882958216986,,,,,
DC-B,SBVCHP_SBORC,R1233zd(E),R227ea,pareto_DC-B_SBVCHP_SBORC_R1233zd(E)_R227ea.csv,0.04384588782284082,34.02839714377113,0.039524635475136904,102.3793590019126,59.999842142948545,,,,,
DC-B,SBVCHP_SBORC,R1233zd(E),R227ea,pareto_DC-B_SBVCHP_SBORC_R1233zd(E)_R227ea.csv,0.04984148485994288,34.025418726911475,0.04498974619370975,102.58773312871969,59.999996042577735,,,,,
DC-B,SBVCHP_SBORC,R1233zd(E),R227ea,pareto_DC-B_SBVCHP_SBORC_R1233zd(E)_R227ea.csv,0.056914546201547796,34.01773187322146,0.05145551861843471,102.88875086348537,59.994309501961816,,,,,
DC-B,SBVCHP_SBORC,R245fa,R227ea,pareto_DC-B_SBVCHP_SBORC_R245fa_R227ea.csv,0.059625119040733254,34.01600791449089,0.05485202352171043,103.2190523376281,59.999817106857094,,,,,
DC-B,SBVCHP_SBORC,R600,R227ea,pareto_DC-B_SBVCHP_SBORC_R600_R227ea.csv,0.06128339836048582,34.01392703409426,0.05723404072376345,103.36551077349688,59.999961226612534,,,,,
DC-B,SBVCHP_SBORC,R600,R227ea,pareto_DC-B_SBVCHP_SBORC_R600_R227ea.csv,0.06666279774500761,34.00996702933237,0.06228430661777055,103.63336057361923,59.999961226612534,,,,,
DC-B,SBVCHP_SBORC,R1233zd(E),R227ea,pareto_DC-B_SBVCHP_SBORC_R1233zd(E)_R227ea.csv,0.0761536245700273,34.00764766432511,0.06892611111182109,103.79145409567731,59.999996529971185,,,,,
DC-B,SBVCHP_SBORC,R1233zd(E),R227ea,pareto_DC-B_SBVCHP_SBORC_R1233zd(E)_R227ea.csv,0.08461748287456061,34.00132850074277,0.07664296443965918,104.21159667874234,59.99983256350147,,,,,
DC-B,SBVCHP_SBORC,R600,R227ea,pareto_DC-B_SBVCHP_SBORC_R600_R227ea.csv,0.0931742525317589,33.98819453748001,0.08718738455233195,105.09799180292295,59.99989813377716,,,,,
DC-B,SBVCHP_SBORC,R1233zd(E),R227ea,pareto_DC-B_SBVCHP_SBORC_R1233zd(E)_R227ea.csv,0.10333248489677795,33.98619045810819,0.09383110968939302,105.2363406213891,59.999996529971185,,,,,
DC-B,SBVCHP_SBORC,R1233zd(E),R227ea,pareto_DC-B_SBVCHP_SBORC_R1233zd(E)_R227ea.csv,0.10562785051670681,33.984171157050575,0.09581887276751437,105.36777790283578,59.99989009565021,,,,,
DC-B,SBVCHP_SBORC,R1233zd(E),R227ea,pareto_DC-B_SBVCHP_SBORC_R1233zd(E)_R227ea.csv,0.12306974101287822,33.96861064633739,0.11204007067234144,106.41158263661745,59.999943634315294,,,,,
DC-B,SBVCHP_SBORC,R1233zd(E),R227ea,pareto_DC-B_SBVCHP_SBORC_R1233zd(E)_R227ea.csv,0.1332768464151595,33.95745086751157,0.12133010572270674,107.15206357108084,59.9998393803413,,,,,
DC-B,SBVCHP_SBORC,R1233zd(E),R227ea,pareto_DC-B_SBVCHP_SBORC_R1233zd(E)_R227ea.csv,0.13834312015607048,33.953315844689804,0.12010902513769063,107.42728903601842,59.99983759426144,,,,,
DC-B,SBVCHP_SBORC,R1233zd(E),R227ea,pareto_DC-B_SBVCHP_SBORC_R1233zd(E)_R227ea.csv,0.14580700117258272,33.944786673106655,0.12718491105888577,107.99695430761561,59.9999099473364,,,,,
DC-B,SBVCHP_SBORC,R1233zd(E),R227ea,pareto_DC-B_SBVCHP_SBORC_R1233zd(E)_R227ea.csv,0.152873465483935,33.9364052479758,0.1384743674169872,108.5503148274089,59.99984217808825,,,,,
DC-B,SBVCHP_SBORC,R1233zd(E),R227ea,pareto_DC-B_SBVCHP_SBORC_R1233zd(E)_R227ea.csv,0.16413308792575962,33.92026490032567,0.1505186944073312,109.61765979352748,59.99984031506745,,,,,
DC-B,SBVCHP_SBORC,R1233zd(E),R227ea,pareto_DC-B_SBVCHP_SBORC_R1233zd(E)_R227ea.csv,0.17174296641949885,33.90851036475221,0.15742452680208632,110.39486658646084,59.999902713336894,,,,,
DC-B,SBVCHP_SBORC,R1233zd(E),R227ea,pareto_DC-B_SBVCHP_SBORC_R1233zd(E)_R227ea.csv,0.18438615168579583,33.89199007264389,0.16198053253931427,111.47369915430033,59.99972078372937,,,,,
DC-B,SBVCHP_SBORC,R1233zd(E),R227ea,pareto_DC-B_SBVCHP_SBORC_R1233zd(E)_R227ea.csv,0.19386297704235286,33.87484285344311,0.17825954280862355,112.60677473044379,59.9999934465137,,,,,
DC-B,SBVCHP_SBORC,R1233zd(E),R227ea,pareto_DC-B_SBVCHP_SBORC_R1233zd(E)_R227ea.csv,0.1991548960370182,33.85828028100677,0.18373294657897155,113.68430484762699,59.99989940868155,,,,,
DC-B,SBVCHP_SBORC,R1233zd(E),R227ea,pareto_DC-B_SBVCHP_SBORC_R1233zd(E)_R227ea.csv,0.22033424630202492,33.81316532271681,0.1964731005423383,116.61330977628393,59.99990881492053,,,,,
DC-B,SBVCHP_SBORC,R1233zd(E),R227ea,pareto_DC-B_SBVCHP_SBORC_R1233zd(E)_R227ea.csv,0.22483431720220445,33.79480776070912,0.1997750088656311,117.79652769977557,59.99983986102466,,,,,
DC-B,SBVCHP_SBORC,R1233zd(E),R227ea,pareto_DC-B_SBVCHP_SBORC_R1233zd(E)_R227ea.csv,0.2343452436869642,33.77493889309032,0.21012054011260134,119.08224988756996,59.999996529971185,,,,,
DC-B,SBVCHP_SBORC,R1233zd(E),R227ea,pareto_DC-B_SBVCHP_SBORC_R1233zd(E)_R227ea.csv,0.23455038573105755,33.773131309905175,0.2185157649041021,119.19282236596501,59.99984031506745,,,,,
DC-B,SBVCHP_SBORC,R1233zd(E),R227ea,pareto_DC-B_SBVCHP_SBORC_R1233zd(E)_R227ea.csv,0.24401708367282218,32.694615474774096,0.22692717270333745,119.43442706647363,58.10840468509669,,,,,
DC-B,SBVCHP_SBORC,R1233zd(E),R227ea,pareto_DC-B_SBVCHP_SBORC_R1233zd(E)_R227ea.csv,0.24734346291516793,32.374528018882216,0.22154505014483675,119.906061126355,57.55738178212729,,,,,
DC-B,SBVCHP_SBORC,R1233zd(E),R227ea,pareto_DC-B_SBVCHP_SBORC_R1233zd(E)_R227ea.csv,0.24927518754527528,31.017783508566733,0.23133448095352385,118.60138108768822,55.13460785185102,,,,,
DC-B,SBVCHP_SBORC,R1233zd(E),R227ea,pareto_DC-B_SBVCHP_SBORC_R1233zd(E)_R227ea.csv,0.251276737872456,29.670612882780826,0.2331629686023981,117.44270836140535,52.73350939469385,,,,,
DC-B,SBVCHP_SBORC,R1233zd(E),R227ea,pareto_DC-B_SBVCHP_SBORC_R1233zd(E)_R227ea.csv,0.25556399064036517,28.095222794673905,0.23768505455235278,117.4581958481673,49.95843895933715,,,,,
DC-B,SBVCHP_SBORC,R1233zd(E),R227ea,pareto_DC-B_SBVCHP_SBORC_R1233zd(E)_R227ea.csv,0.259181483738011,25.60213136144958,0.2393362945151582,114.38251235238349,45.49675776172154,,,,,
DC-B,SBVCHP_SBORC,R1233zd(E),R227ea,pareto_DC-B_SBVCHP_SBORC_R1233zd(E)_R227ea.csv,0.2614487352842276,25.494860893894455,0.24168293229112234,115.00411845164822,45.32077724933175,,,,,
DC-B,SBVCHP_SBORC,R1233zd(E),R227ea,pareto_DC-B_SBVCHP_SBORC_R1233zd(E)_R227ea.csv,0.2632917137352942,24.70518750995476,0.23334793124131914,114.80226918068144,43.92426763648068,,,,,
DC-B,SBVCHP_SBORC,R1233zd(E),R227ea,pareto_DC-B_SBVCHP_SBORC_R1233zd(E)_R227ea.csv,0.26757293661238446,23.546475323019795,0.23674171210396913,115.00416756406193,41.884222269012525,,,,,
DC-B,SBVCHP_SBORC,R1233zd(E),R1234ze(E),pareto_DC-B_SBVCHP_SBORC_R1233zd(E)_R1234ze(E).csv,0.2698246726339681,22.718650134355915,0.07106280905163813,119.3307832066741,40.504927962293756,,,,,
DC-B,SBVCHP_SBORC,R1233zd(E),R1234ze(E),pareto_DC-B_SBVCHP_SBORC_R1233zd(E)_R1234ze(E).csv,0.2713350063692986,21.110166706777864,0.2490655288846775,112.54031744351421,37.538455051645386,,,,,
DC-B,SBVCHP_SBORC,R1233zd(E),R227ea,pareto_DC-B_SBVCHP_SBORC_R1233zd(E)_R227ea.csv,0.2729284995512369,20.99662681542584,0.2513248284427046,113.74485499799655,37.35906648088207,,,,,
DC-B,SBVCHP_SBORC,R1233zd(E),R1234ze(E),pareto_DC-B_SBVCHP_SBORC_R1233zd(E)_R1234ze(E).csv,0.27380162965284927,21.91343639568977,0.11203687698576766,118.53133807963182,39.0655064427161,,,,,
DC-B,SBVCHP_SBORC,R1233zd(E),R1234ze(E),pareto_DC-B_SBVCHP_SBORC_R1233zd(E)_R1234ze(E).csv,0.27646792075020193,20.235074108712993,0.25609405717969724,118.31541822229178,36.090956296208816,,,,,
DC-B,SBVCHP_SBORC,R1233zd(E),R1234ze(E),pareto_DC-B_SBVCHP_SBORC_R1233zd(E)_R1234ze(E).csv,0.277487142211095,18.742195942668992,0.25223286127592065,107.00597299792099,33.26902136612318,,,,,
DC-B,SBVCHP_SBORC,R1233zd(E),R1234ze(E),pareto_DC-B_SBVCHP_SBORC_R1233zd(E)_R1234ze(E).csv,0.28803883759324,16.677222684014865,0.2662167315444792,112.65124951321731,29.70393330516212,,,,,
DC-B,SBVCHP_SBORC,R1233zd(E),R1234ze(E),pareto_DC-B_SBVCHP_SBORC_R1233zd(E)_R1234ze(E).csv,0.2949078128701079,15.107402629992823,0.2706455216963918,112.37599068994231,26.919954925848977,,,,,
DC-B,SBVCHP_SBORC,R1233zd(E),R1234ze(E),pareto_DC-B_SBVCHP_SBORC_R1233zd(E)_R1234ze(E).csv,0.29710872532762556,14.713313612392248,0.2598721874015229,112.63788576151269,26.22480782292179,,,,,
DC-B,SBVCHP_SBORC,R1233zd(E),R1234ze(E),pareto_DC-B_SBVCHP_SBORC_R1233zd(E)_R1234ze(E).csv,0.2997711480217648,14.316376154310998,0.27239651746170057,106.8412899429717,25.45141154330799,,,,,
DC-B,SBVCHP_SBORC,R1233zd(E),R1234ze(E),pareto_DC-B_SBVCHP_SBORC_R1233zd(E)_R1234ze(E).csv,0.3037631180354032,13.073355541100856,0.2769796776467325,108.76450254939522,23.273491369217464,,,,,
DC-B,SBVCHP_SBORC,R1233zd(E),R1234ze(E),pareto_DC-B_SBVCHP_SBORC_R1233zd(E)_R1234ze(E).csv,0.31008382321471645,12.331129125830499,0.2783222558777709,103.13084242196199,21.900054085558146,,,,,
DC-B,SBVCHP_SBORC,R1233zd(E),R1234ze(E),pareto_DC-B_SBVCHP_SBORC_R1233zd(E)_R1234ze(E).csv,0.3119516127040718,11.973112081406073,0.28000373202898887,103.13084242196199,21.267086779569794,,,,,
DC-B,SBVCHP_SBORC,R1233zd(E),R1234ze(E),pareto_DC-B_SBVCHP_SBORC_R1233zd(E)_R1234ze(E).csv,0.3161509288705262,10.750289244947291,0.2852675680166502,103.05506946556535,19.10326701448187,,,,,
DC-B,SBVCHP_SBORC,R1233zd(E),R1234ze(E),pareto_DC-B_SBVCHP_SBORC_R1233zd(E)_R1234ze(E).csv,0.3214873378600487,11.153778203446729,0.16734611297734608,93.09608818792037,19.725123875840872,,,,,
DC-B,SBVCHP_SBORC,R1233zd(E),R1234ze(E),pareto_DC-B_SBVCHP_SBORC_R1233zd(E)_R1234ze(E).csv,0.32363078613134455,8.874255793024393,0.29085038983941275,101.04406547855208,15.766019115880084,,,,,
DC-B,SBVCHP_SBORC,R1233zd(E),R1234ze(E),pareto_DC-B_SBVCHP_SBORC_R1233zd(E)_R1234ze(E).csv,0.3294788126786542,10.092564239704773,0.26311742949946204,91.26033965289122,17.840279701462975,,,,,
DC-B,SBVCHP_SBORC,R1233zd(E),R1234ze(E),pareto_DC-B_SBVCHP_SBORC_R1233zd(E)_R1234ze(E).csv,0.33498030189374073,9.506392847198827,0.26617923829154166,91.90660719307884,16.812843494216374,,,,,
DC-B,SBVCHP_SBORC,R1233zd(E),R1234ze(E),pareto_DC-B_SBVCHP_SBORC_R1233zd(E)_R1234ze(E).csv,0.34270812015284075,8.549866644451594,0.26852024785946743,91.90660719307884,15.126630300705257,,,,,
DC-B,SBVCHP_SRORC,R245fa,R227ea,pareto_DC-B_SBVCHP_SRORC_R245fa_R227ea.csv,0.14654393326796633,33.86322650359323,0.1367111182870746,113.33602714730861,59.999205342989114,,,,,
DC-B,SBVCHP_SRORC,R1233zd(E),R227ea,pareto_DC-B_SBVCHP_SRORC_R1233zd(E)_R227ea.csv,0.16228753392579973,33.86060870432677,0.14834130588394132,113.507092717052,59.999214465677305,,,,,
DC-B,SBVCHP_SRORC,R1233zd(E),R227ea,pareto_DC-B_SBVCHP_SRORC_R1233zd(E)_R227ea.csv,0.16232014075769824,33.862026601990706,0.1422889184937009,113.41533216285214,59.999233331785334,,,,,
DC-B,SBVCHP_SRORC,R1233zd(E),R227ea,pareto_DC-B_SBVCHP_SRORC_R1233zd(E)_R227ea.csv,0.16764583234771385,33.85539833569625,0.15309712138795084,113.84749293462802,59.999237056351156,,,,,
DC-B,SBVCHP_SRORC,R1233zd(E),R227ea,pareto_DC-B_SBVCHP_SRORC_R1233zd(E)_R227ea.csv,0.17651393640105542,33.84982549530623,0.16141201771271793,114.21050813984984,59.99924209791091,,,,,
DC-B,SBVCHP_SRORC,R1233zd(E),R227ea,pareto_DC-B_SBVCHP_SRORC_R1233zd(E)_R227ea.csv,0.1872046479930564,33.839551153684894,0.17142982587112393,114.87020084851086,59.999017693816526,,,,,
DC-B,SBVCHP_SRORC,R1233zd(E),R227ea,pareto_DC-B_SBVCHP_SRORC_R1233zd(E)_R227ea.csv,0.19020013357883378,33.833670735317234,0.16754477005620047,115.25905154054755,59.99920853755714,,,,,
DC-B,SBVCHP_SRORC,R1233zd(E),R227ea,pareto_DC-B_SBVCHP_SRORC_R1233zd(E)_R227ea.csv,0.19594751400157007,33.82406613479723,0.17661724138506535,115.88193261738907,59.999210938556395,,,,,
DC-B,SBVCHP_SRORC,R1233zd(E),R227ea,pareto_DC-B_SBVCHP_SRORC_R1233zd(E)_R227ea.csv,0.2003989858032575,33.81455083067378,0.18423902069036027,116.4991973115911,59.99924353760141,,,,,
DC-B,SBVCHP_SRORC,R1233zd(E),R227ea,pareto_DC-B_SBVCHP_SRORC_R1233zd(E)_R227ea.csv,0.20674790004320362,33.80648368474444,0.19012998982864862,117.02031392498272,59.99923033549279,,,,,
DC-B,SBVCHP_SRORC,R1233zd(E),R227ea,pareto_DC-B_SBVCHP_SRORC_R1233zd(E)_R227ea.csv,0.2109720200414071,33.7983826791272,0.19413944158152036,117.53954096898164,59.9991228977178,,,,,
DC-B,SBVCHP_SRORC,R1233zd(E),R227ea,pareto_DC-B_SBVCHP_SRORC_R1233zd(E)_R227ea.csv,0.21887652236564215,33.77825380339496,0.20196156017048109,118.84009568656369,59.99920853755714,,,,,
DC-B,SBVCHP_SRORC,R1233zd(E),R227ea,pareto_DC-B_SBVCHP_SRORC_R1233zd(E)_R227ea.csv,0.2214266487399172,33.780029696658104,0.1987914239421664,118.72692563601177,59.999240136755745,,,,,
DC-B,SBVCHP_SRORC,R1233zd(E),R227ea,pareto_DC-B_SBVCHP_SRORC_R1233zd(E)_R227ea.csv,0.22750730008279973,33.76343947667593,0.21002557423516457,119.66720237289596,59.99576886609445,,,,,
DC-B,SBVCHP_SRORC,R1233zd(E),R227ea,pareto_DC-B_SBVCHP_SRORC_R1233zd(E)_R227ea.csv,0.23080469652191438,33.761683871238326,0.21281117281936085,119.90569346145304,59.999210938556395,,,,,
DC-B,SBVCHP_SRORC,R1233zd(E),R227ea,pareto_DC-B_SBVCHP_SRORC_R1233zd(E)_R227ea.csv,0.2365518816796319,33.24025579981408,0.21814482119866668,119.95005989300027,59.08268778498349,,,,,
DC-B,SBVCHP_SRORC,R1233zd(E),R227ea,pareto_DC-B_SBVCHP_SRORC_R1233zd(E)_R227ea.csv,0.23893640087335027,32.87460486108651,0.2209327261580377,119.96323400356007,58.4393643005409,,,,,
DC-B,SBVCHP_SRORC,R1233zd(E),R227ea,pareto_DC-B_SBVCHP_SRORC_R1233zd(E)_R227ea.csv,0.24210772188717003,32.51913361677078,0.22322271566646823,119.86683979158853,57.81095819458305,,,,,
DC-B,SBVCHP_SRORC,R1233zd(E),R227ea,pareto_DC-B_SBVCHP_SRORC_R1233zd(E)_R227ea.csv,0.2473210472341154,31.796804241625715,0.2281988792545234,119.90202087226896,56.53988914826607,,,,,
DC-B,SBVCHP_SRORC,R1233zd(E),R227ea,pareto_DC-B_SBVCHP_SRORC_R1233zd(E)_R227ea.csv,0.25141116502041033,31.49483164968979,0.2258154701716641,119.73199049308914,56.003628525328295,,,,,
DC-B,SBVCHP_SRORC,R1233zd(E),R227ea,pareto_DC-B_SBVCHP_SRORC_R1233zd(E)_R227ea.csv,0.2550372367912386,30.888985726460277,0.2277783562712547,119.61265278066236,54.93336408509059,,,,,
DC-B,SBVCHP_SRORC,R1233zd(E),R227ea,pareto_DC-B_SBVCHP_SRORC_R1233zd(E)_R227ea.csv,0.25930217036778774,30.56854698890701,0.2308856079214363,119.99198961648968,54.37831195936764,,,,,
DC-B,SBVCHP_SRORC,R1233zd(E),R227ea,pareto_DC-B_SBVCHP_SRORC_R1233zd(E)_R227ea.csv,0.26218699776394166,29.60746626031184,0.24168770225901295,119.48411872474563,52.67189573755165,,,,,
DC-B,SBVCHP_SRORC,R1233zd(E),R227ea,pareto_DC-B_SBVCHP_SRORC_R1233zd(E)_R227ea.csv,0.2648447763176628,28.417285386193456,0.24388631442481545,118.96910556087411,50.561346190603615,,,,,
DC-B,SBVCHP_SRORC,R1233zd(E),R227ea,pareto_DC-B_SBVCHP_SRORC_R1233zd(E)_R227ea.csv,0.2687052695234419,27.59971768026044,0.2472794712588557,118.43376893700018,49.10725389049462,,,,,
DC-B,SBVCHP_SRORC,R1233zd(E),R227ea,pareto_DC-B_SBVCHP_SRORC_R1233zd(E)_R227ea.csv,0.27246421225501755,26.706232781660674,0.2511022846793979,118.40022955772454,47.5304187164553,,,,,
DC-B,SBVCHP_SRORC,R1233zd(E),R227ea,pareto_DC-B_SBVCHP_SRORC_R1233zd(E)_R227ea.csv,0.276386415916893,25.52127185856315,0.2545136714441839,117.93088056927687,45.42912833822113,,,,,
DC-B,SBVCHP_SRORC,R1233zd(E),R227ea,pareto_DC-B_SBVCHP_SRORC_R1233zd(E)_R227ea.csv,0.27760395735047955,24.788000367440777,0.2548940562769867,117.02380164808976,44.11590295243691,,,,,
DC-B,SBVCHP_SRORC,R1233zd(E),R227ea,pareto_DC-B_SBVCHP_SRORC_R1233zd(E)_R227ea.csv,0.28057213460086367,24.092297993383887,0.25799299272432646,116.9841479500219,42.88688923780278,,,,,
DC-B,SBVCHP_SRORC,R1233zd(E),R227ea,pareto_DC-B_SBVCHP_SRORC_R1233zd(E)_R227ea.csv,0.2832182303633615,23.24462971581627,0.2590961372657442,116.12845405303601,41.37321262068072,,,,,
DC-B,SBVCHP_SRORC,R1233zd(E),R227ea,pareto_DC-B_SBVCHP_SRORC_R1233zd(E)_R227ea.csv,0.28422905518796515,22.7272853438048,0.2610769347631511,116.52279943799908,40.46695252903284,,,,,
DC-B,SBVCHP_SRORC,R1233zd(E),R227ea,pareto_DC-B_SBVCHP_SRORC_R1233zd(E)_R227ea.csv,0.28591831134057283,21.823614662178734,0.25749746443087845,114.60247786008709,38.835031908113734,,,,,
DC-B,SBVCHP_SRORC,R1233zd(E),R227ea,pareto_DC-B_SBVCHP_SRORC_R1233zd(E)_R227ea.csv,0.28764815539795124,20.999964637027922,0.2628356610286536,113.4846350204462,37.36041118102852,,,,,
DC-B,SBVCHP_SRORC,R1233zd(E),R227ea,pareto_DC-B_SBVCHP_SRORC_R1233zd(E)_R227ea.csv,0.291209889892729,19.923959920041586,0.2667109491223022,114.58862245817497,35.477788083799695,,,,,
DC-B,SBVCHP_SRORC,R1233zd(E),R227ea,pareto_DC-B_SBVCHP_SRORC_R1233zd(E)_R227ea.csv,0.2945395675648891,18.927326223134664,0.26932125851220406,113.57681934787253,33.69898701187671,,,,,
DC-B,SBVCHP_SRORC,R1233zd(E),R1234ze(E),pareto_DC-B_SBVCHP_SRORC_R1233zd(E)_R1234ze(E).csv,0.2972762585916971,16.829270499150024,0.2700312569601045,111.94101583700966,29.963065395125042,,,,,
DC-B,SBVCHP_SRORC,R1233zd(E),R1234ze(E),pareto_DC-B_SBVCHP_SRORC_R1233zd(E)_R1234ze(E).csv,0.2978611143721038,16.248214551076888,0.2726927023455021,111.61851086274083,28.930278785301287,,,,,
DC-B,SBVCHP_SRORC,R1233zd(E),R1234ze(E),pareto_DC-B_SBVCHP_SRORC_R1233zd(E)_R1234ze(E).csv,0.29894139566841216,16.90911173741122,0.26962776268414707,111.94101583700966,30.10434289020518,,,,,
DC-B,SBVCHP_SRORC,R1233zd(E),R227ea,pareto_DC-B_SBVCHP_SRORC_R1233zd(E)_R227ea.csv,0.30189501329136675,16.433017636630918,0.2720720003048852,106.459928674482,29.18651834101717,,,,,
DC-B,SBVCHP_SRORC,R1233zd(E),R227ea,pareto_DC-B_SBVCHP_SRORC_R1233zd(E)_R227ea.csv,0.3044311741051444,15.905577455305364,0.2736064745851899,106.45716444978842,28.255090485391023,,,,,
DC-B,SBVCHP_SRORC,R1233zd(E),R227ea,pareto_DC-B_SBVCHP_SRORC_R1233zd(E)_R227ea.csv,0.3053625379227627,15.75834728152931,0.27405106445889843,105.92945766454665,27.988115889111647,,,,,
DC-B,SBVCHP_SRORC,R1233zd(E),R227ea,pareto_DC-B_SBVCHP_SRORC_R1233zd(E)_R227ea.csv,0.3067569593293591,15.566110354752098,0.2750880764241746,105.92945766454665,27.64861957085182,,,,,
DC-B,SBVCHP_SRORC,R1233zd(E),R1234ze(E),pareto_DC-B_SBVCHP_SRORC_R1233zd(E)_R1234ze(E).csv,0.3107402160242135,13.686479303515725,0.28038267105060394,105.32350346007136,24.31990576418434,,,,,
DC-B,SBVCHP_SRORC,R1233zd(E),R1234ze(E),pareto_DC-B_SBVCHP_SRORC_R1233zd(E)_R1234ze(E).csv,0.31248588353088463,13.293264524976715,0.281402224598553,104.43448901393427,23.614773605437342,,,,,
DC-B,SBVCHP_SRORC,R1233zd(E),R227ea,pareto_DC-B_SBVCHP_SRORC_R1233zd(E)_R227ea.csv,0.3153188566080791,13.198812110603324,0.2835363399172708,106.64906648290403,23.472279436178923,,,,,
DC-B,SBVCHP_SRORC,R1233zd(E),R1234ze(E),pareto_DC-B_SBVCHP_SRORC_R1233zd(E)_R1234ze(E).csv,0.3162210848961274,12.503655790041655,0.28493218550337746,104.17782570635005,22.21596442785935,,,,,
DC-B,SBVCHP_SRORC,R1233zd(E),R1234ze(E),pareto_DC-B_SBVCHP_SRORC_R1233zd(E)_R1234ze(E).csv,0.31794738442293186,12.090342444333398,0.2867295740218706,104.65184719148806,21.489757244544627,,,,,
DC-B,SBVCHP_SRORC,R1233zd(E),R227ea,pareto_DC-B_SBVCHP_SRORC_R1233zd(E)_R227ea.csv,0.31956740872715306,12.421415375670682,0.2815694149539368,106.61167069880335,22.095869277231703,,,,,
DC-B,SBVCHP_SRORC,R1233zd(E),R1234ze(E),pareto_DC-B_SBVCHP_SRORC_R1233zd(E)_R1234ze(E).csv,0.3200998536085939,11.483131114223799,0.2879642480716774,104.07787770294821,20.409661266213476,,,,,
DC-B,SBVCHP_SRORC,R1233zd(E),R1234ze(E),pareto_DC-B_SBVCHP_SRORC_R1233zd(E)_R1234ze(E).csv,0.3216448294827169,11.231287214323133,0.2900759485988756,104.65184719148806,19.969369876198705,,,,,
DC-B,SBVCHP_SRORC,R1233zd(E),R1234ze(E),pareto_DC-B_SBVCHP_SRORC_R1233zd(E)_R1234ze(E).csv,0.3237515907826268,10.759810337706481,0.2915928656879979,104.44403700956781,19.13265699119662,,,,,
DC-B,SBVCHP_SRORC,R1233zd(E),R227ea,pareto_DC-B_SBVCHP_SRORC_R1233zd(E)_R227ea.csv,0.32628814021911345,10.733236078983621,0.2902231066162827,101.05978174004798,19.05516336716052,,,,,
DC-B,SBVCHP_SRORC,R1233zd(E),R1234ze(E),pareto_DC-B_SBVCHP_SRORC_R1233zd(E)_R1234ze(E).csv,0.32812691717178694,9.436627837874852,0.2960981848334573,104.73433182914756,16.79072693506104,,,,,
DC-B,SBVCHP_SRORC,R1233zd(E),R1234ze(E),pareto_DC-B_SBVCHP_SRORC_R1233zd(E)_R1234ze(E).csv,0.32877860237155265,9.939867026496515,0.29468990943891366,101.69104099786419,17.65728384471289,,,,,
DC-B,SBVCHP_SRORC,R1233zd(E),R1234ze(E),pareto_DC-B_SBVCHP_SRORC_R1233zd(E)_R1234ze(E).csv,0.3299362213869265,10.001060890525984,0.29344951210723846,104.31630489135198,17.78761064952321,,,,,
DC-B,SBVCHP_SRORC,R1233zd(E),R227ea,pareto_DC-B_SBVCHP_SRORC_R1233zd(E)_R227ea.csv,0.3324569299298781,9.610807369709086,0.2942211356120807,99.14369389426162,17.054424172856304,,,,,
DC-B,SBVCHP_SRORC,R1233zd(E),R1234ze(E),pareto_DC-B_SBVCHP_SRORC_R1233zd(E)_R1234ze(E).csv,0.33450719510200044,9.60733906508713,0.29516537561296396,101.69322849355098,17.068787740598015,,,,,
DC-B,SBVCHP_SRORC,R1233zd(E),R1234ze(E),pareto_DC-B_SBVCHP_SRORC_R1233zd(E)_R1234ze(E).csv,0.33604601452929744,8.7823814519165,0.2985903855451233,101.69104099786419,15.60812403832044,,,,,
DC-B,SBVCHP_SRORC,R1233zd(E),R1234ze(E),pareto_DC-B_SBVCHP_SRORC_R1233zd(E)_R1234ze(E).csv,0.33827022014189306,8.524700976963354,0.29931612742621594,101.29764894825351,15.14888179889951,,,,,
DC-B,SBVCHP_SRORC,R1233zd(E),R227ea,pareto_DC-B_SBVCHP_SRORC_R1233zd(E)_R227ea.csv,0.34365611068389496,8.590445892751315,0.29369520978951946,96.05303054655876,15.227658626845582,,,,,
DC-B,SRVCHP_SBORC,R1233zd(E),R227ea,pareto_DC-B_SRVCHP_SBORC_R1233zd(E)_R227ea.csv,0.010155142978406403,34.04821567874524,0.008890616268759597,100.99288525611601,59.998954085104415,,,,,
DC-B,SRVCHP_SBORC,R245fa,R227ea,pareto_DC-B_SRVCHP_SBORC_R245fa_R227ea.csv,0.014239037884072204,34.04683371386251,0.01244325460412855,101.12835745975264,59.99999950811602,,,,,
DC-B,SRVCHP_SBORC,R600,R227ea,pareto_DC-B_SRVCHP_SBORC_R600_R227ea.csv,0.022803742133916866,34.042131187580964,0.019900082626404563,101.44634133568839,59.9999129626108,,,,,
DC-B,SRVCHP_SBORC,R245fa,R227ea,pareto_DC-B_SRVCHP_SBORC_R245fa_R227ea.csv,0.031181849720214004,34.04073772268131,0.021158916583373443,101.54452404179082,59.99999103777329,,,,,
DC-B,SRVCHP_SBORC,R245fa,R227ea,pareto_DC-B_SRVCHP_SBORC_R245fa_R227ea.csv,0.0402231044533149,34.03699296801033,0.02616254380499983,101.80014247263578,59.99999556950662,,,,,
DC-B,SRVCHP_SBORC,R245fa,R227ea,pareto_DC-B_SRVCHP_SBORC_R245fa_R227ea.csv,0.0538656140933879,34.02887206342931,0.047198177971879994,102.35319022104339,59.99999955087221,,,,,
DC-B,SRVCHP_SBORC,R1233zd(E),R227ea,pareto_DC-B_SRVCHP_SBORC_R1233zd(E)_R227ea.csv,0.06049432062670478,34.024934279630315,0.05374671304404252,102.5800733141188,59.9989517834179,,,,,
DC-B,SRVCHP_SBORC,R600,R227ea,pareto_DC-B_SRVCHP_SBORC_R600_R227ea.csv,0.07564537980992768,34.01967513750596,0.0590713384528583,102.97340034078722,59.999890580136146,,,,,
DC-B,SRVCHP_SBORC,R600,R227ea,pareto_DC-B_SRVCHP_SBORC_R600_R227ea.csv,0.08424800408107225,34.01377816768753,0.07193223778703149,103.37119327474913,59.99984771096501,,,,,
DC-B,SRVCHP_SBORC,R600,R227ea,pareto_DC-B_SRVCHP_SBORC_R600_R227ea.csv,0.09655047470395126,34.009046570668175,0.07645604073475422,103.69572786928289,59.999965227260994,,,,,
DC-B,SRVCHP_SBORC,R600,R227ea,pareto_DC-B_SRVCHP_SBORC_R600_R227ea.csv,0.10400803177464218,34.00664826998318,0.07221260035233289,103.85900841151255,59.999997946744024,,,,,
DC-B,SRVCHP_SBORC,R245fa,R227ea,pareto_DC-B_SRVCHP_SBORC_R245fa_R227ea.csv,0.10807984359574384,34.00393195351785,0.08123042705455905,104.041877915107,59.999985238008605,,,,,
DC-B,SRVCHP_SBORC,R600,R227ea,pareto_DC-B_SRVCHP_SBORC_R600_R227ea.csv,0.1161482705135287,34.000233469639795,0.03465742337074775,104.28460725467454,59.999811513737704,,,,,
DC-B,SRVCHP_SBORC,R600,R227ea,pareto_DC-B_SRVCHP_SBORC_R600_R227ea.csv,0.12696870204391777,33.99118587221093,0.10276975083489102,104.89743910667094,59.99991008181954,,,,,
DC-B,SRVCHP_SBORC,R600,R227ea,pareto_DC-B_SRVCHP_SBORC_R600_R227ea.csv,0.13380382667268134,33.99009936680465,0.06288338109795341,104.97050789756987,59.999911074342,,,,,
DC-B,SRVCHP_SBORC,R1233zd(E),R227ea,pareto_DC-B_SRVCHP_SBORC_R1233zd(E)_R227ea.csv,0.14351722972410433,33.98218926451606,0.10997063531989688,105.46867383210792,59.99905389618157,,,,,
DC-B,SRVCHP_SBORC,R245fa,R227ea,pareto_DC-B_SRVCHP_SBORC_R245fa_R227ea.csv,0.15621957274577317,33.97561114939273,0.10521246401931944,105.94559864450066,59.99999957667671,,,,,
DC-B,SRVCHP_SBORC,R1233zd(E),R227ea,pareto_DC-B_SRVCHP_SBORC_R1233zd(E)_R227ea.csv,0.16334677683217563,33.962398357042545,0.14410406741468648,106.81016049993727,59.9995209119657,,,,,
DC-B,SRVCHP_SBORC,R600,R227ea,pareto_DC-B_SRVCHP_SBORC_R600_R227ea.csv,0.1756434633790387,33.95080068055019,0.1550005143999952,107.59745729497348,59.9999129626108,,,,,
DC-B,SRVCHP_SBORC,R600,R227ea,pareto_DC-B_SRVCHP_SBORC_R600_R227ea.csv,0.18566758425726207,33.942146717101096,0.16458721229566917,108.17232017949152,59.99991361745716,,,,,
DC-B,SRVCHP_SBORC,R245fa,R227ea,pareto_DC-B_SRVCHP_SBORC_R245fa_R227ea.csv,0.18833688975416737,33.94265696171241,0.16172458971798448,108.14171115647802,59.99999940215999,,,,,
DC-B,SRVCHP_SBORC,R1233zd(E),R227ea,pareto_DC-B_SRVCHP_SBORC_R1233zd(E)_R227ea.csv,0.19607012314121514,33.94419548009315,0.15402396772237975,108.00087404978518,59.998977701627496,,,,,
DC-B,SRVCHP_SBORC,R600,R227ea,pareto_DC-B_SRVCHP_SBORC_R600_R227ea.csv,0.2047343284869598,33.93382304885898,0.16549252847284615,108.72400307765028,59.99991212818943,,,,,
DC-B,SRVCHP_SBORC,R1233zd(E),R227ea,pareto_DC-B_SRVCHP_SBORC_R1233zd(E)_R227ea.csv,0.21215020254305672,33.911302293265145,0.19228506906874399,110.1752698358666,59.99895160278428,,,,,
DC-B,SRVCHP_SBORC,R245fa,R227ea,pareto_DC-B_SRVCHP_SBORC_R245fa_R227ea.csv,0.22154765801354376,33.92390576443123,0.1543989827536844,109.38269436246878,59.99998526082183,,,,,
DC-B,SRVCHP_SBORC,R245fa,R227ea,pareto_DC-B_SRVCHP_SBORC_R245fa_R227ea.csv,0.23185656844986635,33.901384334622946,0.19721681697730667,110.86709666346948,59.99999522901521,,,,,
DC-B,SRVCHP_SBORC,R600,R227ea,pareto_DC-B_SRVCHP_SBORC_R600_R227ea.csv,0.24164039609450763,33.89829541619779,0.19278055031214328,111.06681101042108,59.99990838276297,,,,,
DC-B,SRVCHP_SBORC,R1233zd(E),R227ea,pareto_DC-B_SRVCHP_SBORC_R1233zd(E)_R227ea.csv,0.24564383231996947,33.87561800187732,0.21925905836111606,112.51736823396969,59.998954085104415,,,,,
DC-B,SRVCHP_SBORC,R600,R227ea,pareto_DC-B_SRVCHP_SBORC_R600_R227ea.csv,0.2559623188965467,33.87856591108859,0.20939355888455718,112.36349874456175,59.9999987688294,,,,,
DC-B,SRVCHP_SBORC,R600,R227ea,pareto_DC-B_SRVCHP_SBORC_R600_R227ea.csv,0.271884264306109,33.860152890650426,0.2221615132025362,113.54684485656999,59.999484626209934,,,,,
DC-B,SRVCHP_SBORC,R600,R227ea,pareto_DC-B_SRVCHP_SBORC_R600_R227ea.csv,0.27777308526457706,33.83095579716242,0.24722543366612776,115.40035789517852,59.99826510312903,,,,,
DC-B,SRVCHP_SBORC,R1233zd(E),R227ea,pareto_DC-B_SRVCHP_SBORC_R1233zd(E)_R227ea.csv,0.2858209927999236,33.85019073284902,0.223034951413663,114.17626365043736,59.998959447184596,,,,,
DC-B,SRVCHP_SBORC,R245fa,R227ea,pareto_DC-B_SRVCHP_SBORC_R245fa_R227ea.csv,0.2935373581940873,33.83691410242233,0.2102320600850622,115.07763702582766,59.99999625897576,,,,,
DC-B,SRVCHP_SBORC,R245fa,R227ea,pareto_DC-B_SRVCHP_SBORC_R245fa_R227ea.csv,0.3081788264003942,33.812356063546424,0.22699197185721678,116.66896390254416,59.99999891647326,,,,,
DC-B,SRVCHP_SBORC,R600,R227ea,pareto_DC-B_SRVCHP_SBORC_R600_R227ea.csv,0.3150468685111661,33.436842510018714,0.2825955292348736,119.39058950518667,59.413523205160786,,,,,
DC-B,SRVCHP_SBORC,R1233zd(E),R227ea,pareto_DC-B_SRVCHP_SBORC_R1233zd(E)_R227ea.csv,0.3230551828344438,33.76178395009733,0.27649188223900745,118.97592419851733,59.973947692659905,,,,,
DC-B,SRVCHP_SBORC,R600,R227ea,pareto_DC-B_SRVCHP_SBORC_R600_R227ea.csv,0.3256853627166771,31.088621074388826,0.2917230421540102,118.70529510267892,55.2619815707001,,,,,
DC-B,SRVCHP_SBORC,R600,R1234ze(E),pareto_DC-B_SRVCHP_SBORC_R600_R1234ze(E).csv,0.330010192070121,27.454462966100664,0.2927513303992602,119.75878980277223,48.88115144654335,,,,,
DC-B,SRVCHP_SBORC,R245fa,R227ea,pareto_DC-B_SRVCHP_SBORC_R245fa_R227ea.csv,0.33244795385685993,26.79567295691596,0.2983302780642017,117.06931873321018,47.65875257060038,,,,,
DC-B,SRVCHP_SBORC,R600,R227ea,pareto_DC-B_SRVCHP_SBORC_R600_R227ea.csv,0.33825655751545414,33.76620441431205,0.2530231717063605,119.64264133505226,59.999961762296174,,,,,
DC-B,SRVCHP_SBORC,R245fa,R1234ze(E),pareto_DC-B_SRVCHP_SBORC_R245fa_R1234ze(E).csv,0.3400291156606743,25.097114501903178,0.2998340762596813,119.60925296581355,44.715371089710224,,,,,
DC-B,SRVCHP_SBORC,R600,R1234ze(E),pareto_DC-B_SRVCHP_SBORC_R600_R1234ze(E).csv,0.34442735995271595,21.825440016812085,0.310822575668045,119.7514546839337,38.93210188923505,,,,,
DC-B,SRVCHP_SBORC,R1233zd(E),R227ea,pareto_DC-B_SRVCHP_SBORC_R1233zd(E)_R227ea.csv,0.3467325433021751,29.514617650269102,0.27895822056320574,117.82314394650622,52.46797730149551,,,,,
DC-B,SRVCHP_SBORC,R245fa,R227ea,pareto_DC-B_SRVCHP_SBORC_R245fa_R227ea.csv,0.3480973346314541,28.889875475723613,0.28170426956404626,118.3884120878724,51.38075478187406,,,,,
DC-B,SRVCHP_SBORC,R1233zd(E),R1234ze(E),pareto_DC-B_SRVCHP_SBORC_R1233zd(E)_R1234ze(E).csv,0.34991263639230863,19.8463649159272,0.315631309174124,117.6492251100115,35.39143931361217,,,,,
DC-B,SRVCHP_SBORC,R600,R227ea,pareto_DC-B_SRVCHP_SBORC_R600_R227ea.csv,0.35072992438829814,30.55438781236832,0.1420611601299935,118.49644313467869,54.31591565751314,,,,,
DC-B,SRVCHP_SBORC,R1233zd(E),R1234ze(E),pareto_DC-B_SRVCHP_SBORC_R1233zd(E)_R1234ze(E).csv,0.3531860726301509,24.410856887592857,0.28355420768016276,117.15180548269113,43.45273294852103,,,,,
DC-B,SRVCHP_SBORC,R1233zd(E),R1234ze(E),pareto_DC-B_SRVCHP_SBORC_R1233zd(E)_R1234ze(E).csv,0.3543533871354685,24.307616592448596,0.2851587320686005,117.31375439809057,43.27372093957368,,,,,
DC-B,SRVCHP_SBORC,R1233zd(E),R227ea,pareto_DC-B_SRVCHP_SBORC_R1233zd(E)_R227ea.csv,0.35787982033358784,20.824469515472828,0.2821633131828459,112.69116944170638,37.036689516786396,,,,,
DC-B,SRVCHP_SBORC,R1233zd(E),R1234ze(E),pareto_DC-B_SRVCHP_SBORC_R1233zd(E)_R1234ze(E).csv,0.3598728866199752,25.851784059530917,0.25990724150451117,119.34601474013064,46.042813065101896,,,,,
DC-B,SRVCHP_SBORC,R600,R1234ze(E),pareto_DC-B_SRVCHP_SBORC_R600_R1234ze(E).csv,0.36295355009108243,23.857090120077885,0.2581691246837894,119.07976091206807,42.51317086550973,,,,,
DC-B,SRVCHP_SBORC,R600,R1234ze(E),pareto_DC-B_SRVCHP_SBORC_R600_R1234ze(E).csv,0.3674782245460453,22.533350153347985,0.2751673472999351,119.7502041076052,40.1850156630777,,,,,
DC-B,SRVCHP_SBORC,R600,R1234ze(E),pareto_DC-B_SRVCHP_SBORC_R600_R1234ze(E).csv,0.3702523506456136,21.76292419102346,0.27679568268795424,119.36322744865353,38.8143557447817,,,,,
DC-B,SRVCHP_SBORC,R1233zd(E),R1234ze(E),pareto_DC-B_SRVCHP_SBORC_R1233zd(E)_R1234ze(E).csv,0.3728570725419172,21.74210682932683,0.27153927730423105,119.537815692523,38.7806855951208,,,,,
DC-B,SRVCHP_SBORC,R1233zd(E),R1234ze(E),pareto_DC-B_SRVCHP_SBORC_R1233zd(E)_R1234ze(E).csv,0.3751617395633926,15.364170303691274,0.30482540265204544,114.89930635793046,27.40750321139193,,,,,
DC-B,SRVCHP_SBORC,R1233zd(E),R1234ze(E),pareto_DC-B_SRVCHP_SBORC_R1233zd(E)_R1234ze(E).csv,0.376435453594074,20.114575185831374,0.2647903157656012,117.6492251100115,35.86632985145762,,,,,
DC-B,SRVCHP_SBORC,R245fa,R1234ze(E),pareto_DC-B_SRVCHP_SBORC_R245fa_R1234ze(E).csv,0.3806136939198318,14.24622967007153,0.22360405247999726,110.62895497416609,25.37263374096866,,,,,
DC-B,SRVCHP_SBORC,R1233zd(E),R1234ze(E),pareto_DC-B_SRVCHP_SBORC_R1233zd(E)_R1234ze(E).csv,0.3832264692640007,15.78524802442442,0.1918550009245722,112.69817525718025,28.12504084638845,,,,,
DC-B,SRVCHP_SBORC,R1233zd(E),R1234ze(E),pareto_DC-B_SRVCHP_SBORC_R1233zd(E)_R1234ze(E).csv,0.38791727541410637,12.590634905006965,0.26942047991185397,103.89651149822862,22.36681133608319,,,,,
DC-B,SRVCHP_SBORC,R1233zd(E),R1234ze(E),pareto_DC-B_SRVCHP_SBORC_R1233zd(E)_R1234ze(E).csv,0.39568443108361234,10.125394030052222,0.275201203280452,103.6619077907901,18.002311077848823,,,,,
DC-B,SRVCHP_SRORC,R245fa,R227ea,pareto_DC-B_SRVCHP_SRORC_R245fa_R227ea.csv,0.1907478126963205,33.86577749083069,0.17495866468797264,113.19663784811831,59.999933122743855,,,,,
DC-B,SRVCHP_SRORC,R1233zd(E),R227ea,pareto_DC-B_SRVCHP_SRORC_R1233zd(E)_R227ea.csv,0.20993359494935726,33.85899046352768,0.18950318071733516,113.63819949544529,59.999904233164365,,,,,
DC-B,SRVCHP_SRORC,R1233zd(E),R227ea,pareto_DC-B_SRVCHP_SRORC_R1233zd(E)_R227ea.csv,0.21632400414715233,33.852525280737744,0.1953291672492894,114.05933155661451,59.999904233164365,,,,,
DC-B,SRVCHP_SRORC,R1233zd(E),R227ea,pareto_DC-B_SRVCHP_SRORC_R1233zd(E)_R227ea.csv,0.22262710421157877,33.84614308064459,0.2011264931476096,114.47457997634753,59.999904233164365,,,,,
DC-B,SRVCHP_SRORC,R600,R227ea,pareto_DC-B_SRVCHP_SRORC_R600_R227ea.csv,0.2267342294774545,33.851308020025996,0.19400081207324843,114.14173500388256,59.99998969380994,,,,,
DC-B,SRVCHP_SRORC,R1233zd(E),R227ea,pareto_DC-B_SRVCHP_SRORC_R1233zd(E)_R227ea.csv,0.2314706848432723,33.8564285725399,0.16195055463931796,113.80405398659258,59.99987506610913,,,,,
DC-B,SRVCHP_SRORC,R1233zd(E),R227ea,pareto_DC-B_SRVCHP_SRORC_R1233zd(E)_R227ea.csv,0.23373843041272002,33.853961224306175,0.08600437561046492,113.9662609414162,59.99991560990348,,,,,
DC-B,SRVCHP_SRORC,R1233zd(E),R227ea,pareto_DC-B_SRVCHP_SRORC_R1233zd(E)_R227ea.csv,0.23990452378435762,33.841600312952956,0.21462828501331804,114.77027580831118,59.999915308962755,,,,,
DC-B,SRVCHP_SRORC,R1233zd(E),R227ea,pareto_DC-B_SRVCHP_SRORC_R1233zd(E)_R227ea.csv,0.2421356311648891,33.84726340467785,0.0891086280696874,114.40214294249162,59.99991560990348,,,,,
DC-B,SRVCHP_SRORC,R600,R227ea,pareto_DC-B_SRVCHP_SRORC_R600_R227ea.csv,0.2470186638558148,33.84533556401395,0.20159692632183757,114.52810246481991,59.99993166998368,,,,,
DC-B,SRVCHP_SRORC,R600,R227ea,pareto_DC-B_SRVCHP_SRORC_R600_R227ea.csv,0.2517579218784253,33.84509106732928,0.15709128173632744,114.54615935640781,59.99999003060931,,,,,
DC-B,SRVCHP_SRORC,R600,R227ea,pareto_DC-B_SRVCHP_SRORC_R600_R227ea.csv,0.2548742643204381,33.842952747826956,0.19005842069274412,114.6837470382837,59.999951978257506,,,,,
DC-B,SRVCHP_SRORC,R600,R227ea,pareto_DC-B_SRVCHP_SRORC_R600_R227ea.csv,0.26081830453820787,33.83984235941156,0.10087945991136943,114.88328897392269,59.99988302014758,,,,,
DC-B,SRVCHP_SRORC,R600,R227ea,pareto_DC-B_SRVCHP_SRORC_R600_R227ea.csv,0.26874788672105027,33.81583778401702,0.23126119927656602,116.44285120467855,59.99997476603654,,,,,
DC-B,SRVCHP_SRORC,R600,R227ea,pareto_DC-B_SRVCHP_SRORC_R600_R227ea.csv,0.2725677942342867,33.804704647302536,0.22809248946117208,116.44285120467855,59.980409355757516,,,,,
DC-B,SRVCHP_SRORC,R245fa,R227ea,pareto_DC-B_SRVCHP_SRORC_R245fa_R227ea.csv,0.27606984000524853,33.81187580133272,0.21815330238395506,116.66603877434027,59.99907533319297,,,,,
DC-B,SRVCHP_SRORC,R1233zd(E),R227ea,pareto_DC-B_SRVCHP_SRORC_R1233zd(E)_R227ea.csv,0.27932901499614027,33.80239906531475,0.24292769151499546,117.30986995944481,59.999929710400856,,,,,
DC-B,SRVCHP_SRORC,R600,R227ea,pareto_DC-B_SRVCHP_SRORC_R600_R227ea.csv,0.2850398835527196,33.81339322113992,0.053855519932700095,116.59937260771018,59.99993064201442,,,,,
DC-B,SRVCHP_SRORC,R1233zd(E),R227ea,pareto_DC-B_SRVCHP_SRORC_R1233zd(E)_R227ea.csv,0.29132565500624313,33.77555235892987,0.2543524917201343,118.94446430134056,59.997308855826105,,,,,
DC-B,SRVCHP_SRORC,R600,R227ea,pareto_DC-B_SRVCHP_SRORC_R600_R227ea.csv,0.29877572154232585,33.790777020554685,0.23935567927483753,118.06197505675712,59.99999003060931,,,,,
DC-B,SRVCHP_SRORC,R1233zd(E),R227ea,pareto_DC-B_SRVCHP_SRORC_R1233zd(E)_R227ea.csv,0.30210974227190235,33.78879519642783,0.2385237437404551,118.18580701395231,59.99988303236828,,,,,
DC-B,SRVCHP_SRORC,R1233zd(E),R227ea,pareto_DC-B_SRVCHP_SRORC_R1233zd(E)_R227ea.csv,0.3079316587394514,33.786761840328474,0.04835375621974683,118.31955171971333,59.99995681638435,,,,,
DC-B,SRVCHP_SRORC,R1233zd(E),R227ea,pareto_DC-B_SRVCHP_SRORC_R1233zd(E)_R227ea.csv,0.32154373631882494,33.76857987251437,0.23127049831411772,119.48783442073449,59.999903900004554,,,,,
DC-B,SRVCHP_SRORC,R245fa,R227ea,pareto_DC-B_SRVCHP_SRORC_R245fa_R227ea.csv,0.3240692593795556,31.2039417228231,0.2957184580116408,119.95611554491532,55.4969649134277,,,,,
DC-B,SRVCHP_SRORC,R600,R227ea,pareto_DC-B_SRVCHP_SRORC_R600_R227ea.csv,0.32680262009066596,32.62065862150592,0.2838840617166609,119.99615695749566,57.99314535007601,,,,,
DC-B,SRVCHP_SRORC,R1233zd(E),R227ea,pareto_DC-B_SRVCHP_SRORC_R1233zd(E)_R227ea.csv,0.3298415091487817,33.2622543137618,0.22973275319266195,119.41186371818358,59.10686515411345,,,,,
DC-B,SRVCHP_SRORC,R600,R227ea,pareto_DC-B_SRVCHP_SRORC_R600_R227ea.csv,0.33379715480868466,33.348869838144736,0.12904373045598505,119.93905205385806,59.273570831342795,,,,,
DC-B,SRVCHP_SRORC,R600,R227ea,pareto_DC-B_SRVCHP_SRORC_R600_R227ea.csv,0.3364122218159493,33.10917820338687,0.06657432164621482,119.97067126330336,58.85251044008169,,,,,
DC-B,SRVCHP_SRORC,R600,R227ea,pareto_DC-B_SRVCHP_SRORC_R600_R227ea.csv,0.3399635406738522,32.83347148789494,0.2261973769572128,119.9830025563587,58.367477170783516,,,,,
DC-B,SRVCHP_SRORC,R600,R227ea,pareto_DC-B_SRVCHP_SRORC_R600_R227ea.csv,0.3424082308233607,32.66918576744284,0.09458797252800229,119.98418713096396,58.07826763904877,,,,,
DC-B,SRVCHP_SRORC,R600,R227ea,pareto_DC-B_SRVCHP_SRORC_R600_R227ea.csv,0.34424828754916986,32.45992871555308,0.16178713779806858,119.97204048228147,57.7095002889922,,,,,
DC-B,SRVCHP_SRORC,R600,R227ea,pareto_DC-B_SRVCHP_SRORC_R600_R227ea.csv,0.348843605607723,30.844266453626297,0.29659054292395937,119.81553253017128,54.85970841326049,,,,,
DC-B,SRVCHP_SRORC,R1233zd(E),R227ea,pareto_DC-B_SRVCHP_SRORC_R1233zd(E)_R227ea.csv,0.3513873017280594,30.939184826253285,0.29551240523073047,119.81285361260309,55.0268744787729,,,,,
DC-B,SRVCHP_SRORC,R1233zd(E),R227ea,pareto_DC-B_SRVCHP_SRORC_R1233zd(E)_R227ea.csv,0.3554157745275226,26.381442628735197,0.3156088002088983,118.24830692341061,46.954003648618176,,,,,
DC-B,SRVCHP_SRORC,R600,R227ea,pareto_DC-B_SRVCHP_SRORC_R600_R227ea.csv,0.35742622372561056,31.346710628874636,0.060135047906833876,119.96691178980603,55.74875459489296,,,,,
DC-B,SRVCHP_SRORC,R245fa,R227ea,pareto_DC-B_SRVCHP_SRORC_R245fa_R227ea.csv,0.3577631085142192,28.09565811527046,0.30740604275460476,119.57941928399103,50.008339928033294,,,,,
DC-B,SRVCHP_SRORC,R600,R227ea,pareto_DC-B_SRVCHP_SRORC_R600_R227ea.csv,0.35985023719804654,31.13928172946363,0.07199663705446359,119.96691178980603,55.38332511280383,,,,,
DC-B,SRVCHP_SRORC,R600,R227ea,pareto_DC-B_SRVCHP_SRORC_R600_R227ea.csv,0.36052151993625475,28.908085602510173,0.2956124289367645,119.20169804071432,51.43219603030233,,,,,
DC-B,SRVCHP_SRORC,R1233zd(E),R227ea,pareto_DC-B_SRVCHP_SRORC_R1233zd(E)_R227ea.csv,0.36180870576639224,30.280884213893483,0.28625888905759195,119.69464180184596,53.86394895267466,,,,,
DC-B,SRVCHP_SRORC,R1233zd(E),R227ea,pareto_DC-B_SRVCHP_SRORC_R1233zd(E)_R227ea.csv,0.36325423508517174,28.180637873522585,0.30326669211211493,119.28655622911606,50.15142885307148,,,,,
DC-B,SRVCHP_SRORC,R1233zd(E),R227ea,pareto_DC-B_SRVCHP_SRORC_R1233zd(E)_R227ea.csv,0.36480492844473555,15.514549605060303,0.3220748989425861,111.94330740539986,27.63564798719706,,,,,
DC-B,SRVCHP_SRORC,R245fa,R227ea,pareto_DC-B_SRVCHP_SRORC_R245fa_R227ea.csv,0.3667902046051968,19.162440263326108,0.3120495169634444,113.61945739124616,34.11543010115976,,,,,
DC-B,SRVCHP_SRORC,R600,R227ea,pareto_DC-B_SRVCHP_SRORC_R600_R227ea.csv,0.36727392785744206,29.85824092198928,0.2734827847159441,119.94346413811202,53.12517478951679,,,,,
DC-B,SRVCHP_SRORC,R600,R227ea,pareto_DC-B_SRVCHP_SRORC_R600_R227ea.csv,0.36998339996431495,20.36510391085857,0.30980477249198574,114.20559379987948,36.25119141327163,,,,,
DC-B,SRVCHP_SRORC,R600,R227ea,pareto_DC-B_SRVCHP_SRORC_R600_R227ea.csv,0.3725063926427325,28.189004355024423,0.10367621673851388,119.35378809969059,50.16774936640986,,,,,
DC-B,SRVCHP_SRORC,R1233zd(E),R227ea,pareto_DC-B_SRVCHP_SRORC_R1233zd(E)_R227ea.csv,0.3749056806916805,25.599951350163487,0.2979341633463719,118.34603868529472,45.57681812224,,,,,
DC-B,SRVCHP_SRORC,R600,R227ea,pareto_DC-B_SRVCHP_SRORC_R600_R227ea.csv,0.3761553289967548,17.858435348643976,0.30367227656562806,112.78421389357062,31.796192668736747,,,,,
DC-B,SRVCHP_SRORC,R245fa,R227ea,pareto_DC-B_SRVCHP_SRORC_R245fa_R227ea.csv,0.37863020602245534,23.558343721144237,0.27535874918630854,116.65732380420276,41.937514658182906,,,,,
DC-B,SRVCHP_SRORC,R600,R227ea,pareto_DC-B_SRVCHP_SRORC_R600_R227ea.csv,0.38015175737721435,20.968308322760077,0.28514480329438946,114.76294929002493,37.326841973569344,,,,,
DC-B,SRVCHP_SRORC,R245fa,R227ea,pareto_DC-B_SRVCHP_SRORC_R245fa_R227ea.csv,0.38160760629990964,19.251516179514727,0.27661833195240165,113.55251782625149,34.27185583182459,,,,,
DC-B,SRVCHP_SRORC,R1233zd(E),R227ea,pareto_DC-B_SRVCHP_SRORC_R1233zd(E)_R227ea.csv,0.382274560849879,17.173572439724794,0.30015888088711945,111.62927032027315,30.56776457994847,,,,,
DC-B,SRVCHP_SRORC,R1233zd(E),R227ea,pareto_DC-B_SRVCHP_SRORC_R1233zd(E)_R227ea.csv,0.3845856765569304,18.294582957869753,0.28284416373651133,112.85229250372318,32.56868384383771,,,,,
DC-B,SRVCHP_SRORC,R600,R227ea,pareto_DC-B_SRVCHP_SRORC_R600_R227ea.csv,0.3852406844262905,17.052057215645405,0.26642347975840813,112.52400428390267,30.365595081320294,,,,,
DC-B,SRVCHP_SRORC,R1233zd(E),R1234ze(E),pareto_DC-B_SRVCHP_SRORC_R1233zd(E)_R1234ze(E).csv,0.3870314760747747,13.599464173615853,0.2809820772502173,113.75108775886117,24.262378702850892,,,,,
DC-B,SRVCHP_SRORC,R245fa,R227ea,pareto_DC-B_SRVCHP_SRORC_R245fa_R227ea.csv,0.3886834376847651,14.057988379163183,0.02007770740260229,109.73950105324319,25.02862597831737,,,,,
DC-B,SRVCHP_SRORC,R1233zd(E),R1234ze(E),pareto_DC-B_SRVCHP_SRORC_R1233zd(E)_R1234ze(E).csv,0.39144662910697314,13.061124401010781,0.1940185151841521,105.30887154299438,23.213954568011346,,,,,
DC-B,SRVCHP_SRORC,R1233zd(E),R227ea,pareto_DC-B_SRVCHP_SRORC_R1233zd(E)_R227ea.csv,0.39539780119414186,11.772656896101468,0.274286961129301,102.69694440646086,20.908344564645212,,,,,
DC-B,SRVCHP_SRORC,R1233zd(E),R227ea,pareto_DC-B_SRVCHP_SRORC_R1233zd(E)_R227ea.csv,0.39710587534905484,11.049716194414355,0.24806055760115814,100.95558746889786,19.613698765515426,,,,,
DC-B,SRVCHP_SRORC,R1233zd(E),R1234ze(E),pareto_DC-B_SRVCHP_SRORC_R1233zd(E)_R1234ze(E).csv,0.4011467582468808,10.070743728937037,0.0798930064602415,103.10592034954144,17.900822027018705,,,,,
DC-B,SRVCHP_SRORC,R1233zd(E),R1234ze(E),pareto_DC-B_SRVCHP_SRORC_R1233zd(E)_R1234ze(E).csv,0.4023594256886412,9.84440103402477,0.1403663952987566,102.7852036253145,17.49737630937902,,,,,
DC-C,SBVCHP_SBORC,R600,R227ea,pareto_DC-C_SBVCHP_SBORC_R600_R227ea.csv,0.010039291809648786,39.93067301489258,0.006311240898087156,91.09639938943113,69.99925325731273,,,,,
DC-C,SBVCHP_SBORC,R1233zd(E),R227ea,pareto_DC-C_SBVCHP_SBORC_R1233zd(E)_R227ea.csv,0.027896406625815922,39.925450497229626,0.012828711873756143,91.45070396368642,69.9996765619682,,,,,
DC-C,SBVCHP_SBORC,R1233zd(E),R227ea,pareto_DC-C_SBVCHP_SBORC_R1233zd(E)_R227ea.csv,0.047101565216958824,39.91545341561116,0.0306482191032785,92.10850471805735,69.9999935234759,,,,,
DC-C,SBVCHP_SBORC,R245fa,R227ea,pareto_DC-C_SBVCHP_SBORC_R245fa_R227ea.csv,0.06930893183433465,39.90440651947813,0.04301556618887218,92.7772516384102,69.99885056871966,,,,,
DC-C,SBVCHP_SBORC,R245fa,R227ea,pareto_DC-C_SBVCHP_SBORC_R245fa_R227ea.csv,0.09262895924079463,39.89845912549802,0.039997839492669746,93.18281448729205,69.99950398261197,,,,,
DC-C,SBVCHP_SBORC,R245fa,R227ea,pareto_DC-C_SBVCHP_SBORC_R245fa_R227ea.csv,0.11319773293122724,39.878327768525985,0.04777093815687185,93.77129750270501,69.98045829367338,,,,,
DC-C,SBVCHP_SBORC,R600,R227ea,pareto_DC-C_SBVCHP_SBORC_R600_R227ea.csv,0.13747684479863234,39.8739387321917,0.057097124551593756,94.70870397312315,69.998474447035,,,,,
DC-C,SBVCHP_SBORC,R245fa,R227ea,pareto_DC-C_SBVCHP_SBORC_R245fa_R227ea.csv,0.15818966828052997,39.859150982365875,0.07170087344264744,95.52442475226917,69.99515676354419,,,,,
DC-C,SBVCHP_SBORC,R245fa,R227ea,pareto_DC-C_SBVCHP_SBORC_R245fa_R227ea.csv,0.19576823261803872,39.83307030258654,0.08803087104834588,97.29515101797799,69.99883662654959,,,,,
DC-C,SBVCHP_SBORC,R600,R227ea,pareto_DC-C_SBVCHP_SBORC_R600_R227ea.csv,0.21864951948465294,39.81552481555236,0.0791823428244268,98.40239769017475,69.99924880488196,,,,,
DC-C,SBVCHP_SBORC,R245fa,R227ea,pareto_DC-C_SBVCHP_SBORC_R245fa_R227ea.csv,0.2422687556899662,39.762000635453354,0.15739124559252848,101.12127675184328,69.98289463015313,,,,,
DC-C,SBVCHP_SBORC,R600,R227ea,pareto_DC-C_SBVCHP_SBORC_R600_R227ea.csv,0.2589562045599412,39.7671972742265,0.1335896177653703,101.37497759779029,69.99922503793105,,,,,
DC-C,SBVCHP_SBORC,R1233zd(E),R227ea,pareto_DC-C_SBVCHP_SBORC_R1233zd(E)_R227ea.csv,0.28676143916338814,39.755172991532106,0.10383356047127447,102.12764194600513,69.99981845939237,,,,,
DC-C,SBVCHP_SBORC,R1233zd(E),R1234ze(E),pareto_DC-C_SBVCHP_SBORC_R1233zd(E)_R1234ze(E).csv,0.3014409692617185,39.62813607287322,0.13988064070338335,109.6976259223171,69.99995300504315,,,,,
DC-C,SBVCHP_SBORC,R1233zd(E),R227ea,pareto_DC-C_SBVCHP_SBORC_R1233zd(E)_R227ea.csv,0.3160292969847126,39.53108033327252,0.2081864160948298,110.1502049043764,69.84359018260866,,,,,
DC-C,SBVCHP_SBORC,R1233zd(E),R134a,pareto_DC-C_SBVCHP_SBORC_R1233zd(E)_R134a.csv,0.3333503814461134,39.543054154667665,0.06371878334393084,114.5293009347097,69.99717294913059,,,,,
DC-C,SBVCHP_SBORC,R1233zd(E),R227ea,pareto_DC-C_SBVCHP_SBORC_R1233zd(E)_R227ea.csv,0.3452194350009386,36.894663964369954,0.25588519600009496,115.26642526254754,65.37363863318284,,,,,
DC-C,SBVCHP_SBORC,R1233zd(E),R227ea,pareto_DC-C_SBVCHP_SBORC_R1233zd(E)_R227ea.csv,0.36085521254412634,32.4051887179132,0.2632033126830237,111.61585935407051,57.39481096008613,,,,,
DC-C,SBVCHP_SBORC,R1233zd(E),R227ea,pareto_DC-C_SBVCHP_SBORC_R1233zd(E)_R227ea.csv,0.3678500077976253,38.30377608561259,0.11936756083139699,108.61191344747708,67.64967734608967,,,,,
DC-C,SBVCHP_SBORC,R1233zd(E),R1234ze(E),pareto_DC-C_SBVCHP_SBORC_R1233zd(E)_R1234ze(E).csv,0.3773766883126625,32.34689268427104,0.2513148087007811,121.90748281393502,57.56164796310095,,,,,
DC-C,SBVCHP_SBORC,R1233zd(E),R227ea,pareto_DC-C_SBVCHP_SBORC_R1233zd(E)_R227ea.csv,0.3809665020049023,34.30179626164618,0.1368202605709302,109.53668606230475,60.666399437493325,,,,,
DC-C,SBVCHP_SBORC,R1233zd(E),R134a,pareto_DC-C_SBVCHP_SBORC_R1233zd(E)_R134a.csv,0.3855910954930617,31.106235726720758,0.18963340642459894,105.6248320895407,54.96705651889965,,,,,
DC-C,SBVCHP_SBORC,R1233zd(E),R1234ze(E),pareto_DC-C_SBVCHP_SBORC_R1233zd(E)_R1234ze(E).csv,0.394608890377069,33.348546938100405,0.18794345397097575,116.6276241717325,59.18364903118669,,,,,
DC-C,SBVCHP_SBORC,R600,R1234ze(E),pareto_DC-C_SBVCHP_SBORC_R600_R1234ze(E).csv,0.40451550288748706,20.93588265918677,0.27991264697720686,108.26385047676699,37.156619223242586,,,,,
DC-C,SBVCHP_SBORC,R1233zd(E),R227ea,pareto_DC-C_SBVCHP_SBORC_R1233zd(E)_R227ea.csv,0.41445733182121286,32.4051887179132,0.16362185239943894,111.61585935407051,57.39481096008613,,,,,
DC-C,SBVCHP_SBORC,R1233zd(E),R1234ze(E),pareto_DC-C_SBVCHP_SBORC_R1233zd(E)_R1234ze(E).csv,0.42028472980440834,20.47262059301523,0.28145149795294583,102.52432134213507,36.24383011329377,,,,,
DC-C,SBVCHP_SBORC,R1233zd(E),R227ea,pareto_DC-C_SBVCHP_SBORC_R1233zd(E)_R227ea.csv,0.4258185801448785,30.72523814356512,0.1265245288829375,108.61191344747708,54.371909577359446,,,,,
DC-C,SBVCHP_SBORC,R600,R1234ze(E),pareto_DC-C_SBVCHP_SBORC_R600_R1234ze(E).csv,0.43106897585993237,22.332818443558597,0.24060261453577547,107.68527251842013,39.606622303883604,,,,,
DC-C,SBVCHP_SBORC,R1233zd(E),R1234ze(E),pareto_DC-C_SBVCHP_SBORC_R1233zd(E)_R1234ze(E).csv,0.4373161159920044,24.475081202298597,0.23208166830735863,109.76702011034205,43.41705469859189,,,,,
DC-C,SBVCHP_SBORC,R1233zd(E),R227ea,pareto_DC-C_SBVCHP_SBORC_R1233zd(E)_R227ea.csv,0.4445691458952356,28.155066889460937,0.13183820045538808,101.4710597944572,49.70194973461716,,,,,
DC-C,SBVCHP_SBORC,R245fa,R227ea,pareto_DC-C_SBVCHP_SBORC_R245fa_R227ea.csv,0.4487951446306544,24.17499470446667,0.15984260353328714,94.90031144120596,42.601763478358514,,,,,
DC-C,SBVCHP_SBORC,R245fa,R227ea,pareto_DC-C_SBVCHP_SBORC_R245fa_R227ea.csv,0.456085778682394,22.502067490118073,0.19693809400027443,94.44695612919101,39.66573098942215,,,,,
DC-C,SBVCHP_SBORC,R1233zd(E),R1234ze(E),pareto_DC-C_SBVCHP_SBORC_R1233zd(E)_R1234ze(E).csv,0.46122654416093894,11.292180571126023,0.31060337943815225,102.52432134213507,20.057039137913872,,,,,
DC-C,SBVCHP_SBORC,R1233zd(E),R1234ze(E),pareto_DC-C_SBVCHP_SBORC_R1233zd(E)_R1234ze(E).csv,0.4645311488989396,21.65686804171152,0.20226888958025482,92.5600769346684,38.15390234249499,,,,,
DC-C,SBVCHP_SBORC,R600,R134a,pareto_DC-C_SBVCHP_SBORC_R600_R134a.csv,0.4673117887967215,13.752525592374452,0.2726067764315387,85.1868489362651,24.211250162869195,,,,,
DC-C,SBVCHP_SBORC,R1233zd(E),R1234ze(E),pareto_DC-C_SBVCHP_SBORC_R1233zd(E)_R1234ze(E).csv,0.4709850683837704,19.946232048958937,0.23825343273221788,92.26959286140297,35.154442709366606,,,,,
DC-C,SBVCHP_SBORC,R1233zd(E),R227ea,pareto_DC-C_SBVCHP_SBORC_R1233zd(E)_R227ea.csv,0.4802945852650895,22.033824224478604,0.1257476569700377,90.61809377223481,38.780505562706615,,,,,
DC-C,SBVCHP_SBORC,R1233zd(E),R134a,pareto_DC-C_SBVCHP_SBORC_R1233zd(E)_R134a.csv,0.4892731895049687,18.26962995179512,0.2111991126554743,91.45694735494111,32.20519909172068,,,,,
DC-C,SBVCHP_SBORC,R1233zd(E),R134a,pareto_DC-C_SBVCHP_SBORC_R1233zd(E)_R134a.csv,0.49667643650890225,17.30241708547963,0.2066566172262654,90.97918242932548,30.503391589133944,,,,,
DC-C,SBVCHP_SBORC,R245fa,R134a,pareto_DC-C_SBVCHP_SBORC_R245fa_R134a.csv,0.5038555137601597,13.654843398624834,0.22612537392527166,88.07432898926359,24.071209033107188,,,,,
DC-C,SBVCHP_SBORC,R1233zd(E),R227ea,pareto_DC-C_SBVCHP_SBORC_R1233zd(E)_R227ea.csv,0.5116297757464064,13.609640838450527,0.23845887735260157,93.81146785355347,24.05468465699738,,,,,
DC-C,SBVCHP_SBORC,R1233zd(E),R134a,pareto_DC-C_SBVCHP_SBORC_R1233zd(E)_R134a.csv,0.5171012614591644,20.192023232314135,0.08235962541630068,91.44506331389533,35.57186524693499,,,,,
DC-C,SBVCHP_SBORC,R1233zd(E),R1234ze(E),pareto_DC-C_SBVCHP_SBORC_R1233zd(E)_R1234ze(E).csv,0.5256960462175836,12.305829432850215,0.24814428472238423,75.6926208757532,21.585111243686576,,,,,
DC-C,SBVCHP_SBORC,R1233zd(E),R1234ze(E),pareto_DC-C_SBVCHP_SBORC_R1233zd(E)_R1234ze(E).csv,0.5394845021806502,16.401699978849532,0.19467348628403433,93.28096652769064,28.954276641537714,,,,,
DC-C,SBVCHP_SBORC,R1233zd(E),R1234ze(E),pareto_DC-C_SBVCHP_SBORC_R1233zd(E)_R1234ze(E).csv,0.55623034769292,16.931639990956,0.16033328758936286,91.5560300921041,29.86114684707122,,,,,
DC-C,SBVCHP_SBORC,R600,R1234ze(E),pareto_DC-C_SBVCHP_SBORC_R600_R1234ze(E).csv,0.5630617049660466,13.016055627205109,0.19394619090205623,73.10550705852096,22.800713211291807,,,,,
DC-C,SBVCHP_SBORC,R1233zd(E),R227ea,pareto_DC-C_SBVCHP_SBORC_R1233zd(E)_R227ea.csv,0.5747834290491164,16.883572668360163,0.0654591078277897,68.79426379977858,29.490113419436035,,,,,
DC-C,SBVCHP_SBORC,R600,R1234ze(E),pareto_DC-C_SBVCHP_SBORC_R600_R1234ze(E).csv,0.5811056412994021,15.257341348852854,0.08528823994130115,72.18416123124906,26.698399944448003,,,,,
DC-C,SBVCHP_SBORC,R245fa,R227ea,pareto_DC-C_SBVCHP_SBORC_R245fa_R227ea.csv,0.5853016001796149,12.997097066632948,0.16215432085407727,70.6422575663907,22.744334130042777,,,,,
DC-C,SBVCHP_SBORC,R600,R134a,pareto_DC-C_SBVCHP_SBORC_R600_R134a.csv,0.5890063621498163,14.818610318044199,0.12490559714768346,76.9682204029262,25.9859361610564,,,,,
DC-C,SBVCHP_SBORC,R245fa,R227ea,pareto_DC-C_SBVCHP_SBORC_R245fa_R227ea.csv,0.5989438715026241,14.645995077331035,0.11700294193479092,71.89424981087106,25.630230780942885,,,,,
DC-C,SBVCHP_SBORC,R245fa,R227ea,pareto_DC-C_SBVCHP_SBORC_R245fa_R227ea.csv,0.6056971879655438,15.351284894742587,0.0811950527467924,68.95959116338439,26.826958687753834,,,,,
DC-C,SBVCHP_SBORC,R1233zd(E),R1234ze(E),pareto_DC-C_SBVCHP_SBORC_R1233zd(E)_R1234ze(E).csv,0.6158595333674735,13.250930636153107,0.15379056894038212,75.5867880303803,23.23473577306587,,,,,
DC-C,SBVCHP_SBORC,R245fa,R1234ze(E),pareto_DC-C_SBVCHP_SBORC_R245fa_R1234ze(E).csv,0.629596055506127,13.277660582038333,0.11168093340756122,70.42360379587288,23.231222098839265,,,,,
DC-C,SBVCHP_SBORC,R245fa,R1234ze(E),pareto_DC-C_SBVCHP_SBORC_R245fa_R1234ze(E).csv,0.6402206293238634,12.113202430801056,0.14608972401723574,73.32886988456391,21.22722931056235,,,,,
DC-C,SBVCHP_SBORC,R245fa,R227ea,pareto_DC-C_SBVCHP_SBORC_R245fa_R227ea.csv,0.6484195986732456,12.530202449472938,0.09577286573467474,74.93166615912709,21.96994673253573,,,,,
DC-C,SBVCHP_SBORC,R1233zd(E),R227ea,pareto_DC-C_SBVCHP_SBORC_R1233zd(E)_R227ea.csv,0.6661516233003002,13.97723969096815,0.07217909787157448,67.70385900710716,24.423142051223895,,,,,
DC-C,SBVCHP_SBORC,R1233zd(E),R134a,pareto_DC-C_SBVCHP_SBORC_R1233zd(E)_R134a.csv,0.6870627211985091,11.537918140212993,0.1064038933993851,69.4951254276568,20.190426404044487,,,,,
DC-C,SBVCHP_SBORC,R245fa,R227ea,pareto_DC-C_SBVCHP_SBORC_R245fa_R227ea.csv,0.7086219076940774,11.451484163199886,0.09503031731376127,68.95959116338439,20.035287129141476,,,,,
DC-C,SBVCHP_SBORC,R1233zd(E),R227ea,pareto_DC-C_SBVCHP_SBORC_R1233zd(E)_R227ea.csv,0.749521408957341,11.503177937147676,0.0720255819109788,65.23877691439104,20.094957708683204,,,,,
DC-C,SBVCHP_SRORC,R600,R227ea,pareto_DC-C_SBVCHP_SRORC_R600_R227ea.csv,0.23991057295030138,39.67887832057926,0.17576766726326973,106.71025460153193,69.9999542898911,,,,,
DC-C,SBVCHP_SRORC,R245fa,R227ea,pareto_DC-C_SBVCHP_SRORC_R245fa_R227ea.csv,0.2777053309497873,39.60037777676243,0.20445163780459777,111.07373464010088,69.99268575941996,,,,,
DC-C,SBVCHP_SRORC,R600,R227ea,pareto_DC-C_SBVCHP_SRORC_R600_R227ea.csv,0.29818245942830357,39.493193369656,0.22933832336477342,115.50746722269606,69.9397092093154,,,,,
DC-C,SBVCHP_SRORC,R1233zd(E),R227ea,pareto_DC-C_SBVCHP_SRORC_R1233zd(E)_R227ea.csv,0.3045123177938208,39.626838928656994,0.15633201743224673,109.76487322006764,69.99969604450624,,,,,
DC-C,SBVCHP_SRORC,R1233zd(E),R1234ze(E),pareto_DC-C_SBVCHP_SRORC_R1233zd(E)_R1234ze(E).csv,0.32226878598932296,39.38612512557078,0.2513307203891976,123.02822417207008,69.98566081531195,,,,,
DC-C,SBVCHP_SRORC,R1233zd(E),R227ea,pareto_DC-C_SBVCHP_SRORC_R1233zd(E)_R227ea.csv,0.3341553655071768,39.39697524655941,0.24932240183520915,116.04736322618335,69.7875052084391,,,,,
DC-C,SBVCHP_SRORC,R1233zd(E),R1234ze(E),pareto_DC-C_SBVCHP_SRORC_R1233zd(E)_R1234ze(E).csv,0.35620711007585687,39.38612512557078,0.23010193537424206,123.02822417207008,69.98566081531195,,,,,
DC-C,SBVCHP_SRORC,R1233zd(E),R227ea,pareto_DC-C_SBVCHP_SRORC_R1233zd(E)_R227ea.csv,0.3624712900062534,38.80170525156594,0.2648788438669845,120.23322592257162,68.87120294574771,,,,,
DC-C,SBVCHP_SRORC,R1233zd(E),R227ea,pareto_DC-C_SBVCHP_SRORC_R1233zd(E)_R227ea.csv,0.38131062237675395,33.29395272827121,0.2878651080830716,119.15235782358985,59.15563687492674,,,,,
DC-C,SBVCHP_SRORC,R1233zd(E),R1234ze(E),pareto_DC-C_SBVCHP_SRORC_R1233zd(E)_R1234ze(E).csv,0.38626604681950877,25.16104444911952,0.2933845543956903,117.7910830930515,44.79030810978507,,,,,
DC-C,SBVCHP_SRORC,R245fa,R227ea,pareto_DC-C_SBVCHP_SRORC_R245fa_R227ea.csv,0.3958182994634139,23.061946742577646,0.28981698958480284,109.05356105645853,40.91570146652117,,,,,
DC-C,SBVCHP_SRORC,R1233zd(E),R227ea,pareto_DC-C_SBVCHP_SRORC_R1233zd(E)_R227ea.csv,0.4034007012524552,33.56434790109799,0.23772794882471365,114.69849838512746,59.51103999387551,,,,,
DC-C,SBVCHP_SRORC,R245fa,R227ea,pareto_DC-C_SBVCHP_SRORC_R245fa_R227ea.csv,0.40547539786314507,16.52071386765487,0.2996771358950514,108.74077439109483,29.372759224241083,,,,,
DC-C,SBVCHP_SRORC,R1233zd(E),R227ea,pareto_DC-C_SBVCHP_SRORC_R1233zd(E)_R227ea.csv,0.41168168480454176,34.82884366281485,0.21482633243906898,116.87550500271445,61.79196972717361,,,,,
DC-C,SBVCHP_SRORC,R600,R1234ze(E),pareto_DC-C_SBVCHP_SRORC_R600_R1234ze(E).csv,0.4173896566148565,21.996937838831133,0.26198008683959556,112.20235126704327,39.09728595218991,,,,,
DC-C,SBVCHP_SRORC,R1233zd(E),R227ea,pareto_DC-C_SBVCHP_SRORC_R1233zd(E)_R227ea.csv,0.4217943320991857,31.835194081333768,0.23578399214469978,113.56346656150443,56.443970408519306,,,,,
DC-C,SBVCHP_SRORC,R1233zd(E),R227ea,pareto_DC-C_SBVCHP_SRORC_R1233zd(E)_R227ea.csv,0.4294411015911892,31.070571797139195,0.20513230684052602,114.50465228208297,55.1241335726746,,,,,
DC-C,SBVCHP_SRORC,R600,R1234ze(E),pareto_DC-C_SBVCHP_SRORC_R600_R1234ze(E).csv,0.43235733345932625,15.766279369693539,0.3036837228532679,101.15504107381756,27.93974600939982,,,,,
DC-C,SBVCHP_SRORC,R1233zd(E),R1234ze(E),pareto_DC-C_SBVCHP_SRORC_R1233zd(E)_R1234ze(E).csv,0.43884031173766974,27.382001498265602,0.18557340853278764,115.71103608371837,48.661851316971116,,,,,
DC-C,SBVCHP_SRORC,R1233zd(E),R227ea,pareto_DC-C_SBVCHP_SRORC_R1233zd(E)_R227ea.csv,0.44195285000298173,26.600572305880533,0.2587813160272072,114.30965940458024,47.25427113785081,,,,,
DC-C,SBVCHP_SRORC,R1233zd(E),R227ea,pareto_DC-C_SBVCHP_SRORC_R1233zd(E)_R227ea.csv,0.4458651193891498,17.867631920323785,0.2933277634082536,92.97900257672082,31.522258360148225,,,,,
DC-C,SBVCHP_SRORC,R245fa,R1234ze(E),pareto_DC-C_SBVCHP_SRORC_R245fa_R1234ze(E).csv,0.4517760835567903,19.724041795931758,0.2664191548404427,105.6975982924461,34.978669117219454,,,,,
DC-C,SBVCHP_SRORC,R1233zd(E),R227ea,pareto_DC-C_SBVCHP_SRORC_R1233zd(E)_R227ea.csv,0.4588063913274895,24.138989307197267,0.1864419266947033,93.95539365460995,42.521134270751226,,,,,
DC-C,SBVCHP_SRORC,R1233zd(E),R1234ze(E),pareto_DC-C_SBVCHP_SRORC_R1233zd(E)_R1234ze(E).csv,0.46308847598200387,13.045032109942275,0.3188332680470187,99.90582679929138,23.12677223979515,,,,,
DC-C,SBVCHP_SRORC,R245fa,R227ea,pareto_DC-C_SBVCHP_SRORC_R245fa_R227ea.csv,0.46592715359669046,11.313951498225931,0.318080862159269,97.73501417763116,20.05041806560759,,,,,
DC-C,SBVCHP_SRORC,R1233zd(E),R227ea,pareto_DC-C_SBVCHP_SRORC_R1233zd(E)_R227ea.csv,0.47118490121957185,11.285283341386041,0.3248677719949258,99.48289516817027,20.0162042046197,,,,,
DC-C,SBVCHP_SRORC,R1233zd(E),R1234ze(E),pareto_DC-C_SBVCHP_SRORC_R1233zd(E)_R1234ze(E).csv,0.4717342465345514,23.930931992579467,0.09843534301445758,100.2099239472916,42.27452143436665,,,,,
DC-C,SBVCHP_SRORC,R1233zd(E),R227ea,pareto_DC-C_SBVCHP_SRORC_R1233zd(E)_R227ea.csv,0.47735213567536017,14.761419905901342,0.3099541800584454,97.28939175231248,26.12153989723773,,,,,
DC-C,SBVCHP_SRORC,R1233zd(E),R227ea,pareto_DC-C_SBVCHP_SRORC_R1233zd(E)_R227ea.csv,0.4820047128299019,24.64856843192546,0.030314160179944878,95.80402473809852,43.44749609673074,,,,,
DC-C,SBVCHP_SRORC,R245fa,R1234ze(E),pareto_DC-C_SBVCHP_SRORC_R245fa_R1234ze(E).csv,0.48896000038275234,17.094333891013946,0.2520626680771144,91.6666677917213,30.14794092520996,,,,,
DC-C,SBVCHP_SRORC,R600,R227ea,pareto_DC-C_SBVCHP_SRORC_R600_R227ea.csv,0.49417168392981237,17.39176897267739,0.2495096621817859,98.59221520155171,30.766221032360892,,,,,
DC-C,SBVCHP_SRORC,R1233zd(E),R1234ze(E),pareto_DC-C_SBVCHP_SRORC_R1233zd(E)_R1234ze(E).csv,0.4987936155359128,16.42513301490133,0.2373663572769937,88.55665872588727,28.933840733780443,,,,,
DC-C,SBVCHP_SRORC,R1233zd(E),R1234ze(E),pareto_DC-C_SBVCHP_SRORC_R1233zd(E)_R1234ze(E).csv,0.5019503085542135,16.42789686986473,0.23675312674294316,88.18090274562539,28.933840733780443,,,,,
DC-C,SBVCHP_SRORC,R1233zd(E),R227ea,pareto_DC-C_SBVCHP_SRORC_R1233zd(E)_R227ea.csv,0.5104885130112978,22.707348412143414,0.06778635827018137,95.82781078989342,40.049609866072586,,,,,
DC-C,SBVCHP_SRORC,R1233zd(E),R1234ze(E),pareto_DC-C_SBVCHP_SRORC_R1233zd(E)_R1234ze(E).csv,0.5136598045761073,17.959865855773177,0.21848096585002455,101.79139735630746,31.81184931169137,,,,,
DC-C,SBVCHP_SRORC,R600,R1234ze(E),pareto_DC-C_SBVCHP_SRORC_R600_R1234ze(E).csv,0.5189678026290268,13.661642166085112,0.2569871579937782,84.96995406922034,24.049672055599302,,,,,
DC-C,SBVCHP_SRORC,R245fa,R1234ze(E),pareto_DC-C_SBVCHP_SRORC_R245fa_R1234ze(E).csv,0.5239050456061953,13.328823077751013,0.2709073817261028,91.8977746135685,23.540035274477802,,,,,
DC-C,SBVCHP_SRORC,R1233zd(E),R227ea,pareto_DC-C_SBVCHP_SRORC_R1233zd(E)_R227ea.csv,0.5260766772334695,21.43017062567882,0.06990654221737116,95.95178757134812,37.81417688504377,,,,,
DC-C,SBVCHP_SRORC,R1233zd(E),R227ea,pareto_DC-C_SBVCHP_SRORC_R1233zd(E)_R227ea.csv,0.5321962656143094,19.212225520648676,0.19528519805138778,96.29495929671687,33.93012114062245,,,,,
DC-C,SBVCHP_SRORC,R600,R1234ze(E),pareto_DC-C_SBVCHP_SRORC_R600_R1234ze(E).csv,0.5388203035834935,13.05837770188432,0.2544371101761462,87.1400497761181,23.014823697355173,,,,,
DC-C,SBVCHP_SRORC,R245fa,R1234ze(E),pareto_DC-C_SBVCHP_SRORC_R245fa_R1234ze(E).csv,0.5468288707552879,14.109612513548877,0.22923824709115243,90.98986328684337,24.901803347949514,,,,,
DC-C,SBVCHP_SRORC,R1233zd(E),R1234ze(E),pareto_DC-C_SBVCHP_SRORC_R1233zd(E)_R1234ze(E).csv,0.5509981392258302,17.330801521468427,0.16333268129928935,97.1746409192218,30.639074812126353,,,,,
DC-C,SBVCHP_SRORC,R1233zd(E),R1234ze(E),pareto_DC-C_SBVCHP_SRORC_R1233zd(E)_R1234ze(E).csv,0.5574953550631563,18.15198618892569,0.14964944564745472,90.11865578520475,31.979953895837053,,,,,
DC-C,SBVCHP_SRORC,R1233zd(E),R1234ze(E),pareto_DC-C_SBVCHP_SRORC_R1233zd(E)_R1234ze(E).csv,0.5627400173680505,15.836134099026523,0.17859063142055648,95.84934363113274,27.9941269758134,,,,,
DC-C,SBVCHP_SRORC,R1233zd(E),R1234ze(E),pareto_DC-C_SBVCHP_SRORC_R1233zd(E)_R1234ze(E).csv,0.5709287794405392,17.743201733346048,0.0914215495261086,89.75823107037739,31.25889824724579,,,,,
DC-C,SBVCHP_SRORC,R1233zd(E),R1234ze(E),pareto_DC-C_SBVCHP_SRORC_R1233zd(E)_R1234ze(E).csv,0.5769826412199708,14.028579369502324,0.20918314901423896,86.81167020401028,24.71283708540109,,,,,
DC-C,SBVCHP_SRORC,R1233zd(E),R1234ze(E),pareto_DC-C_SBVCHP_SRORC_R1233zd(E)_R1234ze(E).csv,0.5928580065809571,11.772628717314344,0.2241267630561457,86.39148956259595,20.75112060452286,,,,,
DC-C,SBVCHP_SRORC,R1233zd(E),R227ea,pareto_DC-C_SBVCHP_SRORC_R1233zd(E)_R227ea.csv,0.6020089268973812,16.090557289750336,0.0010009549409667213,76.87879545399667,28.20431370171962,,,,,
DC-C,SBVCHP_SRORC,R1233zd(E),R227ea,pareto_DC-C_SBVCHP_SRORC_R1233zd(E)_R227ea.csv,0.618746356370775,12.627284386766663,0.16925168500672277,90.79638222988066,22.29540004695726,,,,,
DC-C,SBVCHP_SRORC,R1233zd(E),R1234ze(E),pareto_DC-C_SBVCHP_SRORC_R1233zd(E)_R1234ze(E).csv,0.6220111745646186,13.577430142047348,0.15312386385105026,85.49993389426501,23.907758527537702,,,,,
DC-C,SBVCHP_SRORC,R245fa,R1234ze(E),pareto_DC-C_SBVCHP_SRORC_R245fa_R1234ze(E).csv,0.630694572607889,11.840452657632396,0.13863309668965945,83.04202821550648,20.838845878304554,,,,,
DC-C,SBVCHP_SRORC,R1233zd(E),R227ea,pareto_DC-C_SBVCHP_SRORC_R1233zd(E)_R227ea.csv,0.6341770502089906,14.893009984305003,0.10983759132184746,77.48632533889358,26.12153989723773,,,,,
DC-C,SBVCHP_SRORC,R1233zd(E),R227ea,pareto_DC-C_SBVCHP_SRORC_R1233zd(E)_R227ea.csv,0.6485908380725093,13.525988494262469,0.1337018225265434,77.09069244246065,23.730150782537887,,,,,
DC-C,SBVCHP_SRORC,R1233zd(E),R1234ze(E),pareto_DC-C_SBVCHP_SRORC_R1233zd(E)_R1234ze(E).csv,0.6518958599127043,11.564895754267003,0.13788433893869734,86.41489511689058,20.386678225642502,,,,,
DC-C,SBVCHP_SRORC,R1233zd(E),R227ea,pareto_DC-C_SBVCHP_SRORC_R1233zd(E)_R227ea.csv,0.6653397489757801,12.74916065432879,0.02092060667455864,68.81212802263903,22.29540004695726,,,,,
DC-C,SBVCHP_SRORC,R1233zd(E),R227ea,pareto_DC-C_SBVCHP_SRORC_R1233zd(E)_R227ea.csv,0.6706524130220614,12.629935007589989,0.11785046531392945,70.51298055344375,22.103139758762822,,,,,
DC-C,SBVCHP_SRORC,R1233zd(E),R227ea,pareto_DC-C_SBVCHP_SRORC_R1233zd(E)_R227ea.csv,0.6813190659194486,12.38990695495159,0.10983732256794766,69.3569430254435,21.67435990767625,,,,,
DC-C,SBVCHP_SRORC,R245fa,R227ea,pareto_DC-C_SBVCHP_SRORC_R245fa_R227ea.csv,0.7000619442413125,11.54067300900598,0.11051157089048351,70.19096156662505,20.201053985092347,,,,,
DC-C,SBVCHP_SRORC,R1233zd(E),R227ea,pareto_DC-C_SBVCHP_SRORC_R1233zd(E)_R227ea.csv,0.7147437951512269,11.416249763654077,0.04803855149481748,72.74051777614423,20.005413051188206,,,,,
DC-C,SBVCHP_SRORC,R1233zd(E),R227ea,pareto_DC-C_SBVCHP_SRORC_R1233zd(E)_R227ea.csv,0.7533619807099244,11.556907363917114,0.043815847104151776,69.56987682771917,20.224160508426788,,,,,
DC-C,SRVCHP_SBORC,R600,R227ea,pareto_DC-C_SRVCHP_SBORC_R600_R227ea.csv,0.010049109537167892,39.93324160600039,0.0028297308194705673,90.93772999266639,69.99947053890028,,,,,
DC-C,SRVCHP_SBORC,R245fa,R227ea,pareto_DC-C_SRVCHP_SBORC_R245fa_R227ea.csv,0.027599251397702786,39.92876261001237,0.006326735501572468,91.24506308062267,69.99991757780694,,,,,
DC-C,SRVCHP_SBORC,R600,R227ea,pareto_DC-C_SRVCHP_SBORC_R600_R227ea.csv,0.06238370279298364,39.9182988622914,0.017525459878042715,91.9032787122641,69.99941048776665,,,,,
DC-C,SRVCHP_SBORC,R600,R227ea,pareto_DC-C_SRVCHP_SBORC_R600_R227ea.csv,0.09932859530795739,39.897231993849424,0.05895428758480096,93.20025135414238,69.99784008714722,,,,,
DC-C,SRVCHP_SBORC,R245fa,R227ea,pareto_DC-C_SRVCHP_SBORC_R245fa_R227ea.csv,0.1204020913711113,39.88844542849104,0.07253259924842269,93.8407322698167,69.99998583911554,,,,,
DC-C,SRVCHP_SBORC,R245fa,R227ea,pareto_DC-C_SRVCHP_SBORC_R245fa_R227ea.csv,0.15023120697537584,39.87595021205754,0.08254296545917657,94.58813182265861,69.99867042179957,,,,,
DC-C,SRVCHP_SBORC,R600,R227ea,pareto_DC-C_SRVCHP_SBORC_R600_R227ea.csv,0.18825891746331735,39.87198752872077,0.055128732676600775,94.87685814881557,69.99969400315597,,,,,
DC-C,SRVCHP_SBORC,R600,R227ea,pareto_DC-C_SRVCHP_SBORC_R600_R227ea.csv,0.21375248954082535,39.83664327619277,0.1302171854879468,97.09235871333553,69.99941048776665,,,,,
DC-C,SRVCHP_SBORC,R245fa,R227ea,pareto_DC-C_SRVCHP_SBORC_R245fa_R227ea.csv,0.24164161516132754,39.848086765466604,0.0620665614497384,96.34833298252282,69.99867042179957,,,,,
DC-C,SRVCHP_SBORC,R600,R227ea,pareto_DC-C_SRVCHP_SBORC_R600_R227ea.csv,0.25976158424580037,39.82773080551282,0.1075974356625664,97.65108221018808,69.9994711042318,,,,,
DC-C,SRVCHP_SBORC,R1233zd(E),R227ea,pareto_DC-C_SRVCHP_SBORC_R1233zd(E)_R227ea.csv,0.29646920808029675,39.73252895445048,0.18529313726932603,101.54675627694232,69.94360257540899,,,,,
DC-C,SRVCHP_SBORC,R1233zd(E),R227ea,pareto_DC-C_SRVCHP_SBORC_R1233zd(E)_R227ea.csv,0.32343587587039213,39.8092899218829,0.036432089776222296,98.79347324120006,69.99937725934089,,,,,
DC-C,SRVCHP_SBORC,R245fa,R227ea,pareto_DC-C_SRVCHP_SBORC_R245fa_R227ea.csv,0.34793218607171794,39.757078824191964,0.14911155853042732,101.99025928682406,69.99919869497337,,,,,
DC-C,SRVCHP_SBORC,R245fa,R134a,pareto_DC-C_SRVCHP_SBORC_R245fa_R134a.csv,0.35637443339506975,39.57702882403976,0.23662881179493706,112.63496526887249,69.99899891823006,,,,,
DC-C,SRVCHP_SBORC,R1233zd(E),R227ea,pareto_DC-C_SRVCHP_SBORC_R1233zd(E)_R227ea.csv,0.37048591773721085,39.77346918436894,0.04737897378797284,101.01839751807535,69.99998040587934,,,,,
DC-C,SRVCHP_SBORC,R600,R227ea,pareto_DC-C_SRVCHP_SBORC_R600_R227ea.csv,0.41685024760098827,39.53641089221701,0.27251281488080836,112.89708417966453,69.9357800584382,,,,,
DC-C,SRVCHP_SBORC,R600,R1234ze(E),pareto_DC-C_SRVCHP_SBORC_R600_R1234ze(E).csv,0.438550941056387,39.43479791842465,0.27808042192031673,120.7479222211829,69.99964559156821,,,,,
DC-C,SRVCHP_SBORC,R1233zd(E),R1234ze(E),pareto_DC-C_SRVCHP_SBORC_R1233zd(E)_R1234ze(E).csv,0.4560053136037883,36.35309925876574,0.3219792080081964,125.75748805078888,64.72969185004688,,,,,
DC-C,SRVCHP_SBORC,R1233zd(E),R1234ze(E),pareto_DC-C_SRVCHP_SBORC_R1233zd(E)_R1234ze(E).csv,0.4716244350375599,25.24449572605629,0.3259805549946573,118.09189494524814,44.94392672040385,,,,,
DC-C,SRVCHP_SBORC,R600,R1234ze(E),pareto_DC-C_SRVCHP_SBORC_R600_R1234ze(E).csv,0.48035019193085576,27.238589070920476,0.31614048018319,119.30855013109947,48.49001886202124,,,,,
DC-C,SRVCHP_SBORC,R1233zd(E),R1234ze(E),pareto_DC-C_SRVCHP_SBORC_R1233zd(E)_R1234ze(E).csv,0.48656757268214146,33.42923743835252,0.30046739805885325,123.03271709874352,59.499369801989054,,,,,
DC-C,SRVCHP_SBORC,R600,R227ea,pareto_DC-C_SRVCHP_SBORC_R600_R227ea.csv,0.49380224030391173,25.3836875363579,0.2861364686678535,110.00065198394158,45.02053682724215,,,,,
DC-C,SRVCHP_SBORC,R600,R1234ze(E),pareto_DC-C_SRVCHP_SBORC_R600_R1234ze(E).csv,0.4985778491664597,26.542698267339336,0.27502855271389376,108.77805503237717,47.03259707077449,,,,,
DC-C,SRVCHP_SBORC,R245fa,R1234ze(E),pareto_DC-C_SRVCHP_SBORC_R245fa_R1234ze(E).csv,0.5073614110837055,14.054914890303927,0.3180627263920445,96.52771012677239,24.868859888823188,,,,,
DC-C,SRVCHP_SBORC,R1233zd(E),R1234ze(E),pareto_DC-C_SRVCHP_SBORC_R1233zd(E)_R1234ze(E).csv,0.5111029253540832,19.634040368411934,0.2751347290030492,95.14089510408327,34.65220256884064,,,,,
DC-C,SRVCHP_SBORC,R600,R1234ze(E),pareto_DC-C_SRVCHP_SBORC_R600_R1234ze(E).csv,0.5163820570578399,31.755222968859034,0.26354592043635744,123.30554030797877,56.55531109215733,,,,,
DC-C,SRVCHP_SBORC,R245fa,R1234ze(E),pareto_DC-C_SRVCHP_SBORC_R245fa_R1234ze(E).csv,0.5196384521468865,32.905527980562034,0.24453935409126523,122.60672599006054,58.56484185613024,,,,,
DC-C,SRVCHP_SBORC,R245fa,R227ea,pareto_DC-C_SRVCHP_SBORC_R245fa_R227ea.csv,0.5269964534371047,26.639098878347806,0.2325582601303485,113.58018200225784,47.30618917174481,,,,,
DC-C,SRVCHP_SBORC,R1233zd(E),R227ea,pareto_DC-C_SRVCHP_SBORC_R1233zd(E)_R227ea.csv,0.5313389825759083,26.146639655229322,0.23279297650066616,108.48598177007213,46.330337403232576,,,,,
DC-C,SRVCHP_SBORC,R1233zd(E),R227ea,pareto_DC-C_SRVCHP_SBORC_R1233zd(E)_R227ea.csv,0.5342850806529602,34.72888504501044,0.20994029791294466,118.65553899375125,61.665986715314254,,,,,
DC-C,SRVCHP_SBORC,R1233zd(E),R1234ze(E),pareto_DC-C_SRVCHP_SBORC_R1233zd(E)_R1234ze(E).csv,0.5401374557171913,23.181806879372548,0.2523585942067819,118.06345108600138,41.29962789376062,,,,,
DC-C,SRVCHP_SBORC,R600,R1234ze(E),pareto_DC-C_SRVCHP_SBORC_R600_R1234ze(E).csv,0.5445287205217795,27.515049162008776,0.22056247448329416,119.64590963354878,48.98549796505054,,,,,
DC-C,SRVCHP_SBORC,R1233zd(E),R227ea,pareto_DC-C_SRVCHP_SBORC_R1233zd(E)_R227ea.csv,0.5495288108739502,15.31197249097421,0.2558953021444352,90.93420226372137,27.01189060180047,,,,,
DC-C,SRVCHP_SBORC,R245fa,R227ea,pareto_DC-C_SRVCHP_SBORC_R245fa_R227ea.csv,0.5515974915667492,33.912329322945425,0.15092388264067963,117.61364705068824,60.20148017124797,,,,,
DC-C,SRVCHP_SBORC,R1233zd(E),R1234ze(E),pareto_DC-C_SRVCHP_SBORC_R1233zd(E)_R1234ze(E).csv,0.5557912773892293,34.4385151151348,0.13766692471836892,123.24190693055998,61.283550726408286,,,,,
DC-C,SRVCHP_SBORC,R1233zd(E),R1234ze(E),pareto_DC-C_SRVCHP_SBORC_R1233zd(E)_R1234ze(E).csv,0.5584834245998143,32.07857885216483,0.14606463391797264,120.00535299074717,57.03883874875025,,,,,
DC-C,SRVCHP_SBORC,R600,R1234ze(E),pareto_DC-C_SRVCHP_SBORC_R600_R1234ze(E).csv,0.5616165401262025,25.956791359985363,0.17064285489157893,108.7373856930063,46.00196321313823,,,,,
DC-C,SRVCHP_SBORC,R245fa,R1234ze(E),pareto_DC-C_SRVCHP_SBORC_R245fa_R1234ze(E).csv,0.5679350735501726,19.845514151645514,0.21003479559489854,96.505796092902,35.044600370219044,,,,,
DC-C,SRVCHP_SBORC,R1233zd(E),R1234ze(E),pareto_DC-C_SRVCHP_SBORC_R1233zd(E)_R1234ze(E).csv,0.57109556230872,29.508493219154754,0.12711230848665314,117.51374787527263,52.44970803000979,,,,,
DC-C,SRVCHP_SBORC,R600,R1234ze(E),pareto_DC-C_SRVCHP_SBORC_R600_R1234ze(E).csv,0.5768115169248642,15.58838694975538,0.23686188921274626,90.15622397485656,27.487265670516397,,,,,
DC-C,SRVCHP_SBORC,R1233zd(E),R134a,pareto_DC-C_SRVCHP_SBORC_R1233zd(E)_R134a.csv,0.5807760759375149,13.431438223442044,0.23921377948391562,85.37570846794331,23.650559702270144,,,,,
DC-C,SRVCHP_SBORC,R1233zd(E),R227ea,pareto_DC-C_SRVCHP_SBORC_R1233zd(E)_R227ea.csv,0.5844872348975233,17.7596353947053,0.19123624601052813,93.50044483826433,31.340226399304818,,,,,
DC-C,SRVCHP_SBORC,R1233zd(E),R1234ze(E),pareto_DC-C_SRVCHP_SBORC_R1233zd(E)_R1234ze(E).csv,0.5889556435359226,24.342765781763507,0.11172672193989062,101.43178340893445,43.02020673743184,,,,,
DC-C,SRVCHP_SBORC,R600,R1234ze(E),pareto_DC-C_SRVCHP_SBORC_R600_R1234ze(E).csv,0.5969534785400097,19.945250900761746,0.1524365526685063,94.95365262596297,35.19493957057035,,,,,
DC-C,SRVCHP_SBORC,R245fa,R134a,pareto_DC-C_SRVCHP_SBORC_R245fa_R134a.csv,0.6037735168258134,12.712253868075905,0.22109172220840903,85.9255896164381,22.395264255162502,,,,,
DC-C,SRVCHP_SBORC,R600,R1234ze(E),pareto_DC-C_SRVCHP_SBORC_R600_R1234ze(E).csv,0.6091976051497694,19.201494344275858,0.09552271007904482,107.48704610790645,34.086496001139295,,,,,
DC-C,SRVCHP_SBORC,R600,R1234ze(E),pareto_DC-C_SRVCHP_SBORC_R600_R1234ze(E).csv,0.6143856323626972,14.755432050778886,0.1993879600094874,95.8476569367254,26.09363310159948,,,,,
DC-C,SRVCHP_SBORC,R245fa,R1234ze(E),pareto_DC-C_SRVCHP_SBORC_R245fa_R1234ze(E).csv,0.6257702846138145,18.608995493449026,0.1210711242822312,97.35745130517638,32.88726364336231,,,,,
DC-C,SRVCHP_SBORC,R245fa,R1234ze(E),pareto_DC-C_SRVCHP_SBORC_R245fa_R1234ze(E).csv,0.6317298249294777,11.672640607009718,0.21281604113670233,80.54510569663444,20.52198518347804,,,,,
DC-C,SRVCHP_SBORC,R245fa,R1234ze(E),pareto_DC-C_SRVCHP_SBORC_R245fa_R1234ze(E).csv,0.644520742343815,16.14046488665487,0.11032298882479052,97.85706834236996,28.55541758487773,,,,,
DC-C,SRVCHP_SBORC,R600,R1234ze(E),pareto_DC-C_SRVCHP_SBORC_R600_R1234ze(E).csv,0.6490125413385426,17.455781864819894,0.08889910929094617,89.25069875255222,30.74847641662746,,,,,
DC-C,SRVCHP_SBORC,R600,R1234ze(E),pareto_DC-C_SRVCHP_SBORC_R600_R1234ze(E).csv,0.6572486223617139,15.262960384747913,0.11999394754547073,90.64910639441835,26.92240989024991,,,,,
DC-C,SRVCHP_SBORC,R1233zd(E),R1234ze(E),pareto_DC-C_SRVCHP_SBORC_R1233zd(E)_R1234ze(E).csv,0.6683489698902311,12.467051602687192,0.1524062743200503,91.52046435100884,22.021050878868166,,,,,
DC-C,SRVCHP_SBORC,R1233zd(E),R1234ze(E),pareto_DC-C_SRVCHP_SBORC_R1233zd(E)_R1234ze(E).csv,0.6770116295846705,14.00382021944355,0.10127947819277432,93.77437127525903,24.747484727171674,,,,,
DC-C,SRVCHP_SBORC,R245fa,R227ea,pareto_DC-C_SRVCHP_SBORC_R245fa_R227ea.csv,0.6906113009402203,14.198053746837825,0.08656942589195588,74.25101374090484,24.874036231563018,,,,,
DC-C,SRVCHP_SBORC,R1233zd(E),R134a,pareto_DC-C_SRVCHP_SBORC_R1233zd(E)_R134a.csv,0.7012689528332954,11.534714670837314,0.1284146055047504,76.460127857631,20.244348982242904,,,,,
DC-C,SRVCHP_SBORC,R600,R1234ze(E),pareto_DC-C_SRVCHP_SBORC_R600_R1234ze(E).csv,0.7090026954212176,13.162096640080085,0.08801033863292641,83.67186207584204,23.16086100875949,,,,,
DC-C,SRVCHP_SBORC,R1233zd(E),R134a,pareto_DC-C_SRVCHP_SBORC_R1233zd(E)_R134a.csv,0.7222687214699502,11.697486769201708,0.10407473376874866,76.53861571726644,20.529610133481007,,,,,
DC-C,SRVCHP_SBORC,R1233zd(E),R134a,pareto_DC-C_SRVCHP_SBORC_R1233zd(E)_R134a.csv,0.7410522626766073,11.41545970589034,0.08582272740988325,76.12428292418947,20.03294164095678,,,,,
DC-C,SRVCHP_SBORC,R1233zd(E),R1234ze(E),pareto_DC-C_SRVCHP_SBORC_R1233zd(E)_R1234ze(E).csv,0.7729763725621724,11.461576742235065,0.07386742129861423,72.52900669189137,20.0827545443522,,,,,
DC-C,SRVCHP_SRORC,R245fa,R227ea,pareto_DC-C_SRVCHP_SRORC_R245fa_R227ea.csv,0.31596501246541103,39.68009149531301,0.20541085294797165,106.44936534411136,69.99438686384518,,,,,
DC-C,SRVCHP_SRORC,R245fa,R227ea,pareto_DC-C_SRVCHP_SRORC_R245fa_R227ea.csv,0.3290445276396482,39.66450487509722,0.21486657310765273,107.38245373256068,69.99467318044745,,,,,
DC-C,SRVCHP_SRORC,R600,R227ea,pareto_DC-C_SRVCHP_SRORC_R600_R227ea.csv,0.34618470855253275,39.65177302118926,0.2244051260944814,108.30624997971015,69.9998038259052,,,,,
DC-C,SRVCHP_SRORC,R245fa,R227ea,pareto_DC-C_SRVCHP_SRORC_R245fa_R227ea.csv,0.3635385839877277,39.67574334812214,0.16583837137561624,106.70739042088925,69.99438686384518,,,,,
DC-C,SRVCHP_SRORC,R600,R227ea,pareto_DC-C_SRVCHP_SRORC_R600_R227ea.csv,0.38108918511742673,39.67396142689707,0.14022906801131152,106.99651864678732,69.9998038259052,,,,,
DC-C,SRVCHP_SRORC,R600,R227ea,pareto_DC-C_SRVCHP_SRORC_R600_R227ea.csv,0.3951065834225135,39.68241200865166,0.10280966161455604,106.4986825464951,69.99989777444269,,,,,
DC-C,SRVCHP_SRORC,R600,R227ea,pareto_DC-C_SRVCHP_SRORC_R600_R227ea.csv,0.40603939417444795,39.56482253546623,0.26377641057597784,113.36515470488668,69.9998038259052,,,,,
DC-C,SRVCHP_SRORC,R245fa,R227ea,pareto_DC-C_SRVCHP_SRORC_R245fa_R227ea.csv,0.4199372341699373,39.66450487509722,0.030847095399099335,107.38245373256068,69.99467318044745,,,,,
DC-C,SRVCHP_SRORC,R1233zd(E),R227ea,pareto_DC-C_SRVCHP_SRORC_R1233zd(E)_R227ea.csv,0.4398139080428655,39.47780804497088,0.30079091057046714,118.33094877790325,69.99986733555497,,,,,
DC-C,SRVCHP_SRORC,R245fa,R227ea,pareto_DC-C_SRVCHP_SRORC_R245fa_R227ea.csv,0.4594975092740303,39.5129857828858,0.23224896656865843,116.00439177649463,69.98969836418726,,,,,
DC-C,SRVCHP_SRORC,R600,R227ea,pareto_DC-C_SRVCHP_SRORC_R600_R227ea.csv,0.46336403372995905,37.21265348673653,0.3139021331648425,118.60648464572995,66.0300305302797,,,,,
DC-C,SRVCHP_SRORC,R245fa,R1234ze(E),pareto_DC-C_SRVCHP_SRORC_R245fa_R1234ze(E).csv,0.47734713319844,39.52192678895615,0.022743507981862747,115.78421469853058,69.99861009391007,,,,,
DC-C,SRVCHP_SRORC,R600,R227ea,pareto_DC-C_SRVCHP_SRORC_R600_R227ea.csv,0.48614823981221217,29.84255893808387,0.33581561722999903,117.47616521130018,53.0371273068359,,,,,
DC-C,SRVCHP_SRORC,R600,R227ea,pareto_DC-C_SRVCHP_SRORC_R600_R227ea.csv,0.498923940885864,39.43465980912902,0.2744697174773218,119.91681373717691,69.97343886082498,,,,,
DC-C,SRVCHP_SRORC,R245fa,R227ea,pareto_DC-C_SRVCHP_SRORC_R245fa_R227ea.csv,0.5025977082151988,27.67579865390539,0.3278980896296947,116.54642437035207,49.19839547933528,,,,,
DC-C,SRVCHP_SRORC,R245fa,R227ea,pareto_DC-C_SRVCHP_SRORC_R245fa_R227ea.csv,0.5069249967277094,22.600733418825076,0.32512142985767273,111.9968056989772,40.15841790841227,,,,,
DC-C,SRVCHP_SRORC,R245fa,R227ea,pareto_DC-C_SRVCHP_SRORC_R245fa_R227ea.csv,0.5112273961644344,11.55242736269044,0.341401287684415,102.46892302569991,20.516723790612993,,,,,
DC-C,SRVCHP_SRORC,R1233zd(E),R227ea,pareto_DC-C_SRVCHP_SRORC_R1233zd(E)_R227ea.csv,0.5158072427489124,11.309039105282796,0.34502976118556317,102.09340435017906,20.082778882701476,,,,,
DC-C,SRVCHP_SRORC,R600,R227ea,pareto_DC-C_SRVCHP_SRORC_R600_R227ea.csv,0.5251912776233352,16.532504120406152,0.32194127779148257,107.4145764752528,29.375304473415156,,,,,
DC-C,SRVCHP_SRORC,R245fa,R227ea,pareto_DC-C_SRVCHP_SRORC_R245fa_R227ea.csv,0.5294503408416575,17.974191804910618,0.3102914873858145,110.7446030592665,31.970309197288312,,,,,
DC-C,SRVCHP_SRORC,R600,R227ea,pareto_DC-C_SRVCHP_SRORC_R600_R227ea.csv,0.5350577274951859,36.43112250621848,0.2501377137171711,120.09781198919953,64.7003273139391,,,,,
DC-C,SRVCHP_SRORC,R1233zd(E),R227ea,pareto_DC-C_SRVCHP_SRORC_R1233zd(E)_R227ea.csv,0.5388635126070469,36.2389817720886,0.2767793842352201,121.86008817957791,64.41392925550393,,,,,
DC-C,SRVCHP_SRORC,R245fa,R227ea,pareto_DC-C_SRVCHP_SRORC_R245fa_R227ea.csv,0.54267136432617,18.336279005830903,0.3007941761521873,102.21740749854483,32.48074627722762,,,,,
DC-C,SRVCHP_SRORC,R245fa,R1234ze(E),pareto_DC-C_SRVCHP_SRORC_R245fa_R1234ze(E).csv,0.5501376901047803,36.154259140452396,0.1635262989827421,125.8330648328006,64.38149615609852,,,,,
DC-C,SRVCHP_SRORC,R245fa,R227ea,pareto_DC-C_SRVCHP_SRORC_R245fa_R227ea.csv,0.5536542590002005,11.251234716277468,0.2892020882409427,107.74244402885243,20.03392618980429,,,,,
DC-C,SRVCHP_SRORC,R600,R227ea,pareto_DC-C_SRVCHP_SRORC_R600_R227ea.csv,0.5598490769982781,33.75143185620377,0.21454519710517955,118.55058272037488,59.94412324416898,,,,,
DC-C,SRVCHP_SRORC,R245fa,R227ea,pareto_DC-C_SRVCHP_SRORC_R245fa_R227ea.csv,0.5651565025490024,38.85490605828603,0.06989553841722976,119.6411894298653,68.94643328561042,,,,,
DC-C,SRVCHP_SRORC,R245fa,R227ea,pareto_DC-C_SRVCHP_SRORC_R245fa_R227ea.csv,0.5700361897486702,37.32088353253428,0.1563427638555365,121.06050398925278,66.29335520123522,,,,,
DC-C,SRVCHP_SRORC,R245fa,R227ea,pareto_DC-C_SRVCHP_SRORC_R245fa_R227ea.csv,0.5733278870662349,38.15649252187886,0.15493794606739125,122.30444120895143,67.8005532397642,,,,,
DC-C,SRVCHP_SRORC,R1233zd(E),R227ea,pareto_DC-C_SRVCHP_SRORC_R1233zd(E)_R227ea.csv,0.5790945563981553,34.38446110291349,0.16439805023573614,119.45845624574063,61.08262894943151,,,,,
DC-C,SRVCHP_SRORC,R1233zd(E),R227ea,pareto_DC-C_SRVCHP_SRORC_R1233zd(E)_R227ea.csv,0.5882080538283079,17.120421776371163,0.2498057804947444,96.07756004158524,30.254140484406566,,,,,
DC-C,SRVCHP_SRORC,R245fa,R227ea,pareto_DC-C_SRVCHP_SRORC_R245fa_R227ea.csv,0.5908523598030413,26.789272241979063,0.18197763297438202,116.05149574084646,47.62498533661129,,,,,
DC-C,SRVCHP_SRORC,R600,R1234ze(E),pareto_DC-C_SRVCHP_SRORC_R600_R1234ze(E).csv,0.5937858059919086,13.762081689308742,0.25085954086332535,87.06978869743607,24.248394885636543,,,,,
DC-C,SRVCHP_SRORC,R600,R227ea,pareto_DC-C_SRVCHP_SRORC_R600_R227ea.csv,0.5985429655284904,24.55767848944332,0.15895260336398928,109.27570841666132,43.55255098129439,,,,,
DC-C,SRVCHP_SRORC,R1233zd(E),R227ea,pareto_DC-C_SRVCHP_SRORC_R1233zd(E)_R227ea.csv,0.6062501466808456,28.021041188544988,0.0038805892032019776,112.6932259288856,49.718410368874615,,,,,
DC-C,SRVCHP_SRORC,R1233zd(E),R227ea,pareto_DC-C_SRVCHP_SRORC_R1233zd(E)_R227ea.csv,0.6089466060535719,19.67135302211248,0.1954779573501403,101.8809642743084,34.824382822579786,,,,,
DC-C,SRVCHP_SRORC,R1233zd(E),R227ea,pareto_DC-C_SRVCHP_SRORC_R1233zd(E)_R227ea.csv,0.6124391057038493,25.4290802302026,0.02550542204968708,108.33813271519509,45.06598923257371,,,,,
DC-C,SRVCHP_SRORC,R1233zd(E),R227ea,pareto_DC-C_SRVCHP_SRORC_R1233zd(E)_R227ea.csv,0.6166018637271324,24.579452954346987,0.009662126610604893,108.42460255850439,43.57379771518345,,,,,
DC-C,SRVCHP_SRORC,R1233zd(E),R1234ze(E),pareto_DC-C_SRVCHP_SRORC_R1233zd(E)_R1234ze(E).csv,0.6223807646156286,13.583871676747437,0.22630519600962742,97.90796138468853,24.054880326378953,,,,,
DC-C,SRVCHP_SRORC,R245fa,R227ea,pareto_DC-C_SRVCHP_SRORC_R245fa_R227ea.csv,0.624960103544099,23.01597155187014,0.10579119479488595,106.85913466867274,40.79342311809286,,,,,
DC-C,SRVCHP_SRORC,R1233zd(E),R227ea,pareto_DC-C_SRVCHP_SRORC_R1233zd(E)_R227ea.csv,0.63070455965036,21.439075486248843,0.02835978759833162,96.60376875739816,37.840848030697686,,,,,
DC-C,SRVCHP_SRORC,R1233zd(E),R227ea,pareto_DC-C_SRVCHP_SRORC_R1233zd(E)_R227ea.csv,0.6365693905637072,21.27256274923258,0.095842473517609,101.57784469126726,37.63370093464807,,,,,
DC-C,SRVCHP_SRORC,R600,R1234ze(E),pareto_DC-C_SRVCHP_SRORC_R600_R1234ze(E).csv,0.6418123364580899,14.483774738462458,0.16205468331185208,100.75486055868234,25.674076032360308,,,,,
DC-C,SRVCHP_SRORC,R245fa,R227ea,pareto_DC-C_SRVCHP_SRORC_R245fa_R227ea.csv,0.6456381642980393,18.909619636550204,0.12101046850824258,93.10050948144982,33.3509397011681,,,,,
DC-C,SRVCHP_SRORC,R245fa,R227ea,pareto_DC-C_SRVCHP_SRORC_R245fa_R227ea.csv,0.6550725735587458,12.17673735524186,0.1739337334251565,73.17025013750653,21.336706102688193,,,,,
DC-C,SRVCHP_SRORC,R1233zd(E),R227ea,pareto_DC-C_SRVCHP_SRORC_R1233zd(E)_R227ea.csv,0.6618181423660396,17.831698569839556,0.10736124214231292,91.8748472439001,31.443623708129408,,,,,
DC-C,SRVCHP_SRORC,R600,R227ea,pareto_DC-C_SRVCHP_SRORC_R600_R227ea.csv,0.6680634280003989,12.91276640178867,0.16666369128546268,79.20178334092762,22.679472694786295,,,,,
DC-C,SRVCHP_SRORC,R245fa,R1234ze(E),pareto_DC-C_SRVCHP_SRORC_R245fa_R1234ze(E).csv,0.6718715114947718,16.432065548876203,0.10215775301953214,89.08384502588446,28.952796062386984,,,,,
DC-C,SRVCHP_SRORC,R1233zd(E),R227ea,pareto_DC-C_SRVCHP_SRORC_R1233zd(E)_R227ea.csv,0.6785770533196049,15.516691596757987,0.08377188045454223,76.0474808932672,27.193667047250866,,,,,
DC-C,SRVCHP_SRORC,R1233zd(E),R1234ze(E),pareto_DC-C_SRVCHP_SRORC_R1233zd(E)_R1234ze(E).csv,0.6798762221462366,15.138386576417838,0.11794244809647535,90.63443496158061,26.703637240937198,,,,,
DC-C,SRVCHP_SRORC,R600,R227ea,pareto_DC-C_SRVCHP_SRORC_R600_R227ea.csv,0.6883883847383119,15.866134433636699,0.054326333117016075,82.18648381609206,27.875991980648287,,,,,
DC-C,SRVCHP_SRORC,R600,R227ea,pareto_DC-C_SRVCHP_SRORC_R600_R227ea.csv,0.6948926450830721,11.37224361824772,0.17565043322476184,81.03958111932384,20.000278669237595,,,,,
DC-C,SRVCHP_SRORC,R600,R1234ze(E),pareto_DC-C_SRVCHP_SRORC_R600_R1234ze(E).csv,0.6991228631899772,13.251331073168734,0.1231417057375477,85.61932792376992,23.33740294155386,,,,,
DC-C,SRVCHP_SRORC,R245fa,R1234ze(E),pareto_DC-C_SRVCHP_SRORC_R245fa_R1234ze(E).csv,0.7110735227295176,13.016733211272642,0.11317178819548439,85.0002762394605,22.91975467956614,,,,,
DC-C,SRVCHP_SRORC,R600,R227ea,pareto_DC-C_SRVCHP_SRORC_R600_R227ea.csv,0.7180668766158308,13.325941962855865,0.09821200614276789,83.80517966465871,23.4492538177175,,,,,
DC-C,SRVCHP_SRORC,R1233zd(E),R227ea,pareto_DC-C_SRVCHP_SRORC_R1233zd(E)_R227ea.csv,0.7300702536527347,13.535723021853672,0.06363885752744965,74.64699266636998,23.722523527483347,,,,,
DC-C,SRVCHP_SRORC,R1233zd(E),R1234ze(E),pareto_DC-C_SRVCHP_SRORC_R1233zd(E)_R1234ze(E).csv,0.7400164381809307,12.24797089887091,0.07758722647648991,83.48212162560799,21.55724724286468,,,,,
DC-C,SRVCHP_SRORC,R1233zd(E),R227ea,pareto_DC-C_SRVCHP_SRORC_R1233zd(E)_R227ea.csv,0.756483650355642,12.320294743230347,0.0171461592662377,74.59484239795012,21.60027494769729,,,,,
DC-C,SRVCHP_SRORC,R1233zd(E),R227ea,pareto_DC-C_SRVCHP_SRORC_R1233zd(E)_R227ea.csv,0.7695033680932927,11.687644857613996,0.034711533209856316,74.49803777001058,20.494465576379326,,,,,
DC-C,SRVCHP_SRORC,R1233zd(E),R227ea,pareto_DC-C_SRVCHP_SRORC_R1233zd(E)_R227ea.csv,0.786161103790616,11.47525912240845,0.012515166352968293,71.00760589216435,20.093803376194174,,,,,
DC-D,SBVCHP_SBORC,R600,R227ea,pareto_DC-D_SBVCHP_SBORC_R600_R227ea.csv,0.010125016702049993,39.61238388104967,0.007631265276369125,110.60666548230927,69.99965087946588,,,,,
DC-D,SBVCHP_SBORC,R245fa,R227ea,pareto_DC-D_SBVCHP_SBORC_R245fa_R227ea.csv,0.010625901623023971,39.61190251732087,0.008471451854549627,110.64613717752792,69.99999504386784,,,,,
DC-D,SBVCHP_SBORC,R245fa,R227ea,pareto_DC-D_SBVCHP_SBORC_R245fa_R227ea.csv,0.011251234579627399,39.611841398064236,0.0031133239880371364,110.64930552256287,69.99998331241488,,,,,
DC-D,SBVCHP_SBORC,R245fa,R227ea,pareto_DC-D_SBVCHP_SBORC_R245fa_R227ea.csv,0.021243218239826767,39.607095982967145,0.012648419999151334,110.9061579721147,69.99940330517322,,,,,
DC-D,SBVCHP_SBORC,R245fa,R227ea,pareto_DC-D_SBVCHP_SBORC_R245fa_R227ea.csv,0.027117020222449727,39.604753696931674,0.017400965577643642,111.04237560655123,69.99940453825602,,,,,
DC-D,SBVCHP_SBORC,R245fa,R227ea,pareto_DC-D_SBVCHP_SBORC_R245fa_R227ea.csv,0.03208927950245801,39.60249906180087,0.02554938554235444,111.16183780303234,69.99905651097369,,,,,
DC-D,SBVCHP_SBORC,R600,R227ea,pareto_DC-D_SBVCHP_SBORC_R600_R227ea.csv,0.035042157028260315,39.60103152352767,0.016507817152668438,111.2053218039709,69.99779736157417,,,,,
DC-D,SBVCHP_SBORC,R600,R227ea,pareto_DC-D_SBVCHP_SBORC_R600_R227ea.csv,0.0525203192402142,39.593499310326244,0.03918298099609521,111.70074190918123,69.99956042669893,,,,,
DC-D,SBVCHP_SBORC,R245fa,R227ea,pareto_DC-D_SBVCHP_SBORC_R245fa_R227ea.csv,0.05763090184377946,39.589990516654126,0.04673846168994982,111.91129429448519,69.99978046083784,,,,,
DC-D,SBVCHP_SBORC,R600,R227ea,pareto_DC-D_SBVCHP_SBORC_R600_R227ea.csv,0.06681074980993758,39.585119911261145,0.049639367502501766,112.11950028163054,69.99754924174358,,,,,
DC-D,SBVCHP_SBORC,R245fa,R227ea,pareto_DC-D_SBVCHP_SBORC_R245fa_R227ea.csv,0.07200066797811963,39.58305845736393,0.017685037682694894,112.31892766190792,69.99997890031621,,,,,
DC-D,SBVCHP_SBORC,R600,R227ea,pareto_DC-D_SBVCHP_SBORC_R600_R227ea.csv,0.08175482753810152,39.57764808382325,0.061534728670424,112.61490425347414,69.99947519925179,,,,,
DC-D,SBVCHP_SBORC,R600,R227ea,pareto_DC-D_SBVCHP_SBORC_R600_R227ea.csv,0.09034253465171779,39.571524564300674,0.06919136099505639,112.967018249533,69.9994384309217,,,,,
DC-D,SBVCHP_SBORC,R1233zd(E),R227ea,pareto_DC-D_SBVCHP_SBORC_R1233zd(E)_R227ea.csv,0.0943120051898083,39.57025484119105,0.06339955495765834,112.82255161086839,69.9928241096425,,,,,
DC-D,SBVCHP_SBORC,R245fa,R227ea,pareto_DC-D_SBVCHP_SBORC_R245fa_R227ea.csv,0.10353020068040052,39.56502285991587,0.03964012048840005,113.33303253530012,69.99917702566535,,,,,
DC-D,SBVCHP_SBORC,R600,R227ea,pareto_DC-D_SBVCHP_SBORC_R600_R227ea.csv,0.112785414206453,39.5564828467859,0.08613028460005628,113.77879563837696,69.99779049718548,,,,,
DC-D,SBVCHP_SBORC,R600,R227ea,pareto_DC-D_SBVCHP_SBORC_R600_R227ea.csv,0.12286166172552228,39.55000739564282,0.094260843541832,114.20592923418124,69.99947732040539,,,,,
DC-D,SBVCHP_SBORC,R1233zd(E),R227ea,pareto_DC-D_SBVCHP_SBORC_R1233zd(E)_R227ea.csv,0.13379218358274456,39.539813669250094,0.1089559931344105,114.47808349486488,69.98992462320942,,,,,
DC-D,SBVCHP_SBORC,R1233zd(E),R227ea,pareto_DC-D_SBVCHP_SBORC_R1233zd(E)_R227ea.csv,0.14226160506397206,39.538158377566425,0.11170430917269983,114.85383500023703,69.99852352482236,,,,,
DC-D,SBVCHP_SBORC,R600,R227ea,pareto_DC-D_SBVCHP_SBORC_R600_R227ea.csv,0.15663133883843544,39.52057135629339,0.11973772514885701,115.82642426873393,69.99753041981408,,,,,
DC-D,SBVCHP_SBORC,R1233zd(E),R227ea,pareto_DC-D_SBVCHP_SBORC_R1233zd(E)_R227ea.csv,0.16306506336112372,39.525672845255244,0.04232492184719396,115.51634411510817,69.99694895755131,,,,,
DC-D,SBVCHP_SBORC,R1233zd(E),R227ea,pareto_DC-D_SBVCHP_SBORC_R1233zd(E)_R227ea.csv,0.17651459104077494,39.50617861049198,0.12196035833289681,116.39814548115473,69.9898811388096,,,,,
DC-D,SBVCHP_SBORC,R1233zd(E),R227ea,pareto_DC-D_SBVCHP_SBORC_R1233zd(E)_R227ea.csv,0.1943012196771236,39.48987810150436,0.15659666863930072,117.5822535254128,69.99784876132837,,,,,
DC-D,SBVCHP_SBORC,R1233zd(E),R227ea,pareto_DC-D_SBVCHP_SBORC_R1233zd(E)_R227ea.csv,0.21361387473920473,39.46199129673714,0.16991576413735393,118.81007719487067,69.98697824922759,,,,,
DC-D,SBVCHP_SBORC,R245fa,R227ea,pareto_DC-D_SBVCHP_SBORC_R245fa_R227ea.csv,0.22826019284350896,39.4295149006464,0.151577689843941,121.05516750394001,69.99997879969136,,,,,
DC-D,SBVCHP_SBORC,R600,R227ea,pareto_DC-D_SBVCHP_SBORC_R600_R227ea.csv,0.24540210776031382,39.37959745753145,0.19495459657813877,123.75295567549202,69.99702526711751,,,,,
DC-D,SBVCHP_SBORC,R1233zd(E),R227ea,pareto_DC-D_SBVCHP_SBORC_R1233zd(E)_R227ea.csv,0.26252318470889646,39.339770867783855,0.21328095499597016,122.98328419998553,69.90272348247568,,,,,
DC-D,SBVCHP_SBORC,R1233zd(E),R227ea,pareto_DC-D_SBVCHP_SBORC_R1233zd(E)_R227ea.csv,0.27304648987839336,38.3124851273523,0.0363474528431342,122.04324940010903,68.0668940102342,,,,,
DC-D,SBVCHP_SBORC,R1233zd(E),R227ea,pareto_DC-D_SBVCHP_SBORC_R1233zd(E)_R227ea.csv,0.280893559876304,36.18250992014578,0.2273338627906761,121.26701748000204,64.29723695690191,,,,,
DC-D,SBVCHP_SBORC,R1233zd(E),R227ea,pareto_DC-D_SBVCHP_SBORC_R1233zd(E)_R227ea.csv,0.2886538594802591,34.4713284915764,0.22011286739231775,120.305945968925,61.25907323014073,,,,,
DC-D,SBVCHP_SBORC,R1233zd(E),R227ea,pareto_DC-D_SBVCHP_SBORC_R1233zd(E)_R227ea.csv,0.2929455696804545,34.44853727243151,0.22228331768728962,120.305945968925,61.21896853127344,,,,,
DC-D,SBVCHP_SBORC,R1233zd(E),R227ea,pareto_DC-D_SBVCHP_SBORC_R1233zd(E)_R227ea.csv,0.29810622445137047,31.227524343668062,0.2397501474946308,118.17235920770078,55.492988825090926,,,,,
DC-D,SBVCHP_SBORC,R1233zd(E),R227ea,pareto_DC-D_SBVCHP_SBORC_R1233zd(E)_R227ea.csv,0.3072745439302397,28.642930609546895,0.2463119832127031,117.46574360369226,50.92377674941139,,,,,
DC-D,SBVCHP_SBORC,R1233zd(E),R227ea,pareto_DC-D_SBVCHP_SBORC_R1233zd(E)_R227ea.csv,0.3100231657328304,29.919568172913028,0.09333831808970844,117.11169027896008,53.163821132031806,,,,,
DC-D,SBVCHP_SBORC,R1233zd(E),R227ea,pareto_DC-D_SBVCHP_SBORC_R1233zd(E)_R227ea.csv,0.3111956725548944,29.540226166543462,0.1944610906633809,116.89187085745746,52.49056274585666,,,,,
DC-D,SBVCHP_SBORC,R1233zd(E),R1234ze(E),pareto_DC-D_SBVCHP_SBORC_R1233zd(E)_R1234ze(E).csv,0.3167087618863148,27.57635769585777,0.17871650523327326,122.29410662714332,49.15421521907854,,,,,
DC-D,SBVCHP_SBORC,R1233zd(E),R227ea,pareto_DC-D_SBVCHP_SBORC_R1233zd(E)_R227ea.csv,0.3192126407617339,26.56277975536381,0.16859886735650356,110.04937102502485,47.095263318028934,,,,,
DC-D,SBVCHP_SBORC,R1233zd(E),R227ea,pareto_DC-D_SBVCHP_SBORC_R1233zd(E)_R227ea.csv,0.32189082481150516,22.29667880994033,0.24902826645025034,110.87309882541653,39.60150262565664,,,,,
DC-D,SBVCHP_SBORC,R600,R1234ze(E),pareto_DC-D_SBVCHP_SBORC_R600_R1234ze(E).csv,0.32628253241575417,20.3489948230046,0.23037216298947122,111.29574588184187,36.17339889389335,,,,,
DC-D,SBVCHP_SBORC,R1233zd(E),R227ea,pareto_DC-D_SBVCHP_SBORC_R1233zd(E)_R227ea.csv,0.32935989800241544,25.01161594521906,0.2048151926460834,113.6930321223571,44.44170832420687,,,,,
DC-D,SBVCHP_SBORC,R1233zd(E),R1234ze(E),pareto_DC-D_SBVCHP_SBORC_R1233zd(E)_R1234ze(E).csv,0.33517478278858315,18.299498442984866,0.27153646469999154,117.34861434391905,32.64637495927806,,,,,
DC-D,SBVCHP_SBORC,R1233zd(E),R227ea,pareto_DC-D_SBVCHP_SBORC_R1233zd(E)_R227ea.csv,0.3378007835339766,22.922958115562558,0.22391750469812394,111.61046343655183,40.71924267561902,,,,,
DC-D,SBVCHP_SBORC,R600,R227ea,pareto_DC-D_SBVCHP_SBORC_R600_R227ea.csv,0.3406866124539041,16.706071339469396,0.23601701097185157,101.01354008730311,29.593351391029632,,,,,
DC-D,SBVCHP_SBORC,R1233zd(E),R227ea,pareto_DC-D_SBVCHP_SBORC_R1233zd(E)_R227ea.csv,0.3443076299005455,23.01063442837294,0.12560447115614995,111.50476807457582,40.87178055506808,,,,,
DC-D,SBVCHP_SBORC,R1233zd(E),R1234ze(E),pareto_DC-D_SBVCHP_SBORC_R1233zd(E)_R1234ze(E).csv,0.34523486158075245,21.294915106324446,0.21642877120226742,119.20348470552054,37.982994452869974,,,,,
DC-D,SBVCHP_SBORC,R1233zd(E),R227ea,pareto_DC-D_SBVCHP_SBORC_R1233zd(E)_R227ea.csv,0.35218464625169693,19.91546701349898,0.17794563563432345,100.02661751786457,35.223678174406366,,,,,
DC-D,SBVCHP_SBORC,R1233zd(E),R1234ze(E),pareto_DC-D_SBVCHP_SBORC_R1233zd(E)_R1234ze(E).csv,0.3541929829811519,12.118355487812952,0.28348242484516945,112.10327646012624,21.61529989311629,,,,,
DC-D,SBVCHP_SBORC,R245fa,R1234ze(E),pareto_DC-D_SBVCHP_SBORC_R245fa_R1234ze(E).csv,0.35639033721600233,11.243584576639106,0.28025545950721015,106.26306277658023,20.006362603331752,,,,,
DC-D,SBVCHP_SBORC,R1233zd(E),R1234ze(E),pareto_DC-D_SBVCHP_SBORC_R1233zd(E)_R1234ze(E).csv,0.36034201774948327,11.216807931667647,0.2885939270107216,111.62925348402396,20.009666012199872,,,,,
DC-D,SBVCHP_SBORC,R1233zd(E),R227ea,pareto_DC-D_SBVCHP_SBORC_R1233zd(E)_R227ea.csv,0.36486140506373754,16.695680117748033,0.22424914064822443,101.82214436986793,29.586151788457897,,,,,
DC-D,SBVCHP_SBORC,R1233zd(E),R1234ze(E),pareto_DC-D_SBVCHP_SBORC_R1233zd(E)_R1234ze(E).csv,0.3701981026229927,11.925864674218769,0.2787335879010484,100.24105145642432,21.15479688098357,,,,,
DC-D,SBVCHP_SBORC,R1233zd(E),R1234ze(E),pareto_DC-D_SBVCHP_SBORC_R1233zd(E)_R1234ze(E).csv,0.3751292468430913,17.24813248143992,0.1841567402008668,100.1334527542278,30.535325098326584,,,,,
DC-D,SBVCHP_SBORC,R1233zd(E),R227ea,pareto_DC-D_SBVCHP_SBORC_R1233zd(E)_R227ea.csv,0.38155527717417637,16.681189798556023,0.19636479773300644,102.51756999552518,29.570181683806208,,,,,
DC-D,SBVCHP_SBORC,R1233zd(E),R227ea,pareto_DC-D_SBVCHP_SBORC_R1233zd(E)_R227ea.csv,0.387669722021593,15.747935732902183,0.1995336033673489,101.85644165379053,27.916533330538545,,,,,
DC-D,SBVCHP_SBORC,R1233zd(E),R1234ze(E),pareto_DC-D_SBVCHP_SBORC_R1233zd(E)_R1234ze(E).csv,0.3926859370134537,12.981700110387251,0.24971184802788085,102.45379640959283,23.042519710013867,,,,,
DC-D,SBVCHP_SBORC,R1233zd(E),R1234ze(E),pareto_DC-D_SBVCHP_SBORC_R1233zd(E)_R1234ze(E).csv,0.40194663716719736,12.840915958074211,0.23765720526308834,101.18547244021451,22.780267216038343,,,,,
DC-D,SBVCHP_SBORC,R1233zd(E),R227ea,pareto_DC-D_SBVCHP_SBORC_R1233zd(E)_R227ea.csv,0.40758813299947505,13.17873215098723,0.18782814708217344,93.8846506973977,23.29745343825172,,,,,
DC-D,SBVCHP_SBORC,R1233zd(E),R1234ze(E),pareto_DC-D_SBVCHP_SBORC_R1233zd(E)_R1234ze(E).csv,0.41946892542005926,12.873179682016392,0.19703763262387194,100.57597354105518,22.83071227617266,,,,,
DC-D,SBVCHP_SBORC,R1233zd(E),R1234ze(E),pareto_DC-D_SBVCHP_SBORC_R1233zd(E)_R1234ze(E).csv,0.43086002773044857,11.476691058382437,0.1904798625184266,100.31042705505868,20.362129998139626,,,,,
DC-D,SBVCHP_SBORC,R1233zd(E),R227ea,pareto_DC-D_SBVCHP_SBORC_R1233zd(E)_R227ea.csv,0.43364183729864014,11.362545582895281,0.08323025394976818,91.4189335783855,20.0772325646122,,,,,
DC-D,SBVCHP_SRORC,R245fa,R227ea,pareto_DC-D_SBVCHP_SRORC_R245fa_R227ea.csv,0.19127771134599122,39.410952469535545,0.15751883513382964,122.04508940397844,69.99839731186877,,,,,
DC-D,SBVCHP_SRORC,R600,R227ea,pareto_DC-D_SBVCHP_SRORC_R600_R227ea.csv,0.19940261908017862,39.40380848147453,0.1678935076041539,122.4689970760329,69.9991590818851,,,,,
DC-D,SBVCHP_SRORC,R245fa,R227ea,pareto_DC-D_SBVCHP_SRORC_R245fa_R227ea.csv,0.20372991105918406,39.405870202321175,0.10195036210292432,122.32913510482685,69.99838690292783,,,,,
DC-D,SBVCHP_SRORC,R245fa,R227ea,pareto_DC-D_SBVCHP_SRORC_R245fa_R227ea.csv,0.21006747215271823,39.39263911693854,0.17277037107677312,123.11264884926554,69.99977623333987,,,,,
DC-D,SBVCHP_SRORC,R1233zd(E),R227ea,pareto_DC-D_SBVCHP_SRORC_R1233zd(E)_R227ea.csv,0.21455960961783765,39.402025957538434,0.08063840703303292,122.50077998599268,69.99702429890264,,,,,
DC-D,SBVCHP_SRORC,R1233zd(E),R227ea,pareto_DC-D_SBVCHP_SRORC_R1233zd(E)_R227ea.csv,0.21893084838833854,39.386242384052586,0.1719899629788379,123.1739928776507,69.99045843044998,,,,,
DC-D,SBVCHP_SRORC,R245fa,R227ea,pareto_DC-D_SBVCHP_SRORC_R245fa_R227ea.csv,0.22554922410015768,39.37545700617211,0.1794131049309313,123.8512003331773,69.9928419145192,,,,,
DC-D,SBVCHP_SRORC,R245fa,R227ea,pareto_DC-D_SBVCHP_SRORC_R245fa_R227ea.csv,0.23257102219571793,39.36340730875538,0.19310288944300258,124.66596962523943,69.99738460197565,,,,,
DC-D,SBVCHP_SRORC,R245fa,R227ea,pareto_DC-D_SBVCHP_SRORC_R245fa_R227ea.csv,0.23559962083520855,39.36517717500457,0.14223607052636242,124.61235880007429,69.9988035179151,,,,,
DC-D,SBVCHP_SRORC,R245fa,R227ea,pareto_DC-D_SBVCHP_SRORC_R245fa_R227ea.csv,0.24090610039435162,39.21688340175199,0.19227159422783835,124.63269656243915,69.73847848905898,,,,,
DC-D,SBVCHP_SRORC,R600,R227ea,pareto_DC-D_SBVCHP_SRORC_R600_R227ea.csv,0.24725949673093955,37.41988518817921,0.20789282393303282,123.39507537479759,66.53772847042212,,,,,
DC-D,SBVCHP_SRORC,R600,R227ea,pareto_DC-D_SBVCHP_SRORC_R600_R227ea.csv,0.25223738718328753,38.24419592998471,0.20647492147443475,126.57821440050337,68.08666596357942,,,,,
DC-D,SBVCHP_SRORC,R600,R227ea,pareto_DC-D_SBVCHP_SRORC_R600_R227ea.csv,0.255361586019927,35.968954331047286,0.21945619189034646,124.40373095209863,64.01298568785461,,,,,
DC-D,SBVCHP_SRORC,R1233zd(E),R227ea,pareto_DC-D_SBVCHP_SRORC_R1233zd(E)_R227ea.csv,0.26295080978973057,38.61058535319261,0.17777469195976164,124.30474277551059,68.66119120867346,,,,,
DC-D,SBVCHP_SRORC,R600,R227ea,pareto_DC-D_SBVCHP_SRORC_R600_R227ea.csv,0.269540697427691,35.90853173586639,0.22879785296123106,123.72014638070644,63.88658214084482,,,,,
DC-D,SBVCHP_SRORC,R1233zd(E),R227ea,pareto_DC-D_SBVCHP_SRORC_R1233zd(E)_R227ea.csv,0.27227123526635794,37.67859130812912,0.18512807291718258,123.88714820859892,67.00798789454707,,,,,
DC-D,SBVCHP_SRORC,R1233zd(E),R227ea,pareto_DC-D_SBVCHP_SRORC_R1233zd(E)_R227ea.csv,0.2795443840337126,35.78146746585902,0.23683451867714167,123.52604164528739,63.65715610833492,,,,,
DC-D,SBVCHP_SRORC,R1233zd(E),R227ea,pareto_DC-D_SBVCHP_SRORC_R1233zd(E)_R227ea.csv,0.2890155280218093,34.62446331446162,0.24253042948966425,122.85479100404444,61.60020833519857,,,,,
DC-D,SBVCHP_SRORC,R245fa,R227ea,pareto_DC-D_SBVCHP_SRORC_R245fa_R227ea.csv,0.2939132440711887,31.40135915285794,0.23329953964375996,122.1092119318756,55.90020605277559,,,,,
DC-D,SBVCHP_SRORC,R1233zd(E),R227ea,pareto_DC-D_SBVCHP_SRORC_R1233zd(E)_R227ea.csv,0.2981004450003477,28.829620242431968,0.24685932301246846,117.7912024522401,51.26040552505029,,,,,
DC-D,SBVCHP_SRORC,R1233zd(E),R227ea,pareto_DC-D_SBVCHP_SRORC_R1233zd(E)_R227ea.csv,0.2994612201219507,27.1584119558072,0.24961441548194446,116.52939270637438,48.28621558407171,,,,,
DC-D,SBVCHP_SRORC,R1233zd(E),R227ea,pareto_DC-D_SBVCHP_SRORC_R1233zd(E)_R227ea.csv,0.30342548973901035,36.0945118528966,0.022789995482977665,124.09089893661604,64.22497689163599,,,,,
DC-D,SBVCHP_SRORC,R1233zd(E),R227ea,pareto_DC-D_SBVCHP_SRORC_R1233zd(E)_R227ea.csv,0.3064437579676779,28.052669635827648,0.23720054888629188,115.59823113036755,49.840592697135655,,,,,
DC-D,SBVCHP_SRORC,R1233zd(E),R227ea,pareto_DC-D_SBVCHP_SRORC_R1233zd(E)_R227ea.csv,0.31317338563325753,26.326959475389714,0.2558764144604224,116.56233217140769,46.82116302676933,,,,,
DC-D,SBVCHP_SRORC,R1233zd(E),R227ea,pareto_DC-D_SBVCHP_SRORC_R1233zd(E)_R227ea.csv,0.3194218696188553,24.565433491900745,0.2658021461023338,117.61679235632835,43.73512369185174,,,,,
DC-D,SBVCHP_SRORC,R1233zd(E),R1234ze(E),pareto_DC-D_SBVCHP_SRORC_R1233zd(E)_R1234ze(E).csv,0.3244427147417875,26.537957553565473,0.2318811116929288,123.67732575586282,47.34986638564901,,,,,
DC-D,SBVCHP_SRORC,R1233zd(E),R227ea,pareto_DC-D_SBVCHP_SRORC_R1233zd(E)_R227ea.csv,0.32578963185003734,29.84675680396021,0.20793348905239706,119.13927043517307,53.08520548201227,,,,,
DC-D,SBVCHP_SRORC,R1233zd(E),R227ea,pareto_DC-D_SBVCHP_SRORC_R1233zd(E)_R227ea.csv,0.3322298726007547,28.654583790029893,0.2100746838047435,118.26780385668494,50.96320107871878,,,,,
DC-D,SBVCHP_SRORC,R1233zd(E),R227ea,pareto_DC-D_SBVCHP_SRORC_R1233zd(E)_R227ea.csv,0.33755220583753653,26.705606588984015,0.20804326981824867,116.8623357688739,47.49537606498434,,,,,
DC-D,SBVCHP_SRORC,R1233zd(E),R227ea,pareto_DC-D_SBVCHP_SRORC_R1233zd(E)_R227ea.csv,0.3425369966330934,15.914840711323896,0.2713017616440641,102.79376261932966,28.223044855362406,,,,,
DC-D,SBVCHP_SRORC,R1233zd(E),R1234ze(E),pareto_DC-D_SBVCHP_SRORC_R1233zd(E)_R1234ze(E).csv,0.3470415573535655,15.733330988132947,0.27454802387671506,105.82547556647677,27.94257643605428,,,,,
DC-D,SBVCHP_SRORC,R1233zd(E),R227ea,pareto_DC-D_SBVCHP_SRORC_R1233zd(E)_R227ea.csv,0.35085862142433416,24.566373788437815,0.1629413185427166,117.53544021184719,43.73512369185174,,,,,
DC-D,SBVCHP_SRORC,R245fa,R227ea,pareto_DC-D_SBVCHP_SRORC_R245fa_R227ea.csv,0.3528526756083301,17.559007650255587,0.2522153568679854,104.97005079057536,31.152144785148632,,,,,
DC-D,SBVCHP_SRORC,R1233zd(E),R1234ze(E),pareto_DC-D_SBVCHP_SRORC_R1233zd(E)_R1234ze(E).csv,0.35508452944170077,20.212938298744092,0.23811964302882754,116.09147352826942,36.01410512711816,,,,,
DC-D,SBVCHP_SRORC,R600,R227ea,pareto_DC-D_SBVCHP_SRORC_R600_R227ea.csv,0.35568074578355297,14.307765165532441,0.272218268216388,102.58993738012018,25.38546502120679,,,,,
DC-D,SBVCHP_SRORC,R1233zd(E),R227ea,pareto_DC-D_SBVCHP_SRORC_R1233zd(E)_R227ea.csv,0.3573449502108034,20.932928215935842,0.08842752491926183,104.67219061621138,37.08968102869293,,,,,
DC-D,SBVCHP_SRORC,R1233zd(E),R1234ze(E),pareto_DC-D_SBVCHP_SRORC_R1233zd(E)_R1234ze(E).csv,0.3602050912788425,19.9693969651319,0.1437885774630847,113.87779027577417,35.5462697313629,,,,,
DC-D,SBVCHP_SRORC,R1233zd(E),R227ea,pareto_DC-D_SBVCHP_SRORC_R1233zd(E)_R227ea.csv,0.3642232213417232,11.563470131336384,0.2912176552518561,105.52183694336387,20.565833725380948,,,,,
DC-D,SBVCHP_SRORC,R245fa,R227ea,pareto_DC-D_SBVCHP_SRORC_R245fa_R227ea.csv,0.36640629725364193,15.094071886568798,0.26312160960784514,105.5348971935144,26.80983686030865,,,,,
DC-D,SBVCHP_SRORC,R1233zd(E),R1234ze(E),pareto_DC-D_SBVCHP_SRORC_R1233zd(E)_R1234ze(E).csv,0.3679050473411824,11.28577631037517,0.2934828785038436,106.37678327152423,20.082191562973335,,,,,
DC-D,SBVCHP_SRORC,R1233zd(E),R1234ze(E),pareto_DC-D_SBVCHP_SRORC_R1233zd(E)_R1234ze(E).csv,0.37316939007593175,11.505512494471091,0.28201620126586213,108.84732291070408,20.495403352626838,,,,,
DC-D,SBVCHP_SRORC,R245fa,R227ea,pareto_DC-D_SBVCHP_SRORC_R245fa_R227ea.csv,0.3745698837442851,13.531245952934276,0.2686371468363307,105.13661304479291,24.043342454524517,,,,,
DC-D,SBVCHP_SRORC,R245fa,R1234ze(E),pareto_DC-D_SBVCHP_SRORC_R245fa_R1234ze(E).csv,0.3773320159246771,12.626248543088273,0.2683236594193555,104.12272278282936,22.4321659490457,,,,,
DC-D,SBVCHP_SRORC,R1233zd(E),R227ea,pareto_DC-D_SBVCHP_SRORC_R1233zd(E)_R227ea.csv,0.37882108413829496,16.888292071554673,0.2284899105170923,101.93668785448259,29.927032129676242,,,,,
DC-D,SBVCHP_SRORC,R1233zd(E),R227ea,pareto_DC-D_SBVCHP_SRORC_R1233zd(E)_R227ea.csv,0.3795956641260397,18.22543788591271,0.005302076561715749,102.4628749099925,32.289309052096435,,,,,
DC-D,SBVCHP_SRORC,R245fa,R1234ze(E),pareto_DC-D_SBVCHP_SRORC_R245fa_R1234ze(E).csv,0.38036365893199486,13.14841338343861,0.25869058781217996,108.02515651735142,23.398279875935323,,,,,
DC-D,SBVCHP_SRORC,R1233zd(E),R1234ze(E),pareto_DC-D_SBVCHP_SRORC_R1233zd(E)_R1234ze(E).csv,0.3853945899178562,13.829111725077087,0.2540837548378463,113.08128888082055,24.66214393566879,,,,,
DC-D,SBVCHP_SRORC,R1233zd(E),R227ea,pareto_DC-D_SBVCHP_SRORC_R1233zd(E)_R227ea.csv,0.3873503538589193,17.790061790693354,0.04843312125491475,104.49834742626983,31.552562872723893,,,,,
DC-D,SBVCHP_SRORC,R1233zd(E),R227ea,pareto_DC-D_SBVCHP_SRORC_R1233zd(E)_R227ea.csv,0.3919682102196381,17.396339172083234,0.07397078999292105,105.44811736711954,30.87220939675217,,,,,
DC-D,SBVCHP_SRORC,R1233zd(E),R227ea,pareto_DC-D_SBVCHP_SRORC_R1233zd(E)_R227ea.csv,0.3953215802142367,16.8543537298805,0.14932193069008393,105.03394555108275,29.91036551278482,,,,,
DC-D,SBVCHP_SRORC,R245fa,R1234ze(E),pareto_DC-D_SBVCHP_SRORC_R245fa_R1234ze(E).csv,0.3985503459090695,11.929850369405655,0.2560745073943041,101.11906950097158,21.17055518478455,,,,,
DC-D,SBVCHP_SRORC,R1233zd(E),R227ea,pareto_DC-D_SBVCHP_SRORC_R1233zd(E)_R227ea.csv,0.39960606949267025,16.356581868824687,0.15714951585708015,104.93682455482872,29.030857341068252,,,,,
DC-D,SBVCHP_SRORC,R1233zd(E),R227ea,pareto_DC-D_SBVCHP_SRORC_R1233zd(E)_R227ea.csv,0.4037866522161499,15.914840711323896,0.08931604174687675,102.79376261932966,28.223044855362406,,,,,
DC-D,SBVCHP_SRORC,R1233zd(E),R227ea,pareto_DC-D_SBVCHP_SRORC_R1233zd(E)_R227ea.csv,0.4062700554666801,15.46179604745893,0.10206176972623068,102.4628749099925,27.41986154476885,,,,,
DC-D,SBVCHP_SRORC,R1233zd(E),R1234ze(E),pareto_DC-D_SBVCHP_SRORC_R1233zd(E)_R1234ze(E).csv,0.4159471423392168,12.138473682983474,0.23476256120392755,100.98733709055267,21.537756181486024,,,,,
DC-D,SBVCHP_SRORC,R1233zd(E),R1234ze(E),pareto_DC-D_SBVCHP_SRORC_R1233zd(E)_R1234ze(E).csv,0.4211743025332956,11.472646034408328,0.2450485603417145,99.54101435753549,20.34763848707482,,,,,
DC-D,SBVCHP_SRORC,R1233zd(E),R1234ze(E),pareto_DC-D_SBVCHP_SRORC_R1233zd(E)_R1234ze(E).csv,0.4258692474002847,11.472646034408328,0.10837856993770154,99.54101435753549,20.34763848707482,,,,,
DC-D,SBVCHP_SRORC,R1233zd(E),R227ea,pareto_DC-D_SBVCHP_SRORC_R1233zd(E)_R227ea.csv,0.4278527764463242,12.614412291895015,0.019424232221050417,102.39395897323132,22.39302516648634,,,,,
DC-D,SBVCHP_SRORC,R1233zd(E),R1234ze(E),pareto_DC-D_SBVCHP_SRORC_R1233zd(E)_R1234ze(E).csv,0.43637113448745946,11.391349615110176,0.1454920996775688,99.6338231041161,20.20495104890025,,,,,
DC-D,SBVCHP_SRORC,R1233zd(E),R227ea,pareto_DC-D_SBVCHP_SRORC_R1233zd(E)_R227ea.csv,0.43974907749970915,11.289658385392945,0.03212117893116733,100.86065212562859,20.036887673019255,,,,,
DC-D,SRVCHP_SBORC,R245fa,R227ea,pareto_DC-D_SRVCHP_SBORC_R245fa_R227ea.csv,0.01000953716424399,39.61237616317812,0.006331419160862962,110.52707025896659,69.99724430478258,,,,,
DC-D,SRVCHP_SBORC,R600,R227ea,pareto_DC-D_SRVCHP_SBORC_R600_R227ea.csv,0.012140774395538298,39.61290735066825,0.002814014528973418,110.56828564883024,69.9994134863811,,,,,
DC-D,SRVCHP_SBORC,R1233zd(E),R227ea,pareto_DC-D_SRVCHP_SBORC_R1233zd(E)_R227ea.csv,0.032129103193234615,39.60542700717249,0.02544375870900254,110.99008498514192,69.99900827219314,,,,,
DC-D,SRVCHP_SBORC,R1233zd(E),R227ea,pareto_DC-D_SRVCHP_SBORC_R1233zd(E)_R227ea.csv,0.038595071544487075,39.604383992008835,0.01654831389494366,111.05076362004895,69.99900981598329,,,,,
DC-D,SRVCHP_SBORC,R600,R227ea,pareto_DC-D_SRVCHP_SBORC_R600_R227ea.csv,0.05308746932524749,39.60162923670767,0.016373797706581834,111.22398079650713,69.999406896644,,,,,
DC-D,SRVCHP_SBORC,R245fa,R227ea,pareto_DC-D_SRVCHP_SBORC_R245fa_R227ea.csv,0.0693998819582986,39.594119924031126,0.04062165972358613,111.60451986711057,69.99774005627768,,,,,
DC-D,SRVCHP_SBORC,R600,R227ea,pareto_DC-D_SRVCHP_SBORC_R600_R227ea.csv,0.07780900851331994,39.59352451306142,0.030272540446462815,111.6853547771461,69.99913954159769,,,,,
DC-D,SRVCHP_SBORC,R245fa,R227ea,pareto_DC-D_SRVCHP_SBORC_R245fa_R227ea.csv,0.09015527154948383,39.586976152340874,0.0488249144168624,112.00736346056927,69.9974066153764,,,,,
DC-D,SRVCHP_SBORC,R245fa,R227ea,pareto_DC-D_SRVCHP_SBORC_R245fa_R227ea.csv,0.10432192521215515,39.58327689667989,0.03821768599546841,112.22140373046918,69.9974066153764,,,,,
DC-D,SRVCHP_SBORC,R600,R227ea,pareto_DC-D_SRVCHP_SBORC_R600_R227ea.csv,0.12126557643044723,39.57783364026025,0.05061934923528255,112.59228638232327,69.99911399581082,,,,,
DC-D,SRVCHP_SBORC,R1233zd(E),R227ea,pareto_DC-D_SRVCHP_SBORC_R1233zd(E)_R227ea.csv,0.14258501386993094,39.57017610510264,0.04810369022686998,113.05519781983199,69.99975588213002,,,,,
DC-D,SRVCHP_SBORC,R600,R227ea,pareto_DC-D_SRVCHP_SBORC_R600_R227ea.csv,0.1536081904629231,39.55739777036538,0.082509895768687,113.73207102413946,69.9979693900688,,,,,
DC-D,SRVCHP_SBORC,R245fa,R227ea,pareto_DC-D_SRVCHP_SBORC_R245fa_R227ea.csv,0.1757741861020913,39.549379901767495,0.10439500298385405,114.22231738571452,69.99887794298213,,,,,
DC-D,SRVCHP_SBORC,R1233zd(E),R227ea,pareto_DC-D_SRVCHP_SBORC_R1233zd(E)_R227ea.csv,0.19368027203921942,39.54087915743738,0.0947257721300199,114.5283326592806,69.9933297926942,,,,,
DC-D,SRVCHP_SBORC,R245fa,R227ea,pareto_DC-D_SRVCHP_SBORC_R245fa_R227ea.csv,0.20298599992916405,39.538701668660075,0.07486400184413511,114.7542931809775,69.996427509576,,,,,
DC-D,SRVCHP_SBORC,R1233zd(E),R227ea,pareto_DC-D_SRVCHP_SBORC_R1233zd(E)_R227ea.csv,0.22537014440511896,39.48895001447608,0.1844861273290541,117.67129343979168,69.99897640482843,,,,,
DC-D,SRVCHP_SBORC,R1233zd(E),R227ea,pareto_DC-D_SRVCHP_SBORC_R1233zd(E)_R227ea.csv,0.2388193358804056,39.489445904466436,0.18170370203663017,117.64321200596403,69.99897732096214,,,,,
DC-D,SRVCHP_SBORC,R245fa,R227ea,pareto_DC-D_SRVCHP_SBORC_R245fa_R227ea.csv,0.25253854459991687,39.47219976253743,0.20256431434079733,118.5798982984845,69.99775066656358,,,,,
DC-D,SRVCHP_SBORC,R1233zd(E),R227ea,pareto_DC-D_SRVCHP_SBORC_R1233zd(E)_R227ea.csv,0.2714816579032952,39.49728756585984,0.09805527820980482,117.23096331028896,69.99998582338984,,,,,
DC-D,SRVCHP_SBORC,R1233zd(E),R227ea,pareto_DC-D_SRVCHP_SBORC_R1233zd(E)_R227ea.csv,0.2866749737077721,39.488418498042996,0.11294909182181972,117.70145079536975,69.99897732096214,,,,,
DC-D,SRVCHP_SBORC,R1233zd(E),R227ea,pareto_DC-D_SRVCHP_SBORC_R1233zd(E)_R227ea.csv,0.3015307953165583,39.43050235616954,0.23413729840507302,120.99889765155265,69.99995215410442,,,,,
DC-D,SRVCHP_SBORC,R600,R227ea,pareto_DC-D_SRVCHP_SBORC_R600_R227ea.csv,0.3215799656946226,39.45770575893986,0.1428128671663764,119.44189037067349,69.99911399581082,,,,,
DC-D,SRVCHP_SBORC,R600,R227ea,pareto_DC-D_SRVCHP_SBORC_R600_R227ea.csv,0.33096572653920303,39.421930252283204,0.20652195759928768,121.45607294251337,69.9992108148444,,,,,
DC-D,SRVCHP_SBORC,R1233zd(E),R227ea,pareto_DC-D_SRVCHP_SBORC_R1233zd(E)_R227ea.csv,0.34462146574361124,39.43001737902159,0.1781912052434415,121.02611706775984,69.99995215410442,,,,,
DC-D,SRVCHP_SBORC,R245fa,R1234ze(E),pareto_DC-D_SRVCHP_SBORC_R245fa_R1234ze(E).csv,0.34917838102652804,33.73037173203059,0.28755064470283603,127.31217199099616,60.14853993344519,,,,,
DC-D,SRVCHP_SBORC,R1233zd(E),R1234ze(E),pareto_DC-D_SRVCHP_SBORC_R1233zd(E)_R1234ze(E).csv,0.35555070143671685,33.82047977368544,0.2860022515110791,127.38305735570546,60.309576392058986,,,,,
DC-D,SRVCHP_SBORC,R1233zd(E),R1234ze(E),pareto_DC-D_SRVCHP_SBORC_R1233zd(E)_R1234ze(E).csv,0.3601204276710182,30.37793416171177,0.2976128216376819,126.06986570781642,54.194816764164706,,,,,
DC-D,SRVCHP_SBORC,R600,R227ea,pareto_DC-D_SRVCHP_SBORC_R600_R227ea.csv,0.365491441007645,39.40228152738746,0.21377069812374153,122.55293431670222,69.99911399581082,,,,,
DC-D,SRVCHP_SBORC,R600,R227ea,pareto_DC-D_SRVCHP_SBORC_R600_R227ea.csv,0.3704799450752989,37.82072078419008,0.2595029736749472,122.25084454419174,67.20832657486827,,,,,
DC-D,SRVCHP_SBORC,R600,R1234ze(E),pareto_DC-D_SRVCHP_SBORC_R600_R1234ze(E).csv,0.3778565105438856,25.178017674205975,0.2995212597517589,122.04995941671746,44.90950710990566,,,,,
DC-D,SRVCHP_SBORC,R1233zd(E),R1234ze(E),pareto_DC-D_SRVCHP_SBORC_R1233zd(E)_R1234ze(E).csv,0.38171390230757896,25.00576533512872,0.299657860613809,121.85741673261442,44.60081598941541,,,,,
DC-D,SRVCHP_SBORC,R1233zd(E),R227ea,pareto_DC-D_SRVCHP_SBORC_R1233zd(E)_R227ea.csv,0.3882176120838732,34.15175935882202,0.2504744287200607,120.87932890584689,60.712604115182025,,,,,
DC-D,SRVCHP_SBORC,R600,R227ea,pareto_DC-D_SRVCHP_SBORC_R600_R227ea.csv,0.3901311135472406,36.625898141375295,0.23698316451392792,122.21829590371658,65.10529543564363,,,,,
DC-D,SRVCHP_SBORC,R245fa,R227ea,pareto_DC-D_SRVCHP_SBORC_R245fa_R227ea.csv,0.3948763432136242,34.18433003759308,0.21490409958176002,120.34969612336539,60.75524273026947,,,,,
DC-D,SRVCHP_SBORC,R600,R1234ze(E),pareto_DC-D_SRVCHP_SBORC_R600_R1234ze(E).csv,0.3983497362166967,13.032042948197335,0.30747052978821354,108.85250825492793,23.201271679009416,,,,,
DC-D,SRVCHP_SBORC,R600,R227ea,pareto_DC-D_SRVCHP_SBORC_R600_R227ea.csv,0.4002419627775711,32.190033794019406,0.24119150825772978,118.88773585285222,57.20578933461738,,,,,
DC-D,SRVCHP_SBORC,R1233zd(E),R227ea,pareto_DC-D_SRVCHP_SBORC_R1233zd(E)_R227ea.csv,0.4044865681267324,37.10985810411493,0.21106376328764404,123.35959259048325,65.99099510671708,,,,,
DC-D,SRVCHP_SBORC,R600,R1234ze(E),pareto_DC-D_SRVCHP_SBORC_R600_R1234ze(E).csv,0.40681958595191364,11.883397143640693,0.306561221723902,106.70463339358086,21.14406125076377,,,,,
DC-D,SRVCHP_SBORC,R600,R1234ze(E),pareto_DC-D_SRVCHP_SBORC_R600_R1234ze(E).csv,0.4108404456825492,29.097968472166393,0.24472442946762693,123.70925459787044,51.87533176043119,,,,,
DC-D,SRVCHP_SBORC,R245fa,R1234ze(E),pareto_DC-D_SRVCHP_SBORC_R245fa_R1234ze(E).csv,0.41635302865967494,11.256270946017617,0.30296498683805434,104.87441952414315,20.015703374986284,,,,,
DC-D,SRVCHP_SBORC,R600,R1234ze(E),pareto_DC-D_SRVCHP_SBORC_R600_R1234ze(E).csv,0.4207086207241712,31.764029902844975,0.21529342908617738,127.03537210121036,56.668643205847,,,,,
DC-D,SRVCHP_SBORC,R1233zd(E),R227ea,pareto_DC-D_SRVCHP_SBORC_R1233zd(E)_R227ea.csv,0.42303715900051325,24.05303659983483,0.23589160104408877,114.74468700757691,42.772875232433215,,,,,
DC-D,SRVCHP_SBORC,R600,R227ea,pareto_DC-D_SRVCHP_SBORC_R600_R227ea.csv,0.42468765989416607,32.407568409830944,0.15994764718781035,119.79330357158827,57.61257980842106,,,,,
DC-D,SRVCHP_SBORC,R245fa,R1234ze(E),pareto_DC-D_SRVCHP_SBORC_R245fa_R1234ze(E).csv,0.42846583206078426,16.495646583226183,0.2776120290933054,113.69868452978719,29.396980493051522,,,,,
DC-D,SRVCHP_SBORC,R600,R227ea,pareto_DC-D_SRVCHP_SBORC_R600_R227ea.csv,0.43087450417036155,19.224834341492645,0.22753714100127484,112.05539408287912,34.200643609416595,,,,,
DC-D,SRVCHP_SBORC,R245fa,R1234ze(E),pareto_DC-D_SRVCHP_SBORC_R245fa_R1234ze(E).csv,0.43418030729861334,31.296364965050376,0.14066135228600726,127.30028939884305,55.8492432166508,,,,,
DC-D,SRVCHP_SBORC,R1233zd(E),R227ea,pareto_DC-D_SRVCHP_SBORC_R1233zd(E)_R227ea.csv,0.4390281412981839,26.498549703740576,0.16128503623361626,116.33204607147475,47.11868044642074,,,,,
DC-D,SRVCHP_SBORC,R1233zd(E),R1234ze(E),pareto_DC-D_SRVCHP_SBORC_R1233zd(E)_R1234ze(E).csv,0.4423926196287659,25.939920215808513,0.139315816493524,121.31793086917452,46.2409719773966,,,,,
DC-D,SRVCHP_SBORC,R1233zd(E),R1234ze(E),pareto_DC-D_SRVCHP_SBORC_R1233zd(E)_R1234ze(E).csv,0.44441680139332734,22.038900066329493,0.21823891510273913,120.32656676234024,39.32057321560118,,,,,
DC-D,SRVCHP_SBORC,R1233zd(E),R1234ze(E),pareto_DC-D_SRVCHP_SBORC_R1233zd(E)_R1234ze(E).csv,0.449271370981574,16.389923546151444,0.24123947824853625,111.30547540788834,29.176782496984156,,,,,
DC-D,SRVCHP_SBORC,R1233zd(E),R1234ze(E),pareto_DC-D_SRVCHP_SBORC_R1233zd(E)_R1234ze(E).csv,0.4522657778536312,23.385459589722906,0.1604404269735561,121.50515558141728,41.72677186924295,,,,,
DC-D,SRVCHP_SBORC,R245fa,R1234ze(E),pareto_DC-D_SRVCHP_SBORC_R245fa_R1234ze(E).csv,0.4540855638330079,21.5805601544602,0.16026044448726026,118.30065627797735,38.47235531338635,,,,,
DC-D,SRVCHP_SBORC,R1233zd(E),R1234ze(E),pareto_DC-D_SRVCHP_SBORC_R1233zd(E)_R1234ze(E).csv,0.45775887720214625,20.419318141022433,0.07637007642288833,117.56123071527843,36.40430340727946,,,,,
DC-D,SRVCHP_SBORC,R1233zd(E),R1234ze(E),pareto_DC-D_SRVCHP_SBORC_R1233zd(E)_R1234ze(E).csv,0.46512127110540985,18.233328066105166,0.10739133086221234,113.11816808370081,32.464404460311144,,,,,
DC-D,SRVCHP_SBORC,R245fa,R1234ze(E),pareto_DC-D_SRVCHP_SBORC_R245fa_R1234ze(E).csv,0.46754159262181716,17.424976565612976,0.10075850989692507,112.77477452455953,31.029147158368076,,,,,
DC-D,SRVCHP_SBORC,R600,R227ea,pareto_DC-D_SRVCHP_SBORC_R600_R227ea.csv,0.47234527469213833,12.536184853831784,0.16368945580557331,99.06487635176103,22.22012000447158,,,,,
DC-D,SRVCHP_SBORC,R1233zd(E),R227ea,pareto_DC-D_SRVCHP_SBORC_R1233zd(E)_R227ea.csv,0.4762826145816459,13.674717368345766,0.1242363886412826,98.28556649116453,24.219203423892374,,,,,
DC-D,SRVCHP_SBORC,R245fa,R1234ze(E),pareto_DC-D_SRVCHP_SBORC_R245fa_R1234ze(E).csv,0.4859759150707054,13.455848122036759,0.15130399440956563,104.87441952414315,23.9070924162959,,,,,
DC-D,SRVCHP_SBORC,R600,R1234ze(E),pareto_DC-D_SRVCHP_SBORC_R600_R1234ze(E).csv,0.49490373828612244,11.2594586674263,0.1526721662312774,105.48314269371912,20.027104207539576,,,,,
DC-D,SRVCHP_SBORC,R1233zd(E),R1234ze(E),pareto_DC-D_SRVCHP_SBORC_R1233zd(E)_R1234ze(E).csv,0.5022443844842598,11.293219237455462,0.0687759209226045,100.92154738279027,20.043754106810436,,,,,
DC-D,SRVCHP_SRORC,R245fa,R227ea,pareto_DC-D_SRVCHP_SRORC_R245fa_R227ea.csv,0.23634553622346932,39.41638779070483,0.195153677138369,121.70327447983482,69.99722201993077,,,,,
DC-D,SRVCHP_SRORC,R245fa,R227ea,pareto_DC-D_SRVCHP_SRORC_R245fa_R227ea.csv,0.24219058622887724,39.41638787223446,0.19504985563202573,121.70327447983482,69.99722216325077,,,,,
DC-D,SRVCHP_SRORC,R245fa,R227ea,pareto_DC-D_SRVCHP_SRORC_R245fa_R227ea.csv,0.25009921228051296,39.41092764861794,0.20246802190622856,121.97013585119618,69.99599983850352,,,,,
DC-D,SRVCHP_SRORC,R1233zd(E),R227ea,pareto_DC-D_SRVCHP_SRORC_R1233zd(E)_R227ea.csv,0.26123296143211494,39.40783864800168,0.2051830627583592,122.25144061694019,69.99940587915061,,,,,
DC-D,SRVCHP_SRORC,R1233zd(E),R227ea,pareto_DC-D_SRVCHP_SRORC_R1233zd(E)_R227ea.csv,0.27337692195483115,39.41275255087768,0.19016126836623304,121.97643525541969,69.99940582076648,,,,,
DC-D,SRVCHP_SRORC,R1233zd(E),R227ea,pareto_DC-D_SRVCHP_SRORC_R1233zd(E)_R227ea.csv,0.2779251685924346,39.41435058934218,0.17909188340880647,121.90582312600084,69.99999800002269,,,,,
DC-D,SRVCHP_SRORC,R245fa,R227ea,pareto_DC-D_SRVCHP_SRORC_R245fa_R227ea.csv,0.28691064696135543,39.41638769168311,0.08716969427793789,121.70327447983482,69.9972218458687,,,,,
DC-D,SRVCHP_SRORC,R600,R227ea,pareto_DC-D_SRVCHP_SRORC_R600_R227ea.csv,0.29135057182399315,39.41587580826879,0.08091367766565502,121.8127711016479,69.99975819135655,,,,,
DC-D,SRVCHP_SRORC,R1233zd(E),R227ea,pareto_DC-D_SRVCHP_SRORC_R1233zd(E)_R227ea.csv,0.29689673187749877,39.412252000428644,0.09120468539248128,122.02331293756836,69.99999800002269,,,,,
DC-D,SRVCHP_SRORC,R600,R227ea,pareto_DC-D_SRVCHP_SRORC_R600_R227ea.csv,0.3054516684101725,39.410308853326164,0.06684714951345541,121.93457122340813,69.99379534580437,,,,,
DC-D,SRVCHP_SRORC,R1233zd(E),R227ea,pareto_DC-D_SRVCHP_SRORC_R1233zd(E)_R227ea.csv,0.3104722859041024,39.4029412710782,0.10324718964231888,122.52532939478027,69.99940582076648,,,,,
DC-D,SRVCHP_SRORC,R245fa,R227ea,pareto_DC-D_SRVCHP_SRORC_R245fa_R227ea.csv,0.31815214863581576,39.3960370251864,0.12690008819714413,122.80677835445844,69.9961203498904,,,,,
DC-D,SRVCHP_SRORC,R600,R227ea,pareto_DC-D_SRVCHP_SRORC_R600_R227ea.csv,0.33419477596307917,39.38302323339206,0.07556606415310094,123.45951551991983,69.99379534580437,,,,,
DC-D,SRVCHP_SRORC,R1233zd(E),R227ea,pareto_DC-D_SRVCHP_SRORC_R1233zd(E)_R227ea.csv,0.3470775843131569,39.37390634758569,0.10161179931694977,124.14547255260645,69.99940582076648,,,,,
DC-D,SRVCHP_SRORC,R1233zd(E),R227ea,pareto_DC-D_SRVCHP_SRORC_R1233zd(E)_R227ea.csv,0.35518240991306604,39.370139818203626,0.18730829809282443,124.34510928030488,69.99908664669417,,,,,
DC-D,SRVCHP_SRORC,R245fa,R227ea,pareto_DC-D_SRVCHP_SRORC_R245fa_R227ea.csv,0.36438529388967944,31.71723699902322,0.30311331797290386,122.41685510507281,56.4651294977004,,,,,
DC-D,SRVCHP_SRORC,R1233zd(E),R227ea,pareto_DC-D_SRVCHP_SRORC_R1233zd(E)_R227ea.csv,0.370729600284155,38.8202305667488,0.11619660677166727,124.51229476456236,69.03662723781771,,,,,
DC-D,SRVCHP_SRORC,R600,R1234ze(E),pareto_DC-D_SRVCHP_SRORC_R600_R1234ze(E).csv,0.37778722773410267,22.6568676492563,0.3058139903245323,120.54613587402142,40.41865868854474,,,,,
DC-D,SRVCHP_SRORC,R1233zd(E),R1234ze(E),pareto_DC-D_SRVCHP_SRORC_R1233zd(E)_R1234ze(E).csv,0.3796408831068451,31.547669759435802,0.2894120336395799,126.7912633240718,56.28002431672648,,,,,
DC-D,SRVCHP_SRORC,R1233zd(E),R227ea,pareto_DC-D_SRVCHP_SRORC_R1233zd(E)_R227ea.csv,0.3844857663234082,17.500509656459265,0.3092322107593498,110.39053456294727,31.12788905942404,,,,,
DC-D,SRVCHP_SRORC,R1233zd(E),R227ea,pareto_DC-D_SRVCHP_SRORC_R1233zd(E)_R227ea.csv,0.3871870638728042,21.943649145644716,0.3088962668621408,114.78180432912445,39.050300789556964,,,,,
DC-D,SRVCHP_SRORC,R245fa,R1234ze(E),pareto_DC-D_SRVCHP_SRORC_R245fa_R1234ze(E).csv,0.3921501650372014,11.239175785279238,0.3182356673383555,108.12948409314744,20.016211515394556,,,,,
DC-D,SRVCHP_SRORC,R600,R227ea,pareto_DC-D_SRVCHP_SRORC_R600_R227ea.csv,0.39519898578251245,21.684859643141674,0.30473439347850656,115.89262395154698,38.61327506535169,,,,,
DC-D,SRVCHP_SRORC,R1233zd(E),R1234ze(E),pareto_DC-D_SRVCHP_SRORC_R1233zd(E)_R1234ze(E).csv,0.3986997344901022,24.16893666146825,0.29528910863200347,120.47593086137405,43.092489852350276,,,,,
DC-D,SRVCHP_SRORC,R1233zd(E),R227ea,pareto_DC-D_SRVCHP_SRORC_R1233zd(E)_R227ea.csv,0.4016415752967565,11.76725738179021,0.31650616632115686,108.22224760514024,20.953367021261236,,,,,
DC-D,SRVCHP_SRORC,R245fa,R227ea,pareto_DC-D_SRVCHP_SRORC_R245fa_R227ea.csv,0.40546394883668296,27.02446250042187,0.2798228714369657,117.18802519401893,48.06479134974007,,,,,
DC-D,SRVCHP_SRORC,R600,R227ea,pareto_DC-D_SRVCHP_SRORC_R600_R227ea.csv,0.40817555520648835,35.18489091888744,0.2596636338573548,124.59638063717156,62.63713892382025,,,,,
DC-D,SRVCHP_SRORC,R245fa,R227ea,pareto_DC-D_SRVCHP_SRORC_R245fa_R227ea.csv,0.41300624338382447,37.46130323468526,0.1346883585863856,124.92814981307883,66.65706989734623,,,,,
DC-D,SRVCHP_SRORC,R1233zd(E),R1234ze(E),pareto_DC-D_SRVCHP_SRORC_R1233zd(E)_R1234ze(E).csv,0.4166139600540857,12.498983212225115,0.3122478258559109,111.4502619115332,22.284096252559117,,,,,
DC-D,SRVCHP_SRORC,R245fa,R227ea,pareto_DC-D_SRVCHP_SRORC_R245fa_R227ea.csv,0.4186742701838695,16.620651725913675,0.2965227215323358,108.81739697186818,29.55043661888299,,,,,
DC-D,SRVCHP_SRORC,R1233zd(E),R227ea,pareto_DC-D_SRVCHP_SRORC_R1233zd(E)_R227ea.csv,0.4229072405147762,33.13702237685574,0.168085143548981,122.11834049985957,58.95956684356771,,,,,
DC-D,SRVCHP_SRORC,R245fa,R227ea,pareto_DC-D_SRVCHP_SRORC_R245fa_R227ea.csv,0.42634507287583717,16.620651725913675,0.28962071080335666,108.81739697186818,29.55043661888299,,,,,
DC-D,SRVCHP_SRORC,R1233zd(E),R227ea,pareto_DC-D_SRVCHP_SRORC_R1233zd(E)_R227ea.csv,0.4289918172340897,27.880200939690194,0.24602719046631827,118.55854500593608,49.604745041285405,,,,,
DC-D,SRVCHP_SRORC,R600,R227ea,pareto_DC-D_SRVCHP_SRORC_R600_R227ea.csv,0.4305573467073267,36.07006685884592,0.11435041384082165,125.37845799859065,64.21973218697408,,,,,
DC-D,SRVCHP_SRORC,R245fa,R227ea,pareto_DC-D_SRVCHP_SRORC_R245fa_R227ea.csv,0.4313157026782271,32.52981901339402,0.1651731387956546,122.20313963876566,57.891882875661395,,,,,
DC-D,SRVCHP_SRORC,R245fa,R227ea,pareto_DC-D_SRVCHP_SRORC_R245fa_R227ea.csv,0.4337056136159167,24.73626701824384,0.26540706044513374,117.18566559822703,44.027909785333414,,,,,
DC-D,SRVCHP_SRORC,R600,R227ea,pareto_DC-D_SRVCHP_SRORC_R600_R227ea.csv,0.43549745412100044,11.483430787903767,0.29328336120313087,103.07390838343667,20.400533967234928,,,,,
DC-D,SRVCHP_SRORC,R600,R227ea,pareto_DC-D_SRVCHP_SRORC_R600_R227ea.csv,0.43703445207837915,12.49265706505792,0.2896556767978724,103.36258837365557,22.187999015741152,,,,,
DC-D,SRVCHP_SRORC,R245fa,R227ea,pareto_DC-D_SRVCHP_SRORC_R245fa_R227ea.csv,0.44429825467300216,25.068976203740835,0.23733448858931977,117.18566559822703,44.61518018940694,,,,,
DC-D,SRVCHP_SRORC,R600,R1234ze(E),pareto_DC-D_SRVCHP_SRORC_R600_R1234ze(E).csv,0.4478110062909175,19.987209303888285,0.22676783020024038,116.40629767568626,35.620014192693134,,,,,
DC-D,SRVCHP_SRORC,R1233zd(E),R227ea,pareto_DC-D_SRVCHP_SRORC_R1233zd(E)_R227ea.csv,0.4492689602001533,25.351756489457,0.21915868920121595,117.2334816159435,45.115241546814026,,,,,
DC-D,SRVCHP_SRORC,R600,R227ea,pareto_DC-D_SRVCHP_SRORC_R600_R227ea.csv,0.45204015610090065,15.012075343167645,0.25656661405439435,105.91161726268358,26.66971258329405,,,,,
DC-D,SRVCHP_SRORC,R1233zd(E),R227ea,pareto_DC-D_SRVCHP_SRORC_R1233zd(E)_R227ea.csv,0.4550990509523463,11.572353629563255,0.2820963838148945,103.55539203620145,20.562477625256655,,,,,
DC-D,SRVCHP_SRORC,R1233zd(E),R227ea,pareto_DC-D_SRVCHP_SRORC_R1233zd(E)_R227ea.csv,0.4573396342206673,12.16474240046553,0.27400169436375127,108.2259085674005,21.657902268494436,,,,,
DC-D,SRVCHP_SRORC,R245fa,R227ea,pareto_DC-D_SRVCHP_SRORC_R245fa_R227ea.csv,0.459256555689706,26.347362055489516,0.037777321278629025,118.32506123964524,46.895540976722955,,,,,
DC-D,SRVCHP_SRORC,R245fa,R227ea,pareto_DC-D_SRVCHP_SRORC_R245fa_R227ea.csv,0.4606522299713493,25.480479060056098,0.1141075099472377,117.56424620141533,45.349377890951146,,,,,
DC-D,SRVCHP_SRORC,R600,R227ea,pareto_DC-D_SRVCHP_SRORC_R600_R227ea.csv,0.462859186939314,14.376787797898402,0.24418641005424033,108.34679211827388,25.576366944819046,,,,,
DC-D,SRVCHP_SRORC,R1233zd(E),R1234ze(E),pareto_DC-D_SRVCHP_SRORC_R1233zd(E)_R1234ze(E).csv,0.46668692370683973,11.934862376505341,0.26352208866710763,104.53912916177214,21.213524125792986,,,,,
DC-D,SRVCHP_SRORC,R245fa,R227ea,pareto_DC-D_SRVCHP_SRORC_R245fa_R227ea.csv,0.46953619110366196,13.322960666462885,0.24112877320604745,108.8416260999018,23.716477962611233,,,,,
DC-D,SRVCHP_SRORC,R1233zd(E),R227ea,pareto_DC-D_SRVCHP_SRORC_R1233zd(E)_R227ea.csv,0.47205154784896053,13.475304021312411,0.23578077509895384,110.00183474382911,23.999438204208037,,,,,
DC-D,SRVCHP_SRORC,R600,R227ea,pareto_DC-D_SRVCHP_SRORC_R600_R227ea.csv,0.47381284616363534,18.593257287428195,0.164237193324244,109.8645687876448,33.05050611756488,,,,,
DC-D,SRVCHP_SRORC,R1233zd(E),R1234ze(E),pareto_DC-D_SRVCHP_SRORC_R1233zd(E)_R1234ze(E).csv,0.47635866865342347,12.420278902877337,0.229466744475795,110.22393156056427,22.1316009205066,,,,,
DC-D,SRVCHP_SRORC,R600,R227ea,pareto_DC-D_SRVCHP_SRORC_R600_R227ea.csv,0.47819240501996135,17.47773536975772,0.052722681593203216,108.2879855792974,31.05698360768358,,,,,
DC-D,SRVCHP_SRORC,R1233zd(E),R227ea,pareto_DC-D_SRVCHP_SRORC_R1233zd(E)_R227ea.csv,0.48071485755154003,15.322388204840259,0.17991578734230637,106.01573982334052,27.21923927438047,,,,,
DC-D,SRVCHP_SRORC,R600,R227ea,pareto_DC-D_SRVCHP_SRORC_R600_R227ea.csv,0.4842227102813571,15.781834953036233,0.16485851204766408,109.85391487717298,28.08133175664602,,,,,
DC-D,SRVCHP_SRORC,R600,R227ea,pareto_DC-D_SRVCHP_SRORC_R600_R227ea.csv,0.4854032780440691,15.77950615186035,0.011280734792052025,108.32779828819011,28.057058543646274,,,,,
DC-D,SRVCHP_SRORC,R1233zd(E),R1234ze(E),pareto_DC-D_SRVCHP_SRORC_R1233zd(E)_R1234ze(E).csv,0.489840994604143,12.745628267410552,0.17605991273262217,104.32694639758796,22.645421291293736,,,,,
DC-D,SRVCHP_SRORC,R600,R227ea,pareto_DC-D_SRVCHP_SRORC_R600_R227ea.csv,0.49800322179389706,12.818151859912579,0.15316909827398725,102.24550842686924,22.75138431390486,,,,,
DC-D,SRVCHP_SRORC,R245fa,R227ea,pareto_DC-D_SRVCHP_SRORC_R245fa_R227ea.csv,0.5023166010815352,12.126457590031976,0.00047179102336552734,98.22258251360401,21.488702321801625,,,,,
DC-D,SRVCHP_SRORC,R245fa,R227ea,pareto_DC-D_SRVCHP_SRORC_R245fa_R227ea.csv,0.5081852537501057,11.345556069508508,0.09902567178077151,97.04298524278023,20.09969021855341,,,,,
DC-E,SBVCHP_SBORC,R1233zd(E),R227ea,pareto_DC-E_SBVCHP_SBORC_R1233zd(E)_R227ea.csv,0.011619506401588717,45.506426004521714,0.005142900215671476,100.66121284636986,79.99827138526867,,,,,
DC-E,SBVCHP_SBORC,R1233zd(E),R227ea,pareto_DC-E_SBVCHP_SBORC_R1233zd(E)_R227ea.csv,0.054343303772532214,45.492161354252914,0.026814090475649578,101.48338349694973,79.99898162951709,,,,,
DC-E,SBVCHP_SBORC,R1233zd(E),R227ea,pareto_DC-E_SBVCHP_SBORC_R1233zd(E)_R227ea.csv,0.11656532168777349,45.47622604422708,0.007831233829709381,102.34918453933803,79.99827138526867,,,,,
DC-E,SBVCHP_SBORC,R1233zd(E),R227ea,pareto_DC-E_SBVCHP_SBORC_R1233zd(E)_R227ea.csv,0.20157062226678038,45.43147779277629,0.08548521514865479,104.85003259553436,79.99924826975857,,,,,
DC-E,SBVCHP_SBORC,R1233zd(E),R227ea,pareto_DC-E_SBVCHP_SBORC_R1233zd(E)_R227ea.csv,0.2743426754219976,45.37860838136175,0.12095669846641882,107.68486319019854,79.99801707011964,,,,,
DC-E,SBVCHP_SBORC,R1233zd(E),R134a,pareto_DC-E_SBVCHP_SBORC_R1233zd(E)_R134a.csv,0.3051605549882633,45.20634765158176,0.16912451370806686,116.60627655476934,79.99309014573271,,,,,
DC-E,SBVCHP_SBORC,R1233zd(E),R227ea,pareto_DC-E_SBVCHP_SBORC_R1233zd(E)_R227ea.csv,0.3295184018852718,45.29473500972759,0.15886193007013358,111.32016453855093,79.97042905435744,,,,,
DC-E,SBVCHP_SBORC,R1233zd(E),R227ea,pareto_DC-E_SBVCHP_SBORC_R1233zd(E)_R227ea.csv,0.38986943158452103,45.05662797167581,0.23442657270363348,122.99368623190622,79.95077948560063,,,,,
DC-E,SBVCHP_SBORC,R1233zd(E),R1234ze(E),pareto_DC-E_SBVCHP_SBORC_R1233zd(E)_R1234ze(E).csv,0.4052884416289855,43.55177469317444,0.19771385430620897,122.45609828812017,77.28865130894768,,,,,
DC-E,SBVCHP_SBORC,R1233zd(E),R1234ze(E),pareto_DC-E_SBVCHP_SBORC_R1233zd(E)_R1234ze(E).csv,0.41524531891315225,42.74774953552795,0.20475019785128476,123.20803615474699,75.90134383025192,,,,,
DC-E,SBVCHP_SBORC,R1233zd(E),R227ea,pareto_DC-E_SBVCHP_SBORC_R1233zd(E)_R227ea.csv,0.4371115928102057,44.57350113907406,0.17172719519123292,118.94229001504532,78.96273006878543,,,,,
DC-E,SBVCHP_SBORC,R1233zd(E),R227ea,pareto_DC-E_SBVCHP_SBORC_R1233zd(E)_R227ea.csv,0.4500868592738551,34.98108274090699,0.2277584271260382,115.96124387548225,62.0339096079874,,,,,
DC-E,SBVCHP_SBORC,R1233zd(E),R227ea,pareto_DC-E_SBVCHP_SBORC_R1233zd(E)_R227ea.csv,0.45718637707269505,41.09699901107752,0.19231104633032378,118.95154560307984,72.8620168746107,,,,,
DC-E,SBVCHP_SBORC,R1233zd(E),R227ea,pareto_DC-E_SBVCHP_SBORC_R1233zd(E)_R227ea.csv,0.462693218661817,44.45582936418391,0.19058170342171837,122.81877495909411,78.88927314032881,,,,,
DC-E,SBVCHP_SBORC,R1233zd(E),R1234ze(E),pareto_DC-E_SBVCHP_SBORC_R1233zd(E)_R1234ze(E).csv,0.47301213585744634,38.891924082453436,0.1333104792514741,127.27424713949631,69.24957699788894,,,,,
DC-E,SBVCHP_SBORC,R1233zd(E),R227ea,pareto_DC-E_SBVCHP_SBORC_R1233zd(E)_R227ea.csv,0.47784556794246236,40.5961945420655,0.001666469251359634,119.04275609292519,71.9857449868063,,,,,
DC-E,SBVCHP_SBORC,R1233zd(E),R1234ze(E),pareto_DC-E_SBVCHP_SBORC_R1233zd(E)_R1234ze(E).csv,0.485117959332247,34.92725384769603,0.1608254988193219,115.3739559177055,61.92301686249111,,,,,
DC-E,SBVCHP_SBORC,R1233zd(E),R1234ze(E),pareto_DC-E_SBVCHP_SBORC_R1233zd(E)_R1234ze(E).csv,0.4903951675830633,24.819928473789485,0.23905282194548533,101.65208025599554,43.86137280389331,,,,,
DC-E,SBVCHP_SBORC,R1233zd(E),R227ea,pareto_DC-E_SBVCHP_SBORC_R1233zd(E)_R227ea.csv,0.49604437763772674,39.13430304637738,0.12689782888967135,116.22291191557255,69.33204890206589,,,,,
DC-E,SBVCHP_SBORC,R1233zd(E),R227ea,pareto_DC-E_SBVCHP_SBORC_R1233zd(E)_R227ea.csv,0.5107961165121843,28.468267060381976,0.2132543706416623,103.22762174644916,50.28948529438345,,,,,
DC-E,SBVCHP_SBORC,R1233zd(E),R227ea,pareto_DC-E_SBVCHP_SBORC_R1233zd(E)_R227ea.csv,0.5141027590306686,34.51413248354847,0.1727330498693811,110.58758678684256,61.06688041102947,,,,,
DC-E,SBVCHP_SBORC,R1233zd(E),R227ea,pareto_DC-E_SBVCHP_SBORC_R1233zd(E)_R227ea.csv,0.5170828198706343,32.34668481277922,0.13853138072190418,116.3288335483498,57.41440193615976,,,,,
DC-E,SBVCHP_SBORC,R1233zd(E),R1234ze(E),pareto_DC-E_SBVCHP_SBORC_R1233zd(E)_R1234ze(E).csv,0.5188040538348246,18.30829606697599,0.2782544327766721,111.33677494543764,32.56974292830759,,,,,
DC-E,SBVCHP_SBORC,R1233zd(E),R134a,pareto_DC-E_SBVCHP_SBORC_R1233zd(E)_R134a.csv,0.5235315898757649,29.86502363508778,0.16638798441726366,104.10827577179293,52.7565441040746,,,,,
DC-E,SBVCHP_SBORC,R1233zd(E),R227ea,pareto_DC-E_SBVCHP_SBORC_R1233zd(E)_R227ea.csv,0.5333042563917018,28.42621593646726,0.20481869508448697,107.87598509380831,50.32059687688188,,,,,
DC-E,SBVCHP_SBORC,R1233zd(E),R1234ze(E),pareto_DC-E_SBVCHP_SBORC_R1233zd(E)_R1234ze(E).csv,0.5446635004504939,18.77756326997022,0.2696741619116688,105.08166028234847,33.30154250028535,,,,,
DC-E,SBVCHP_SBORC,R1233zd(E),R227ea,pareto_DC-E_SBVCHP_SBORC_R1233zd(E)_R227ea.csv,0.5580957982636288,32.89069608048562,0.019343405005967578,100.51162236770685,57.96383050186693,,,,,
DC-E,SBVCHP_SBORC,R1233zd(E),R1234ze(E),pareto_DC-E_SBVCHP_SBORC_R1233zd(E)_R1234ze(E).csv,0.5631660682160219,14.058596806761638,0.261454869757793,111.33700044911753,25.04858769194353,,,,,
DC-E,SBVCHP_SBORC,R1233zd(E),R227ea,pareto_DC-E_SBVCHP_SBORC_R1233zd(E)_R227ea.csv,0.5700156878049822,28.00322876286371,0.16691811059328676,102.47195700035246,49.45800953233113,,,,,
DC-E,SBVCHP_SBORC,R1233zd(E),R134a,pareto_DC-E_SBVCHP_SBORC_R1233zd(E)_R134a.csv,0.5780477138428318,29.027902556120203,0.09520075677866364,101.88083972355325,51.23936454385876,,,,,
DC-E,SBVCHP_SBORC,R1233zd(E),R134a,pareto_DC-E_SBVCHP_SBORC_R1233zd(E)_R134a.csv,0.5837343265208436,19.132810468930412,0.22634455118124672,90.21883587724312,33.69885325829326,,,,,
DC-E,SBVCHP_SBORC,R1233zd(E),R227ea,pareto_DC-E_SBVCHP_SBORC_R1233zd(E)_R227ea.csv,0.5919947445299112,28.747937873701265,0.11232908331639879,102.42731241196748,50.76144208461345,,,,,
DC-E,SBVCHP_SBORC,R1233zd(E),R1234ze(E),pareto_DC-E_SBVCHP_SBORC_R1233zd(E)_R1234ze(E).csv,0.5962737137022737,20.226382296100056,0.1819147188927558,110.73372948571522,35.94752219513971,,,,,
DC-E,SBVCHP_SBORC,R1233zd(E),R134a,pareto_DC-E_SBVCHP_SBORC_R1233zd(E)_R134a.csv,0.6049569659957028,15.806909946746744,0.2438096376121503,87.76767419165861,27.84073077705381,,,,,
DC-E,SBVCHP_SBORC,R1233zd(E),R134a,pareto_DC-E_SBVCHP_SBORC_R1233zd(E)_R134a.csv,0.6143538070507077,14.985260765623854,0.24710300772887325,87.51552228680525,26.397862851758358,,,,,
DC-E,SBVCHP_SBORC,R1233zd(E),R1234ze(E),pareto_DC-E_SBVCHP_SBORC_R1233zd(E)_R1234ze(E).csv,0.619807117129414,25.109892827213663,0.09753911912592597,101.8431177794477,44.37366023586343,,,,,
DC-E,SBVCHP_SBORC,R1233zd(E),R134a,pareto_DC-E_SBVCHP_SBORC_R1233zd(E)_R134a.csv,0.6329158186142442,14.20691199262529,0.24214041609352804,84.84815664223643,25.00358759718361,,,,,
DC-E,SBVCHP_SBORC,R1233zd(E),R1234ze(E),pareto_DC-E_SBVCHP_SBORC_R1233zd(E)_R1234ze(E).csv,0.6412482017886632,18.99166014396488,0.18923984324629983,84.2360659110266,33.36444735733872,,,,,
DC-E,SBVCHP_SBORC,R1233zd(E),R1234ze(E),pareto_DC-E_SBVCHP_SBORC_R1233zd(E)_R1234ze(E).csv,0.657181519551969,23.053927932777277,0.10033343710361842,103.096020504182,40.78981426282023,,,,,
DC-E,SBVCHP_SBORC,R1233zd(E),R1234ze(E),pareto_DC-E_SBVCHP_SBORC_R1233zd(E)_R1234ze(E).csv,0.6733594148106693,21.483339636132026,0.12009337490449064,102.96410869687138,38.02807204519652,,,,,
DC-E,SBVCHP_SBORC,R1233zd(E),R1234ze(E),pareto_DC-E_SBVCHP_SBORC_R1233zd(E)_R1234ze(E).csv,0.684420318882154,16.190351820465843,0.18657001629797768,80.54138649121887,28.422534782309615,,,,,
DC-E,SBVCHP_SBORC,R1233zd(E),R1234ze(E),pareto_DC-E_SBVCHP_SBORC_R1233zd(E)_R1234ze(E).csv,0.7078258819770614,20.502145813655577,0.11106281837162822,80.6550359200207,35.94752219513971,,,,,
DC-E,SBVCHP_SBORC,R1233zd(E),R1234ze(E),pareto_DC-E_SBVCHP_SBORC_R1233zd(E)_R1234ze(E).csv,0.711663613210768,20.502145813655577,0.10980162917094667,80.6550359200207,35.94752219513971,,,,,
DC-E,SBVCHP_SBORC,R1233zd(E),R227ea,pareto_DC-E_SBVCHP_SBORC_R1233zd(E)_R227ea.csv,0.7305963763694091,18.133380437167038,0.14127215755225628,83.8759344451784,31.860047884953893,,,,,
DC-E,SBVCHP_SBORC,R1233zd(E),R1234ze(E),pareto_DC-E_SBVCHP_SBORC_R1233zd(E)_R1234ze(E).csv,0.7422121133755479,21.70154964378237,0.07014480598829959,80.03528740600504,38.02807204519652,,,,,
DC-E,SBVCHP_SBORC,R1233zd(E),R134a,pareto_DC-E_SBVCHP_SBORC_R1233zd(E)_R134a.csv,0.7502991375391082,15.40065506760571,0.14748370527809995,81.94586837273765,27.059379035098956,,,,,
DC-E,SBVCHP_SBORC,R1233zd(E),R227ea,pareto_DC-E_SBVCHP_SBORC_R1233zd(E)_R227ea.csv,0.775557482432977,22.18738900467492,0.05749392110179603,80.64054880725082,38.8839906756684,,,,,
DC-E,SBVCHP_SBORC,R1233zd(E),R1234ze(E),pareto_DC-E_SBVCHP_SBORC_R1233zd(E)_R1234ze(E).csv,0.7908050536615219,19.516696695087244,0.08185466168068627,80.33576630545647,34.224750339266315,,,,,
DC-E,SBVCHP_SBORC,R1233zd(E),R227ea,pareto_DC-E_SBVCHP_SBORC_R1233zd(E)_R227ea.csv,0.8009836674431152,21.68063355541143,0.05956071864022849,80.67606624162651,38.001688207948206,,,,,
DC-E,SBVCHP_SBORC,R1233zd(E),R1234ze(E),pareto_DC-E_SBVCHP_SBORC_R1233zd(E)_R1234ze(E).csv,0.813383532403996,19.04851905567074,0.09130169449394425,82.75557840181595,33.44254883206727,,,,,
DC-E,SBVCHP_SBORC,R1233zd(E),R134a,pareto_DC-E_SBVCHP_SBORC_R1233zd(E)_R134a.csv,0.8267489136435584,18.965852959355484,0.07012728868026094,81.15962281277505,33.27567312879266,,,,,
DC-E,SBVCHP_SBORC,R1233zd(E),R1234ze(E),pareto_DC-E_SBVCHP_SBORC_R1233zd(E)_R1234ze(E).csv,0.8414668813665571,18.902000915727243,0.0801534089708123,80.16118441483503,33.150307325854044,,,,,
DC-E,SBVCHP_SBORC,R1233zd(E),R134a,pareto_DC-E_SBVCHP_SBORC_R1233zd(E)_R134a.csv,0.846721148170525,18.52171439521272,0.07838858574070036,80.02921094036076,32.48518776673177,,,,,
DC-E,SBVCHP_SBORC,R1233zd(E),R1234ze(E),pareto_DC-E_SBVCHP_SBORC_R1233zd(E)_R1234ze(E).csv,0.8777920730047079,17.126828919063378,0.08630893101546823,80.45358538905617,30.056703460905766,,,,,
DC-E,SBVCHP_SBORC,R1233zd(E),R134a,pareto_DC-E_SBVCHP_SBORC_R1233zd(E)_R134a.csv,0.8927553357132569,18.941446587861744,0.04111950122097805,81.27773610751842,33.23475211090337,,,,,
DC-E,SBVCHP_SBORC,R1233zd(E),R227ea,pareto_DC-E_SBVCHP_SBORC_R1233zd(E)_R227ea.csv,0.9180552812804045,16.57737202534429,0.06989447849546504,80.57403553939379,29.098857287957603,,,,,
DC-E,SBVCHP_SBORC,R1233zd(E),R227ea,pareto_DC-E_SBVCHP_SBORC_R1233zd(E)_R227ea.csv,0.9515563421676208,16.13640298004819,0.07907491578847614,80.02694851895733,28.322060406529094,,,,,
DC-E,SBVCHP_SBORC,R1233zd(E),R134a,pareto_DC-E_SBVCHP_SBORC_R1233zd(E)_R134a.csv,0.9660882772802523,16.092102518968023,0.059923206837917666,80.51891784508413,28.2506523037238,,,,,
DC-E,SBVCHP_SBORC,R1233zd(E),R227ea,pareto_DC-E_SBVCHP_SBORC_R1233zd(E)_R227ea.csv,0.9868424264459258,14.711574468693323,0.07251567830863319,80.19981004276875,25.83482704845477,,,,,
DC-E,SBVCHP_SBORC,R1233zd(E),R134a,pareto_DC-E_SBVCHP_SBORC_R1233zd(E)_R134a.csv,0.9998564717699894,14.23881103345323,0.04889688509510365,81.17984697169621,25.019085531396243,,,,,
DC-E,SBVCHP_SRORC,R1233zd(E),R227ea,pareto_DC-E_SBVCHP_SRORC_R1233zd(E)_R227ea.csv,0.3345307218616223,45.209832839690904,0.18478968842912757,116.56001778641208,79.99762635125367,,,,,
DC-E,SBVCHP_SRORC,R1233zd(E),R227ea,pareto_DC-E_SBVCHP_SRORC_R1233zd(E)_R227ea.csv,0.34460567833657524,45.19473862782428,0.18650723106482212,117.33646878830812,79.99762635125367,,,,,
DC-E,SBVCHP_SRORC,R1233zd(E),R227ea,pareto_DC-E_SBVCHP_SRORC_R1233zd(E)_R227ea.csv,0.3974180091249848,44.76805084240582,0.2270386918507861,122.99130842640008,79.4437488893934,,,,,
DC-E,SBVCHP_SRORC,R1233zd(E),R227ea,pareto_DC-E_SBVCHP_SRORC_R1233zd(E)_R227ea.csv,0.4077415267863523,44.71164578082915,0.23982626265168597,123.44075153484174,79.36029774655374,,,,,
DC-E,SBVCHP_SRORC,R1233zd(E),R227ea,pareto_DC-E_SBVCHP_SRORC_R1233zd(E)_R227ea.csv,0.4185917532842755,44.13981073275492,0.24625067341729628,123.44075153484174,78.35553270335333,,,,,
DC-E,SBVCHP_SRORC,R1233zd(E),R227ea,pareto_DC-E_SBVCHP_SRORC_R1233zd(E)_R227ea.csv,0.43377930775831863,39.413004046776095,0.25569109349631874,121.18534755245874,69.97503879073251,,,,,
DC-E,SBVCHP_SRORC,R1233zd(E),R227ea,pareto_DC-E_SBVCHP_SRORC_R1233zd(E)_R227ea.csv,0.45118229566341234,39.40416613566589,0.2635135672380828,121.68096735116752,69.97503879073251,,,,,
DC-E,SBVCHP_SRORC,R1233zd(E),R227ea,pareto_DC-E_SBVCHP_SRORC_R1233zd(E)_R227ea.csv,0.45967770509567,35.23589913974582,0.25911449755365873,117.13736494972258,62.51452264596402,,,,,
DC-E,SBVCHP_SRORC,R1233zd(E),R1234ze(E),pareto_DC-E_SBVCHP_SRORC_R1233zd(E)_R1234ze(E).csv,0.46613613717363495,37.557423489552754,0.21211807732330637,125.46052357861747,66.84254359600227,,,,,
DC-E,SBVCHP_SRORC,R1233zd(E),R227ea,pareto_DC-E_SBVCHP_SRORC_R1233zd(E)_R227ea.csv,0.4758025617679828,41.38317639133844,0.20211999185815313,122.60349924983397,73.48305788760928,,,,,
DC-E,SBVCHP_SRORC,R1233zd(E),R227ea,pareto_DC-E_SBVCHP_SRORC_R1233zd(E)_R227ea.csv,0.4790739671121193,32.545910687473715,0.26801831784866853,116.54288805716658,57.770311626691274,,,,,
DC-E,SBVCHP_SRORC,R1233zd(E),R1234ze(E),pareto_DC-E_SBVCHP_SRORC_R1233zd(E)_R1234ze(E).csv,0.48041837049121267,38.133369851300934,0.1388424828351642,123.41847554213804,67.79402243307571,,,,,
DC-E,SBVCHP_SRORC,R1233zd(E),R227ea,pareto_DC-E_SBVCHP_SRORC_R1233zd(E)_R227ea.csv,0.4841081671161004,40.63508401292187,0.13324670274634035,121.67251618244278,72.13815396821538,,,,,
DC-E,SBVCHP_SRORC,R1233zd(E),R227ea,pareto_DC-E_SBVCHP_SRORC_R1233zd(E)_R227ea.csv,0.49333888669256065,28.701587595493795,0.244460679941862,104.35449460949226,50.72368479816979,,,,,
DC-E,SBVCHP_SRORC,R1233zd(E),R1234ze(E),pareto_DC-E_SBVCHP_SRORC_R1233zd(E)_R1234ze(E).csv,0.5007923457214665,29.973668783204133,0.22332053025719828,123.09947330990617,53.40664172485165,,,,,
DC-E,SBVCHP_SRORC,R1233zd(E),R227ea,pareto_DC-E_SBVCHP_SRORC_R1233zd(E)_R227ea.csv,0.5069520308493082,37.88654249571408,0.12514838494563052,118.42265786415798,67.20834072368245,,,,,
DC-E,SBVCHP_SRORC,R1233zd(E),R227ea,pareto_DC-E_SBVCHP_SRORC_R1233zd(E)_R227ea.csv,0.5186168008657109,26.051478476698307,0.2512462387129562,102.34982661560859,46.034924802881974,,,,,
DC-E,SBVCHP_SRORC,R1233zd(E),R227ea,pareto_DC-E_SBVCHP_SRORC_R1233zd(E)_R227ea.csv,0.5207019129008792,35.50053205340762,0.197367943259587,119.1906591920096,63.03788430670506,,,,,
DC-E,SBVCHP_SRORC,R1233zd(E),R227ea,pareto_DC-E_SBVCHP_SRORC_R1233zd(E)_R227ea.csv,0.5276829331017376,34.241004760370004,0.14318966112431786,118.81088569276771,60.81234620759898,,,,,
DC-E,SBVCHP_SRORC,R1233zd(E),R227ea,pareto_DC-E_SBVCHP_SRORC_R1233zd(E)_R227ea.csv,0.538726037665225,27.804736216208944,0.23186260385599636,104.77195092211434,49.16075605187022,,,,,
DC-E,SBVCHP_SRORC,R1233zd(E),R227ea,pareto_DC-E_SBVCHP_SRORC_R1233zd(E)_R227ea.csv,0.545756490978853,31.511889235969427,0.10423077194089525,104.87490277932119,55.6592684454237,,,,,
DC-E,SBVCHP_SRORC,R1233zd(E),R1234ze(E),pareto_DC-E_SBVCHP_SRORC_R1233zd(E)_R1234ze(E).csv,0.5474490090655908,31.447253415914087,0.07000859743498243,106.32297071842774,55.58161276063195,,,,,
DC-E,SBVCHP_SRORC,R1233zd(E),R1234ze(E),pareto_DC-E_SBVCHP_SRORC_R1233zd(E)_R1234ze(E).csv,0.5709970663786346,24.632751383289037,0.18731208937576035,110.15698173405681,43.70237734795755,,,,,
DC-E,SBVCHP_SRORC,R1233zd(E),R227ea,pareto_DC-E_SBVCHP_SRORC_R1233zd(E)_R227ea.csv,0.5731678166636464,30.204953380206078,0.09050291768714483,97.55127918444776,53.19972657360847,,,,,
DC-E,SBVCHP_SRORC,R1233zd(E),R227ea,pareto_DC-E_SBVCHP_SRORC_R1233zd(E)_R227ea.csv,0.5773879732720603,16.178349907572088,0.28619331749299864,103.67277383758115,28.69940235336943,,,,,
DC-E,SBVCHP_SRORC,R1233zd(E),R227ea,pareto_DC-E_SBVCHP_SRORC_R1233zd(E)_R227ea.csv,0.5872240817493422,29.806555999977913,0.0825796797489507,97.55127918444776,52.50352564267827,,,,,
DC-E,SBVCHP_SRORC,R1233zd(E),R227ea,pareto_DC-E_SBVCHP_SRORC_R1233zd(E)_R227ea.csv,0.5963137532837213,29.39929464912203,0.08782615354742879,97.99471686876299,51.80166303715853,,,,,
DC-E,SBVCHP_SRORC,R1233zd(E),R227ea,pareto_DC-E_SBVCHP_SRORC_R1233zd(E)_R227ea.csv,0.6052156567650988,23.959098275781017,0.15276329243716927,90.9823044407697,42.15191588896461,,,,,
DC-E,SBVCHP_SRORC,R1233zd(E),R1234ze(E),pareto_DC-E_SBVCHP_SRORC_R1233zd(E)_R1234ze(E).csv,0.6066594394388108,20.78564974143378,0.2135106454688414,106.52324146270732,36.862087870926864,,,,,
DC-E,SBVCHP_SRORC,R1233zd(E),R227ea,pareto_DC-E_SBVCHP_SRORC_R1233zd(E)_R227ea.csv,0.6114916036821688,24.81996378332572,0.12757827977048375,88.12166503441173,43.60255758188565,,,,,
DC-E,SBVCHP_SRORC,R1233zd(E),R1234ze(E),pareto_DC-E_SBVCHP_SRORC_R1233zd(E)_R1234ze(E).csv,0.6129967137083874,22.49726154173556,0.18519806164065342,102.26988828635544,39.79703883242606,,,,,
DC-E,SBVCHP_SRORC,R1233zd(E),R1234ze(E),pareto_DC-E_SBVCHP_SRORC_R1233zd(E)_R1234ze(E).csv,0.6330219673027923,17.999170409884847,0.20744545594830172,102.31460667874084,31.888754836158263,,,,,
DC-E,SBVCHP_SRORC,R1233zd(E),R227ea,pareto_DC-E_SBVCHP_SRORC_R1233zd(E)_R227ea.csv,0.6369433395633007,23.479899750158136,0.17836557541115433,98.73928601266785,41.45617525270036,,,,,
DC-E,SBVCHP_SRORC,R1233zd(E),R227ea,pareto_DC-E_SBVCHP_SRORC_R1233zd(E)_R227ea.csv,0.6388120382162084,23.551077176390663,0.14773384679750692,91.93928929271345,41.45617525270036,,,,,
DC-E,SBVCHP_SRORC,R1233zd(E),R1234ze(E),pareto_DC-E_SBVCHP_SRORC_R1233zd(E)_R1234ze(E).csv,0.6450770267103546,24.14696114273147,0.10267014317677886,106.41067818328678,42.77349212563154,,,,,
DC-E,SBVCHP_SRORC,R1233zd(E),R227ea,pareto_DC-E_SBVCHP_SRORC_R1233zd(E)_R227ea.csv,0.6522920935602533,23.04969667037948,0.10835062803561696,97.48631451445192,40.679202606928804,,,,,
DC-E,SBVCHP_SRORC,R1233zd(E),R227ea,pareto_DC-E_SBVCHP_SRORC_R1233zd(E)_R227ea.csv,0.6660676041060337,14.465999675971354,0.23773014513449142,80.427042322638,25.408088403641383,,,,,
DC-E,SBVCHP_SRORC,R1233zd(E),R227ea,pareto_DC-E_SBVCHP_SRORC_R1233zd(E)_R227ea.csv,0.6728811851011357,21.958762839463713,0.16377276735820404,91.58837495322636,38.66567464002737,,,,,
DC-E,SBVCHP_SRORC,R1233zd(E),R227ea,pareto_DC-E_SBVCHP_SRORC_R1233zd(E)_R227ea.csv,0.6897835318928902,20.537960441934544,0.16753069281958796,93.08139839462365,36.203634608634935,,,,,
DC-E,SBVCHP_SRORC,R1233zd(E),R1234ze(E),pareto_DC-E_SBVCHP_SRORC_R1233zd(E)_R1234ze(E).csv,0.7081882866073588,15.240548850293258,0.200965683967963,89.49007155988298,26.869035574478502,,,,,
DC-E,SBVCHP_SRORC,R1233zd(E),R227ea,pareto_DC-E_SBVCHP_SRORC_R1233zd(E)_R227ea.csv,0.7124387511003664,14.1342604125854,0.20601196661735924,97.04159932724501,25.01448806680783,,,,,
DC-E,SBVCHP_SRORC,R1233zd(E),R227ea,pareto_DC-E_SBVCHP_SRORC_R1233zd(E)_R227ea.csv,0.724517079609704,23.82694525247188,0.0030672675099719334,90.9823044407697,41.921009836904396,,,,,
DC-E,SBVCHP_SRORC,R1233zd(E),R1234ze(E),pareto_DC-E_SBVCHP_SRORC_R1233zd(E)_R1234ze(E).csv,0.7329001467721586,15.108787434393728,0.19723738422504367,89.49007155988298,26.637936553023536,,,,,
DC-E,SBVCHP_SRORC,R1233zd(E),R227ea,pareto_DC-E_SBVCHP_SRORC_R1233zd(E)_R227ea.csv,0.7485018407340808,17.636164755441364,0.14691599618115667,81.50786148711211,30.95967045512005,,,,,
DC-E,SBVCHP_SRORC,R1233zd(E),R1234ze(E),pareto_DC-E_SBVCHP_SRORC_R1233zd(E)_R1234ze(E).csv,0.7821234091963647,18.27196961275091,0.11777495154246448,91.71471316766498,32.2130121204211,,,,,
DC-E,SBVCHP_SRORC,R1233zd(E),R227ea,pareto_DC-E_SBVCHP_SRORC_R1233zd(E)_R227ea.csv,0.7851008666946888,22.174478097311265,0.061035415033854575,88.65528572734483,38.99320315375429,,,,,
DC-E,SBVCHP_SRORC,R1233zd(E),R1234ze(E),pareto_DC-E_SBVCHP_SRORC_R1233zd(E)_R1234ze(E).csv,0.802341839187703,17.284692531221335,0.0961185622498855,92.2594352847813,30.48986091144069,,,,,
DC-E,SBVCHP_SRORC,R1233zd(E),R1234ze(E),pareto_DC-E_SBVCHP_SRORC_R1233zd(E)_R1234ze(E).csv,0.8089335168259973,16.936243365804284,0.09374654549809355,92.93727760628451,29.88784160989198,,,,,
DC-E,SBVCHP_SRORC,R1233zd(E),R227ea,pareto_DC-E_SBVCHP_SRORC_R1233zd(E)_R227ea.csv,0.8159378022532396,21.436573211774782,0.014814369738704668,83.59656069800077,37.62233812078003,,,,,
DC-E,SBVCHP_SRORC,R1233zd(E),R227ea,pareto_DC-E_SBVCHP_SRORC_R1233zd(E)_R227ea.csv,0.8305569232759114,21.017776845666617,0.055266186049448274,84.00294599727724,36.89809683399797,,,,,
DC-E,SBVCHP_SRORC,R1233zd(E),R227ea,pareto_DC-E_SBVCHP_SRORC_R1233zd(E)_R227ea.csv,0.8428837267590569,16.467726243551056,0.1173624460970459,87.59864443317338,28.99610682141902,,,,,
DC-E,SBVCHP_SRORC,R1233zd(E),R227ea,pareto_DC-E_SBVCHP_SRORC_R1233zd(E)_R227ea.csv,0.8505654721306137,20.41606073961716,0.03361390147660804,81.56193159586743,35.81104650600251,,,,,
DC-E,SBVCHP_SRORC,R1233zd(E),R1234ze(E),pareto_DC-E_SBVCHP_SRORC_R1233zd(E)_R1234ze(E).csv,0.8794080672501968,15.683425862744285,0.10335399686867065,87.36349682460953,27.619402335221178,,,,,
DC-E,SBVCHP_SRORC,R1233zd(E),R227ea,pareto_DC-E_SBVCHP_SRORC_R1233zd(E)_R227ea.csv,0.8916578397573035,19.54428341072627,0.04235463217861672,80.83826899177569,34.28008323923281,,,,,
DC-E,SBVCHP_SRORC,R1233zd(E),R227ea,pareto_DC-E_SBVCHP_SRORC_R1233zd(E)_R227ea.csv,0.905495583673047,17.516690981098538,0.085456321859182,80.69060156983426,30.740339544476456,,,,,
DC-E,SBVCHP_SRORC,R1233zd(E),R227ea,pareto_DC-E_SBVCHP_SRORC_R1233zd(E)_R227ea.csv,0.9238281361126269,18.86569604628443,0.008568020056132606,80.9994623070512,33.09868507037264,,,,,
DC-E,SBVCHP_SRORC,R1233zd(E),R227ea,pareto_DC-E_SBVCHP_SRORC_R1233zd(E)_R227ea.csv,0.9482870155557799,14.923708961694189,0.0710219586406217,87.51633803989735,26.289990180958707,,,,,
DC-E,SBVCHP_SRORC,R1233zd(E),R227ea,pareto_DC-E_SBVCHP_SRORC_R1233zd(E)_R227ea.csv,0.9635001853152246,17.33739937267775,0.04068910953398297,81.56193159586743,30.43868971527615,,,,,
DC-E,SBVCHP_SRORC,R1233zd(E),R227ea,pareto_DC-E_SBVCHP_SRORC_R1233zd(E)_R227ea.csv,0.9865211866441911,16.610389964132715,0.018082113829795243,81.08790988701158,29.162937968454465,,,,,
DC-E,SBVCHP_SRORC,R1233zd(E),R227ea,pareto_DC-E_SBVCHP_SRORC_R1233zd(E)_R227ea.csv,0.9999778485532093,14.949328189513137,0.06572324714963988,83.66605993017157,26.289990180958707,,,,,
DC-E,SRVCHP_SBORC,R1233zd(E),R227ea,pareto_DC-E_SRVCHP_SBORC_R1233zd(E)_R227ea.csv,0.010509766836846013,45.507228760272305,0.0033068408344822803,100.61566958023845,79.99825772111353,,,,,
DC-E,SRVCHP_SBORC,R1233zd(E),R227ea,pareto_DC-E_SRVCHP_SBORC_R1233zd(E)_R227ea.csv,0.04424439401171841,45.499653058920636,0.007196789131479085,101.02582522610138,79.99779030379347,,,,,
DC-E,SRVCHP_SBORC,R1233zd(E),R227ea,pareto_DC-E_SRVCHP_SBORC_R1233zd(E)_R227ea.csv,0.08275536719687636,45.49021792227534,0.025049945289262875,101.57744936468941,79.99852721888514,,,,,
DC-E,SRVCHP_SBORC,R1233zd(E),R227ea,pareto_DC-E_SRVCHP_SBORC_R1233zd(E)_R227ea.csv,0.15172395558885338,45.4657286463013,0.061557868210772256,102.93994419889363,79.99852387700496,,,,,
DC-E,SRVCHP_SBORC,R1233zd(E),R227ea,pareto_DC-E_SRVCHP_SBORC_R1233zd(E)_R227ea.csv,0.2025901391681534,45.46456187206078,0.019108960990600457,102.9776421552188,79.99767417677991,,,,,
DC-E,SRVCHP_SBORC,R1233zd(E),R227ea,pareto_DC-E_SRVCHP_SBORC_R1233zd(E)_R227ea.csv,0.2633649969370339,45.416517094829544,0.11001193551684031,105.62894397799407,79.99800312531109,,,,,
DC-E,SRVCHP_SBORC,R1233zd(E),R227ea,pareto_DC-E_SRVCHP_SBORC_R1233zd(E)_R227ea.csv,0.3312891406457695,45.410760146916,0.016506705963982786,105.94254184618808,79.99799925647037,,,,,
DC-E,SRVCHP_SBORC,R1233zd(E),R227ea,pareto_DC-E_SRVCHP_SBORC_R1233zd(E)_R227ea.csv,0.3954961126948908,45.31263869357478,0.18117469213953252,111.2549870420673,79.99961291467008,,,,,
DC-E,SRVCHP_SBORC,R1233zd(E),R227ea,pareto_DC-E_SRVCHP_SBORC_R1233zd(E)_R227ea.csv,0.43093942326147466,45.316708806567576,0.1456599785054663,110.94737845164481,79.99656163595563,,,,,
DC-E,SRVCHP_SBORC,R1233zd(E),R227ea,pareto_DC-E_SRVCHP_SBORC_R1233zd(E)_R227ea.csv,0.48140694610144547,45.1720933737213,0.2283595920271792,117.32400159761012,79.9574903293977,,,,,
DC-E,SRVCHP_SBORC,R1233zd(E),R227ea,pareto_DC-E_SRVCHP_SBORC_R1233zd(E)_R227ea.csv,0.5230974329046962,45.07943022044073,0.2570457518628256,121.5492531574136,79.94047085831426,,,,,
DC-E,SRVCHP_SBORC,R1233zd(E),R227ea,pareto_DC-E_SRVCHP_SBORC_R1233zd(E)_R227ea.csv,0.5390461821487572,43.62468039154853,0.2648490806059653,121.6801325535981,77.39033942103886,,,,,
DC-E,SRVCHP_SBORC,R1233zd(E),R227ea,pareto_DC-E_SRVCHP_SBORC_R1233zd(E)_R227ea.csv,0.545149508700046,41.47227494901959,0.26936272920916965,121.6801325535981,73.609437306244,,,,,
DC-E,SRVCHP_SBORC,R1233zd(E),R227ea,pareto_DC-E_SRVCHP_SBORC_R1233zd(E)_R227ea.csv,0.553781779735655,33.19708115888897,0.265584326421509,114.80734247437607,58.86883431594278,,,,,
DC-E,SRVCHP_SBORC,R1233zd(E),R227ea,pareto_DC-E_SRVCHP_SBORC_R1233zd(E)_R227ea.csv,0.5650694442351184,18.380456304926252,0.2803004223761699,111.2549870420673,32.696017564372276,,,,,
DC-E,SRVCHP_SBORC,R1233zd(E),R227ea,pareto_DC-E_SRVCHP_SBORC_R1233zd(E)_R227ea.csv,0.5729408217899078,24.42122483006076,0.250880283400497,102.36085171947329,43.17591641024485,,,,,
DC-E,SRVCHP_SBORC,R1233zd(E),R1234ze(E),pareto_DC-E_SRVCHP_SBORC_R1233zd(E)_R1234ze(E).csv,0.5825779779200354,35.76886930816194,0.24039843822951362,124.2401321565451,63.65574544606801,,,,,
DC-E,SRVCHP_SBORC,R1233zd(E),R227ea,pareto_DC-E_SRVCHP_SBORC_R1233zd(E)_R227ea.csv,0.5900176362579872,20.65055130550733,0.2575554986861218,102.36085171947329,36.55391428715533,,,,,
DC-E,SRVCHP_SBORC,R1233zd(E),R227ea,pareto_DC-E_SRVCHP_SBORC_R1233zd(E)_R227ea.csv,0.5950471571772695,24.747542095517268,0.2357171807527106,100.61566958023845,43.71405970433639,,,,,
DC-E,SRVCHP_SBORC,R1233zd(E),R1234ze(E),pareto_DC-E_SRVCHP_SBORC_R1233zd(E)_R1234ze(E).csv,0.6055358222256777,28.615469303086005,0.22792298599166166,112.115468094719,50.7504293557236,,,,,
DC-E,SRVCHP_SBORC,R1233zd(E),R1234ze(E),pareto_DC-E_SRVCHP_SBORC_R1233zd(E)_R1234ze(E).csv,0.6146721399103776,17.765859795272195,0.2734838736123238,101.49228755143133,31.465977653457212,,,,,
DC-E,SRVCHP_SBORC,R1233zd(E),R227ea,pareto_DC-E_SRVCHP_SBORC_R1233zd(E)_R227ea.csv,0.6248868884108912,25.7851627620773,0.20573480025695073,100.61566958023845,45.53262233826104,,,,,
DC-E,SRVCHP_SBORC,R1233zd(E),R227ea,pareto_DC-E_SRVCHP_SBORC_R1233zd(E)_R227ea.csv,0.6313111705227837,36.39295465693511,0.18511777585127998,117.45556271587164,64.55631471659223,,,,,
DC-E,SRVCHP_SBORC,R1233zd(E),R227ea,pareto_DC-E_SRVCHP_SBORC_R1233zd(E)_R227ea.csv,0.6372987414429795,35.229235407493164,0.18401335400073604,117.46022759806348,62.51191643409436,,,,,
DC-E,SRVCHP_SBORC,R1233zd(E),R1234ze(E),pareto_DC-E_SRVCHP_SBORC_R1233zd(E)_R1234ze(E).csv,0.6425795049378443,24.433721528243783,0.20960336197250326,104.09245359998401,43.23175976032397,,,,,
DC-E,SRVCHP_SBORC,R1233zd(E),R227ea,pareto_DC-E_SRVCHP_SBORC_R1233zd(E)_R227ea.csv,0.6472683693337647,23.8313957237662,0.20292062083156306,101.50974567158285,42.124672059294056,,,,,
DC-E,SRVCHP_SBORC,R1233zd(E),R227ea,pareto_DC-E_SRVCHP_SBORC_R1233zd(E)_R227ea.csv,0.6518269642040374,40.59026207500149,0.1408050645436134,121.6801325535981,72.05963384046241,,,,,
DC-E,SRVCHP_SBORC,R1233zd(E),R1234ze(E),pareto_DC-E_SRVCHP_SBORC_R1233zd(E)_R1234ze(E).csv,0.656539172632758,36.072478387182876,0.132447120994988,124.51278452045025,64.19854712492705,,,,,
DC-E,SRVCHP_SBORC,R1233zd(E),R227ea,pareto_DC-E_SRVCHP_SBORC_R1233zd(E)_R227ea.csv,0.6615353472814233,16.797565519892547,0.22492299414194059,101.32978176507869,29.75882947032424,,,,,
DC-E,SRVCHP_SBORC,R1233zd(E),R1234ze(E),pareto_DC-E_SRVCHP_SBORC_R1233zd(E)_R1234ze(E).csv,0.6649154186008234,35.376035692774735,0.12186548524908554,124.20178988593699,62.96258231611063,,,,,
DC-E,SRVCHP_SBORC,R1233zd(E),R1234ze(E),pareto_DC-E_SRVCHP_SBORC_R1233zd(E)_R1234ze(E).csv,0.6736987465283688,23.957416339295705,0.18912125105810068,108.55477104147495,42.482153309047824,,,,,
DC-E,SRVCHP_SBORC,R1233zd(E),R1234ze(E),pareto_DC-E_SRVCHP_SBORC_R1233zd(E)_R1234ze(E).csv,0.6825228705815978,32.30334627322109,0.08098558734218282,109.53441632051344,57.162770397783326,,,,,
DC-E,SRVCHP_SBORC,R1233zd(E),R227ea,pareto_DC-E_SRVCHP_SBORC_R1233zd(E)_R227ea.csv,0.688103177405197,39.33543416677173,0.07997422169457924,119.86133816087036,69.79740270013602,,,,,
DC-E,SRVCHP_SBORC,R1233zd(E),R227ea,pareto_DC-E_SRVCHP_SBORC_R1233zd(E)_R227ea.csv,0.694959295452732,26.820886717580223,0.13308847514587524,105.44703811086191,47.44962312995588,,,,,
DC-E,SRVCHP_SBORC,R1233zd(E),R1234ze(E),pareto_DC-E_SRVCHP_SBORC_R1233zd(E)_R1234ze(E).csv,0.7025180199149582,30.747398959090177,0.04758713031491183,104.22481142796731,54.30474268302844,,,,,
DC-E,SRVCHP_SBORC,R1233zd(E),R1234ze(E),pareto_DC-E_SRVCHP_SBORC_R1233zd(E)_R1234ze(E).csv,0.7113587886624646,23.41944728837164,0.15600570209676798,105.45326617388814,41.476307615869764,,,,,
DC-E,SRVCHP_SBORC,R1233zd(E),R1234ze(E),pareto_DC-E_SRVCHP_SBORC_R1233zd(E)_R1234ze(E).csv,0.7152202908799373,15.082964468703608,0.21193811516345326,101.97850717888339,26.74565913809371,,,,,
DC-E,SRVCHP_SBORC,R1233zd(E),R227ea,pareto_DC-E_SRVCHP_SBORC_R1233zd(E)_R227ea.csv,0.7269516332479258,30.376491329691955,0.03660117990092297,101.14501877861522,53.58266536210526,,,,,
DC-E,SRVCHP_SBORC,R1233zd(E),R1234ze(E),pareto_DC-E_SRVCHP_SBORC_R1233zd(E)_R1234ze(E).csv,0.7355043644161119,20.896367507608694,0.13160490656725893,110.3037774743551,37.122223110073975,,,,,
DC-E,SRVCHP_SBORC,R1233zd(E),R134a,pareto_DC-E_SRVCHP_SBORC_R1233zd(E)_R134a.csv,0.739995915232034,24.68899225443095,0.08444622930971128,93.57382511333724,43.475752121946314,,,,,
DC-E,SRVCHP_SBORC,R1233zd(E),R134a,pareto_DC-E_SRVCHP_SBORC_R1233zd(E)_R134a.csv,0.7462209944259919,18.944986438529007,0.14577718542937798,90.72914055053735,33.37758674732548,,,,,
DC-E,SRVCHP_SBORC,R1233zd(E),R227ea,pareto_DC-E_SRVCHP_SBORC_R1233zd(E)_R227ea.csv,0.7561934644053444,21.07403142314008,0.12623906591055484,86.67942240700029,37.03856425769549,,,,,
DC-E,SRVCHP_SBORC,R1233zd(E),R134a,pareto_DC-E_SRVCHP_SBORC_R1233zd(E)_R134a.csv,0.7597188188975363,23.706705044194567,0.08849159217818457,94.65758673808755,41.77788745235203,,,,,
DC-E,SRVCHP_SBORC,R1233zd(E),R227ea,pareto_DC-E_SRVCHP_SBORC_R1233zd(E)_R227ea.csv,0.7744432594078916,24.16473529207744,0.0729316618328054,102.67953614455467,42.732037469239486,,,,,
DC-E,SRVCHP_SBORC,R1233zd(E),R1234ze(E),pareto_DC-E_SRVCHP_SBORC_R1233zd(E)_R1234ze(E).csv,0.7832464094388696,23.503774779727852,0.0399804916758897,105.46807913473151,41.62480264096759,,,,,
DC-E,SRVCHP_SBORC,R1233zd(E),R1234ze(E),pareto_DC-E_SRVCHP_SBORC_R1233zd(E)_R1234ze(E).csv,0.7963612372451487,21.65420497076501,0.075437258990078,103.07015954200257,38.330230272048425,,,,,
DC-E,SRVCHP_SBORC,R1233zd(E),R227ea,pareto_DC-E_SRVCHP_SBORC_R1233zd(E)_R227ea.csv,0.8079962332026055,16.438374784515144,0.1486549677886737,85.04124733889216,28.912061773698447,,,,,
DC-E,SRVCHP_SBORC,R1233zd(E),R134a,pareto_DC-E_SRVCHP_SBORC_R1233zd(E)_R134a.csv,0.8144804316119015,18.37553747215848,0.11954422431579813,90.24791230924647,32.37332537583676,,,,,
DC-E,SRVCHP_SBORC,R1233zd(E),R227ea,pareto_DC-E_SRVCHP_SBORC_R1233zd(E)_R227ea.csv,0.8307385008554811,20.39780219489032,0.09019858243521563,83.42943289684102,35.80741881559434,,,,,
DC-E,SRVCHP_SBORC,R1233zd(E),R1234ze(E),pareto_DC-E_SRVCHP_SBORC_R1233zd(E)_R1234ze(E).csv,0.837708797439044,15.8678384844915,0.1424537493124046,87.80314134307116,27.947918932453035,,,,,
DC-E,SRVCHP_SBORC,R1233zd(E),R134a,pareto_DC-E_SRVCHP_SBORC_R1233zd(E)_R134a.csv,0.8495219239921071,14.4504739692413,0.13719146582104713,81.36303573962493,25.391267980070975,,,,,
DC-E,SRVCHP_SBORC,R1233zd(E),R134a,pareto_DC-E_SRVCHP_SBORC_R1233zd(E)_R134a.csv,0.872714800812963,16.51241317397457,0.10346697943654835,89.70987881879462,29.10173448738554,,,,,
DC-E,SRVCHP_SBORC,R1233zd(E),R1234ze(E),pareto_DC-E_SRVCHP_SBORC_R1233zd(E)_R1234ze(E).csv,0.8815126324767567,16.500599304233948,0.10962223041560631,87.00682499171866,29.04605771354036,,,,,
DC-E,SRVCHP_SBORC,R1233zd(E),R134a,pareto_DC-E_SRVCHP_SBORC_R1233zd(E)_R134a.csv,0.9008299808379105,14.20697207710432,0.10638690112470293,87.60498621005017,25.03446750839693,,,,,
DC-E,SRVCHP_SBORC,R1233zd(E),R1234ze(E),pareto_DC-E_SRVCHP_SBORC_R1233zd(E)_R1234ze(E).csv,0.925343722794119,18.46951860684937,0.060595046913599925,87.75131879670772,32.50204163185083,,,,,
DC-E,SRVCHP_SBORC,R1233zd(E),R1234ze(E),pareto_DC-E_SRVCHP_SBORC_R1233zd(E)_R1234ze(E).csv,0.9382657658309891,18.07516190690358,0.033986008495124426,88.01610406317037,31.81575796611057,,,,,
DC-E,SRVCHP_SBORC,R1233zd(E),R227ea,pareto_DC-E_SRVCHP_SBORC_R1233zd(E)_R227ea.csv,0.9494531131073094,17.58409545090538,0.028535310973791896,86.95187649583626,30.94174297304498,,,,,
DC-E,SRVCHP_SBORC,R1233zd(E),R227ea,pareto_DC-E_SRVCHP_SBORC_R1233zd(E)_R227ea.csv,0.980480382711858,15.135854363081327,0.06016165324790564,85.1296390620732,26.633546184961393,,,,,
DC-E,SRVCHP_SBORC,R1233zd(E),R1234ze(E),pareto_DC-E_SRVCHP_SBORC_R1233zd(E)_R1234ze(E).csv,0.99219323459315,15.388295619723745,0.053953465056659454,87.75452721779624,27.10706037015228,,,,,
DC-E,SRVCHP_SBORC,R1233zd(E),R227ea,pareto_DC-E_SRVCHP_SBORC_R1233zd(E)_R227ea.csv,0.9999679583523963,14.46614597103971,0.03621678348080236,84.94297002813805,25.458682793549862,,,,,
DC-E,SRVCHP_SRORC,R1233zd(E),R227ea,pareto_DC-E_SRVCHP_SRORC_R1233zd(E)_R227ea.csv,0.4183937000061571,45.19697675904882,0.20262323796434062,117.27652176978646,79.99950427233776,,,,,
DC-E,SRVCHP_SRORC,R1233zd(E),R227ea,pareto_DC-E_SRVCHP_SRORC_R1233zd(E)_R227ea.csv,0.4332118110248397,45.15221028807306,0.19986681557771163,117.48848452462727,79.92823872999539,,,,,
DC-E,SRVCHP_SRORC,R1233zd(E),R1234ze(E),pareto_DC-E_SRVCHP_SRORC_R1233zd(E)_R1234ze(E).csv,0.4383158466995511,45.091741905363776,0.21058330287835528,122.41540606033078,79.99225883395201,,,,,
DC-E,SRVCHP_SRORC,R1233zd(E),R1234ze(E),pareto_DC-E_SRVCHP_SRORC_R1233zd(E)_R1234ze(E).csv,0.45541600727305015,45.06301161508475,0.23106825999197608,123.85436365586128,79.9921399540243,,,,,
DC-E,SRVCHP_SRORC,R1233zd(E),R1234ze(E),pareto_DC-E_SRVCHP_SRORC_R1233zd(E)_R1234ze(E).csv,0.4699808486574415,45.01487819575071,0.24235052874747498,126.25558100593086,79.9921399540243,,,,,
DC-E,SRVCHP_SRORC,R1233zd(E),R1234ze(E),pareto_DC-E_SRVCHP_SRORC_R1233zd(E)_R1234ze(E).csv,0.48267630290651153,45.005481702715755,0.23909549894784546,126.72564048248114,79.99225883395201,,,,,
DC-E,SRVCHP_SRORC,R1233zd(E),R1234ze(E),pareto_DC-E_SRVCHP_SRORC_R1233zd(E)_R1234ze(E).csv,0.4942924590713549,44.906004276704316,0.2509291037458609,127.24745551004149,79.83576632169957,,,,,
DC-E,SRVCHP_SRORC,R1233zd(E),R227ea,pareto_DC-E_SRVCHP_SRORC_R1233zd(E)_R227ea.csv,0.5181189856564942,45.196357974229564,0.0402299714183722,117.29689165304458,79.99911463504638,,,,,
DC-E,SRVCHP_SRORC,R1233zd(E),R227ea,pareto_DC-E_SRVCHP_SRORC_R1233zd(E)_R227ea.csv,0.5461548067298161,43.080788892636015,0.2594013572802804,122.98631823396882,76.47912395081804,,,,,
DC-E,SRVCHP_SRORC,R1233zd(E),R227ea,pareto_DC-E_SRVCHP_SRORC_R1233zd(E)_R227ea.csv,0.5571033527983473,43.838463399734,0.2240264908165348,123.35241127965665,77.82297307192226,,,,,
DC-E,SRVCHP_SRORC,R1233zd(E),R227ea,pareto_DC-E_SRVCHP_SRORC_R1233zd(E)_R227ea.csv,0.5644110775339338,45.05793906536232,0.0546137891552029,118.60467635488726,79.80108568498046,,,,,
DC-E,SRVCHP_SRORC,R1233zd(E),R227ea,pareto_DC-E_SRVCHP_SRORC_R1233zd(E)_R227ea.csv,0.5709162050044215,36.45033305067161,0.2723467875178061,118.29487732518422,64.6814908189693,,,,,
DC-E,SRVCHP_SRORC,R1233zd(E),R227ea,pareto_DC-E_SRVCHP_SRORC_R1233zd(E)_R227ea.csv,0.5892478661250776,28.41522585367466,0.28722766398766086,115.56408529318449,50.47822698512736,,,,,
DC-E,SRVCHP_SRORC,R1233zd(E),R227ea,pareto_DC-E_SRVCHP_SRORC_R1233zd(E)_R227ea.csv,0.5946448484367157,43.5783636050579,0.24169024837840483,125.78533422313772,77.44937821087524,,,,,
DC-E,SRVCHP_SRORC,R1233zd(E),R227ea,pareto_DC-E_SRVCHP_SRORC_R1233zd(E)_R227ea.csv,0.6010427003992725,42.262146899894525,0.2426938243963291,123.83448800582121,75.06879349908021,,,,,
DC-E,SRVCHP_SRORC,R1233zd(E),R1234ze(E),pareto_DC-E_SRVCHP_SRORC_R1233zd(E)_R1234ze(E).csv,0.6062618604709362,15.887651208733928,0.30203433414746245,111.04575746388602,28.284391093196533,,,,,
DC-E,SRVCHP_SRORC,R1233zd(E),R227ea,pareto_DC-E_SRVCHP_SRORC_R1233zd(E)_R227ea.csv,0.6167574550954062,38.550669479028585,0.2424641315886867,120.99887671027588,68.45358574294916,,,,,
DC-E,SRVCHP_SRORC,R1233zd(E),R227ea,pareto_DC-E_SRVCHP_SRORC_R1233zd(E)_R227ea.csv,0.62356608832508,16.330623283704828,0.29732939877425907,106.20618742558291,29.00227977299787,,,,,
DC-E,SRVCHP_SRORC,R1233zd(E),R227ea,pareto_DC-E_SRVCHP_SRORC_R1233zd(E)_R227ea.csv,0.6241271637085749,33.436982972996596,0.24612247696376865,117.54054527742163,59.363707822336465,,,,,
DC-E,SRVCHP_SRORC,R1233zd(E),R1234ze(E),pareto_DC-E_SRVCHP_SRORC_R1233zd(E)_R1234ze(E).csv,0.6322146413537301,37.88527583963872,0.18278020081516846,125.7770237448916,67.42968474105236,,,,,
DC-E,SRVCHP_SRORC,R1233zd(E),R227ea,pareto_DC-E_SRVCHP_SRORC_R1233zd(E)_R227ea.csv,0.6406292770176831,29.900912565526433,0.24877115779204834,116.45323036959176,53.11489697666831,,,,,
DC-E,SRVCHP_SRORC,R1233zd(E),R227ea,pareto_DC-E_SRVCHP_SRORC_R1233zd(E)_R227ea.csv,0.6438544657454465,32.901765348719074,0.2201679370842534,116.04686334254907,58.382815092923906,,,,,
DC-E,SRVCHP_SRORC,R1233zd(E),R227ea,pareto_DC-E_SRVCHP_SRORC_R1233zd(E)_R227ea.csv,0.6463962565564754,25.05828517158519,0.2512799208792613,113.71104082477893,44.52432542581392,,,,,
DC-E,SRVCHP_SRORC,R1233zd(E),R227ea,pareto_DC-E_SRVCHP_SRORC_R1233zd(E)_R227ea.csv,0.6497910434833837,31.046798161818767,0.22958331983882904,117.50105007653916,55.15782970399891,,,,,
DC-E,SRVCHP_SRORC,R1233zd(E),R227ea,pareto_DC-E_SRVCHP_SRORC_R1233zd(E)_R227ea.csv,0.6570818170662528,40.12347911132104,0.15760398546647816,122.21206977251283,71.2562576049587,,,,,
DC-E,SRVCHP_SRORC,R1233zd(E),R227ea,pareto_DC-E_SRVCHP_SRORC_R1233zd(E)_R227ea.csv,0.6693013253148742,26.521922817864873,0.2336108006947762,116.04289076229553,47.15356295896031,,,,,
DC-E,SRVCHP_SRORC,R1233zd(E),R227ea,pareto_DC-E_SRVCHP_SRORC_R1233zd(E)_R227ea.csv,0.6767021931861061,37.86305144183879,0.15386813430648438,121.2291004495064,67.25176386867805,,,,,
DC-E,SRVCHP_SRORC,R1233zd(E),R227ea,pareto_DC-E_SRVCHP_SRORC_R1233zd(E)_R227ea.csv,0.6855204154930437,14.256497035989682,0.2626967841202445,86.9435725620198,25.113866726730475,,,,,
DC-E,SRVCHP_SRORC,R1233zd(E),R227ea,pareto_DC-E_SRVCHP_SRORC_R1233zd(E)_R227ea.csv,0.6934161026201354,44.22499751907432,0.03918495992968976,125.22571175579897,78.56708956419494,,,,,
DC-E,SRVCHP_SRORC,R1233zd(E),R227ea,pareto_DC-E_SRVCHP_SRORC_R1233zd(E)_R227ea.csv,0.6966230142398826,39.93412309819012,0.09735205403761289,122.75396791619903,70.94062146841145,,,,,
DC-E,SRVCHP_SRORC,R1233zd(E),R227ea,pareto_DC-E_SRVCHP_SRORC_R1233zd(E)_R227ea.csv,0.7031320613281266,24.42181729778307,0.17883941818900034,100.06292665574563,43.13230675168019,,,,,
DC-E,SRVCHP_SRORC,R1233zd(E),R1234ze(E),pareto_DC-E_SRVCHP_SRORC_R1233zd(E)_R1234ze(E).csv,0.714745716652044,22.047379467430694,0.1737186209459018,111.81891174568489,39.17926579717581,,,,,
DC-E,SRVCHP_SRORC,R1233zd(E),R1234ze(E),pareto_DC-E_SRVCHP_SRORC_R1233zd(E)_R1234ze(E).csv,0.7208003444739313,29.539984470505356,0.09095973827915355,110.47990258847445,52.33654816015237,,,,,
DC-E,SRVCHP_SRORC,R1233zd(E),R1234ze(E),pareto_DC-E_SRVCHP_SRORC_R1233zd(E)_R1234ze(E).csv,0.726020579640501,27.145502906162044,0.12460002231268065,111.66130534201939,48.155227816417174,,,,,
DC-E,SRVCHP_SRORC,R1233zd(E),R227ea,pareto_DC-E_SRVCHP_SRORC_R1233zd(E)_R227ea.csv,0.7310875816453876,35.226516306937135,0.0020150432586686804,117.34389298174605,62.50385780044951,,,,,
DC-E,SRVCHP_SRORC,R1233zd(E),R227ea,pareto_DC-E_SRVCHP_SRORC_R1233zd(E)_R227ea.csv,0.7456562936351763,25.238956940604023,0.14394425682469017,111.88104787207031,44.804747015338734,,,,,
DC-E,SRVCHP_SRORC,R1233zd(E),R227ea,pareto_DC-E_SRVCHP_SRORC_R1233zd(E)_R227ea.csv,0.7537993004121596,23.25839523071596,0.14832001560417574,106.61782831838539,41.21525366199684,,,,,
DC-E,SRVCHP_SRORC,R1233zd(E),R227ea,pareto_DC-E_SRVCHP_SRORC_R1233zd(E)_R227ea.csv,0.7586949272880434,30.253136825709987,0.07361181561962603,111.553900795121,53.6148627456587,,,,,
DC-E,SRVCHP_SRORC,R1233zd(E),R227ea,pareto_DC-E_SRVCHP_SRORC_R1233zd(E)_R227ea.csv,0.7665486849792105,27.420497949024178,0.0774280462936821,115.38927819143112,48.7224257097748,,,,,
DC-E,SRVCHP_SRORC,R1233zd(E),R227ea,pareto_DC-E_SRVCHP_SRORC_R1233zd(E)_R227ea.csv,0.7770711030559128,23.543724676725112,0.10131756730322954,106.2039988645651,41.709081692822934,,,,,
DC-E,SRVCHP_SRORC,R1233zd(E),R227ea,pareto_DC-E_SRVCHP_SRORC_R1233zd(E)_R227ea.csv,0.7882458877285979,27.11012595039252,0.052745012093488884,106.96785405448298,47.99012730844436,,,,,
DC-E,SRVCHP_SRORC,R1233zd(E),R1234ze(E),pareto_DC-E_SRVCHP_SRORC_R1233zd(E)_R1234ze(E).csv,0.8003036243402296,18.246063624756598,0.15305489796842645,96.73344342474661,32.24062865657295,,,,,
DC-E,SRVCHP_SRORC,R1233zd(E),R227ea,pareto_DC-E_SRVCHP_SRORC_R1233zd(E)_R227ea.csv,0.814968270021627,15.818731247640835,0.15975036421061325,83.6638624920746,27.81101474878294,,,,,
DC-E,SRVCHP_SRORC,R1233zd(E),R1234ze(E),pareto_DC-E_SRVCHP_SRORC_R1233zd(E)_R1234ze(E).csv,0.8255910740924233,16.849111121858954,0.1542458854996516,90.45681325256523,29.70174548510457,,,,,
DC-E,SRVCHP_SRORC,R1233zd(E),R227ea,pareto_DC-E_SRVCHP_SRORC_R1233zd(E)_R227ea.csv,0.8343484266696151,20.155185509195128,0.10068020615038593,90.14353585292105,35.48698871732018,,,,,
DC-E,SRVCHP_SRORC,R1233zd(E),R1234ze(E),pareto_DC-E_SRVCHP_SRORC_R1233zd(E)_R1234ze(E).csv,0.8476060711891426,20.61620461865335,0.08549065869658745,93.13493872993625,36.341529940593574,,,,,
DC-E,SRVCHP_SRORC,R1233zd(E),R1234ze(E),pareto_DC-E_SRVCHP_SRORC_R1233zd(E)_R1234ze(E).csv,0.8503196889185108,18.24788602681649,0.11156113393490526,96.73344342474661,32.24382902412981,,,,,
DC-E,SRVCHP_SRORC,R1233zd(E),R1234ze(E),pareto_DC-E_SRVCHP_SRORC_R1233zd(E)_R1234ze(E).csv,0.8674128454646554,18.576274358117384,0.10292125833456713,91.23589645634732,32.739250550852844,,,,,
DC-E,SRVCHP_SRORC,R1233zd(E),R227ea,pareto_DC-E_SRVCHP_SRORC_R1233zd(E)_R227ea.csv,0.8735143807547995,16.825458759241677,0.12780626971807793,87.4281567086064,29.62029020902565,,,,,
DC-E,SRVCHP_SRORC,R1233zd(E),R227ea,pareto_DC-E_SRVCHP_SRORC_R1233zd(E)_R227ea.csv,0.8811541164319816,16.826459194817186,0.12730235161890394,87.29450833443154,29.62029020902565,,,,,
DC-E,SRVCHP_SRORC,R1233zd(E),R227ea,pareto_DC-E_SRVCHP_SRORC_R1233zd(E)_R227ea.csv,0.8880961155105228,17.216012107469293,0.10886432358440308,81.26708728965421,30.22288744421683,,,,,
DC-E,SRVCHP_SRORC,R1233zd(E),R1234ze(E),pareto_DC-E_SRVCHP_SRORC_R1233zd(E)_R1234ze(E).csv,0.9013299430775399,16.501608733828714,0.10246114058382139,91.35763110343264,29.104330205174946,,,,,
DC-E,SRVCHP_SRORC,R1233zd(E),R227ea,pareto_DC-E_SRVCHP_SRORC_R1233zd(E)_R227ea.csv,0.9237087024202668,15.437233765749323,0.11175068244343786,87.352544900879,27.18794529281826,,,,,
DC-E,SRVCHP_SRORC,R1233zd(E),R1234ze(E),pareto_DC-E_SRVCHP_SRORC_R1233zd(E)_R1234ze(E).csv,0.930168185029565,14.320924848809884,0.11850437979094514,89.25506317148016,25.253028080197424,,,,,
DC-E,SRVCHP_SRORC,R1233zd(E),R227ea,pareto_DC-E_SRVCHP_SRORC_R1233zd(E)_R227ea.csv,0.9378044561569877,18.903873895260304,0.0594594554384397,85.99197137050666,33.23633654782787,,,,,
DC-E,SRVCHP_SRORC,R1233zd(E),R1234ze(E),pareto_DC-E_SRVCHP_SRORC_R1233zd(E)_R1234ze(E).csv,0.9572099539597644,14.602978174449458,0.09484055552110844,88.05145322514916,25.733952120906025,,,,,
DC-E,SRVCHP_SRORC,R1233zd(E),R227ea,pareto_DC-E_SRVCHP_SRORC_R1233zd(E)_R227ea.csv,0.9658259130594649,18.925592551626004,0.02099039636454245,82.15189893921628,33.21940964080521,,,,,
DC-E,SRVCHP_SRORC,R1233zd(E),R227ea,pareto_DC-E_SRVCHP_SRORC_R1233zd(E)_R227ea.csv,0.9777894862024523,18.614362787197464,0.014081346387426062,82.14537721715757,32.67607225323035,,,,,
DC-E,SRVCHP_SRORC,R1233zd(E),R1234ze(E),pareto_DC-E_SRVCHP_SRORC_R1233zd(E)_R1234ze(E).csv,0.9899477855327208,14.459143037196379,0.07037313189983813,88.8215391196039,25.490559273738114,,,,,
DC-E,SRVCHP_SRORC,R1233zd(E),R227ea,pareto_DC-E_SRVCHP_SRORC_R1233zd(E)_R227ea.csv,0.9999987699075639,17.821956087016858,0.045777635925762526,81.02258666145389,31.277578198244054,,,,,
DC-F,SBVCHP_SBORC,R1233zd(E),R227ea,pareto_DC-F_SBVCHP_SBORC_R1233zd(E)_R227ea.csv,0.011671329733934362,45.140420150253995,0.0071488726341397265,120.17717627626236,79.99996402181839,,,,,
DC-F,SBVCHP_SBORC,R1233zd(E),R227ea,pareto_DC-F_SBVCHP_SBORC_R1233zd(E)_R227ea.csv,0.03281870757616914,45.13661965571194,0.01748658940943162,120.36999854046708,79.99996465499058,,,,,
DC-F,SBVCHP_SBORC,R1233zd(E),R227ea,pareto_DC-F_SBVCHP_SBORC_R1233zd(E)_R227ea.csv,0.05744418121281703,45.13166367624197,0.025167150496868566,120.62134224274207,79.99996942603708,,,,,
DC-F,SBVCHP_SBORC,R1233zd(E),R227ea,pareto_DC-F_SBVCHP_SBORC_R1233zd(E)_R227ea.csv,0.11479044910284654,45.11901058053353,0.028661378363725894,121.2620256728192,79.99998423794906,,,,,
DC-F,SBVCHP_SBORC,R1233zd(E),R227ea,pareto_DC-F_SBVCHP_SBORC_R1233zd(E)_R227ea.csv,0.164579508066636,45.09742918679104,0.07666138504543332,122.25777060872663,79.9967480362001,,,,,
DC-F,SBVCHP_SBORC,R1233zd(E),R227ea,pareto_DC-F_SBVCHP_SBORC_R1233zd(E)_R227ea.csv,0.19007672594992256,45.08847802508547,0.08714912795993023,122.77893405208921,79.9992213044754,,,,,
DC-F,SBVCHP_SBORC,R1233zd(E),R227ea,pareto_DC-F_SBVCHP_SBORC_R1233zd(E)_R227ea.csv,0.23483762888696216,45.05941273705278,0.11291696674738491,124.02927442763043,79.99195504153991,,,,,
DC-F,SBVCHP_SBORC,R1233zd(E),R227ea,pareto_DC-F_SBVCHP_SBORC_R1233zd(E)_R227ea.csv,0.2930454079563519,44.754789966894414,0.19218221374189978,127.17487908001553,79.56717837908226,,,,,
DC-F,SBVCHP_SBORC,R1233zd(E),R227ea,pareto_DC-F_SBVCHP_SBORC_R1233zd(E)_R227ea.csv,0.3022872965873501,44.85569370363772,0.14841901167749216,126.29810791880044,79.71369651144512,,,,,
DC-F,SBVCHP_SBORC,R1233zd(E),R227ea,pareto_DC-F_SBVCHP_SBORC_R1233zd(E)_R227ea.csv,0.309212333048838,44.010143487681134,0.15029020505906784,125.77357174827253,78.20832810843633,,,,,
DC-F,SBVCHP_SBORC,R1233zd(E),R227ea,pareto_DC-F_SBVCHP_SBORC_R1233zd(E)_R227ea.csv,0.33008672775552556,42.19326089644121,0.20561532111147704,125.67571104188488,75.00932303084078,,,,,
DC-F,SBVCHP_SBORC,R1233zd(E),R1234ze(E),pareto_DC-F_SBVCHP_SBORC_R1233zd(E)_R1234ze(E).csv,0.33976454255271277,35.896382421322805,0.2187811570448883,127.40826305874678,63.973223354338494,,,,,
DC-F,SBVCHP_SBORC,R1233zd(E),R1234ze(E),pareto_DC-F_SBVCHP_SBORC_R1233zd(E)_R1234ze(E).csv,0.3457301397858024,34.90875400305826,0.22432092565861309,127.40599895710352,62.23086714527733,,,,,
DC-F,SBVCHP_SBORC,R1233zd(E),R227ea,pareto_DC-F_SBVCHP_SBORC_R1233zd(E)_R227ea.csv,0.3500308052669916,42.202369548728306,0.16590358164188673,125.1981789343419,75.00932303084078,,,,,
DC-F,SBVCHP_SBORC,R1233zd(E),R227ea,pareto_DC-F_SBVCHP_SBORC_R1233zd(E)_R227ea.csv,0.35926040310114854,40.63192894192656,0.16806249906484363,123.89443842639876,72.20430709461668,,,,,
DC-F,SBVCHP_SBORC,R1233zd(E),R1234ze(E),pareto_DC-F_SBVCHP_SBORC_R1233zd(E)_R1234ze(E).csv,0.3640979653061922,32.122149572339154,0.23354931378806842,126.29875010264398,57.28168823167958,,,,,
DC-F,SBVCHP_SBORC,R1233zd(E),R227ea,pareto_DC-F_SBVCHP_SBORC_R1233zd(E)_R227ea.csv,0.37395311530790953,34.184434406942756,0.22330867228645593,120.16187693834658,60.75022044889433,,,,,
DC-F,SBVCHP_SBORC,R1233zd(E),R227ea,pareto_DC-F_SBVCHP_SBORC_R1233zd(E)_R227ea.csv,0.3842212725036934,35.852361992025365,0.1750656492901406,119.73483550426694,63.67212259707427,,,,,
DC-F,SBVCHP_SBORC,R1233zd(E),R1234ze(E),pareto_DC-F_SBVCHP_SBORC_R1233zd(E)_R1234ze(E).csv,0.38845904067482856,29.471614633515756,0.23923489249124297,125.29449566938742,52.573990687491666,,,,,
DC-F,SBVCHP_SBORC,R1233zd(E),R1234ze(E),pareto_DC-F_SBVCHP_SBORC_R1233zd(E)_R1234ze(E).csv,0.3911450240895898,28.29949595360817,0.22759868672846026,120.98681031345137,50.40081647781221,,,,,
DC-F,SBVCHP_SBORC,R1233zd(E),R227ea,pareto_DC-F_SBVCHP_SBORC_R1233zd(E)_R227ea.csv,0.3942326244594555,32.333403696711066,0.16939841732221442,115.96793519851633,57.38162569300095,,,,,
DC-F,SBVCHP_SBORC,R1233zd(E),R1234ze(E),pareto_DC-F_SBVCHP_SBORC_R1233zd(E)_R1234ze(E).csv,0.4066789165853073,25.11730384277485,0.22507167741887418,114.47284138593051,44.644108440488864,,,,,
DC-F,SBVCHP_SBORC,R1233zd(E),R1234ze(E),pareto_DC-F_SBVCHP_SBORC_R1233zd(E)_R1234ze(E).csv,0.4111909500967166,33.99816537795864,0.1262047887948176,126.82622858067374,60.6076391380286,,,,,
DC-F,SBVCHP_SBORC,R1233zd(E),R227ea,pareto_DC-F_SBVCHP_SBORC_R1233zd(E)_R227ea.csv,0.4185429850718835,32.241508539065336,0.19216150181158542,119.76047193227936,57.31932308574642,,,,,
DC-F,SBVCHP_SBORC,R1233zd(E),R1234ze(E),pareto_DC-F_SBVCHP_SBORC_R1233zd(E)_R1234ze(E).csv,0.4248739757921468,21.14360372929656,0.24703421516546847,114.56448229114073,37.63310762743611,,,,,
DC-F,SBVCHP_SBORC,R1233zd(E),R227ea,pareto_DC-F_SBVCHP_SBORC_R1233zd(E)_R227ea.csv,0.4328592196480158,22.482905713884556,0.23471653567299844,113.73805298570643,39.983083893269935,,,,,
DC-F,SBVCHP_SBORC,R1233zd(E),R227ea,pareto_DC-F_SBVCHP_SBORC_R1233zd(E)_R227ea.csv,0.4366915082971039,29.4173486747912,0.18655689806389594,116.69769510078088,52.2695222741058,,,,,
DC-F,SBVCHP_SBORC,R1233zd(E),R1234ze(E),pareto_DC-F_SBVCHP_SBORC_R1233zd(E)_R1234ze(E).csv,0.44546254581358735,18.645389752983174,0.2521707313226134,114.09985422007321,33.20851195308784,,,,,
DC-F,SBVCHP_SBORC,R1233zd(E),R227ea,pareto_DC-F_SBVCHP_SBORC_R1233zd(E)_R227ea.csv,0.4479107045189129,20.29494420854079,0.21953487816673842,105.68928137025982,35.983946333545916,,,,,
DC-F,SBVCHP_SBORC,R1233zd(E),R227ea,pareto_DC-F_SBVCHP_SBORC_R1233zd(E)_R227ea.csv,0.44978612342629365,23.746479859221125,0.19066164192021143,113.6798739104162,42.211116023960926,,,,,
DC-F,SBVCHP_SBORC,R1233zd(E),R227ea,pareto_DC-F_SBVCHP_SBORC_R1233zd(E)_R227ea.csv,0.45237926948225116,33.444779609826746,0.1050088374796896,120.90278681113462,59.46860183238029,,,,,
DC-F,SBVCHP_SBORC,R1233zd(E),R1234ze(E),pareto_DC-F_SBVCHP_SBORC_R1233zd(E)_R1234ze(E).csv,0.45763360140803233,14.104852426104651,0.2667414839292774,113.3094188073957,25.15399118346062,,,,,
DC-F,SBVCHP_SBORC,R1233zd(E),R1234ze(E),pareto_DC-F_SBVCHP_SBORC_R1233zd(E)_R1234ze(E).csv,0.4676125136933521,14.104852426104651,0.261571534564148,113.3094188073957,25.15399118346062,,,,,
DC-F,SBVCHP_SBORC,R1233zd(E),R227ea,pareto_DC-F_SBVCHP_SBORC_R1233zd(E)_R227ea.csv,0.47525067338803717,28.411301421218315,0.08073919476135215,113.85283903511181,50.43160722545386,,,,,
DC-F,SBVCHP_SBORC,R1233zd(E),R227ea,pareto_DC-F_SBVCHP_SBORC_R1233zd(E)_R227ea.csv,0.47912034721978475,25.766429311601918,0.13179580363142554,110.6701580127607,45.707863791308114,,,,,
DC-F,SBVCHP_SBORC,R1233zd(E),R1234ze(E),pareto_DC-F_SBVCHP_SBORC_R1233zd(E)_R1234ze(E).csv,0.48080165074771986,19.70357288388918,0.1987761093501983,114.20034910901511,35.08168223369972,,,,,
DC-F,SBVCHP_SBORC,R1233zd(E),R227ea,pareto_DC-F_SBVCHP_SBORC_R1233zd(E)_R227ea.csv,0.4879048171040507,25.766429311601918,0.12105993810740014,110.6701580127607,45.707863791308114,,,,,
DC-F,SBVCHP_SBORC,R1233zd(E),R1234ze(E),pareto_DC-F_SBVCHP_SBORC_R1233zd(E)_R1234ze(E).csv,0.4914095980038846,19.336396843347842,0.16202510804534212,100.05551388246238,34.20658917250889,,,,,
DC-F,SBVCHP_SBORC,R1233zd(E),R227ea,pareto_DC-F_SBVCHP_SBORC_R1233zd(E)_R227ea.csv,0.4970128687128524,25.76511577664333,0.11112887071364504,110.78004836700605,45.707863791308114,,,,,
DC-F,SBVCHP_SBORC,R1233zd(E),R227ea,pareto_DC-F_SBVCHP_SBORC_R1233zd(E)_R227ea.csv,0.509987940741513,16.025219028785582,0.18923633913291094,105.4177788195426,28.452528340906643,,,,,
DC-F,SBVCHP_SBORC,R1233zd(E),R134a,pareto_DC-F_SBVCHP_SBORC_R1233zd(E)_R134a.csv,0.5169023851254172,15.241505939450725,0.158024397391862,94.47190435326621,26.93157139381697,,,,,
DC-F,SBVCHP_SBORC,R1233zd(E),R227ea,pareto_DC-F_SBVCHP_SBORC_R1233zd(E)_R227ea.csv,0.5242355888987636,14.06331243509044,0.20311853014496456,107.06625723333747,25.006516116572893,,,,,
DC-F,SBVCHP_SBORC,R1233zd(E),R1234ze(E),pareto_DC-F_SBVCHP_SBORC_R1233zd(E)_R1234ze(E).csv,0.5299936391032054,21.720009239995463,0.06956055719047256,100.10785461550553,38.393969471195874,,,,,
DC-F,SBVCHP_SBORC,R1233zd(E),R1234ze(E),pareto_DC-F_SBVCHP_SBORC_R1233zd(E)_R1234ze(E).csv,0.5422832727190076,21.38078544469431,0.06082566963669107,100.21631778005774,37.8003510732004,,,,,
DC-F,SBVCHP_SBORC,R1233zd(E),R1234ze(E),pareto_DC-F_SBVCHP_SBORC_R1233zd(E)_R1234ze(E).csv,0.5527757802395236,20.880404865269515,0.07245441247173258,100.10785461550553,36.91991017742916,,,,,
DC-F,SBVCHP_SBORC,R1233zd(E),R227ea,pareto_DC-F_SBVCHP_SBORC_R1233zd(E)_R227ea.csv,0.5597672918565082,14.20210751606687,0.1642377137567572,91.63113537144048,25.071551173464773,,,,,
DC-F,SBVCHP_SBORC,R1233zd(E),R227ea,pareto_DC-F_SBVCHP_SBORC_R1233zd(E)_R227ea.csv,0.5728178662958332,19.02749078907083,0.09879982669111739,96.34299406405314,33.606654036808244,,,,,
DC-F,SBVCHP_SBORC,R1233zd(E),R227ea,pareto_DC-F_SBVCHP_SBORC_R1233zd(E)_R227ea.csv,0.5832178879098923,17.652890326839863,0.11506634047227009,96.52352067198757,31.195773069516775,,,,,
DC-F,SBVCHP_SBORC,R1233zd(E),R134a,pareto_DC-F_SBVCHP_SBORC_R1233zd(E)_R134a.csv,0.6042338453070013,14.33907955953934,0.13570032780130084,93.89005999624679,25.338284822583642,,,,,
DC-F,SBVCHP_SBORC,R1233zd(E),R227ea,pareto_DC-F_SBVCHP_SBORC_R1233zd(E)_R227ea.csv,0.6128500029166942,17.65199927814612,0.09507521458714725,96.63341076914797,31.195773069516775,,,,,
DC-F,SBVCHP_SBORC,R1233zd(E),R227ea,pareto_DC-F_SBVCHP_SBORC_R1233zd(E)_R227ea.csv,0.6412596340211955,17.84295559498494,0.05617620453969584,91.64396075508935,31.460099302685983,,,,,
DC-F,SBVCHP_SBORC,R1233zd(E),R1234ze(E),pareto_DC-F_SBVCHP_SBORC_R1233zd(E)_R1234ze(E).csv,0.6510745293311287,17.457017177600147,0.016489238769617012,90.81372778578476,30.77209234094557,,,,,
DC-F,SBVCHP_SBORC,R1233zd(E),R134a,pareto_DC-F_SBVCHP_SBORC_R1233zd(E)_R134a.csv,0.6637076994326103,16.46504581872251,0.03619387096056602,91.58464971782381,29.043173503293897,,,,,
DC-F,SBVCHP_SBORC,R1233zd(E),R227ea,pareto_DC-F_SBVCHP_SBORC_R1233zd(E)_R227ea.csv,0.6852921743714785,15.37426424909124,0.082392849403653,90.35145528141045,27.11406237868997,,,,,
DC-F,SBVCHP_SBORC,R1233zd(E),R1234ze(E),pareto_DC-F_SBVCHP_SBORC_R1233zd(E)_R1234ze(E).csv,0.6962133784751744,15.70962490469793,0.044151917641145406,91.76512675832727,27.720039159947778,,,,,
DC-F,SBVCHP_SBORC,R1233zd(E),R227ea,pareto_DC-F_SBVCHP_SBORC_R1233zd(E)_R227ea.csv,0.7092974849208112,15.502374335013943,0.061360915091021435,90.77465429491703,27.344025428163473,,,,,
DC-F,SBVCHP_SBORC,R1233zd(E),R1234ze(E),pareto_DC-F_SBVCHP_SBORC_R1233zd(E)_R1234ze(E).csv,0.7195912896216256,15.027872567548206,0.037416541905619986,91.18243271912068,26.516280232851734,,,,,
DC-F,SBVCHP_SBORC,R1233zd(E),R134a,pareto_DC-F_SBVCHP_SBORC_R1233zd(E)_R134a.csv,0.7253594842113963,14.450139292908617,0.05339546773391795,91.36422362534839,25.504100530838127,,,,,
DC-F,SBVCHP_SBORC,R1233zd(E),R1234ze(E),pareto_DC-F_SBVCHP_SBORC_R1233zd(E)_R1234ze(E).csv,0.7308392345901158,14.786786524071305,0.01895374637653533,90.31353287368218,26.082795204117897,,,,,
DC-F,SBVCHP_SBORC,R1233zd(E),R1234ze(E),pareto_DC-F_SBVCHP_SBORC_R1233zd(E)_R1234ze(E).csv,0.7504687348249678,14.211904878476561,0.019468117855533977,90.31353287368218,25.073739450366528,,,,,
DC-F,SBVCHP_SRORC,R1233zd(E),R227ea,pareto_DC-F_SBVCHP_SRORC_R1233zd(E)_R227ea.csv,0.2652107365141122,41.84544047358564,0.17097993503012876,126.01326991508553,74.40868704444588,,,,,
DC-F,SBVCHP_SRORC,R1233zd(E),R227ea,pareto_DC-F_SBVCHP_SRORC_R1233zd(E)_R227ea.csv,0.2751579096125015,41.83637423451823,0.16664366331549055,126.01984857952371,74.3929543227691,,,,,
DC-F,SBVCHP_SRORC,R1233zd(E),R227ea,pareto_DC-F_SBVCHP_SRORC_R1233zd(E)_R227ea.csv,0.30474481857977487,40.18948060080529,0.19660588299513335,126.04748314696491,71.49547730790236,,,,,
DC-F,SBVCHP_SRORC,R1233zd(E),R227ea,pareto_DC-F_SBVCHP_SRORC_R1233zd(E)_R227ea.csv,0.31433391185691584,41.34775578208359,0.021580519090374086,125.60387714193932,73.51941429516026,,,,,
DC-F,SBVCHP_SRORC,R1233zd(E),R227ea,pareto_DC-F_SBVCHP_SRORC_R1233zd(E)_R227ea.csv,0.33238036323337894,40.690777850741526,0.11987012294939277,125.64319340144297,72.36466306346756,,,,,
DC-F,SBVCHP_SRORC,R1233zd(E),R227ea,pareto_DC-F_SBVCHP_SRORC_R1233zd(E)_R227ea.csv,0.3390856932225599,40.42748268508484,0.1836454080891292,126.16674383455498,71.91829169725105,,,,,
DC-F,SBVCHP_SRORC,R1233zd(E),R227ea,pareto_DC-F_SBVCHP_SRORC_R1233zd(E)_R227ea.csv,0.35250613932940145,39.75522905346718,0.18610240458568927,126.04748314696491,70.73101667677356,,,,,
DC-F,SBVCHP_SRORC,R1233zd(E),R227ea,pareto_DC-F_SBVCHP_SRORC_R1233zd(E)_R227ea.csv,0.3564411508060361,38.98581274043144,0.08413666190756514,126.48925695146534,69.39021310362129,,,,,
DC-F,SBVCHP_SRORC,R1233zd(E),R227ea,pareto_DC-F_SBVCHP_SRORC_R1233zd(E)_R227ea.csv,0.3654112646759598,35.29430636634818,0.10207794527356163,120.41142079671559,62.71001326401787,,,,,
DC-F,SBVCHP_SRORC,R1233zd(E),R227ea,pareto_DC-F_SBVCHP_SRORC_R1233zd(E)_R227ea.csv,0.36957365833957834,33.94136608361325,0.21962858030466234,121.46881983990369,60.358517731017685,,,,,
DC-F,SBVCHP_SRORC,R1233zd(E),R227ea,pareto_DC-F_SBVCHP_SRORC_R1233zd(E)_R227ea.csv,0.3772604430587341,33.670370907879104,0.22316550945889957,121.46099780213642,59.88110244169652,,,,,
DC-F,SBVCHP_SRORC,R1233zd(E),R1234ze(E),pareto_DC-F_SBVCHP_SRORC_R1233zd(E)_R1234ze(E).csv,0.3898785646655229,35.64511959671706,0.028001920197512725,127.37280222492211,63.5289947158395,,,,,
DC-F,SBVCHP_SRORC,R1233zd(E),R1234ze(E),pareto_DC-F_SBVCHP_SRORC_R1233zd(E)_R1234ze(E).csv,0.39417792395754003,34.7653113409235,0.14508995453796023,127.39435704266272,61.977427904991146,,,,,
DC-F,SBVCHP_SRORC,R1233zd(E),R1234ze(E),pareto_DC-F_SBVCHP_SRORC_R1233zd(E)_R1234ze(E).csv,0.39902513027117653,31.899496578687238,0.21938519784170596,127.13093540491838,56.91047456327003,,,,,
DC-F,SBVCHP_SRORC,R1233zd(E),R227ea,pareto_DC-F_SBVCHP_SRORC_R1233zd(E)_R227ea.csv,0.4024995598514404,32.536222827195125,0.19174012927763498,119.32921143490515,57.826799001076026,,,,,
DC-F,SBVCHP_SRORC,R1233zd(E),R1234ze(E),pareto_DC-F_SBVCHP_SRORC_R1233zd(E)_R1234ze(E).csv,0.40957111454802003,32.20136722532229,0.18345457104017512,127.39768935390197,57.45081746999604,,,,,
DC-F,SBVCHP_SRORC,R1233zd(E),R227ea,pareto_DC-F_SBVCHP_SRORC_R1233zd(E)_R227ea.csv,0.4117156757585944,34.73051955905854,0.10753067885343212,120.50026951449831,61.72059921098019,,,,,
DC-F,SBVCHP_SRORC,R1233zd(E),R1234ze(E),pareto_DC-F_SBVCHP_SRORC_R1233zd(E)_R1234ze(E).csv,0.41430471402742314,33.598101107998914,0.07823453749685859,127.06760630987878,59.908268625465446,,,,,
DC-F,SBVCHP_SRORC,R1233zd(E),R227ea,pareto_DC-F_SBVCHP_SRORC_R1233zd(E)_R227ea.csv,0.42163370592523447,24.212898928311375,0.24653756217308886,114.5520159060839,43.05100602859348,,,,,
DC-F,SBVCHP_SRORC,R1233zd(E),R227ea,pareto_DC-F_SBVCHP_SRORC_R1233zd(E)_R227ea.csv,0.4266735252080979,31.154824238501764,0.2110982058580162,120.65007732710349,55.42815428503128,,,,,
DC-F,SBVCHP_SRORC,R1233zd(E),R1234ze(E),pareto_DC-F_SBVCHP_SRORC_R1233zd(E)_R1234ze(E).csv,0.43076240353032247,32.171379322883986,0.09267081111706763,127.39800820578094,57.397851143579,,,,,
DC-F,SBVCHP_SRORC,R1233zd(E),R227ea,pareto_DC-F_SBVCHP_SRORC_R1233zd(E)_R227ea.csv,0.43702253920866296,22.230789021688548,0.25381931084832815,115.1108711882397,39.56348756988807,,,,,
DC-F,SBVCHP_SRORC,R1233zd(E),R1234ze(E),pareto_DC-F_SBVCHP_SRORC_R1233zd(E)_R1234ze(E).csv,0.43816773335628223,26.588433429637597,0.20328670230620136,119.16737522686594,47.33946477870754,,,,,
DC-F,SBVCHP_SRORC,R1233zd(E),R1234ze(E),pareto_DC-F_SBVCHP_SRORC_R1233zd(E)_R1234ze(E).csv,0.4452628186806303,28.201229323985974,0.15802472116177826,121.36356848812801,50.23617659593023,,,,,
DC-F,SBVCHP_SRORC,R1233zd(E),R1234ze(E),pareto_DC-F_SBVCHP_SRORC_R1233zd(E)_R1234ze(E).csv,0.4474300081576409,26.588433429637597,0.1958330505349108,119.16737522686594,47.33946477870754,,,,,
DC-F,SBVCHP_SRORC,R1233zd(E),R227ea,pareto_DC-F_SBVCHP_SRORC_R1233zd(E)_R227ea.csv,0.4567297545515025,17.4627376706637,0.25874159283905307,109.41013653719146,31.046832875130423,,,,,
DC-F,SBVCHP_SRORC,R1233zd(E),R1234ze(E),pareto_DC-F_SBVCHP_SRORC_R1233zd(E)_R1234ze(E).csv,0.45914990984733,14.120486562275955,0.27043573492288847,111.94944032161997,25.165553055556792,,,,,
DC-F,SBVCHP_SRORC,R1233zd(E),R227ea,pareto_DC-F_SBVCHP_SRORC_R1233zd(E)_R227ea.csv,0.46036108268673864,30.833628419468916,0.11959983097947174,120.67713565366816,54.86276132378953,,,,,
DC-F,SBVCHP_SRORC,R1233zd(E),R227ea,pareto_DC-F_SBVCHP_SRORC_R1233zd(E)_R227ea.csv,0.4661494675397193,30.833628419468916,0.03363372570983467,120.67713565366816,54.86276132378953,,,,,
DC-F,SBVCHP_SRORC,R1233zd(E),R1234ze(E),pareto_DC-F_SBVCHP_SRORC_R1233zd(E)_R1234ze(E).csv,0.4695897414524991,27.039427714961622,0.14139351091777294,119.30800931192219,48.13855302911051,,,,,
DC-F,SBVCHP_SRORC,R1233zd(E),R1234ze(E),pareto_DC-F_SBVCHP_SRORC_R1233zd(E)_R1234ze(E).csv,0.4727589601175694,24.696587957448592,0.16789649928133912,121.35988554794841,44.04367282898262,,,,,
DC-F,SBVCHP_SRORC,R1233zd(E),R227ea,pareto_DC-F_SBVCHP_SRORC_R1233zd(E)_R227ea.csv,0.4756390959280062,14.061284755471723,0.26510724288610493,109.70244577496854,25.03402618276257,,,,,
DC-F,SBVCHP_SRORC,R1233zd(E),R1234ze(E),pareto_DC-F_SBVCHP_SRORC_R1233zd(E)_R1234ze(E).csv,0.4815736992148631,21.657590380249513,0.18774093873841852,118.11406742665461,38.60526789435631,,,,,
DC-F,SBVCHP_SRORC,R1233zd(E),R227ea,pareto_DC-F_SBVCHP_SRORC_R1233zd(E)_R227ea.csv,0.48411176355856117,30.072940737992383,0.02780298185741344,120.50260811173716,53.51745572235154,,,,,
DC-F,SBVCHP_SRORC,R1233zd(E),R227ea,pareto_DC-F_SBVCHP_SRORC_R1233zd(E)_R227ea.csv,0.48930029124524965,25.65264998390473,0.144497655694092,112.76819144445862,45.55173619722201,,,,,
DC-F,SBVCHP_SRORC,R1233zd(E),R1234ze(E),pareto_DC-F_SBVCHP_SRORC_R1233zd(E)_R1234ze(E).csv,0.49082377521771675,19.843843201341464,0.191175118909978,118.11406742665461,35.39470886813696,,,,,
DC-F,SBVCHP_SRORC,R1233zd(E),R1234ze(E),pareto_DC-F_SBVCHP_SRORC_R1233zd(E)_R1234ze(E).csv,0.4992987935425269,21.12981134522479,0.1751399325512498,112.1084063297817,37.56555054819009,,,,,
DC-F,SBVCHP_SRORC,R1233zd(E),R1234ze(E),pareto_DC-F_SBVCHP_SRORC_R1233zd(E)_R1234ze(E).csv,0.505028446377852,20.813634423899874,0.17374454780839793,112.1084063297817,37.007470880349004,,,,,
DC-F,SBVCHP_SRORC,R1233zd(E),R227ea,pareto_DC-F_SBVCHP_SRORC_R1233zd(E)_R227ea.csv,0.5141130846925454,19.223894311118908,0.18969974929946218,108.08147022212721,34.13545636889356,,,,,
DC-F,SBVCHP_SRORC,R1233zd(E),R227ea,pareto_DC-F_SBVCHP_SRORC_R1233zd(E)_R227ea.csv,0.5242142250728243,24.45209570734812,0.11486185425591791,113.49201961659563,43.45144972978785,,,,,
DC-F,SBVCHP_SRORC,R1233zd(E),R227ea,pareto_DC-F_SBVCHP_SRORC_R1233zd(E)_R227ea.csv,0.5306561488815917,24.2239436920893,0.11604753337079846,113.49201961659563,43.04926269743346,,,,,
DC-F,SBVCHP_SRORC,R1233zd(E),R1234ze(E),pareto_DC-F_SBVCHP_SRORC_R1233zd(E)_R1234ze(E).csv,0.5376706014927853,16.384726638046963,0.20001559578938163,110.1538662464751,29.151780874117744,,,,,
DC-F,SBVCHP_SRORC,R1233zd(E),R1234ze(E),pareto_DC-F_SBVCHP_SRORC_R1233zd(E)_R1234ze(E).csv,0.542864494275006,17.577261349332645,0.17214429541911333,109.74848500372057,31.254122655272973,,,,,
DC-F,SBVCHP_SRORC,R1233zd(E),R1234ze(E),pareto_DC-F_SBVCHP_SRORC_R1233zd(E)_R1234ze(E).csv,0.551159958823728,14.12010746948053,0.19290930430853861,112.00598249393386,25.165553055556792,,,,,
DC-F,SBVCHP_SRORC,R1233zd(E),R227ea,pareto_DC-F_SBVCHP_SRORC_R1233zd(E)_R227ea.csv,0.5589296837509513,19.219209633122375,0.15208845545855204,108.60007948832393,34.13545636889356,,,,,
DC-F,SBVCHP_SRORC,R1233zd(E),R227ea,pareto_DC-F_SBVCHP_SRORC_R1233zd(E)_R227ea.csv,0.5732739552773088,20.131188753797982,0.01046553290400651,101.69775114944592,35.62992002805566,,,,,
DC-F,SBVCHP_SRORC,R1233zd(E),R227ea,pareto_DC-F_SBVCHP_SRORC_R1233zd(E)_R227ea.csv,0.5824929581895064,16.0103254801038,0.15935956624954886,108.79121533848038,28.471276782811135,,,,,
DC-F,SBVCHP_SRORC,R1233zd(E),R227ea,pareto_DC-F_SBVCHP_SRORC_R1233zd(E)_R227ea.csv,0.5879758578303337,18.049682014237465,0.14034690226989913,102.75956051051844,31.984276192035274,,,,,
DC-F,SBVCHP_SRORC,R1233zd(E),R227ea,pareto_DC-F_SBVCHP_SRORC_R1233zd(E)_R227ea.csv,0.5895048159151209,18.04856339148665,0.136041637309106,102.89241892277855,31.984276192035274,,,,,
DC-F,SBVCHP_SRORC,R1233zd(E),R227ea,pareto_DC-F_SBVCHP_SRORC_R1233zd(E)_R227ea.csv,0.5954188060223515,17.204054612908322,0.13464400689601214,101.13332412902793,30.471846410776152,,,,,
DC-F,SBVCHP_SRORC,R1233zd(E),R227ea,pareto_DC-F_SBVCHP_SRORC_R1233zd(E)_R227ea.csv,0.6044864872061323,18.354419076342072,0.07482860967867708,95.20857264431812,32.40844654911372,,,,,
DC-F,SBVCHP_SRORC,R1233zd(E),R227ea,pareto_DC-F_SBVCHP_SRORC_R1233zd(E)_R227ea.csv,0.6133043376680245,16.136659076114782,0.11143578586268538,91.91037463955503,28.471276782811135,,,,,
DC-F,SBVCHP_SRORC,R1233zd(E),R227ea,pareto_DC-F_SBVCHP_SRORC_R1233zd(E)_R227ea.csv,0.6258769245741552,18.361807366164165,0.042432013100975,94.32457668330242,32.40844654911372,,,,,
DC-F,SBVCHP_SRORC,R1233zd(E),R227ea,pareto_DC-F_SBVCHP_SRORC_R1233zd(E)_R227ea.csv,0.6470235353893977,16.807520588058445,0.08099409843984819,94.94074457941709,29.688975564542353,,,,,
DC-F,SBVCHP_SRORC,R1233zd(E),R227ea,pareto_DC-F_SBVCHP_SRORC_R1233zd(E)_R227ea.csv,0.6688704697601959,16.976176725816295,0.0116585135355256,93.32389367629827,29.96315248334692,,,,,
DC-F,SBVCHP_SRORC,R1233zd(E),R227ea,pareto_DC-F_SBVCHP_SRORC_R1233zd(E)_R227ea.csv,0.677701876444558,15.77853159117999,0.060123577735677565,97.25707688013027,27.910922382912442,,,,,
DC-F,SBVCHP_SRORC,R1233zd(E),R227ea,pareto_DC-F_SBVCHP_SRORC_R1233zd(E)_R227ea.csv,0.6981128404147053,14.68562807890826,0.08960821187001979,92.10234788426928,25.92631023068299,,,,,
DC-F,SBVCHP_SRORC,R1233zd(E),R227ea,pareto_DC-F_SBVCHP_SRORC_R1233zd(E)_R227ea.csv,0.7353836767850171,14.952258919895174,0.05755495085192461,90.09217281414007,26.370536325772264,,,,,
DC-F,SBVCHP_SRORC,R1233zd(E),R227ea,pareto_DC-F_SBVCHP_SRORC_R1233zd(E)_R227ea.csv,0.7597066698847174,14.263255382554732,0.049316508164837784,93.3015592967369,25.19817598798025,,,,,
DC-F,SBVCHP_SRORC,R1233zd(E),R227ea,pareto_DC-F_SBVCHP_SRORC_R1233zd(E)_R227ea.csv,0.7687467404745035,14.183387780370042,0.046826474775578504,91.503983355294,25.037218613062308,,,,,
DC-F,SRVCHP_SBORC,R1233zd(E),R227ea,pareto_DC-F_SRVCHP_SBORC_R1233zd(E)_R227ea.csv,0.010086559591248928,45.14220918771642,0.0025684693138248826,120.08644102903514,79.9999666282082,,,,,
DC-F,SRVCHP_SBORC,R1233zd(E),R227ea,pareto_DC-F_SRVCHP_SBORC_R1233zd(E)_R227ea.csv,0.02389836087886959,45.13820072305928,0.012938061262329341,120.28811414794191,79.99990609643541,,,,,
DC-F,SRVCHP_SBORC,R1233zd(E),R227ea,pareto_DC-F_SRVCHP_SBORC_R1233zd(E)_R227ea.csv,0.034474152248307285,45.13769791756967,0.00760735419707494,120.31354573272385,79.99990354721187,,,,,
DC-F,SRVCHP_SBORC,R1233zd(E),R227ea,pareto_DC-F_SRVCHP_SBORC_R1233zd(E)_R227ea.csv,0.08134096662040026,45.12497838188017,0.043298722735918414,120.76429533993856,79.99318846289755,,,,,
DC-F,SRVCHP_SBORC,R1233zd(E),R227ea,pareto_DC-F_SRVCHP_SBORC_R1233zd(E)_R227ea.csv,0.11489445071985284,45.12690440314064,0.01567793983419442,120.86038091250671,79.9999011794805,,,,,
DC-F,SRVCHP_SBORC,R1233zd(E),R227ea,pareto_DC-F_SRVCHP_SBORC_R1233zd(E)_R227ea.csv,0.17304308141417932,45.104953379553194,0.0915030363533386,121.96914719108942,79.9999011794805,,,,,
DC-F,SRVCHP_SBORC,R1233zd(E),R227ea,pareto_DC-F_SRVCHP_SBORC_R1233zd(E)_R227ea.csv,0.23043643382898482,45.097687921133904,0.06855486959862701,122.33527894240008,79.99990613518928,,,,,
DC-F,SRVCHP_SBORC,R1233zd(E),R227ea,pareto_DC-F_SRVCHP_SBORC_R1233zd(E)_R227ea.csv,0.26782421046204485,45.090209228181116,0.060777070841051155,122.71143586770327,79.99990358596574,,,,,
DC-F,SRVCHP_SBORC,R1233zd(E),R227ea,pareto_DC-F_SRVCHP_SBORC_R1233zd(E)_R227ea.csv,0.3030083088533354,45.04552444898018,0.16698054468789927,124.75865843709296,79.99318897063998,,,,,
DC-F,SRVCHP_SBORC,R1233zd(E),R227ea,pareto_DC-F_SRVCHP_SBORC_R1233zd(E)_R227ea.csv,0.3456815965016985,45.01705440703749,0.18601804425367202,126.36879448617397,79.99997379649656,,,,,
DC-F,SRVCHP_SBORC,R1233zd(E),R227ea,pareto_DC-F_SRVCHP_SBORC_R1233zd(E)_R227ea.csv,0.38980677054437896,41.465247044890894,0.21495191281134787,123.88946917425655,73.66953971413622,,,,,
DC-F,SRVCHP_SBORC,R1233zd(E),R227ea,pareto_DC-F_SRVCHP_SBORC_R1233zd(E)_R227ea.csv,0.41395560162218586,38.24003179006734,0.23606592482665306,122.99047242945049,67.9685419852757,,,,,
DC-F,SRVCHP_SBORC,R1233zd(E),R1234ze(E),pareto_DC-F_SRVCHP_SBORC_R1233zd(E)_R1234ze(E).csv,0.42364073642975153,35.05074912629084,0.24842643549694657,127.0124843649012,62.47008191971392,,,,,
DC-F,SRVCHP_SBORC,R1233zd(E),R227ea,pareto_DC-F_SRVCHP_SBORC_R1233zd(E)_R227ea.csv,0.43836124685386424,41.8189481197853,0.1669650636731944,124.03138522258222,74.29614324304897,,,,,
DC-F,SRVCHP_SBORC,R1233zd(E),R227ea,pareto_DC-F_SRVCHP_SBORC_R1233zd(E)_R227ea.csv,0.4470599639457686,35.526243273938036,0.24273836448176614,121.18556304730585,63.140232798102126,,,,,
DC-F,SRVCHP_SBORC,R1233zd(E),R1234ze(E),pareto_DC-F_SRVCHP_SBORC_R1233zd(E)_R1234ze(E).csv,0.45315744569713556,31.960857009029088,0.2646096985498409,127.17701984956555,57.020089205289835,,,,,
DC-F,SRVCHP_SBORC,R1233zd(E),R1234ze(E),pareto_DC-F_SRVCHP_SBORC_R1233zd(E)_R1234ze(E).csv,0.4554919638494015,36.78630802642905,0.19916894196894736,127.35334897698253,65.5409361658796,,,,,
DC-F,SRVCHP_SBORC,R1233zd(E),R227ea,pareto_DC-F_SRVCHP_SBORC_R1233zd(E)_R227ea.csv,0.45741528091691486,33.99975940000675,0.23387128699727835,120.15035015808289,60.42491192297996,,,,,
DC-F,SRVCHP_SBORC,R1233zd(E),R1234ze(E),pareto_DC-F_SRVCHP_SBORC_R1233zd(E)_R1234ze(E).csv,0.4623264953650966,27.523255246782,0.2705420885815489,123.95506960743414,49.0984098472803,,,,,
DC-F,SRVCHP_SBORC,R1233zd(E),R1234ze(E),pareto_DC-F_SRVCHP_SBORC_R1233zd(E)_R1234ze(E).csv,0.4650554776105263,28.19919849225556,0.26203667107945466,123.23838216619723,50.276434178904175,,,,,
DC-F,SRVCHP_SBORC,R1233zd(E),R1234ze(E),pareto_DC-F_SRVCHP_SBORC_R1233zd(E)_R1234ze(E).csv,0.46551457752077074,26.878781069943624,0.2731050687445335,124.03933752369156,47.96071353443877,,,,,
DC-F,SRVCHP_SBORC,R1233zd(E),R227ea,pareto_DC-F_SRVCHP_SBORC_R1233zd(E)_R227ea.csv,0.47299028567017337,39.0062786386634,0.1984735391367727,123.26187429073701,69.324892732788,,,,,
DC-F,SRVCHP_SBORC,R1233zd(E),R227ea,pareto_DC-F_SRVCHP_SBORC_R1233zd(E)_R227ea.csv,0.4784565016449995,34.721242341922725,0.22100789462502482,121.23442990524892,61.724933876261616,,,,,
DC-F,SRVCHP_SBORC,R1233zd(E),R227ea,pareto_DC-F_SRVCHP_SBORC_R1233zd(E)_R227ea.csv,0.4860218887641362,40.07349213088067,0.16831293725530128,123.88946917425655,71.2219634968961,,,,,
DC-F,SRVCHP_SBORC,R1233zd(E),R1234ze(E),pareto_DC-F_SRVCHP_SBORC_R1233zd(E)_R1234ze(E).csv,0.4921667484364629,36.653291131593456,0.15683772357786585,127.40111696953616,65.307833207712,,,,,
DC-F,SRVCHP_SBORC,R1233zd(E),R1234ze(E),pareto_DC-F_SRVCHP_SBORC_R1233zd(E)_R1234ze(E).csv,0.4979745136980218,15.184338600351731,0.2769000824044933,113.15254861638138,27.066192650730247,,,,,
DC-F,SRVCHP_SBORC,R1233zd(E),R1234ze(E),pareto_DC-F_SRVCHP_SBORC_R1233zd(E)_R1234ze(E).csv,0.5011185110802489,14.59073823979216,0.2806522449558257,113.39355971700661,26.016801351687434,,,,,
DC-F,SRVCHP_SBORC,R1233zd(E),R227ea,pareto_DC-F_SRVCHP_SBORC_R1233zd(E)_R227ea.csv,0.5076635284346005,33.15604688878972,0.1961293160273847,120.15035015808289,58.939861187314776,,,,,
DC-F,SRVCHP_SBORC,R1233zd(E),R227ea,pareto_DC-F_SRVCHP_SBORC_R1233zd(E)_R227ea.csv,0.5115437448966661,41.46986994158283,0.131761940662991,125.31253116407832,73.72462761921071,,,,,
DC-F,SRVCHP_SBORC,R1233zd(E),R227ea,pareto_DC-F_SRVCHP_SBORC_R1233zd(E)_R227ea.csv,0.5266720065154467,36.8191725264351,0.12842259117284474,121.13552329453309,65.41326984198699,,,,,
DC-F,SRVCHP_SBORC,R1233zd(E),R227ea,pareto_DC-F_SRVCHP_SBORC_R1233zd(E)_R227ea.csv,0.5345929089230725,29.81115269063253,0.1858257822236262,118.21123119423561,52.99976596918031,,,,,
DC-F,SRVCHP_SBORC,R1233zd(E),R1234ze(E),pareto_DC-F_SRVCHP_SBORC_R1233zd(E)_R1234ze(E).csv,0.5413049588311957,32.812525066245506,0.14714547465213493,127.35146735894399,58.5290413452146,,,,,
DC-F,SRVCHP_SBORC,R1233zd(E),R1234ze(E),pareto_DC-F_SRVCHP_SBORC_R1233zd(E)_R1234ze(E).csv,0.553057757709659,31.297772906025425,0.12497132818761206,124.05643458042739,55.767763709278434,,,,,
DC-F,SRVCHP_SBORC,R1233zd(E),R1234ze(E),pareto_DC-F_SRVCHP_SBORC_R1233zd(E)_R1234ze(E).csv,0.5541043174255821,30.053720661422982,0.15090743904742193,124.63352046273927,53.586086758852275,,,,,
DC-F,SRVCHP_SBORC,R1233zd(E),R227ea,pareto_DC-F_SRVCHP_SBORC_R1233zd(E)_R227ea.csv,0.5677135783338506,31.117560319121285,0.13775840392186303,119.76499981102634,55.33991038405563,,,,,
DC-F,SRVCHP_SBORC,R1233zd(E),R227ea,pareto_DC-F_SRVCHP_SBORC_R1233zd(E)_R227ea.csv,0.5741819377837337,30.034648378100023,0.13705168152447972,118.1287745986597,53.39141589637247,,,,,
DC-F,SRVCHP_SBORC,R1233zd(E),R227ea,pareto_DC-F_SRVCHP_SBORC_R1233zd(E)_R227ea.csv,0.5774702752718232,31.7897786142388,0.12050694649611708,119.76499981102634,56.52395603499112,,,,,
DC-F,SRVCHP_SBORC,R1233zd(E),R1234ze(E),pareto_DC-F_SRVCHP_SBORC_R1233zd(E)_R1234ze(E).csv,0.5826574600076243,21.856822768695565,0.16246449797917004,112.99309816853263,38.864438335259585,,,,,
DC-F,SRVCHP_SBORC,R1233zd(E),R227ea,pareto_DC-F_SRVCHP_SBORC_R1233zd(E)_R227ea.csv,0.5929653872205212,18.453571718784286,0.17148697045880693,107.14172392790402,32.76207979643702,,,,,
DC-F,SRVCHP_SBORC,R1233zd(E),R1234ze(E),pareto_DC-F_SRVCHP_SBORC_R1233zd(E)_R1234ze(E).csv,0.5995628148356441,24.661523116578703,0.10754444034159248,121.3925011782281,43.98232742056476,,,,,
DC-F,SRVCHP_SBORC,R1233zd(E),R1234ze(E),pareto_DC-F_SRVCHP_SBORC_R1233zd(E)_R1234ze(E).csv,0.6055440030261793,23.389243660433596,0.12548974833391782,120.30163647197148,41.70994016771322,,,,,
DC-F,SRVCHP_SBORC,R1233zd(E),R227ea,pareto_DC-F_SRVCHP_SBORC_R1233zd(E)_R227ea.csv,0.6189002910869655,22.35171021165276,0.10871483328304972,107.82528437481862,39.64244307163822,,,,,
DC-F,SRVCHP_SBORC,R1233zd(E),R227ea,pareto_DC-F_SRVCHP_SBORC_R1233zd(E)_R227ea.csv,0.6273403236001368,24.75408834301751,0.07602123756031358,111.32047971049073,43.939518338622655,,,,,
DC-F,SRVCHP_SBORC,R1233zd(E),R1234ze(E),pareto_DC-F_SRVCHP_SBORC_R1233zd(E)_R1234ze(E).csv,0.6342679371984149,16.55134255379501,0.13983030999016502,98.87610903796549,29.29188205240317,,,,,
DC-F,SRVCHP_SBORC,R1233zd(E),R227ea,pareto_DC-F_SRVCHP_SBORC_R1233zd(E)_R227ea.csv,0.6420598506878192,15.385551142247216,0.14747993253009217,100.41189560601676,27.259345458401334,,,,,
DC-F,SRVCHP_SBORC,R1233zd(E),R227ea,pareto_DC-F_SRVCHP_SBORC_R1233zd(E)_R227ea.csv,0.6506429993320094,18.841697069982448,0.1073059791506162,108.25916506541515,33.46404749935014,,,,,
DC-F,SRVCHP_SBORC,R1233zd(E),R134a,pareto_DC-F_SRVCHP_SBORC_R1233zd(E)_R134a.csv,0.6559462483341529,14.760630261981667,0.12009849438933798,92.93452638843006,26.067927767771106,,,,,
DC-F,SRVCHP_SBORC,R1233zd(E),R1234ze(E),pareto_DC-F_SRVCHP_SBORC_R1233zd(E)_R1234ze(E).csv,0.6701358896226669,18.335078769165804,0.035556631832453264,101.24445313779755,32.46403850080211,,,,,
DC-F,SRVCHP_SBORC,R1233zd(E),R227ea,pareto_DC-F_SRVCHP_SBORC_R1233zd(E)_R227ea.csv,0.6767819264883017,16.26827653953426,0.11528445383844621,100.17137362822291,28.811041950332207,,,,,
DC-F,SRVCHP_SBORC,R1233zd(E),R227ea,pareto_DC-F_SRVCHP_SBORC_R1233zd(E)_R227ea.csv,0.6839609471984917,17.48113028783887,0.09365540327889531,100.71041374839689,30.95355350766778,,,,,
DC-F,SRVCHP_SBORC,R1233zd(E),R227ea,pareto_DC-F_SRVCHP_SBORC_R1233zd(E)_R227ea.csv,0.6926161861625796,16.694601262063387,0.09510010543376916,100.71041374839689,29.568998346901683,,,,,
DC-F,SRVCHP_SBORC,R1233zd(E),R1234ze(E),pareto_DC-F_SRVCHP_SBORC_R1233zd(E)_R1234ze(E).csv,0.6975218754937638,14.385676904372419,0.1268480672068283,98.42641632638583,25.47348044170876,,,,,
DC-F,SRVCHP_SBORC,R1233zd(E),R227ea,pareto_DC-F_SRVCHP_SBORC_R1233zd(E)_R227ea.csv,0.7089207941454849,16.090347664087883,0.08990630928137909,98.38975429049897,28.474247283602242,,,,,
DC-F,SRVCHP_SBORC,R1233zd(E),R134a,pareto_DC-F_SRVCHP_SBORC_R1233zd(E)_R134a.csv,0.7150509400480727,15.895078260556906,0.06367131024739821,94.66800546639583,28.082553277768643,,,,,
DC-F,SRVCHP_SBORC,R1233zd(E),R227ea,pareto_DC-F_SRVCHP_SBORC_R1233zd(E)_R227ea.csv,0.7217706599618003,15.627060782295278,0.08116237785339561,100.21745345441136,27.68234790872829,,,,,
DC-F,SRVCHP_SBORC,R1233zd(E),R227ea,pareto_DC-F_SRVCHP_SBORC_R1233zd(E)_R227ea.csv,0.7317421552427869,16.3970538557659,0.02839682208414677,100.17137362822291,29.03778524159632,,,,,
DC-F,SRVCHP_SBORC,R1233zd(E),R227ea,pareto_DC-F_SRVCHP_SBORC_R1233zd(E)_R227ea.csv,0.7341187895553283,14.123123967275124,0.08132324209515214,99.75270037947028,25.026373938120777,,,,,
DC-F,SRVCHP_SBORC,R1233zd(E),R1234ze(E),pareto_DC-F_SRVCHP_SBORC_R1233zd(E)_R1234ze(E).csv,0.7435159491530791,14.278040249454135,0.06536909288369842,98.42641632638583,25.283865114094414,,,,,
DC-F,SRVCHP_SBORC,R1233zd(E),R227ea,pareto_DC-F_SRVCHP_SBORC_R1233zd(E)_R227ea.csv,0.7506384349028266,15.079079333946135,0.06405160376128902,97.81146342424984,26.687082478275634,,,,,
DC-F,SRVCHP_SBORC,R1233zd(E),R134a,pareto_DC-F_SRVCHP_SBORC_R1233zd(E)_R134a.csv,0.7692236123204189,14.303834881635343,0.057053360749906495,92.93452638843006,25.265259480591574,,,,,
DC-F,SRVCHP_SRORC,R1233zd(E),R227ea,pareto_DC-F_SRVCHP_SRORC_R1233zd(E)_R227ea.csv,0.3349673942590171,41.836107939003305,0.19293782960326378,125.9476588407397,74.39007607438401,,,,,
DC-F,SRVCHP_SRORC,R1233zd(E),R227ea,pareto_DC-F_SRVCHP_SRORC_R1233zd(E)_R227ea.csv,0.3437922108548007,41.53704422275571,0.1872606079706627,125.62399889278905,73.85312230995906,,,,,
DC-F,SRVCHP_SRORC,R1233zd(E),R227ea,pareto_DC-F_SRVCHP_SRORC_R1233zd(E)_R227ea.csv,0.3670576607961766,40.97762956992775,0.21091748158539372,125.9476588407397,72.87943257832335,,,,,
DC-F,SRVCHP_SRORC,R1233zd(E),R227ea,pareto_DC-F_SRVCHP_SRORC_R1233zd(E)_R227ea.csv,0.38167484538482993,41.77686300061836,0.16073408975444817,126.10015218415992,74.29091938508678,,,,,
DC-F,SRVCHP_SRORC,R1233zd(E),R227ea,pareto_DC-F_SRVCHP_SRORC_R1233zd(E)_R227ea.csv,0.4005063878262899,41.77686300061836,0.1364734170912398,126.10015218415992,74.29091938508678,,,,,
DC-F,SRVCHP_SRORC,R1233zd(E),R227ea,pareto_DC-F_SRVCHP_SRORC_R1233zd(E)_R227ea.csv,0.4255015861644337,41.761288127142656,0.18607961067157155,127.30555819466197,74.30377994046579,,,,,
DC-F,SRVCHP_SRORC,R1233zd(E),R227ea,pareto_DC-F_SRVCHP_SRORC_R1233zd(E)_R227ea.csv,0.43946460470114657,40.80189195144655,0.12399012192658224,125.5716322516989,72.5578604353863,,,,,
DC-F,SRVCHP_SRORC,R1233zd(E),R227ea,pareto_DC-F_SRVCHP_SRORC_R1233zd(E)_R227ea.csv,0.4480729945803514,38.69093912171469,0.25615992865136233,125.94608097558088,68.85384534420884,,,,,
DC-F,SRVCHP_SRORC,R1233zd(E),R227ea,pareto_DC-F_SRVCHP_SRORC_R1233zd(E)_R227ea.csv,0.45343160374610936,40.04645494297245,0.24810594258851956,127.13663293694921,71.27884029436278,,,,,
DC-F,SRVCHP_SRORC,R1233zd(E),R1234ze(E),pareto_DC-F_SRVCHP_SRORC_R1233zd(E)_R1234ze(E).csv,0.4577825908811135,34.50948911649217,0.23108600283717895,127.27611961180492,61.52263571154182,,,,,
DC-F,SRVCHP_SRORC,R1233zd(E),R1234ze(E),pareto_DC-F_SRVCHP_SRORC_R1233zd(E)_R1234ze(E).csv,0.4681188866328925,26.60885992592744,0.2740242930325889,123.71591593785139,47.47612100873663,,,,,
DC-F,SRVCHP_SRORC,R1233zd(E),R227ea,pareto_DC-F_SRVCHP_SRORC_R1233zd(E)_R227ea.csv,0.47126029320658364,32.68459022668586,0.27067385670717486,123.01937241170543,58.18650463490373,,,,,
DC-F,SRVCHP_SRORC,R1233zd(E),R227ea,pareto_DC-F_SRVCHP_SRORC_R1233zd(E)_R227ea.csv,0.4832217985492884,32.68459022668586,0.2633386360226378,123.01937241170543,58.18650463490373,,,,,
DC-F,SRVCHP_SRORC,R1233zd(E),R227ea,pareto_DC-F_SRVCHP_SRORC_R1233zd(E)_R227ea.csv,0.48888241954776857,41.9362765182517,0.03208580603249167,127.36563822876579,74.61384127198032,,,,,
DC-F,SRVCHP_SRORC,R1233zd(E),R1234ze(E),pareto_DC-F_SRVCHP_SRORC_R1233zd(E)_R1234ze(E).csv,0.48999165546406603,24.951826469846832,0.2545789414124398,119.57298257286605,44.4579089032882,,,,,
DC-F,SRVCHP_SRORC,R1233zd(E),R1234ze(E),pareto_DC-F_SRVCHP_SRORC_R1233zd(E)_R1234ze(E).csv,0.4968574403236286,19.50056574517581,0.2680337646109991,112.86089057390346,34.70089956122763,,,,,
DC-F,SRVCHP_SRORC,R1233zd(E),R1234ze(E),pareto_DC-F_SRVCHP_SRORC_R1233zd(E)_R1234ze(E).csv,0.5028557592867777,18.683241356886228,0.2733814464715648,114.73926264256332,33.28548420691598,,,,,
DC-F,SRVCHP_SRORC,R1233zd(E),R1234ze(E),pareto_DC-F_SRVCHP_SRORC_R1233zd(E)_R1234ze(E).csv,0.5068947433058981,16.92371051361296,0.2766644793023562,114.70459107392655,30.169421153297,,,,,
DC-F,SRVCHP_SRORC,R1233zd(E),R227ea,pareto_DC-F_SRVCHP_SRORC_R1233zd(E)_R227ea.csv,0.5134558970125817,37.100580880085104,0.2053808083457928,124.90579107310793,66.02112142122404,,,,,
DC-F,SRVCHP_SRORC,R1233zd(E),R227ea,pareto_DC-F_SRVCHP_SRORC_R1233zd(E)_R227ea.csv,0.5170193530453959,32.70016344705842,0.2129421304487236,121.99480104427964,58.18650463490373,,,,,
DC-F,SRVCHP_SRORC,R1233zd(E),R1234ze(E),pareto_DC-F_SRVCHP_SRORC_R1233zd(E)_R1234ze(E).csv,0.5263927447466152,18.231686086611326,0.2589609129236988,113.81590962379717,32.47215276871963,,,,,
DC-F,SRVCHP_SRORC,R1233zd(E),R227ea,pareto_DC-F_SRVCHP_SRORC_R1233zd(E)_R227ea.csv,0.5333882212865032,14.046479788392194,0.27448853271271934,109.98889338624988,25.011187570150263,,,,,
DC-F,SRVCHP_SRORC,R1233zd(E),R1234ze(E),pareto_DC-F_SRVCHP_SRORC_R1233zd(E)_R1234ze(E).csv,0.5397057839515916,31.020769995664946,0.18699272025399516,127.24472123737264,55.36075027923172,,,,,
DC-F,SRVCHP_SRORC,R1233zd(E),R227ea,pareto_DC-F_SRVCHP_SRORC_R1233zd(E)_R227ea.csv,0.5466739416902733,14.326458940797949,0.26588250698958416,110.60765607025319,25.51450208825156,,,,,
DC-F,SRVCHP_SRORC,R1233zd(E),R1234ze(E),pareto_DC-F_SRVCHP_SRORC_R1233zd(E)_R1234ze(E).csv,0.5520672009396981,26.0514532838901,0.18222342482305678,119.78984115994585,46.40498866793608,,,,,
DC-F,SRVCHP_SRORC,R1233zd(E),R227ea,pareto_DC-F_SRVCHP_SRORC_R1233zd(E)_R227ea.csv,0.5566579565049771,38.94681384694958,0.13324753023691174,126.36479821234533,69.31760649120356,,,,,
DC-F,SRVCHP_SRORC,R1233zd(E),R227ea,pareto_DC-F_SRVCHP_SRORC_R1233zd(E)_R227ea.csv,0.5633905612388005,34.95324573140329,0.12459254787747075,122.38806642776018,62.16600432856952,,,,,
DC-F,SRVCHP_SRORC,R1233zd(E),R227ea,pareto_DC-F_SRVCHP_SRORC_R1233zd(E)_R227ea.csv,0.5709626880286153,33.49552989418316,0.1601991462571051,123.71918283921178,59.63502350220692,,,,,
DC-F,SRVCHP_SRORC,R1233zd(E),R227ea,pareto_DC-F_SRVCHP_SRORC_R1233zd(E)_R227ea.csv,0.5713916748442801,40.06134582390919,0.04538453995811301,127.36563822876579,71.31246780794692,,,,,
DC-F,SRVCHP_SRORC,R1233zd(E),R227ea,pareto_DC-F_SRVCHP_SRORC_R1233zd(E)_R227ea.csv,0.5752173344732209,29.710132043726436,0.13261645069223627,118.09021080935342,52.81886186631339,,,,,
DC-F,SRVCHP_SRORC,R1233zd(E),R1234ze(E),pareto_DC-F_SRVCHP_SRORC_R1233zd(E)_R1234ze(E).csv,0.5791783256466796,30.29228345575971,0.11609936633691564,125.45792179671184,54.02809732583839,,,,,
DC-F,SRVCHP_SRORC,R1233zd(E),R227ea,pareto_DC-F_SRVCHP_SRORC_R1233zd(E)_R227ea.csv,0.5894611204582281,37.63596234102536,0.0809424798642271,126.20506230050972,67.00361703693912,,,,,
DC-F,SRVCHP_SRORC,R1233zd(E),R227ea,pareto_DC-F_SRVCHP_SRORC_R1233zd(E)_R227ea.csv,0.5944486077891861,25.237532862966713,0.17975220761585503,117.457620857749,44.91835238102151,,,,,
DC-F,SRVCHP_SRORC,R1233zd(E),R227ea,pareto_DC-F_SRVCHP_SRORC_R1233zd(E)_R227ea.csv,0.6000620527189023,25.756174447732793,0.11905815279548783,113.12702092981091,45.741627684863,,,,,
DC-F,SRVCHP_SRORC,R1233zd(E),R1234ze(E),pareto_DC-F_SRVCHP_SRORC_R1233zd(E)_R1234ze(E).csv,0.6007541085236858,17.27346977171526,0.19594178512770463,113.8778990530901,30.777021500843684,,,,,
DC-F,SRVCHP_SRORC,R1233zd(E),R1234ze(E),pareto_DC-F_SRVCHP_SRORC_R1233zd(E)_R1234ze(E).csv,0.6079459733193786,22.919064224144737,0.0986580194950145,118.68926282032946,40.84716151192767,,,,,
DC-F,SRVCHP_SRORC,R1233zd(E),R227ea,pareto_DC-F_SRVCHP_SRORC_R1233zd(E)_R227ea.csv,0.6146081830071128,28.977298908523043,0.035415882367318796,116.69986237611863,51.49467831703107,,,,,
DC-F,SRVCHP_SRORC,R1233zd(E),R1234ze(E),pareto_DC-F_SRVCHP_SRORC_R1233zd(E)_R1234ze(E).csv,0.6161972647799322,21.912056557359143,0.12652862713934648,119.52672000962615,39.08131215675598,,,,,
DC-F,SRVCHP_SRORC,R1233zd(E),R1234ze(E),pareto_DC-F_SRVCHP_SRORC_R1233zd(E)_R1234ze(E).csv,0.6235884040641791,25.49417680111162,0.07369530638402044,119.88269266391356,45.42263107242209,,,,,
DC-F,SRVCHP_SRORC,R1233zd(E),R227ea,pareto_DC-F_SRVCHP_SRORC_R1233zd(E)_R227ea.csv,0.6273770797960339,15.765641292730837,0.16254906421888035,96.57719495636005,27.879520672562748,,,,,
DC-F,SRVCHP_SRORC,R1233zd(E),R227ea,pareto_DC-F_SRVCHP_SRORC_R1233zd(E)_R227ea.csv,0.6320544171733379,15.269273975900674,0.16576931922790528,96.65175223870634,27.00740416260332,,,,,
DC-F,SRVCHP_SRORC,R1233zd(E),R227ea,pareto_DC-F_SRVCHP_SRORC_R1233zd(E)_R227ea.csv,0.6395467073102328,21.775516994715225,0.13045802448063626,113.122060386226,38.72327349965656,,,,,
DC-F,SRVCHP_SRORC,R1233zd(E),R227ea,pareto_DC-F_SRVCHP_SRORC_R1233zd(E)_R227ea.csv,0.6407913916009588,25.870977673369758,0.040233712749731254,115.3237846937859,45.990577246584536,,,,,
DC-F,SRVCHP_SRORC,R1233zd(E),R227ea,pareto_DC-F_SRVCHP_SRORC_R1233zd(E)_R227ea.csv,0.6532429565224773,25.63552204666348,0.0025141263553310187,117.255148686342,45.61643143899123,,,,,
DC-F,SRVCHP_SRORC,R1233zd(E),R227ea,pareto_DC-F_SRVCHP_SRORC_R1233zd(E)_R227ea.csv,0.6564147521963776,23.621031590350615,0.09691221487535903,117.05832407203283,42.056099175554635,,,,,
DC-F,SRVCHP_SRORC,R1233zd(E),R227ea,pareto_DC-F_SRVCHP_SRORC_R1233zd(E)_R227ea.csv,0.6655800451033032,21.554458433765955,0.09672853781525845,112.82374570147334,38.32772621671996,,,,,
DC-F,SRVCHP_SRORC,R1233zd(E),R227ea,pareto_DC-F_SRVCHP_SRORC_R1233zd(E)_R227ea.csv,0.6705997615718553,20.629032878749026,0.03203117836639718,105.17318538093993,36.563425711990774,,,,,
DC-F,SRVCHP_SRORC,R1233zd(E),R227ea,pareto_DC-F_SRVCHP_SRORC_R1233zd(E)_R227ea.csv,0.6738771400756842,14.22470807790403,0.1530596854217151,96.66767656537915,25.16938640435566,,,,,
DC-F,SRVCHP_SRORC,R1233zd(E),R1234ze(E),pareto_DC-F_SRVCHP_SRORC_R1233zd(E)_R1234ze(E).csv,0.6821385570955737,14.640449810488294,0.12730062300665917,110.67013944471309,26.07141946071285,,,,,
DC-F,SRVCHP_SRORC,R1233zd(E),R227ea,pareto_DC-F_SRVCHP_SRORC_R1233zd(E)_R227ea.csv,0.6925901254912253,20.221800742817653,0.01182294025091201,110.30700882990831,35.93227307601276,,,,,
DC-F,SRVCHP_SRORC,R1233zd(E),R227ea,pareto_DC-F_SRVCHP_SRORC_R1233zd(E)_R227ea.csv,0.6984629134431205,19.401706192781155,0.03297138117671149,105.14782228631587,34.40207515675572,,,,,
DC-F,SRVCHP_SRORC,R1233zd(E),R227ea,pareto_DC-F_SRVCHP_SRORC_R1233zd(E)_R227ea.csv,0.7071134977446553,18.96919744616938,0.017789443602342882,105.13167186325765,33.63994608908278,,,,,
DC-F,SRVCHP_SRORC,R1233zd(E),R1234ze(E),pareto_DC-F_SRVCHP_SRORC_R1233zd(E)_R1234ze(E).csv,0.7084408840966493,14.263325534476701,0.11321682070674369,100.18686506060459,25.278637427820204,,,,,
DC-F,SRVCHP_SRORC,R1233zd(E),R1234ze(E),pareto_DC-F_SRVCHP_SRORC_R1233zd(E)_R1234ze(E).csv,0.7165421044201133,14.131152797996553,0.10851434186031658,99.48143412984291,25.037364712170294,,,,,
DC-F,SRVCHP_SRORC,R1233zd(E),R227ea,pareto_DC-F_SRVCHP_SRORC_R1233zd(E)_R227ea.csv,0.7306924399512532,17.486774687325905,0.009580962167332382,103.67241896202361,31.006042562654507,,,,,
DC-F,SRVCHP_SRORC,R1233zd(E),R1234ze(E),pareto_DC-F_SRVCHP_SRORC_R1233zd(E)_R1234ze(E).csv,0.73238705815164,14.914815001795752,0.081054838699178,100.78163772356918,26.434343154990348,,,,,
DC-F,SRVCHP_SRORC,R1233zd(E),R227ea,pareto_DC-F_SRVCHP_SRORC_R1233zd(E)_R227ea.csv,0.7529962827348657,16.298287550098802,0.010726615175438325,96.03483663916693,28.80891123584421,,,,,
DC-F,SRVCHP_SRORC,R1233zd(E),R227ea,pareto_DC-F_SRVCHP_SRORC_R1233zd(E)_R227ea.csv,0.7701598015316752,15.536130188129654,0.017489930602306712,97.11941862132771,27.48273727142917,,,,,
DC-F,SRVCHP_SRORC,R1233zd(E),R227ea,pareto_DC-F_SRVCHP_SRORC_R1233zd(E)_R227ea.csv,0.7919706975153811,14.394119781877457,0.027023513070750536,98.07440381580199,25.48419060972366,,,,,
DC-F,SRVCHP_SRORC,R1233zd(E),R227ea,pareto_DC-F_SRVCHP_SRORC_R1233zd(E)_R227ea.csv,0.8057381360563882,14.172096882115069,0.015237534104286016,96.15875081064033,25.070871339916657,,,,,
