wp,config,fluid_hp,fluid_he,file,eta_p2p,energy_density_thermal,exergy_efficiency,T_st_ht,dT_st_sp,T_st_lt,cop_hp,eta_he,energy_density_electric,storage_volume
DC-A,SRVCHP_SBORC,R1233zd(E),R227ea,pareto_DC-A_SRVCHP_SBORC_R1233zd(E)_R227ea.csv,0.010069565962275026,34.32095207375668,0.005309394043614756,81.30960046823076,59.99997199797702,,,,,
DC-A,SRVCHP_SBORC,R1233zd(E),R227ea,pareto_DC-A_SRVCHP_SBORC_R1233zd(E)_R227ea.csv,0.01086401126788644,34.32095207375668,0.0029639286172828275,81.30960046823076,59.99997199797702,,,,,
DC-A,SBVCHP_SBORC,R600,R227ea,pareto_DC-A_SBVCHP_SBORC_R600_R227ea.csv,0.01160444551801267,34.31865741234235,0.008351769374781699,81.44365823082144,59.999016329541604,,,,,
DC-A,SRVCHP_SBORC,R600,R227ea,pareto_DC-A_SRVCHP_SBORC_R600_R227ea.csv,0.011660262637375305,34.320545961699956,0.0036579052943325153,81.33156855456903,59.99976295643205,,,,,
DC-A,SBVCHP_SBORC,R600,R227ea,pareto_DC-A_SBVCHP_SBORC_R600_R227ea.csv,0.013149749710395465,34.31869219874959,0.0038431400947765604,81.48437119580662,59.99999784475345,,,,,
DC-A,SRVCHP_SBORC,R600,R227ea,pareto_DC-A_SRVCHP_SBORC_R600_R227ea.csv,0.02277063158372007,34.31504086161163,0.016767617828718745,81.75026920223708,59.99967494290136,,,,,
DC-A,SRVCHP_SBORC,R245fa,R227ea,pareto_DC-A_SRVCHP_SBORC_R245fa_R227ea.csv,0.028400431599761335,34.311752655587334,0.02168509454205489,81.97551879148446,59.99907012188127,,,,,
DC-A,SRVCHP_SBORC,R245fa,R227ea,pareto_DC-A_SRVCHP_SBORC_R245fa_R227ea.csv,0.032736561650898804,34.311739922302024,0.018759630225166687,81.97551879148446,59.999047994821495,,,,,
DC-A,SBVCHP_SBORC,R1233zd(E),R227ea,pareto_DC-A_SBVCHP_SBORC_R1233zd(E)_R227ea.csv,0.03598899110225607,34.30646800868455,0.028103486378120355,82.41779893337751,59.99993954993539,,,,,
DC-A,SRVCHP_SBORC,R245fa,R227ea,pareto_DC-A_SRVCHP_SBORC_R245fa_R227ea.csv,0.036199137139467104,34.31148129166468,0.0026474740187899123,82.02333853112572,59.99968414513039,,,,,
DC-A,SBVCHP_SBORC,R245fa,R227ea,pareto_DC-A_SBVCHP_SBORC_R245fa_R227ea.csv,0.04233542147471052,34.30210293844119,0.032865707011874905,82.71298393659086,59.99907878168225,,,,,
DC-A,SRVCHP_SBORC,R1233zd(E),R227ea,pareto_DC-A_SRVCHP_SBORC_R1233zd(E)_R227ea.csv,0.04646730888403954,34.30873732214251,0.015576558946548521,82.2398163773546,59.99983426539174,,,,,
DC-A,SBVCHP_SBORC,R1233zd(E),R227ea,pareto_DC-A_SBVCHP_SBORC_R1233zd(E)_R227ea.csv,0.0490282194474587,34.30417193127368,0.02060137156966354,82.58731109230582,59.999809776586865,,,,,
DC-A,SRVCHP_SBORC,R1233zd(E),R227ea,pareto_DC-A_SRVCHP_SBORC_R1233zd(E)_R227ea.csv,0.05825607970395094,34.297522240070805,0.04542007625654683,83.0807699198505,59.99951483054884,,,,,
DC-A,SRVCHP_SBORC,R245fa,R227ea,pareto_DC-A_SRVCHP_SBORC_R245fa_R227ea.csv,0.0628309195213687,34.302584856743195,0.0016497168219289113,82.67587332274435,59.99907012188127,,,,,
DC-A,SRVCHP_SBORC,R1233zd(E),R227ea,pareto_DC-A_SRVCHP_SBORC_R1233zd(E)_R227ea.csv,0.06920384646952456,34.29991766138065,0.026186442052421814,82.9160463970526,59.99991476706206,,,,,
DC-A,SBVCHP_SBORC,R600,R227ea,pareto_DC-A_SBVCHP_SBORC_R600_R227ea.csv,0.07093828065369195,34.28854356646236,0.05173630757451486,83.73523542978022,59.99890037174873,,,,,
DC-A,SRVCHP_SBORC,R600,R227ea,pareto_DC-A_SRVCHP_SBORC_R600_R227ea.csv,0.07342843898711597,34.298942823244985,0.023533848344308342,82.98358153996625,59.99976295643205,,,,,
DC-A,SBVCHP_SBORC,R1233zd(E),R227ea,pareto_DC-A_SBVCHP_SBORC_R1233zd(E)_R227ea.csv,0.07890872589562392,34.28119313341798,0.06247038472108867,84.33594824877397,59.99993967716117,,,,,
DC-A,SRVCHP_SBORC,R1233zd(E),R227ea,pareto_DC-A_SRVCHP_SBORC_R1233zd(E)_R227ea.csv,0.08239248280715675,34.29418606821626,0.0336316668077485,83.3478465019377,59.99982664721172,,,,,
DC-A,SBVCHP_SBORC,R600,R227ea,pareto_DC-A_SBVCHP_SBORC_R600_R227ea.csv,0.08467300637864505,34.2788792586942,0.06411775622347919,84.50245924698211,59.999756438320276,,,,,
DC-A,SRVCHP_SBORC,R600,R227ea,pareto_DC-A_SRVCHP_SBORC_R600_R227ea.csv,0.08829814847023139,34.29069297309419,0.044666116856417665,83.57984707014433,59.999071328696665,,,,,
DC-A,SRVCHP_SBORC,R1233zd(E),R227ea,pareto_DC-A_SRVCHP_SBORC_R1233zd(E)_R227ea.csv,0.09678704353047062,34.28647997578549,0.051454793301463936,83.93190940468814,59.99983111700216,,,,,
DC-A,SRVCHP_SBORC,R245fa,R227ea,pareto_DC-A_SRVCHP_SBORC_R245fa_R227ea.csv,0.10115227451629463,34.27885183331428,0.07418171275459605,84.51081980094233,59.999901685583374,,,,,
DC-A,SRVCHP_SBORC,R245fa,R227ea,pareto_DC-A_SRVCHP_SBORC_R245fa_R227ea.csv,0.1065776166783172,34.27577963764154,0.07826657726154562,84.7327336661838,59.99968414513039,,,,,
DC-A,SBVCHP_SBORC,R245fa,R227ea,pareto_DC-A_SBVCHP_SBORC_R245fa_R227ea.csv,0.11144929598188498,34.26504782540811,0.07473043827268787,85.48689823429811,59.99849226955503,,,,,
DC-A,SRVCHP_SBORC,R600,R227ea,pareto_DC-A_SRVCHP_SBORC_R600_R227ea.csv,0.11414728650189244,34.27540396545044,0.06825129296803246,84.62855706215541,59.99662400009227,,,,,
DC-A,SRVCHP_SBORC,R600,R227ea,pareto_DC-A_SRVCHP_SBORC_R600_R227ea.csv,0.11605454322135747,34.273625220217355,0.07265583500352571,84.76243749602281,59.99662400009227,,,,,
DC-A,SRVCHP_SBORC,R600,R227ea,pareto_DC-A_SRVCHP_SBORC_R600_R227ea.csv,0.13126292471070397,34.27143159988136,0.06718762985486325,85.06300354618097,59.99976370441889,,,,,
DC-A,SBVCHP_SBORC,R1233zd(E),R227ea,pareto_DC-A_SBVCHP_SBORC_R1233zd(E)_R227ea.csv,0.13183519510122116,34.24703059333636,0.10371191788439246,86.89144395642226,59.99992218826022,,,,,
DC-A,SRVCHP_SBORC,R1233zd(E),R227ea,pareto_DC-A_SRVCHP_SBORC_R1233zd(E)_R227ea.csv,0.13317184879346433,34.26933976072497,0.07332585680412577,85.2226540418699,59.999825259103076,,,,,
DC-A,SBVCHP_SBORC,R245fa,R227ea,pareto_DC-A_SBVCHP_SBORC_R245fa_R227ea.csv,0.1340111517074196,34.24297200550557,0.1055549606479981,87.1912121398421,59.99989433031342,,,,,
DC-A,SRVCHP_SBORC,R600,R227ea,pareto_DC-A_SRVCHP_SBORC_R600_R227ea.csv,0.13871311605306413,34.27143159988136,0.03593695155702716,85.06300354618097,59.99976370441889,,,,,
DC-A,SBVCHP_SBORC,R245fa,R227ea,pareto_DC-A_SBVCHP_SBORC_R245fa_R227ea.csv,0.14414473390213406,34.23357654882201,0.11451986524320364,87.88566953837386,59.99989305183829,,,,,
DC-A,SRVCHP_SBORC,R1233zd(E),R227ea,pareto_DC-A_SRVCHP_SBORC_R1233zd(E)_R227ea.csv,0.1544726106479542,34.2583424954316,0.08483067492908991,86.04957216973538,59.999921600226955,,,,,
DC-A,SBVCHP_SBORC,R600,R227ea,pareto_DC-A_SBVCHP_SBORC_R600_R227ea.csv,0.1554392525944369,34.229215529242275,0.1168614314207703,88.21109514350765,59.99998978707741,,,,,
DC-A,SRVCHP_SBORC,R600,R227ea,pareto_DC-A_SRVCHP_SBORC_R600_R227ea.csv,0.16339999614241038,34.25963476347759,0.052165867245575315,85.94457937486783,59.99972277361847,,,,,
DC-A,SRVCHP_SBORC,R600,R227ea,pareto_DC-A_SRVCHP_SBORC_R600_R227ea.csv,0.16928504983617843,34.25113482601696,0.08774280825025059,86.58333838788701,59.99984773175815,,,,,
DC-A,SRVCHP_SBORC,R245fa,R227ea,pareto_DC-A_SRVCHP_SBORC_R245fa_R227ea.csv,0.17386403489418928,34.250078271886004,0.07946423234947217,86.654632800605,59.999677784669274,,,,,
DC-A,SRVCHP_SBORC,R245fa,R227ea,pareto_DC-A_SRVCHP_SBORC_R245fa_R227ea.csv,0.17941955483197453,34.24677838168972,0.08218837795210047,86.89973898120574,59.999677784669274,,,,,
DC-A,SRVCHP_SBORC,R245fa,R227ea,pareto_DC-A_SRVCHP_SBORC_R245fa_R227ea.csv,0.18642866225559476,34.23761529529134,0.11174801860301714,87.57835797190971,59.99967776703073,,,,,
DC-A,SRVCHP_SBORC,R600,R227ea,pareto_DC-A_SRVCHP_SBORC_R600_R227ea.csv,0.19041098250051658,34.227628057770566,0.11526515591670897,87.81043012616752,59.98776404821711,,,,,
DC-A,SBVCHP_SBORC,R600,R227ea,pareto_DC-A_SBVCHP_SBORC_R600_R227ea.csv,0.19373330581277665,34.17803278118832,0.1501835942296418,91.47022894296751,59.9887466489962,,,,,
DC-A,SRVCHP_SBORC,R245fa,R227ea,pareto_DC-A_SRVCHP_SBORC_R245fa_R227ea.csv,0.2068826483209926,34.229711579868294,0.10299115545012713,88.15761082464783,59.99958863424426,,,,,
DC-A,SRVCHP_SBORC,R1233zd(E),R1234ze(E),pareto_DC-A_SRVCHP_SBORC_R1233zd(E)_R1234ze(E).csv,0.20957958542786082,34.18225523451497,0.14630209853445608,91.63124867029087,59.99999534775154,,,,,
DC-A,SRVCHP_SBORC,R1233zd(E),R227ea,pareto_DC-A_SRVCHP_SBORC_R1233zd(E)_R227ea.csv,0.2200290637367938,34.22653510055643,0.08275670139177749,88.40548481986242,59.9999238039611,,,,,
DC-A,SRVCHP_SBORC,R1233zd(E),R227ea,pareto_DC-A_SRVCHP_SBORC_R1233zd(E)_R227ea.csv,0.22090838138144675,34.22653510055643,0.08004562832901674,88.40548481986242,59.9999238039611,,,,,
DC-A,SRVCHP_SBORC,R245fa,R227ea,pareto_DC-A_SRVCHP_SBORC_R245fa_R227ea.csv,0.22208717141892684,34.22384971775512,0.06747993218071896,88.56905821599528,59.99912422819772,,,,,
DC-A,SRVCHP_SBORC,R600,R227ea,pareto_DC-A_SRVCHP_SBORC_R600_R227ea.csv,0.23604832714014584,34.21449176071035,0.09430257310511737,89.24745637065382,59.99894808045448,,,,,
DC-A,SRVCHP_SBORC,R1233zd(E),R227ea,pareto_DC-A_SRVCHP_SBORC_R1233zd(E)_R227ea.csv,0.2380142843436901,34.215061442169606,0.0883383816349858,89.24301274746666,59.99983426539174,,,,,
DC-A,SRVCHP_SRORC,R1233zd(E),R227ea,pareto_DC-A_SRVCHP_SRORC_R1233zd(E)_R227ea.csv,0.24264356078937785,34.1153061558943,0.19538020895984468,96.37001934388687,59.99953472412787,,,,,
DC-A,SRVCHP_SRORC,R600,R227ea,pareto_DC-A_SRVCHP_SRORC_R600_R227ea.csv,0.2474597585673891,34.113995626962904,0.19635134828231926,96.47804564796279,59.99993750787297,,,,,
DC-A,SRVCHP_SRORC,R1233zd(E),R227ea,pareto_DC-A_SRVCHP_SRORC_R1233zd(E)_R227ea.csv,0.2506400174404772,34.112950796117936,0.19642207231307904,96.53507101848669,59.99953472412787,,,,,
DC-A,SRVCHP_SRORC,R600,R227ea,pareto_DC-A_SRVCHP_SRORC_R600_R227ea.csv,0.25503515570377394,34.10446132388712,0.20309560235222698,97.14553272061724,59.99995478705219,,,,,
DC-A,SRVCHP_SBORC,R245fa,R227ea,pareto_DC-A_SRVCHP_SBORC_R245fa_R227ea.csv,0.26677515810924257,34.18778672398568,0.11840967210847028,91.23056447829264,59.99995738805623,,,,,
DC-A,SRVCHP_SBORC,R600,R227ea,pareto_DC-A_SRVCHP_SBORC_R600_R227ea.csv,0.26838616766432544,34.18585445850656,0.12968224556863633,91.36226245195917,59.999768351918036,,,,,
DC-A,SRVCHP_SBORC,R1233zd(E),R1234ze(E),pareto_DC-A_SRVCHP_SBORC_R1233zd(E)_R1234ze(E).csv,0.27360216791923253,34.117353487526664,0.1911121547808627,96.24477840517922,59.99999106980527,,,,,
DC-A,SRVCHP_SBORC,R1233zd(E),R227ea,pareto_DC-A_SRVCHP_SBORC_R1233zd(E)_R227ea.csv,0.2814388958356069,34.17593449717796,0.13223376831663758,92.07920760707623,59.9998275729577,,,,,
DC-A,SRVCHP_SBORC,R1233zd(E),R227ea,pareto_DC-A_SRVCHP_SBORC_R1233zd(E)_R227ea.csv,0.28969255018118667,34.177604907335095,0.09341999759405058,91.95911010064665,59.999827547794986,,,,,
DC-A,SRVCHP_SBORC,R600,R227ea,pareto_DC-A_SRVCHP_SBORC_R600_R227ea.csv,0.29193706056706986,34.14776087803587,0.18502793599285672,94.09274724443193,59.99984723567505,,,,,
DC-A,SRVCHP_SBORC,R1233zd(E),R227ea,pareto_DC-A_SRVCHP_SBORC_R1233zd(E)_R227ea.csv,0.2997679032062418,34.16464699934546,0.12250002578274446,92.88832652297786,59.999823880159134,,,,,
DC-A,SRVCHP_SBORC,R600,R1234ze(E),pareto_DC-A_SRVCHP_SBORC_R600_R1234ze(E).csv,0.3081129595362615,34.058286405303356,0.22796773606755916,100.32901487329863,59.99962885666699,,,,,
DC-A,SRVCHP_SBORC,R245fa,R227ea,pareto_DC-A_SRVCHP_SBORC_R245fa_R227ea.csv,0.31166199149311213,34.1403002261284,0.019344622909810667,94.61490231306338,59.99967776703073,,,,,
DC-A,SRVCHP_SBORC,R600,R227ea,pareto_DC-A_SRVCHP_SBORC_R600_R227ea.csv,0.320657557341455,34.13679678428247,0.14240385540103914,94.7451461700518,59.99677676831795,,,,,
DC-A,SRVCHP_SBORC,R1233zd(E),R1234ze(E),pareto_DC-A_SRVCHP_SBORC_R1233zd(E)_R1234ze(E).csv,0.33054305431861813,34.02597733568181,0.24055037505561755,102.40911647712417,59.99637662032712,,,,,
DC-A,SRVCHP_SRORC,R600,R227ea,pareto_DC-A_SRVCHP_SRORC_R600_R227ea.csv,0.3320874566539292,33.99652412323356,0.2693376353691048,104.53934635964038,59.99993750787297,,,,,
DC-A,SRVCHP_SBORC,R600,R227ea,pareto_DC-A_SRVCHP_SBORC_R600_R227ea.csv,0.34059198893234277,34.097577652896184,0.19211536501887014,97.49864674787973,59.99677676831795,,,,,
DC-A,SRVCHP_SBORC,R600,R227ea,pareto_DC-A_SRVCHP_SBORC_R600_R227ea.csv,0.3420732670539458,34.10204626404094,0.19154303886910798,97.30977114808123,59.99984773175815,,,,,
DC-A,SRVCHP_SBORC,R245fa,R227ea,pareto_DC-A_SRVCHP_SBORC_R245fa_R227ea.csv,0.3449691346762997,34.1064324005678,0.154673503404258,96.8475886952109,59.99595207370892,,,,,
DC-A,SRVCHP_SRORC,R1233zd(E),R1234ze(E),pareto_DC-A_SRVCHP_SRORC_R1233zd(E)_R1234ze(E).csv,0.34546876863509063,33.92921624381223,0.28637275077336205,109.02937793979362,59.99992502027216,,,,,
DC-A,SRVCHP_SBORC,R600,R1234ze(E),pareto_DC-A_SRVCHP_SBORC_R600_R1234ze(E).csv,0.35444244633545574,33.92623406569815,0.2876563384502602,109.20964871996566,59.999476459141015,,,,,
DC-A,SRVCHP_SBORC,R1233zd(E),R1234ze(E),pareto_DC-A_SRVCHP_SBORC_R1233zd(E)_R1234ze(E).csv,0.3587716312514797,33.978074650930274,0.25819345984013187,105.78026907181184,59.99998952925043,,,,,
DC-A,SRVCHP_SBORC,R1233zd(E),R227ea,pareto_DC-A_SRVCHP_SBORC_R1233zd(E)_R227ea.csv,0.3598827984805226,34.07131567945197,0.1978471406677773,99.2712318833305,59.995549474255,,,,,
DC-A,SRVCHP_SRORC,R600,R1234ze(E),pareto_DC-A_SRVCHP_SRORC_R600_R1234ze(E).csv,0.3623677249806222,33.928438251730356,0.2740528147534399,108.87366737125244,59.99443765319124,,,,,
DC-A,SRVCHP_SRORC,R600,R227ea,pareto_DC-A_SRVCHP_SRORC_R600_R227ea.csv,0.3701601373103121,33.91849575123405,0.3040020946376405,109.73807321275854,59.99993750787297,,,,,
DC-A,SRVCHP_SBORC,R1233zd(E),R227ea,pareto_DC-A_SRVCHP_SBORC_R1233zd(E)_R227ea.csv,0.37355728002672356,33.86584382201143,0.31341673746315096,112.50453331253675,59.981458579590665,,,,,
DC-A,SRVCHP_SBORC,R1233zd(E),R227ea,pareto_DC-A_SRVCHP_SBORC_R1233zd(E)_R227ea.csv,0.3760352719813597,34.074862293203516,0.13853121925892045,99.17217026003674,59.999238220287694,,,,,
DC-A,SRVCHP_SRORC,R1233zd(E),R227ea,pareto_DC-A_SRVCHP_SRORC_R1233zd(E)_R227ea.csv,0.37962771941123447,33.989919026514585,0.2364482813049314,104.96890581032834,59.99955377115402,,,,,
DC-A,SRVCHP_SBORC,R600,R1234ze(E),pareto_DC-A_SRVCHP_SBORC_R600_R1234ze(E).csv,0.38053966684122614,33.883578612654986,0.29497289568555884,112.03035085805644,59.999863446861205,,,,,
DC-A,SRVCHP_SRORC,R600,R1234ze(E),pareto_DC-A_SRVCHP_SRORC_R600_R1234ze(E).csv,0.38082489425629107,33.92867755038252,0.2522513717657992,108.85782828273867,59.99443765319124,,,,,
DC-A,SRVCHP_SBORC,R245fa,R227ea,pareto_DC-A_SRVCHP_SBORC_R245fa_R227ea.csv,0.38460136056829675,33.87948118013583,0.3094972956837149,112.1199972870741,59.99507665597593,,,,,
DC-A,SRVCHP_SRORC,R1233zd(E),R227ea,pareto_DC-A_SRVCHP_SRORC_R1233zd(E)_R227ea.csv,0.3870979842718237,33.98813606307003,0.21395084413452317,105.00736769149968,59.997435211171364,,,,,
DC-A,SRVCHP_SRORC,R245fa,R227ea,pareto_DC-A_SRVCHP_SRORC_R245fa_R227ea.csv,0.39474461583886766,33.855467558172116,0.31995667540093287,113.2135850903718,59.982292886433406,,,,,
DC-A,SRVCHP_SRORC,R1233zd(E),R227ea,pareto_DC-A_SRVCHP_SRORC_R1233zd(E)_R227ea.csv,0.39709320899063116,33.83212807020439,0.33425397097298654,115.37315931039264,59.99958790605145,,,,,
DC-A,SRVCHP_SRORC,R1233zd(E),R227ea,pareto_DC-A_SRVCHP_SRORC_R1233zd(E)_R227ea.csv,0.4039779395889587,33.989919026514585,0.0549826513508505,104.96890581032834,59.99955377115402,,,,,
DC-A,SRVCHP_SBORC,R1233zd(E),R1234ze(E),pareto_DC-A_SRVCHP_SBORC_R1233zd(E)_R1234ze(E).csv,0.40713286421384964,33.79836979379245,0.3112115644492698,117.49415227483719,59.99786395558155,,,,,
DC-A,SRVCHP_SRORC,R1233zd(E),R227ea,pareto_DC-A_SRVCHP_SRORC_R1233zd(E)_R227ea.csv,0.41090341362059274,33.73057197778596,0.34031926843180044,116.79127402316432,59.85957447398441,,,,,
DC-A,SRVCHP_SRORC,R1233zd(E),R227ea,pareto_DC-A_SRVCHP_SRORC_R1233zd(E)_R227ea.csv,0.41550637590289946,33.92630852880029,0.156886907514655,106.69613476732101,59.93333424379486,,,,,
DC-A,SRVCHP_SRORC,R1233zd(E),R1234ze(E),pareto_DC-A_SRVCHP_SRORC_R1233zd(E)_R1234ze(E).csv,0.4174074856675332,33.91342004253107,0.16423203937850867,109.53521847886415,59.985653810295865,,,,,
DC-A,SRVCHP_SRORC,R1233zd(E),R227ea,pareto_DC-A_SRVCHP_SRORC_R1233zd(E)_R227ea.csv,0.4188075741510251,33.96149973549155,0.14911392506374632,106.75210342449112,59.9964234413005,,,,,
DC-A,SRVCHP_SBORC,R245fa,R1234ze(E),pareto_DC-A_SRVCHP_SBORC_R245fa_R1234ze(E).csv,0.4243396057338126,33.141782851370785,0.30475425040957094,119.03868447103436,58.88480924995213,,,,,
DC-A,SRVCHP_SBORC,R245fa,R1234ze(E),pareto_DC-A_SRVCHP_SBORC_R245fa_R1234ze(E).csv,0.42579766338351105,32.53730044852227,0.31176185978239856,119.93275321795697,57.844692193788454,,,,,
DC-A,SRVCHP_SRORC,R600,R1234ze(E),pareto_DC-A_SRVCHP_SRORC_R600_R1234ze(E).csv,0.4274928249811377,25.259875376775305,0.346042813242809,119.3028614536536,44.99649186686095,,,,,
DC-A,SRVCHP_SBORC,R245fa,R227ea,pareto_DC-A_SRVCHP_SBORC_R245fa_R227ea.csv,0.42797317620410935,33.8659326629632,0.2550376406106751,111.68987000183658,59.959793294410694,,,,,
DC-A,SRVCHP_SRORC,R1233zd(E),R227ea,pareto_DC-A_SRVCHP_SRORC_R1233zd(E)_R227ea.csv,0.4341648419968777,25.24202726141792,0.3571458757270548,115.18125010694456,44.87872600260765,,,,,
DC-A,SRVCHP_SRORC,R245fa,R227ea,pareto_DC-A_SRVCHP_SRORC_R245fa_R227ea.csv,0.4350210169003775,12.115329533025994,0.3615226687348967,101.19849930742029,21.499007698834937,,,,,
DC-A,SRVCHP_SRORC,R600,R227ea,pareto_DC-A_SRVCHP_SRORC_R600_R227ea.csv,0.43632948105985636,12.673300169336914,0.359148436757005,104.57152506111458,22.52011946101566,,,,,
DC-A,SRVCHP_SRORC,R600,R227ea,pareto_DC-A_SRVCHP_SRORC_R600_R227ea.csv,0.4372686259574186,13.661910493362825,0.35602603209250355,97.8220401509091,24.191421839215923,,,,,
DC-A,SRVCHP_SBORC,R1233zd(E),R1234ze(E),pareto_DC-A_SRVCHP_SBORC_R1233zd(E)_R1234ze(E).csv,0.4388623620918976,33.10256938554234,0.29193866495619625,119.7298226556386,58.83439227739111,,,,,
DC-A,SRVCHP_SBORC,R600,R227ea,pareto_DC-A_SRVCHP_SBORC_R600_R227ea.csv,0.43921763145903153,33.7957411787531,0.22472236527315798,111.26076979733422,59.825214908286654,,,,,
DC-A,SRVCHP_SRORC,R600,R227ea,pareto_DC-A_SRVCHP_SRORC_R600_R227ea.csv,0.4406097384512497,10.298856496045683,0.36077360000633757,97.8743803518795,18.25967304462069,,,,,
DC-A,SRVCHP_SRORC,R600,R227ea,pareto_DC-A_SRVCHP_SRORC_R600_R227ea.csv,0.44505825331190535,32.36230333510177,0.34545037875726786,119.24037155222628,57.51829914391039,,,,,
DC-A,SRVCHP_SRORC,R1233zd(E),R227ea,pareto_DC-A_SRVCHP_SRORC_R1233zd(E)_R227ea.csv,0.44526981630820417,9.77014741816041,0.36284985771473277,97.95754611432461,17.326452806279928,,,,,
DC-A,SRVCHP_SRORC,R1233zd(E),R227ea,pareto_DC-A_SRVCHP_SRORC_R1233zd(E)_R227ea.csv,0.45276239493247955,18.95855083053635,0.3479719255270455,105.19270780162577,33.62214274090574,,,,,
DC-A,SRVCHP_SRORC,R1233zd(E),R227ea,pareto_DC-A_SRVCHP_SRORC_R1233zd(E)_R227ea.csv,0.456988853443607,12.016095128105446,0.3557795107233291,104.46321980237451,21.356488879132666,,,,,
DC-A,SRVCHP_SRORC,R1233zd(E),R227ea,pareto_DC-A_SRVCHP_SRORC_R1233zd(E)_R227ea.csv,0.45828886045561196,11.566674217042006,0.356790298719318,104.46667613719899,20.561264298090894,,,,,
DC-A,SRVCHP_SRORC,R600,R227ea,pareto_DC-A_SRVCHP_SRORC_R600_R227ea.csv,0.4620169193052681,33.82273216314316,0.16464233621083615,113.28095492255349,59.926645482330926,,,,,
DC-A,SRVCHP_SRORC,R1233zd(E),R227ea,pareto_DC-A_SRVCHP_SRORC_R1233zd(E)_R227ea.csv,0.46367147092927935,31.799846887868373,0.326563423807638,118.73865187678555,56.51505604756538,,,,,
DC-A,SRVCHP_SRORC,R245fa,R227ea,pareto_DC-A_SRVCHP_SRORC_R245fa_R227ea.csv,0.467523324902489,30.583768368570773,0.2837897070712258,115.16759510376917,54.28472056731971,,,,,
DC-A,SRVCHP_SRORC,R1233zd(E),R227ea,pareto_DC-A_SRVCHP_SRORC_R1233zd(E)_R227ea.csv,0.4722148249153855,19.04511054367652,0.31789469899446116,100.4716115981886,33.701046162562704,,,,,
DC-A,SRVCHP_SRORC,R245fa,R227ea,pareto_DC-A_SRVCHP_SRORC_R245fa_R227ea.csv,0.4755638361052824,29.34413893386707,0.2931598551810286,117.05273664610353,52.14914239863242,,,,,
DC-A,SRVCHP_SRORC,R600,R227ea,pareto_DC-A_SRVCHP_SRORC_R600_R227ea.csv,0.47669604738510896,13.661910493362825,0.3366798933678284,97.8220401509091,24.191421839215923,,,,,
DC-A,SRVCHP_SRORC,R1233zd(E),R227ea,pareto_DC-A_SRVCHP_SRORC_R1233zd(E)_R227ea.csv,0.47746886848593717,17.27570718507416,0.3238805142460468,100.36931270600584,30.587180770582364,,,,,
DC-A,SRVCHP_SRORC,R600,R227ea,pareto_DC-A_SRVCHP_SRORC_R600_R227ea.csv,0.47835515994450245,30.00934630865728,0.2869066600031706,117.90340647297162,53.34131406709454,,,,,
DC-A,SRVCHP_SRORC,R245fa,R227ea,pareto_DC-A_SRVCHP_SRORC_R245fa_R227ea.csv,0.4800353960588289,20.723703652715148,0.3062352533974791,110.90176090379083,36.827947413375426,,,,,
DC-A,SRVCHP_SRORC,R600,R227ea,pareto_DC-A_SRVCHP_SRORC_R600_R227ea.csv,0.48115743577536446,25.543890237866066,0.29370686801674833,114.08645804151537,45.38788868376244,,,,,
DC-A,SRVCHP_SRORC,R1233zd(E),R227ea,pareto_DC-A_SRVCHP_SRORC_R1233zd(E)_R227ea.csv,0.4833433343665027,8.700011520534703,0.33596312916175913,96.26689498278789,15.422772548630885,,,,,
DC-A,SRVCHP_SRORC,R1233zd(E),R227ea,pareto_DC-A_SRVCHP_SRORC_R1233zd(E)_R227ea.csv,0.48386492640074524,27.457188412578862,0.2926810686309371,116.39522264293115,48.80974820553405,,,,,
DC-A,SRVCHP_SRORC,R1233zd(E),R227ea,pareto_DC-A_SRVCHP_SRORC_R1233zd(E)_R227ea.csv,0.4849586483612657,29.407926421749483,0.2655164435495041,116.04348599178292,52.23720954184209,,,,,
DC-A,SRVCHP_SRORC,R600,R227ea,pareto_DC-A_SRVCHP_SRORC_R600_R227ea.csv,0.4863502779762823,19.369284953115155,0.2951949835993403,104.86820527860125,34.34051672526651,,,,,
DC-A,SRVCHP_SRORC,R1233zd(E),R227ea,pareto_DC-A_SRVCHP_SRORC_R1233zd(E)_R227ea.csv,0.4876351930170303,22.695471605891754,0.2909344256108297,111.38699104942923,40.314031955537516,,,,,
DC-A,SRVCHP_SRORC,R245fa,R227ea,pareto_DC-A_SRVCHP_SRORC_R245fa_R227ea.csv,0.4885041645010519,31.396852668289206,0.07340992967496106,116.99110239994343,55.76088362614183,,,,,
DC-A,SRVCHP_SRORC,R600,R227ea,pareto_DC-A_SRVCHP_SRORC_R600_R227ea.csv,0.4886636753420162,30.684984847770455,0.2555835049757668,118.53070342850681,54.54677172602882,,,,,
DC-A,SRVCHP_SRORC,R245fa,R227ea,pareto_DC-A_SRVCHP_SRORC_R245fa_R227ea.csv,0.4900700898354187,11.77010396128902,0.3258077841007047,95.78393830073362,20.8362934297575,,,,,
DC-A,SRVCHP_SRORC,R1233zd(E),R1234ze(E),pareto_DC-A_SRVCHP_SRORC_R1233zd(E)_R1234ze(E).csv,0.4919852230893812,13.1390463595017,0.3124399704709798,94.95157369413367,23.239064690104872,,,,,
DC-A,SRVCHP_SRORC,R600,R1234ze(E),pareto_DC-A_SRVCHP_SRORC_R600_R1234ze(E).csv,0.49222820183541716,12.276308019455975,0.2951672007143418,86.65499080311275,21.637657472732357,,,,,
DC-A,SRVCHP_SRORC,R600,R227ea,pareto_DC-A_SRVCHP_SRORC_R600_R227ea.csv,0.49603125533698167,30.876246116983395,0.084296752471185,118.52816145067935,54.88352155216207,,,,,
DC-A,SRVCHP_SRORC,R1233zd(E),R227ea,pareto_DC-A_SRVCHP_SRORC_R1233zd(E)_R227ea.csv,0.4966748991275347,18.614484635155645,0.28639566814233636,105.38433682636881,33.018846587481754,,,,,
DC-A,SRVCHP_SRORC,R245fa,R227ea,pareto_DC-A_SRVCHP_SRORC_R245fa_R227ea.csv,0.4979423881911453,15.084278293602386,0.28928572252821705,98.49706266032935,26.704707092224105,,,,,
DC-A,SRVCHP_SRORC,R1233zd(E),R227ea,pareto_DC-A_SRVCHP_SRORC_R1233zd(E)_R227ea.csv,0.49962161948978784,28.022098086713513,0.22098378765257698,116.23444021306426,49.80137666030292,,,,,
DC-A,SRVCHP_SRORC,R600,R227ea,pareto_DC-A_SRVCHP_SRORC_R600_R227ea.csv,0.500947433260272,19.889575287287162,0.23489390014910413,110.47208564637691,35.34874453431388,,,,,
DC-A,SRVCHP_SRORC,R245fa,R227ea,pareto_DC-A_SRVCHP_SRORC_R245fa_R227ea.csv,0.5017400223441042,15.4258318023633,0.2735001381581753,96.02928615200705,27.274993701649805,,,,,
DC-A,SRVCHP_SRORC,R1233zd(E),R227ea,pareto_DC-A_SRVCHP_SRORC_R1233zd(E)_R227ea.csv,0.502095338125419,24.322720831188622,0.20097946265964478,109.30391359748408,43.1396983986345,,,,,
DC-A,SRVCHP_SRORC,R600,R227ea,pareto_DC-A_SRVCHP_SRORC_R600_R227ea.csv,0.5022770928995801,23.359009052850936,0.037329955177723126,111.97796444803565,41.49486860115514,,,,,
DC-A,SRVCHP_SRORC,R600,R1234ze(E),pareto_DC-A_SRVCHP_SRORC_R600_R1234ze(E).csv,0.5028430142663509,10.114301129886016,0.3090078695490509,86.76410749796229,17.841709688801544,,,,,
DC-A,SRVCHP_SRORC,R1233zd(E),R227ea,pareto_DC-A_SRVCHP_SRORC_R1233zd(E)_R227ea.csv,0.5034396829601464,20.73873550055693,0.21820434255949728,110.046038839459,36.83975831383379,,,,,
DC-A,SRVCHP_SRORC,R245fa,R1234ze(E),pareto_DC-A_SRVCHP_SRORC_R245fa_R1234ze(E).csv,0.5037719728203119,11.235762210067591,0.2969137233392534,89.21103657387187,19.834026754367912,,,,,
DC-A,SRVCHP_SRORC,R245fa,R1234ze(E),pareto_DC-A_SRVCHP_SRORC_R245fa_R1234ze(E).csv,0.5045123038812667,10.284358951722945,0.307088924764944,89.6745531499123,18.164736144395746,,,,,
DC-A,SRVCHP_SRORC,R245fa,R227ea,pareto_DC-A_SRVCHP_SRORC_R245fa_R227ea.csv,0.5049056447643077,13.294294243874955,0.26336695228706697,86.04736754502112,23.417205552186566,,,,,
DC-A,SRVCHP_SRORC,R245fa,R227ea,pareto_DC-A_SRVCHP_SRORC_R245fa_R227ea.csv,0.5070673316171739,13.097488798156114,0.2863977821407034,96.58958552639987,23.18348813466986,,,,,
DC-A,SRVCHP_SRORC,R1233zd(E),R227ea,pareto_DC-A_SRVCHP_SRORC_R1233zd(E)_R227ea.csv,0.5094005349189162,19.87941289414089,0.1849239963376418,104.48390446324238,35.232513014029266,,,,,
DC-A,SRVCHP_SRORC,R1233zd(E),R227ea,pareto_DC-A_SRVCHP_SRORC_R1233zd(E)_R227ea.csv,0.5108021392425612,18.334661855014048,0.2097448007340747,109.83355165606285,32.5933517619248,,,,,
DC-A,SRVCHP_SRORC,R1233zd(E),R227ea,pareto_DC-A_SRVCHP_SRORC_R1233zd(E)_R227ea.csv,0.5122963877575957,14.43748239564329,0.25556597937352243,90.31888182316638,25.46978620497955,,,,,
DC-A,SRVCHP_SRORC,R600,R227ea,pareto_DC-A_SRVCHP_SRORC_R600_R227ea.csv,0.5126020608127978,18.7603339013886,0.07865915724373657,100.19995083888756,33.1961905156522,,,,,
DC-A,SRVCHP_SRORC,R245fa,R227ea,pareto_DC-A_SRVCHP_SRORC_R245fa_R227ea.csv,0.5131598407668285,17.92758012654535,0.2010562493004845,100.11519737263413,31.730451552789027,,,,,
DC-A,SRVCHP_SRORC,R600,R1234ze(E),pareto_DC-A_SRVCHP_SRORC_R600_R1234ze(E).csv,0.513913839248265,12.701742584347032,0.26385364943062695,96.2923262021978,22.48314050473845,,,,,
DC-A,SRVCHP_SRORC,R600,R227ea,pareto_DC-A_SRVCHP_SRORC_R600_R227ea.csv,0.5154983442684558,17.88111299214163,0.1879525145823974,97.78089725881125,31.614796241114334,,,,,
DC-A,SRVCHP_SRORC,R1233zd(E),R1234ze(E),pareto_DC-A_SRVCHP_SRORC_R1233zd(E)_R1234ze(E).csv,0.5158646020368561,10.050240779905174,0.2847251148635574,96.75168908231369,17.811197061774912,,,,,
DC-A,SRVCHP_SRORC,R600,R227ea,pareto_DC-A_SRVCHP_SRORC_R600_R227ea.csv,0.5172512795460229,14.632712338814185,0.22972075237084807,96.90786260864381,25.89040571628462,,,,,
DC-A,SRVCHP_SRORC,R1233zd(E),R227ea,pareto_DC-A_SRVCHP_SRORC_R1233zd(E)_R227ea.csv,0.5186324485336391,14.908596953009695,0.22655888781371156,90.31888182316638,26.2966202637759,,,,,
DC-A,SRVCHP_SRORC,R1233zd(E),R227ea,pareto_DC-A_SRVCHP_SRORC_R1233zd(E)_R227ea.csv,0.5189747023364434,12.559376072803369,0.2738258839947914,90.97338270838065,22.177832641796744,,,,,
DC-A,SRVCHP_SRORC,R1233zd(E),R227ea,pareto_DC-A_SRVCHP_SRORC_R1233zd(E)_R227ea.csv,0.5218876376513357,14.151486041797066,0.2392571271848674,91.60594748015744,24.982343962814937,,,,,
DC-A,SRVCHP_SRORC,R1233zd(E),R227ea,pareto_DC-A_SRVCHP_SRORC_R1233zd(E)_R227ea.csv,0.5233963472083283,14.159866198402165,0.22886119881910488,90.31021797348683,24.982343962814937,,,,,
DC-A,SRVCHP_SRORC,R1233zd(E),R227ea,pareto_DC-A_SRVCHP_SRORC_R1233zd(E)_R227ea.csv,0.5264271437123277,16.172546960421958,0.00894153110303019,95.9247794805263,28.586457274990316,,,,,
DC-A,SRVCHP_SRORC,R1233zd(E),R227ea,pareto_DC-A_SRVCHP_SRORC_R1233zd(E)_R227ea.csv,0.5266974377013955,16.07271775853276,0.028715282476106246,95.9247794805263,28.410985741344767,,,,,
DC-A,SRVCHP_SRORC,R1233zd(E),R227ea,pareto_DC-A_SRVCHP_SRORC_R1233zd(E)_R227ea.csv,0.5281113073646659,13.285687395917,0.22987148457287318,89.45467504327091,23.43809944199909,,,,,
DC-A,SRVCHP_SRORC,R1233zd(E),R227ea,pareto_DC-A_SRVCHP_SRORC_R1233zd(E)_R227ea.csv,0.528584813549369,15.872229279079901,0.1739845121128599,95.9247794805263,28.05855144596974,,,,,
DC-A,SRVCHP_SRORC,R600,R1234ze(E),pareto_DC-A_SRVCHP_SRORC_R600_R1234ze(E).csv,0.5288495357439822,13.457536967311016,0.16525970746599378,89.13539264354137,23.736401181974518,,,,,
DC-A,SRVCHP_SRORC,R1233zd(E),R227ea,pareto_DC-A_SRVCHP_SRORC_R1233zd(E)_R227ea.csv,0.5289638650619632,15.441603899851922,0.051271382821469834,92.17334531624948,27.254662031572988,,,,,
DC-A,SRVCHP_SRORC,R245fa,R227ea,pareto_DC-A_SRVCHP_SRORC_R245fa_R227ea.csv,0.5309941128940106,8.838892335755562,0.2547418335894733,77.33523348826587,15.533239685493038,,,,,
DC-A,SRVCHP_SRORC,R600,R227ea,pareto_DC-A_SRVCHP_SRORC_R600_R227ea.csv,0.533636124910152,11.800714017238976,0.22669059684977452,87.17251816251178,20.807767096579774,,,,,
DC-A,SRVCHP_SRORC,R600,R227ea,pareto_DC-A_SRVCHP_SRORC_R600_R227ea.csv,0.534320927152342,8.733209973620246,0.2480677018208859,76.82987364149764,15.34467812410195,,,,,
DC-A,SRVCHP_SRORC,R1233zd(E),R1234ze(E),pareto_DC-A_SRVCHP_SRORC_R1233zd(E)_R1234ze(E).csv,0.5349428874502706,12.622436209874596,0.17847894412189655,96.56104097250645,22.34620021780325,,,,,
DC-A,SRVCHP_SRORC,R245fa,R227ea,pareto_DC-A_SRVCHP_SRORC_R245fa_R227ea.csv,0.5364154318154521,11.413735612627768,0.20541043536980733,95.92486430160913,20.209424319121986,,,,,
DC-A,SRVCHP_SRORC,R600,R1234ze(E),pareto_DC-A_SRVCHP_SRORC_R600_R1234ze(E).csv,0.540729597067328,11.831009498873193,0.16938487710582,86.64118382360873,20.855946909202522,,,,,
DC-A,SRVCHP_SRORC,R600,R227ea,pareto_DC-A_SRVCHP_SRORC_R600_R227ea.csv,0.5417236898729998,12.239749961875845,0.08655223109300553,84.12548989687816,21.549019287031427,,,,,
DC-A,SRVCHP_SRORC,R1233zd(E),R1234ze(E),pareto_DC-A_SRVCHP_SRORC_R1233zd(E)_R1234ze(E).csv,0.5424083349206232,10.106056255539709,0.23214662681489917,84.32945751294375,17.80754934262999,,,,,
DC-A,SRVCHP_SRORC,R1233zd(E),R227ea,pareto_DC-A_SRVCHP_SRORC_R1233zd(E)_R227ea.csv,0.5434923762313375,9.501904816409253,0.19381855959476205,96.21109922939898,16.838685079407067,,,,,
DC-A,SRVCHP_SRORC,R600,R1234ze(E),pareto_DC-A_SRVCHP_SRORC_R600_R1234ze(E).csv,0.5442290266678961,11.199421012913438,0.05802961082791476,83.24085483925897,19.716811360595315,,,,,
DC-A,SRVCHP_SRORC,R600,R227ea,pareto_DC-A_SRVCHP_SRORC_R600_R227ea.csv,0.5467426147615317,11.111774322902118,0.12653836429860144,79.46152905927043,19.530356404390737,,,,,
DC-A,SRVCHP_SRORC,R600,R1234ze(E),pareto_DC-A_SRVCHP_SRORC_R600_R1234ze(E).csv,0.5478022708796633,10.115738590068556,0.18582544272692997,86.45307480643847,17.841709688801544,,,,,
DC-A,SRVCHP_SRORC,R1233zd(E),R227ea,pareto_DC-A_SRVCHP_SRORC_R1233zd(E)_R227ea.csv,0.5505978197750996,10.889330948161119,0.18317636877680105,91.29762774523206,19.243347062124712,,,,,
DC-A,SRVCHP_SRORC,R245fa,R227ea,pareto_DC-A_SRVCHP_SRORC_R245fa_R227ea.csv,0.5515858057949746,8.533826895551208,0.21480764395498145,78.05772560513714,15.003529341341844,,,,,
DC-A,SRVCHP_SRORC,R1233zd(E),R227ea,pareto_DC-A_SRVCHP_SRORC_R1233zd(E)_R227ea.csv,0.5539725551623257,8.984076764259497,0.18714299279251473,91.33075774524028,15.887973648551485,,,,,
DC-A,SRVCHP_SRORC,R1233zd(E),R1234ze(E),pareto_DC-A_SRVCHP_SRORC_R1233zd(E)_R1234ze(E).csv,0.5563764636810816,10.411113382269875,0.13055200874100603,84.00257070711162,18.340369356770832,,,,,
DC-A,SRVCHP_SRORC,R600,R227ea,pareto_DC-A_SRVCHP_SRORC_R600_R227ea.csv,0.558676020664503,9.755553744001745,0.1311964383888724,78.15915010336249,17.14485856755996,,,,,
DC-A,SRVCHP_SRORC,R245fa,R227ea,pareto_DC-A_SRVCHP_SRORC_R245fa_R227ea.csv,0.561026850204871,9.731911822224856,0.15516548464132118,83.9664276890505,17.147787339122626,,,,,
DC-A,SRVCHP_SRORC,R600,R227ea,pareto_DC-A_SRVCHP_SRORC_R600_R227ea.csv,0.5629845338394808,8.988212822554962,0.029468042806386548,81.30999806163942,15.822717147875217,,,,,
DC-A,SRVCHP_SRORC,R245fa,R227ea,pareto_DC-A_SRVCHP_SRORC_R245fa_R227ea.csv,0.5670341683100025,8.838892335755562,0.12722045269462112,77.33523348826587,15.533239685493038,,,,,
DC-A,SRVCHP_SRORC,R245fa,R227ea,pareto_DC-A_SRVCHP_SRORC_R245fa_R227ea.csv,0.5692852725304602,8.583828452682472,0.128502680001379,77.33523348826587,15.086357025509315,,,,,
DC-B,SRVCHP_SBORC,R1233zd(E),R227ea,pareto_DC-B_SRVCHP_SBORC_R1233zd(E)_R227ea.csv,0.010155142978406403,34.04821567874524,0.008890616268759597,100.99288525611601,59.998954085104415,,,,,
DC-B,SRVCHP_SBORC,R600,R227ea,pareto_DC-B_SRVCHP_SBORC_R600_R227ea.csv,0.010202571064764233,34.04793520140426,0.008031485009358045,101.04865276161333,59.999888188977835,,,,,
DC-B,SRVCHP_SBORC,R245fa,R227ea,pareto_DC-B_SRVCHP_SBORC_R245fa_R227ea.csv,0.010400156315714004,34.0487953776251,0.006968296644399279,100.9941459915645,59.99999936414185,,,,,
DC-B,SBVCHP_SBORC,R1233zd(E),R227ea,pareto_DC-B_SBVCHP_SBORC_R1233zd(E)_R227ea.csv,0.010492857036440163,34.04769035547255,0.009425385042805759,101.06964513129672,59.999996529971185,,,,,
DC-B,SBVCHP_SBORC,R600,R227ea,pareto_DC-B_SBVCHP_SBORC_R600_R227ea.csv,0.01092164659089467,34.047014998459424,0.010172813681664427,101.11558944920505,59.99999007356195,,,,,
DC-B,SBVCHP_SBORC,R600,R227ea,pareto_DC-B_SBVCHP_SBORC_R600_R227ea.csv,0.014791308714175423,34.04478185935377,0.013782325564072283,101.264082441426,59.999882958216986,,,,,
DC-B,SRVCHP_SBORC,R1233zd(E),R227ea,pareto_DC-B_SRVCHP_SBORC_R1233zd(E)_R227ea.csv,0.01580145715150303,34.046415521980244,0.011805547827169138,101.119830601239,59.99905075359768,,,,,
DC-B,SRVCHP_SBORC,R1233zd(E),R227ea,pareto_DC-B_SRVCHP_SBORC_R1233zd(E)_R227ea.csv,0.020784517713923336,34.04450146063161,0.015729579235254774,101.25084232862223,59.99905432848226,,,,,
DC-B,SRVCHP_SBORC,R1233zd(E),R227ea,pareto_DC-B_SRVCHP_SBORC_R1233zd(E)_R227ea.csv,0.023310815155867044,34.043960205225595,0.01750166597437605,101.32134943571262,59.99991152818999,,,,,
DC-B,SRVCHP_SBORC,R1233zd(E),R227ea,pareto_DC-B_SRVCHP_SBORC_R1233zd(E)_R227ea.csv,0.026168831396549616,34.0416348733409,0.022458295377552732,101.44263791562977,59.99895068105955,,,,,
DC-B,SRVCHP_SBORC,R1233zd(E),R227ea,pareto_DC-B_SRVCHP_SBORC_R1233zd(E)_R227ea.csv,0.030396364638295988,34.03981494078043,0.026092223267570155,101.56688249412693,59.99895068105955,,,,,
DC-B,SRVCHP_SBORC,R245fa,R227ea,pareto_DC-B_SRVCHP_SBORC_R245fa_R227ea.csv,0.0336837445586491,34.03838147386086,0.029468739693944153,101.70561358791733,59.99999939239594,,,,,
DC-B,SRVCHP_SBORC,R1233zd(E),R227ea,pareto_DC-B_SRVCHP_SBORC_R1233zd(E)_R227ea.csv,0.03890690897411402,34.037497866200795,0.02981362111550361,101.76296374272164,59.999924907991236,,,,,
DC-B,SRVCHP_SBORC,R245fa,R227ea,pareto_DC-B_SRVCHP_SBORC_R245fa_R227ea.csv,0.0402231044533149,34.03699296801033,0.02616254380499983,101.80014247263578,59.99999556950662,,,,,
DC-B,SRVCHP_SBORC,R600,R227ea,pareto_DC-B_SRVCHP_SBORC_R600_R227ea.csv,0.04683229699964933,34.032243409092374,0.03969826290584399,102.12087400222615,59.99992350590229,,,,,
DC-B,SRVCHP_SBORC,R245fa,R227ea,pareto_DC-B_SRVCHP_SBORC_R245fa_R227ea.csv,0.0488383069122008,34.03149259906416,0.04248724903236249,102.17478455108032,59.99999570220382,,,,,
DC-B,SRVCHP_SBORC,R245fa,R227ea,pareto_DC-B_SRVCHP_SBORC_R245fa_R227ea.csv,0.054741767538333055,34.030692576553115,0.03665288288219016,102.22922165217395,59.999995743502936,,,,,
DC-B,SRVCHP_SBORC,R600,R227ea,pareto_DC-B_SRVCHP_SBORC_R600_R227ea.csv,0.05582148174756384,34.02952369194202,0.03750017859054664,102.30740866913013,59.999961762296174,,,,,
DC-B,SRVCHP_SBORC,R1233zd(E),R227ea,pareto_DC-B_SRVCHP_SBORC_R1233zd(E)_R227ea.csv,0.05687856680581125,34.02930207341559,0.044851219485921835,102.31803017360842,59.99984735473647,,,,,
DC-B,SRVCHP_SBORC,R245fa,R227ea,pareto_DC-B_SRVCHP_SBORC_R245fa_R227ea.csv,0.06766903448805241,34.022268468791644,0.05909729006112034,102.80118098397537,59.99998540072812,,,,,
DC-B,SRVCHP_SBORC,R600,R227ea,pareto_DC-B_SRVCHP_SBORC_R600_R227ea.csv,0.06812439382520834,34.02379963778519,0.046970660196895844,102.69774810115624,59.999997946744024,,,,,
DC-B,SRVCHP_SBORC,R1233zd(E),R227ea,pareto_DC-B_SRVCHP_SBORC_R1233zd(E)_R227ea.csv,0.06821309527364264,34.020478990957685,0.06041919425565446,102.88246941695004,59.99895147038074,,,,,
DC-B,SRVCHP_SBORC,R600,R227ea,pareto_DC-B_SRVCHP_SBORC_R600_R227ea.csv,0.07718373624023524,34.01967514231089,0.022481326101633992,102.97340034078722,59.999890588555814,,,,,
DC-B,SRVCHP_SBORC,R1233zd(E),R227ea,pareto_DC-B_SRVCHP_SBORC_R1233zd(E)_R227ea.csv,0.08371705976503979,34.01635315082388,0.06365823386430787,103.16213993820882,59.99895140075254,,,,,
DC-B,SRVCHP_SBORC,R1233zd(E),R227ea,pareto_DC-B_SRVCHP_SBORC_R1233zd(E)_R227ea.csv,0.0863299501403907,34.013405629572325,0.06547479234341497,103.28055300868289,59.99685430147604,,,,,
DC-B,SRVCHP_SBORC,R245fa,R227ea,pareto_DC-B_SRVCHP_SBORC_R245fa_R227ea.csv,0.08860115994377098,34.01494415675379,0.06063023621526991,103.29800312945187,59.999995878855394,,,,,
DC-B,SRVCHP_SBORC,R600,R227ea,pareto_DC-B_SRVCHP_SBORC_R600_R227ea.csv,0.08966191052650535,34.01377816768753,0.03974811346841123,103.37119327474913,59.99984771096501,,,,,
DC-B,SRVCHP_SBORC,R1233zd(E),R227ea,pareto_DC-B_SRVCHP_SBORC_R1233zd(E)_R227ea.csv,0.09655899542333235,34.00591465690936,0.08428426585940409,103.85550569452454,59.99862391719022,,,,,
DC-B,SRVCHP_SBORC,R1233zd(E),R227ea,pareto_DC-B_SRVCHP_SBORC_R1233zd(E)_R227ea.csv,0.09741868369327181,34.009255956056975,0.07424142757842535,103.6787387917555,59.999891762907055,,,,,
DC-B,SRVCHP_SBORC,R245fa,R227ea,pareto_DC-B_SRVCHP_SBORC_R245fa_R227ea.csv,0.10191477003555685,34.007935722053915,0.07066188331585894,103.77197817002728,59.99999610009193,,,,,
DC-B,SRVCHP_SBORC,R1233zd(E),R227ea,pareto_DC-B_SRVCHP_SBORC_R1233zd(E)_R227ea.csv,0.10401819720726375,34.00567218574833,0.07904734571788523,103.88484554537303,59.99895980250563,,,,,
DC-B,SRVCHP_SBORC,R1233zd(E),R227ea,pareto_DC-B_SRVCHP_SBORC_R1233zd(E)_R227ea.csv,0.10781346840133434,33.99972565227439,0.0949472816717164,104.32270302234599,59.999911958696266,,,,,
DC-B,SRVCHP_SBORC,R245fa,R227ea,pareto_DC-B_SRVCHP_SBORC_R245fa_R227ea.csv,0.10807984359574384,34.00393195351785,0.08123042705455905,104.041877915107,59.999985238008605,,,,,
DC-B,SRVCHP_SBORC,R600,R227ea,pareto_DC-B_SRVCHP_SBORC_R600_R227ea.csv,0.11415095929983371,34.0006541451125,0.08279951852097006,104.25626352402179,59.999811861874356,,,,,
DC-B,SRVCHP_SBORC,R600,R227ea,pareto_DC-B_SRVCHP_SBORC_R600_R227ea.csv,0.11530665635413641,34.0006541451125,0.05249485505228782,104.25626352402179,59.999811861874356,,,,,
DC-B,SRVCHP_SBORC,R1233zd(E),R227ea,pareto_DC-B_SRVCHP_SBORC_R1233zd(E)_R227ea.csv,0.11813743728761324,33.99835962428445,0.09004645785655903,104.41295157506507,59.99986536628614,,,,,
DC-B,SRVCHP_SBORC,R245fa,R227ea,pareto_DC-B_SRVCHP_SBORC_R245fa_R227ea.csv,0.1222299933944801,33.995904901444845,0.0917505602257689,104.58338794252177,59.99999867269011,,,,,
DC-B,SRVCHP_SBORC,R600,R227ea,pareto_DC-B_SRVCHP_SBORC_R600_R227ea.csv,0.12365410737873106,33.99093109176728,0.1060417114201673,104.91217055895737,59.99984771096501,,,,,
DC-B,SRVCHP_SBORC,R245fa,R227ea,pareto_DC-B_SRVCHP_SBORC_R245fa_R227ea.csv,0.13077061500321877,33.98821177753557,0.10912393207404197,105.10049952052917,59.99999364091187,,,,,
DC-B,SRVCHP_SBORC,R1233zd(E),R227ea,pareto_DC-B_SRVCHP_SBORC_R1233zd(E)_R227ea.csv,0.13332685754022194,33.98259368858357,0.11843040298432793,105.44110295192534,59.999042248625365,,,,,
DC-B,SRVCHP_SBORC,R600,R227ea,pareto_DC-B_SRVCHP_SBORC_R600_R227ea.csv,0.13380382667268134,33.99009936680465,0.06288338109795341,104.97050789756987,59.999911074342,,,,,
DC-B,SRVCHP_SBORC,R600,R227ea,pareto_DC-B_SRVCHP_SBORC_R600_R227ea.csv,0.13582845698752116,33.98096758456252,0.12028199537738675,105.5867826214784,59.99999879967615,,,,,
DC-B,SRVCHP_SBORC,R1233zd(E),R227ea,pareto_DC-B_SRVCHP_SBORC_R1233zd(E)_R227ea.csv,0.14208950383901991,33.984178445352754,0.10591893053252469,105.33478428220462,59.999042248625365,,,,,
DC-B,SRVCHP_SBORC,R1233zd(E),R227ea,pareto_DC-B_SRVCHP_SBORC_R1233zd(E)_R227ea.csv,0.14351722972410433,33.98218926451606,0.10997063531989688,105.46867383210792,59.99905389618157,,,,,
DC-B,SRVCHP_SBORC,R600,R227ea,pareto_DC-B_SRVCHP_SBORC_R600_R227ea.csv,0.14761786684694259,33.97271265716894,0.13059226620683062,106.13621397839675,59.99991286823693,,,,,
DC-B,SRVCHP_SBORC,R1233zd(E),R227ea,pareto_DC-B_SRVCHP_SBORC_R1233zd(E)_R227ea.csv,0.1522958061735955,33.97133439790834,0.1311507541689151,106.19538768149471,59.999049085254086,,,,,
DC-B,SRVCHP_SBORC,R1233zd(E),R227ea,pareto_DC-B_SRVCHP_SBORC_R1233zd(E)_R227ea.csv,0.15987096092840752,33.96983731449943,0.12761062406453993,106.29505879127308,59.99903828593327,,,,,
DC-B,SRVCHP_SBORC,R600,R227ea,pareto_DC-B_SRVCHP_SBORC_R600_R227ea.csv,0.1599507879395694,33.97283933519999,0.11540004481814917,106.12774147376133,59.99991286823693,,,,,
DC-B,SRVCHP_SBORC,R1233zd(E),R227ea,pareto_DC-B_SRVCHP_SBORC_R1233zd(E)_R227ea.csv,0.16334677683217563,33.962398357042545,0.14410406741468648,106.81016049993727,59.9995209119657,,,,,
DC-B,SRVCHP_SBORC,R245fa,R227ea,pareto_DC-B_SRVCHP_SBORC_R245fa_R227ea.csv,0.1662965670395843,33.95871820945255,0.14607527023785227,107.073670396773,59.999998132567555,,,,,
DC-B,SRVCHP_SBORC,R1233zd(E),R227ea,pareto_DC-B_SRVCHP_SBORC_R1233zd(E)_R227ea.csv,0.17344890440537042,33.9587103760063,0.1459393965429157,107.03473549945772,59.99896120337545,,,,,
DC-B,SRVCHP_SBORC,R600,R227ea,pareto_DC-B_SRVCHP_SBORC_R600_R227ea.csv,0.1756434633790387,33.95080068055019,0.1550005143999952,107.59745729497348,59.9999129626108,,,,,
DC-B,SRVCHP_SBORC,R245fa,R227ea,pareto_DC-B_SRVCHP_SBORC_R245fa_R227ea.csv,0.1807031048257387,33.95798964982378,0.12766957937073437,107.12194325865408,59.9999910937631,,,,,
DC-B,SRVCHP_SBORC,R1233zd(E),R227ea,pareto_DC-B_SRVCHP_SBORC_R1233zd(E)_R227ea.csv,0.1834813542954067,33.95312246619533,0.14122879824561527,107.40658970485934,59.998954085104415,,,,,
DC-B,SRVCHP_SBORC,R245fa,R227ea,pareto_DC-B_SRVCHP_SBORC_R245fa_R227ea.csv,0.18647477944736754,33.95393770601509,0.1279878365809556,107.39204639771141,59.99999917617905,,,,,
DC-B,SRVCHP_SBORC,R600,R227ea,pareto_DC-B_SRVCHP_SBORC_R600_R227ea.csv,0.18722838979776718,33.948322033829555,0.15087917448929805,107.76222527053565,59.99991287436011,,,,,
DC-B,SRVCHP_SBORC,R245fa,R227ea,pareto_DC-B_SRVCHP_SBORC_R245fa_R227ea.csv,0.18833688975416737,33.94265696171241,0.16172458971798448,108.14171115647802,59.99999940215999,,,,,
DC-B,SRVCHP_SBORC,R245fa,R227ea,pareto_DC-B_SRVCHP_SBORC_R245fa_R227ea.csv,0.19188757164528017,33.944334252596015,0.15544188917495727,108.03024959648323,59.99999591169562,,,,,
DC-B,SRVCHP_SBORC,R1233zd(E),R227ea,pareto_DC-B_SRVCHP_SBORC_R1233zd(E)_R227ea.csv,0.19214817141729193,33.93889376956482,0.16888905258280112,108.37321624804788,59.9995209119657,,,,,
DC-B,SRVCHP_SBORC,R1233zd(E),R227ea,pareto_DC-B_SRVCHP_SBORC_R1233zd(E)_R227ea.csv,0.19607012314121514,33.94419548009315,0.15402396772237975,108.00087404978518,59.998977701627496,,,,,
DC-B,SRVCHP_SBORC,R1233zd(E),R227ea,pareto_DC-B_SRVCHP_SBORC_R1233zd(E)_R227ea.csv,0.19844240114492548,33.94130226132461,0.1536263208952878,108.19208720888523,59.99895611282344,,,,,
DC-B,SRVCHP_SBORC,R245fa,R227ea,pareto_DC-B_SRVCHP_SBORC_R245fa_R227ea.csv,0.20418392454074072,33.92448872221564,0.18042433246287531,109.3445789145591,59.999995842816375,,,,,
DC-B,SRVCHP_SBORC,R600,R227ea,pareto_DC-B_SRVCHP_SBORC_R600_R227ea.csv,0.2047343284869598,33.93382304885898,0.16549252847284615,108.72400307765028,59.99991212818943,,,,,
DC-B,SRVCHP_SBORC,R245fa,R227ea,pareto_DC-B_SRVCHP_SBORC_R245fa_R227ea.csv,0.21020621756607866,33.927350654243064,0.17215117770156685,109.15534324072664,59.99999372031574,,,,,
DC-B,SRVCHP_SBORC,R1233zd(E),R227ea,pareto_DC-B_SRVCHP_SBORC_R1233zd(E)_R227ea.csv,0.21215020254305672,33.911302293265145,0.19228506906874399,110.1752698358666,59.99895160278428,,,,,
DC-B,SRVCHP_SBORC,R1233zd(E),R227ea,pareto_DC-B_SRVCHP_SBORC_R1233zd(E)_R227ea.csv,0.2152176492650521,33.919264487934285,0.1875791306070232,109.64998553825454,59.99894518852051,,,,,
DC-B,SRVCHP_SBORC,R600,R227ea,pareto_DC-B_SRVCHP_SBORC_R600_R227ea.csv,0.21573351299272714,33.92767532197064,0.1532561084016195,109.13068031885157,59.99990900004951,,,,,
DC-B,SRVCHP_SBORC,R245fa,R227ea,pareto_DC-B_SRVCHP_SBORC_R245fa_R227ea.csv,0.22154765801354376,33.92390576443123,0.1543989827536844,109.38269436246878,59.99998526082183,,,,,
DC-B,SRVCHP_SBORC,R1233zd(E),R227ea,pareto_DC-B_SRVCHP_SBORC_R1233zd(E)_R227ea.csv,0.22823290075902553,33.89865324428663,0.20447625957308493,111.01085989255957,59.999042248625365,,,,,
DC-B,SRVCHP_SBORC,R600,R227ea,pareto_DC-B_SRVCHP_SBORC_R600_R227ea.csv,0.2298024372835513,33.90873604567312,0.18158481149591507,110.21240512161981,59.99544065743578,,,,,
DC-B,SRVCHP_SBORC,R245fa,R227ea,pareto_DC-B_SRVCHP_SBORC_R245fa_R227ea.csv,0.23185656844986635,33.901384334622946,0.19721681697730667,110.86709666346948,59.99999522901521,,,,,
DC-B,SRVCHP_SBORC,R245fa,R227ea,pareto_DC-B_SRVCHP_SBORC_R245fa_R227ea.csv,0.23912631043845206,33.90419644197108,0.17699091174923876,110.68214124080514,59.99999364091187,,,,,
DC-B,SRVCHP_SBORC,R600,R227ea,pareto_DC-B_SRVCHP_SBORC_R600_R227ea.csv,0.24164039609450763,33.89829541619779,0.19278055031214328,111.06681101042108,59.99990838276297,,,,,
DC-B,SRVCHP_SBORC,R245fa,R227ea,pareto_DC-B_SRVCHP_SBORC_R245fa_R227ea.csv,0.24168375394479644,33.88082076167804,0.21492942687230646,112.21584396025007,59.999995857855254,,,,,
DC-B,SRVCHP_SBORC,R1233zd(E),R227ea,pareto_DC-B_SRVCHP_SBORC_R1233zd(E)_R227ea.csv,0.2437254193651336,33.89054427716882,0.1960083722438746,110.98606615143811,59.98415946263393,,,,,
DC-B,SRVCHP_SBORC,R1233zd(E),R227ea,pareto_DC-B_SRVCHP_SBORC_R1233zd(E)_R227ea.csv,0.24564383231996947,33.87561800187732,0.21925905836111606,112.51736823396969,59.998954085104415,,,,,
DC-B,SRVCHP_SBORC,R1233zd(E),R227ea,pareto_DC-B_SRVCHP_SBORC_R1233zd(E)_R227ea.csv,0.24948220105996863,33.89865324428663,0.17407812543236423,111.01085989255957,59.999042248625365,,,,,
DC-B,SRVCHP_SBORC,R245fa,R227ea,pareto_DC-B_SRVCHP_SBORC_R245fa_R227ea.csv,0.2545070231515902,33.889670064690115,0.17955605361926988,111.63627175949796,59.99999936414185,,,,,
DC-B,SRVCHP_SBORC,R600,R227ea,pareto_DC-B_SRVCHP_SBORC_R600_R227ea.csv,0.2559623188965467,33.87856591108859,0.20939355888455718,112.36349874456175,59.9999987688294,,,,,
DC-B,SRVCHP_SBORC,R1233zd(E),R227ea,pareto_DC-B_SRVCHP_SBORC_R1233zd(E)_R227ea.csv,0.2601961077562859,33.8728483029491,0.22168330545093134,112.69869741369348,59.99896120337545,,,,,
DC-B,SRVCHP_SBORC,R600,R227ea,pareto_DC-B_SRVCHP_SBORC_R600_R227ea.csv,0.271884264306109,33.860152890650426,0.2221615132025362,113.54684485656999,59.999484626209934,,,,,
DC-B,SRVCHP_SBORC,R1233zd(E),R227ea,pareto_DC-B_SRVCHP_SBORC_R1233zd(E)_R227ea.csv,0.2723104868671939,33.86852298725961,0.21169209139442544,112.98119689482533,59.998959447184596,,,,,
DC-B,SRVCHP_SBORC,R245fa,R227ea,pareto_DC-B_SRVCHP_SBORC_R245fa_R227ea.csv,0.27312365079702217,33.837316246600444,0.24237898814326808,115.05152082325773,59.999996078865436,,,,,
DC-B,SRVCHP_SBORC,R600,R227ea,pareto_DC-B_SRVCHP_SBORC_R600_R227ea.csv,0.27777308526457706,33.83095579716242,0.24722543366612776,115.40035789517852,59.99826510312903,,,,,
DC-B,SRVCHP_SBORC,R600,R227ea,pareto_DC-B_SRVCHP_SBORC_R600_R227ea.csv,0.28378798457338067,33.85663206897597,0.08516685714106162,113.79199733294837,59.99990742132919,,,,,
DC-B,SRVCHP_SBORC,R245fa,R227ea,pareto_DC-B_SRVCHP_SBORC_R245fa_R227ea.csv,0.2852728622395726,33.81237308910104,0.25602498260066225,116.66776421166892,59.99999623571252,,,,,
DC-B,SRVCHP_SBORC,R245fa,R227ea,pareto_DC-B_SRVCHP_SBORC_R245fa_R227ea.csv,0.2859007029151759,33.83691410242233,0.23475564031854362,115.07763702582766,59.99999625897576,,,,,
DC-B,SRVCHP_SBORC,R1233zd(E),R227ea,pareto_DC-B_SRVCHP_SBORC_R1233zd(E)_R227ea.csv,0.291320044049436,33.83596473162308,0.23226009859827024,115.13547424126958,59.99989358377604,,,,,
DC-B,SRVCHP_SBORC,R600,R227ea,pareto_DC-B_SRVCHP_SBORC_R600_R227ea.csv,0.29173026645238165,33.82798926858589,0.21474112063065084,114.95207470148264,59.98092457754724,,,,,
DC-B,SRVCHP_SBORC,R600,R227ea,pareto_DC-B_SRVCHP_SBORC_R600_R227ea.csv,0.29860214948908126,33.825592640051326,0.2265601878062814,115.80953365193592,59.99992991339281,,,,,
DC-B,SRVCHP_SBORC,R600,R227ea,pareto_DC-B_SRVCHP_SBORC_R600_R227ea.csv,0.3018757398152086,33.81542011250409,0.24539960474023506,116.46677627869602,59.999890580136146,,,,,
DC-B,SRVCHP_SBORC,R245fa,R227ea,pareto_DC-B_SRVCHP_SBORC_R245fa_R227ea.csv,0.3081788264003942,33.812356063546424,0.22699197185721678,116.66896390254416,59.99999891647326,,,,,
DC-B,SRVCHP_SBORC,R245fa,R227ea,pareto_DC-B_SRVCHP_SBORC_R245fa_R227ea.csv,0.30914370441009403,33.812356063546424,0.22273001874065396,116.66896390254416,59.99999891647326,,,,,
DC-B,SRVCHP_SBORC,R245fa,R227ea,pareto_DC-B_SRVCHP_SBORC_R245fa_R227ea.csv,0.31497601662703467,33.807430128830994,0.22868884207201534,116.98712580496196,59.99999121717995,,,,,
DC-B,SRVCHP_SBORC,R245fa,R227ea,pareto_DC-B_SRVCHP_SBORC_R245fa_R227ea.csv,0.3180105442707429,33.77852814125279,0.25593381587462216,118.3884120878724,59.98735533759958,,,,,
DC-B,SRVCHP_SBORC,R600,R227ea,pareto_DC-B_SRVCHP_SBORC_R600_R227ea.csv,0.3207051313168595,32.88396636891332,0.27905691771427593,118.86861495100118,58.426577587010165,,,,,
DC-B,SRVCHP_SBORC,R1233zd(E),R227ea,pareto_DC-B_SRVCHP_SBORC_R1233zd(E)_R227ea.csv,0.3230551828344438,33.76178395009733,0.27649188223900745,118.97592419851733,59.973947692659905,,,,,
DC-B,SRVCHP_SRORC,R245fa,R227ea,pareto_DC-B_SRVCHP_SRORC_R245fa_R227ea.csv,0.3240692593795556,31.2039417228231,0.2957184580116408,119.95611554491532,55.4969649134277,,,,,
DC-B,SRVCHP_SBORC,R600,R227ea,pareto_DC-B_SRVCHP_SBORC_R600_R227ea.csv,0.3256853627166771,31.088621074388826,0.2917230421540102,118.70529510267892,55.2619815707001,,,,,
DC-B,SRVCHP_SRORC,R600,R227ea,pareto_DC-B_SRVCHP_SRORC_R600_R227ea.csv,0.32680262009066596,32.62065862150592,0.2838840617166609,119.99615695749566,57.99314535007601,,,,,
DC-B,SRVCHP_SBORC,R600,R227ea,pareto_DC-B_SRVCHP_SBORC_R600_R227ea.csv,0.3286918691052252,33.7712015312765,0.25230495464562297,119.32021526765415,59.99992991339281,,,,,
DC-B,SRVCHP_SRORC,R245fa,R227ea,pareto_DC-B_SRVCHP_SRORC_R245fa_R227ea.csv,0.3335831811557268,32.59566964307292,0.26071041418097884,119.65327775962712,57.94004063313423,,,,,
DC-B,SRVCHP_SRORC,R600,R227ea,pareto_DC-B_SRVCHP_SRORC_R600_R227ea.csv,0.33726245044315917,32.18263077084372,0.27216501593372333,119.50850001192296,57.209035462114365,,,,,
DC-B,SRVCHP_SBORC,R600,R227ea,pareto_DC-B_SRVCHP_SBORC_R600_R227ea.csv,0.33825655751545414,33.76620441431205,0.2530231717063605,119.64264133505226,59.999961762296174,,,,,
DC-B,SRVCHP_SBORC,R600,R227ea,pareto_DC-B_SRVCHP_SBORC_R600_R227ea.csv,0.3394404538101345,31.962908490230074,0.2798561401986651,119.3865719843665,56.81897997477364,,,,,
DC-B,SRVCHP_SRORC,R1233zd(E),R227ea,pareto_DC-B_SRVCHP_SRORC_R1233zd(E)_R227ea.csv,0.34024058710895727,32.55253919156065,0.22560873656027125,119.66944411929205,57.864538665191205,,,,,
DC-B,SRVCHP_SRORC,R600,R227ea,pareto_DC-B_SRVCHP_SRORC_R600_R227ea.csv,0.3424082308233607,32.66918576744284,0.09458797252800229,119.98418713096396,58.07826763904877,,,,,
DC-B,SRVCHP_SRORC,R1233zd(E),R227ea,pareto_DC-B_SRVCHP_SRORC_R1233zd(E)_R227ea.csv,0.3429878752712113,28.61344311056074,0.3122676828058136,119.7211117198052,50.924951084067295,,,,,
DC-B,SRVCHP_SRORC,R600,R227ea,pareto_DC-B_SRVCHP_SRORC_R600_R227ea.csv,0.34424828754916986,32.45992871555308,0.16178713779806858,119.97204048228147,57.7095002889922,,,,,
DC-B,SRVCHP_SBORC,R245fa,R227ea,pareto_DC-B_SRVCHP_SBORC_R245fa_R227ea.csv,0.34489948281748295,32.2599140661445,0.2601171099671849,119.6377192996679,57.34850208406435,,,,,
DC-B,SRVCHP_SRORC,R600,R227ea,pareto_DC-B_SRVCHP_SRORC_R600_R227ea.csv,0.34725886050322075,31.88313331728911,0.14397717564724677,119.7786524907379,56.68871950526538,,,,,
DC-B,SRVCHP_SBORC,R600,R227ea,pareto_DC-B_SRVCHP_SBORC_R600_R227ea.csv,0.34779854530063264,31.504952137556714,0.2558052465315797,119.21001651206842,56.008014819412445,,,,,
DC-B,SRVCHP_SRORC,R600,R227ea,pareto_DC-B_SRVCHP_SRORC_R600_R227ea.csv,0.348843605607723,30.844266453626297,0.29659054292395937,119.81553253017128,54.85970841326049,,,,,
DC-B,SRVCHP_SRORC,R245fa,R227ea,pareto_DC-B_SRVCHP_SRORC_R245fa_R227ea.csv,0.3501533905388533,31.445119264336405,0.23973307184334738,119.82015343623094,55.91833462551162,,,,,
DC-B,SRVCHP_SRORC,R1233zd(E),R227ea,pareto_DC-B_SRVCHP_SRORC_R1233zd(E)_R227ea.csv,0.3502246851153799,20.75800317643321,0.31796543439677527,113.9613194153501,36.94128819346294,,,,,
DC-B,SRVCHP_SRORC,R1233zd(E),R227ea,pareto_DC-B_SRVCHP_SRORC_R1233zd(E)_R227ea.csv,0.35166601899655137,29.08541135233014,0.30880778534286085,119.82296983357942,51.75969676438789,,,,,
DC-B,SRVCHP_SRORC,R600,R227ea,pareto_DC-B_SRVCHP_SRORC_R600_R227ea.csv,0.3548873320325061,28.496143791831376,0.3099655808062444,119.66843475146639,50.71682809361012,,,,,
DC-B,SRVCHP_SRORC,R600,R227ea,pareto_DC-B_SRVCHP_SRORC_R600_R227ea.csv,0.35587405917871834,19.968135349785218,0.31974946118827346,114.19965420129341,35.5494074422735,,,,,
DC-B,SRVCHP_SRORC,R600,R227ea,pareto_DC-B_SRVCHP_SRORC_R600_R227ea.csv,0.35591980935870593,31.433923632059475,0.04802091659952138,119.81584032372086,55.898503154182265,,,,,
DC-B,SRVCHP_SRORC,R600,R227ea,pareto_DC-B_SRVCHP_SRORC_R600_R227ea.csv,0.35742622372561056,31.346710628874636,0.060135047906833876,119.96691178980603,55.74875459489296,,,,,
DC-B,SRVCHP_SRORC,R600,R227ea,pareto_DC-B_SRVCHP_SRORC_R600_R227ea.csv,0.35773207596997075,21.119252265861302,0.31722442898396924,114.75963182818465,37.593518549053066,,,,,
DC-B,SRVCHP_SRORC,R245fa,R227ea,pareto_DC-B_SRVCHP_SRORC_R245fa_R227ea.csv,0.3577631085142192,28.09565811527046,0.30740604275460476,119.57941928399103,50.008339928033294,,,,,
DC-B,SRVCHP_SRORC,R1233zd(E),R1234ze(E),pareto_DC-B_SRVCHP_SRORC_R1233zd(E)_R1234ze(E).csv,0.3584944865882771,18.63559843794316,0.3149163951401594,114.97222425641623,33.20480847519605,,,,,
DC-B,SRVCHP_SRORC,R600,R227ea,pareto_DC-B_SRVCHP_SRORC_R600_R227ea.csv,0.35941330902650326,27.910925727946484,0.3120955702009559,119.62072805141922,49.683405989817025,,,,,
DC-B,SRVCHP_SRORC,R600,R227ea,pareto_DC-B_SRVCHP_SRORC_R600_R227ea.csv,0.35985023719804654,31.13928172946363,0.07199663705446359,119.96691178980603,55.38332511280383,,,,,
DC-B,SRVCHP_SRORC,R1233zd(E),R227ea,pareto_DC-B_SRVCHP_SRORC_R1233zd(E)_R227ea.csv,0.36019547495291876,31.05446810760417,0.19843822290066207,119.75414762081417,55.22848590657233,,,,,
DC-B,SRVCHP_SRORC,R600,R227ea,pareto_DC-B_SRVCHP_SRORC_R600_R227ea.csv,0.36052151993625475,28.908085602510173,0.2956124289367645,119.20169804071432,51.43219603030233,,,,,
DC-B,SRVCHP_SRORC,R1233zd(E),R227ea,pareto_DC-B_SRVCHP_SRORC_R1233zd(E)_R227ea.csv,0.36164789239486655,30.282752154802598,0.2861528554328321,119.69464180184596,53.86724076246564,,,,,
DC-B,SRVCHP_SRORC,R1233zd(E),R227ea,pareto_DC-B_SRVCHP_SRORC_R1233zd(E)_R227ea.csv,0.36180870576639224,30.280884213893483,0.28625888905759195,119.69464180184596,53.86394895267466,,,,,
DC-B,SRVCHP_SRORC,R245fa,R227ea,pareto_DC-B_SRVCHP_SRORC_R245fa_R227ea.csv,0.3619584354256389,21.574450107285614,0.3099632845184062,114.89983012446919,38.400277896571815,,,,,
DC-B,SRVCHP_SRORC,R1233zd(E),R1234ze(E),pareto_DC-B_SRVCHP_SRORC_R1233zd(E)_R1234ze(E).csv,0.362502376435034,12.089266272782627,0.3237094838953251,105.81207809990883,21.49961661917597,,,,,
DC-B,SRVCHP_SRORC,R600,R227ea,pareto_DC-B_SRVCHP_SRORC_R600_R227ea.csv,0.3637753143171161,30.155047069433902,0.26624515042747443,119.71265649576998,53.64263003223412,,,,,
DC-B,SRVCHP_SRORC,R1233zd(E),R227ea,pareto_DC-B_SRVCHP_SRORC_R1233zd(E)_R227ea.csv,0.3646740866789166,15.60803240706299,0.32193632277619216,111.94330740539986,27.801208105802537,,,,,
DC-B,SRVCHP_SRORC,R1233zd(E),R227ea,pareto_DC-B_SRVCHP_SRORC_R1233zd(E)_R227ea.csv,0.36480492844473555,15.514549605060303,0.3220748989425861,111.94330740539986,27.63564798719706,,,,,
DC-B,SRVCHP_SRORC,R600,R227ea,pareto_DC-B_SRVCHP_SRORC_R600_R227ea.csv,0.36560398871356403,18.142127763185773,0.3179259737574428,113.31770349762158,32.306109190743584,,,,,
DC-B,SRVCHP_SRORC,R245fa,R227ea,pareto_DC-B_SRVCHP_SRORC_R245fa_R227ea.csv,0.3667902046051968,19.162440263326108,0.3120495169634444,113.61945739124616,34.11543010115976,,,,,
DC-B,SRVCHP_SRORC,R600,R227ea,pareto_DC-B_SRVCHP_SRORC_R600_R227ea.csv,0.367036484629933,28.137042122556448,0.2977027544504146,119.62072805141922,50.08230146260253,,,,,
DC-B,SRVCHP_SRORC,R1233zd(E),R227ea,pareto_DC-B_SRVCHP_SRORC_R1233zd(E)_R227ea.csv,0.36707497746924767,27.50592175359117,0.3065856735419474,119.29020705075746,48.961298756093754,,,,,
DC-B,SRVCHP_SRORC,R600,R227ea,pareto_DC-B_SRVCHP_SRORC_R600_R227ea.csv,0.3691697281859649,21.912120378097278,0.3010356369959316,114.31188074422379,38.98604518833592,,,,,
DC-B,SRVCHP_SRORC,R600,R227ea,pareto_DC-B_SRVCHP_SRORC_R600_R227ea.csv,0.36977321136042457,20.36668180844792,0.3094778104391771,114.04152551187232,36.25119141327163,,,,,
DC-B,SRVCHP_SRORC,R600,R227ea,pareto_DC-B_SRVCHP_SRORC_R600_R227ea.csv,0.36998339996431495,20.36510391085857,0.30980477249198574,114.20559379987948,36.25119141327163,,,,,
DC-B,SRVCHP_SRORC,R1233zd(E),R227ea,pareto_DC-B_SRVCHP_SRORC_R1233zd(E)_R227ea.csv,0.370252729563653,29.08477521465451,0.24134401998120633,119.86976707307599,51.75969676438789,,,,,
DC-B,SRVCHP_SRORC,R600,R227ea,pareto_DC-B_SRVCHP_SRORC_R600_R227ea.csv,0.3725063926427325,28.189004355024423,0.10367621673851388,119.35378809969059,50.16774936640986,,,,,
DC-B,SRVCHP_SRORC,R1233zd(E),R1234ze(E),pareto_DC-B_SRVCHP_SRORC_R1233zd(E)_R1234ze(E).csv,0.37290837138228744,11.443164329593184,0.3234270311297014,105.58721095593647,20.353430796645995,,,,,
DC-B,SRVCHP_SRORC,R1233zd(E),R227ea,pareto_DC-B_SRVCHP_SRORC_R1233zd(E)_R227ea.csv,0.37428471983713796,26.77365808850776,0.2781843519216536,118.25545253420232,47.6461730043171,,,,,
DC-B,SRVCHP_SRORC,R245fa,R1234ze(E),pareto_DC-B_SRVCHP_SRORC_R245fa_R1234ze(E).csv,0.3755342485541888,19.802758151739365,0.28516824543099195,117.6805188205064,35.3147416426188,,,,,
DC-B,SRVCHP_SRORC,R1233zd(E),R227ea,pareto_DC-B_SRVCHP_SRORC_R1233zd(E)_R227ea.csv,0.375950049643307,19.44649934705356,0.3083922359930065,113.76964776461166,34.62011016982651,,,,,
DC-B,SRVCHP_SRORC,R600,R227ea,pareto_DC-B_SRVCHP_SRORC_R600_R227ea.csv,0.3762172242857264,17.861727942596737,0.30343937159272927,112.39468616994907,31.796192668736747,,,,,
DC-B,SRVCHP_SRORC,R245fa,R227ea,pareto_DC-B_SRVCHP_SRORC_R245fa_R227ea.csv,0.37721707496058354,23.60870512422696,0.27430723993267725,116.65732380420276,42.026452710008655,,,,,
DC-B,SRVCHP_SRORC,R245fa,R227ea,pareto_DC-B_SRVCHP_SRORC_R245fa_R227ea.csv,0.37863020602245534,23.558343721144237,0.27535874918630854,116.65732380420276,41.937514658182906,,,,,
DC-B,SRVCHP_SBORC,R1233zd(E),R1234ze(E),pareto_DC-B_SRVCHP_SBORC_R1233zd(E)_R1234ze(E).csv,0.37949146043867144,13.556850221705238,0.30354358371811235,112.00815918653673,24.166827211058937,,,,,
DC-B,SRVCHP_SRORC,R245fa,R227ea,pareto_DC-B_SRVCHP_SRORC_R245fa_R227ea.csv,0.37996146194696845,20.983949098596014,0.24379700333689763,114.89004801585523,37.35670712305175,,,,,
DC-B,SRVCHP_SRORC,R600,R227ea,pareto_DC-B_SRVCHP_SRORC_R600_R227ea.csv,0.38015175737721435,20.968308322760077,0.28514480329438946,114.76294929002493,37.326841973569344,,,,,
DC-B,SRVCHP_SRORC,R600,R227ea,pareto_DC-B_SRVCHP_SRORC_R600_R227ea.csv,0.38094078991276165,19.341076469252656,0.2888745298185775,114.08624834810621,34.43883153567,,,,,
DC-B,SRVCHP_SRORC,R245fa,R227ea,pareto_DC-B_SRVCHP_SRORC_R245fa_R227ea.csv,0.38160760629990964,19.251516179514727,0.27661833195240165,113.55251782625149,34.27185583182459,,,,,
DC-B,SRVCHP_SRORC,R600,R227ea,pareto_DC-B_SRVCHP_SRORC_R600_R227ea.csv,0.38164498486725856,21.116625162896177,0.0202871699878261,114.91653146388475,37.59163971376865,,,,,
DC-B,SRVCHP_SRORC,R1233zd(E),R227ea,pareto_DC-B_SRVCHP_SRORC_R1233zd(E)_R227ea.csv,0.382274560849879,17.173572439724794,0.30015888088711945,111.62927032027315,30.56776457994847,,,,,
DC-B,SRVCHP_SRORC,R1233zd(E),R227ea,pareto_DC-B_SRVCHP_SRORC_R1233zd(E)_R227ea.csv,0.38243539685368905,20.440812819726947,0.26980697917559143,113.85942458917337,36.37909196278403,,,,,
DC-B,SRVCHP_SRORC,R1233zd(E),R227ea,pareto_DC-B_SRVCHP_SRORC_R1233zd(E)_R227ea.csv,0.38394341787234176,16.259596263384335,0.3018177978601797,111.68213768468561,28.951291396199416,,,,,
DC-B,SRVCHP_SRORC,R1233zd(E),R227ea,pareto_DC-B_SRVCHP_SRORC_R1233zd(E)_R227ea.csv,0.3845856765569304,18.294582957869753,0.28284416373651133,112.85229250372318,32.56868384383771,,,,,
DC-B,SRVCHP_SRORC,R600,R227ea,pareto_DC-B_SRVCHP_SRORC_R600_R227ea.csv,0.38510103581153854,16.46569513481006,0.26842249367420773,112.573543287474,29.328369888523888,,,,,
DC-B,SRVCHP_SRORC,R600,R227ea,pareto_DC-B_SRVCHP_SRORC_R600_R227ea.csv,0.3854050417566202,16.67284606151058,0.26680505438443586,112.573543287474,29.695098492419362,,,,,
DC-B,SRVCHP_SRORC,R245fa,R227ea,pareto_DC-B_SRVCHP_SRORC_R245fa_R227ea.csv,0.38692940373690754,14.057988379163183,0.28723831974235936,109.73950105324319,25.02862597831737,,,,,
DC-B,SRVCHP_SRORC,R1233zd(E),R1234ze(E),pareto_DC-B_SRVCHP_SRORC_R1233zd(E)_R1234ze(E).csv,0.3870314760747747,13.599464173615853,0.2809820772502173,113.75108775886117,24.262378702850892,,,,,
DC-B,SRVCHP_SRORC,R1233zd(E),R227ea,pareto_DC-B_SRVCHP_SRORC_R1233zd(E)_R227ea.csv,0.38771210237517034,17.83764718929306,0.2529131071188895,112.85948748251336,31.760542016578135,,,,,
DC-B,SRVCHP_SBORC,R1233zd(E),R1234ze(E),pareto_DC-B_SRVCHP_SBORC_R1233zd(E)_R1234ze(E).csv,0.38791727541410637,12.590634905006965,0.26942047991185397,103.89651149822862,22.36681133608319,,,,,
DC-B,SRVCHP_SRORC,R1233zd(E),R1234ze(E),pareto_DC-B_SRVCHP_SRORC_R1233zd(E)_R1234ze(E).csv,0.38796856025871657,13.323607292525642,0.13406224629292104,103.23326126410419,23.655050958115794,,,,,
DC-B,SRVCHP_SRORC,R1233zd(E),R227ea,pareto_DC-B_SRVCHP_SRORC_R1233zd(E)_R227ea.csv,0.389496151276966,11.322048381582718,0.30623518769553126,104.17083962847067,20.12547722902422,,,,,
DC-B,SRVCHP_SRORC,R1233zd(E),R227ea,pareto_DC-B_SRVCHP_SRORC_R1233zd(E)_R227ea.csv,0.3911211003170717,11.616021111900467,0.28972099477484614,101.14806896742516,20.61635647254637,,,,,
DC-B,SRVCHP_SRORC,R1233zd(E),R227ea,pareto_DC-B_SRVCHP_SRORC_R1233zd(E)_R227ea.csv,0.3918854270538928,12.266685130251473,0.24399481430097905,100.95814684704041,21.763903170802298,,,,,
DC-B,SRVCHP_SRORC,R1233zd(E),R1234ze(E),pareto_DC-B_SRVCHP_SRORC_R1233zd(E)_R1234ze(E).csv,0.39323314588984243,12.4881326457278,0.11335734280772201,106.13070144276976,22.208947471799373,,,,,
DC-B,SRVCHP_SBORC,R1233zd(E),R1234ze(E),pareto_DC-B_SRVCHP_SBORC_R1233zd(E)_R1234ze(E).csv,0.395048419198748,10.017113919855683,0.2770772528506035,104.79861928991944,17.820115404196628,,,,,
DC-B,SRVCHP_SRORC,R1233zd(E),R227ea,pareto_DC-B_SRVCHP_SRORC_R1233zd(E)_R227ea.csv,0.39565999647451544,9.188079341321028,0.2988025941781463,99.96319864586997,16.313246969373232,,,,,
DC-B,SRVCHP_SRORC,R1233zd(E),R1234ze(E),pareto_DC-B_SRVCHP_SRORC_R1233zd(E)_R1234ze(E).csv,0.39605864894740184,11.785974856919365,0.11842594906402824,105.58721095593647,20.960432310825823,,,,,
DC-B,SRVCHP_SRORC,R1233zd(E),R1234ze(E),pareto_DC-B_SRVCHP_SRORC_R1233zd(E)_R1234ze(E).csv,0.396389925847775,11.78598311753197,0.03779314374078354,105.58573295082924,20.960432310825823,,,,,
DC-B,SRVCHP_SRORC,R1233zd(E),R1234ze(E),pareto_DC-B_SRVCHP_SRORC_R1233zd(E)_R1234ze(E).csv,0.3981871433275191,11.047496129970233,0.21845761823159793,103.31178362894025,19.63154874133682,,,,,
DC-B,SRVCHP_SRORC,R1233zd(E),R1234ze(E),pareto_DC-B_SRVCHP_SRORC_R1233zd(E)_R1234ze(E).csv,0.40015374367416007,10.184494992984453,0.18828982282308365,105.8492460130766,18.125712753660714,,,,,
DC-B,SRVCHP_SRORC,R1233zd(E),R1234ze(E),pareto_DC-B_SRVCHP_SRORC_R1233zd(E)_R1234ze(E).csv,0.40129421900618334,10.070006628699167,0.02379999451817131,103.26028447785568,17.900822027018705,,,,,
DC-B,SRVCHP_SRORC,R1233zd(E),R1234ze(E),pareto_DC-B_SRVCHP_SRORC_R1233zd(E)_R1234ze(E).csv,0.4018121430617001,9.843844312247128,0.28484002974407896,102.90447771870896,17.49737630937902,,,,,
DC-B,SRVCHP_SRORC,R1233zd(E),R1234ze(E),pareto_DC-B_SRVCHP_SRORC_R1233zd(E)_R1234ze(E).csv,0.4023594256886412,9.84440103402477,0.1403663952987566,102.7852036253145,17.49737630937902,,,,,
DC-C,SBVCHP_SBORC,R600,R227ea,pareto_DC-C_SBVCHP_SBORC_R600_R227ea.csv,0.010039291809648786,39.93067301489258,0.006311240898087156,91.09639938943113,69.99925325731273,,,,,
DC-C,SRVCHP_SBORC,R600,R227ea,pareto_DC-C_SRVCHP_SBORC_R600_R227ea.csv,0.010161373145090066,39.933398901961084,0.0022710275618699465,90.93506689375124,69.99967305893952,,,,,
DC-C,SRVCHP_SBORC,R245fa,R227ea,pareto_DC-C_SRVCHP_SBORC_R245fa_R227ea.csv,0.010434525524168948,39.932715441507035,0.006149862935191749,90.98945541202937,69.99994114593231,,,,,
DC-C,SBVCHP_SBORC,R245fa,R227ea,pareto_DC-C_SBVCHP_SBORC_R245fa_R227ea.csv,0.011380765802723066,39.932024567669124,0.003447083721215847,91.00565667335746,69.99917254121135,,,,,
DC-C,SRVCHP_SBORC,R245fa,R227ea,pareto_DC-C_SRVCHP_SBORC_R245fa_R227ea.csv,0.02003841892782037,39.92951572403171,0.011819854259693138,91.19779471362239,69.99995967273951,,,,,
DC-C,SBVCHP_SBORC,R600,R227ea,pareto_DC-C_SBVCHP_SBORC_R600_R227ea.csv,0.02791682653589338,39.92504627190519,0.00912232477107456,91.46206100502518,69.99927802692537,,,,,
DC-C,SRVCHP_SBORC,R600,R227ea,pareto_DC-C_SRVCHP_SBORC_R600_R227ea.csv,0.030036590973068263,39.92444860814538,0.017648879775246464,91.505678326647,69.99941048776665,,,,,
DC-C,SRVCHP_SBORC,R600,R227ea,pareto_DC-C_SRVCHP_SBORC_R600_R227ea.csv,0.040017072164336184,39.92202875421636,0.02366592940486143,91.66194192051469,69.99940230868043,,,,,
DC-C,SRVCHP_SBORC,R245fa,R227ea,pareto_DC-C_SRVCHP_SBORC_R245fa_R227ea.csv,0.050199429915692706,39.918619161594286,0.029749619157026765,91.90392570493493,69.99998583911554,,,,,
DC-C,SBVCHP_SBORC,R600,R227ea,pareto_DC-C_SBVCHP_SBORC_R600_R227ea.csv,0.05184743028109417,39.91320798814033,0.02584369784615689,92.11022019315877,69.99612854789032,,,,,
DC-C,SBVCHP_SBORC,R245fa,R227ea,pareto_DC-C_SBVCHP_SBORC_R245fa_R227ea.csv,0.06930893183433465,39.90440651947813,0.04301556618887218,92.7772516384102,69.99885056871966,,,,,
DC-C,SRVCHP_SBORC,R245fa,R227ea,pareto_DC-C_SRVCHP_SBORC_R245fa_R227ea.csv,0.07830445109555056,39.90085279207617,0.045337108066674944,92.63679326185496,69.98885125955502,,,,,
DC-C,SBVCHP_SBORC,R1233zd(E),R227ea,pareto_DC-C_SBVCHP_SBORC_R1233zd(E)_R227ea.csv,0.08502386411283058,39.903053621824846,0.039027962368871995,92.8945394416287,69.99967622395309,,,,,
DC-C,SBVCHP_SBORC,R245fa,R227ea,pareto_DC-C_SBVCHP_SBORC_R245fa_R227ea.csv,0.09262895924079463,39.89845912549802,0.039997839492669746,93.18281448729205,69.99950398261197,,,,,
DC-C,SRVCHP_SBORC,R1233zd(E),R227ea,pareto_DC-C_SRVCHP_SBORC_R1233zd(E)_R227ea.csv,0.0998125409874268,39.90563025887401,0.02686521946442444,92.71806042816357,69.99937725934089,,,,,
DC-C,SBVCHP_SBORC,R1233zd(E),R227ea,pareto_DC-C_SBVCHP_SBORC_R1233zd(E)_R227ea.csv,0.10597462401340811,39.89250190420182,0.05210314285319913,93.57035787786614,69.99967669932421,,,,,
DC-C,SRVCHP_SBORC,R600,R227ea,pareto_DC-C_SRVCHP_SBORC_R600_R227ea.csv,0.11647554038155503,39.897410974678536,0.046492991964228514,93.25785784973526,69.99971910089299,,,,,
DC-C,SRVCHP_SBORC,R600,R227ea,pareto_DC-C_SRVCHP_SBORC_R600_R227ea.csv,0.12645350868217162,39.89586953300839,0.03003392869685797,93.26797019354801,69.99730841894657,,,,,
DC-C,SRVCHP_SBORC,R1233zd(E),R227ea,pareto_DC-C_SRVCHP_SBORC_R1233zd(E)_R227ea.csv,0.138984984225614,39.890994298494256,0.04254655198493069,93.62901983298583,69.99864926654783,,,,,
DC-C,SRVCHP_SBORC,R600,R227ea,pareto_DC-C_SRVCHP_SBORC_R600_R227ea.csv,0.14707222441051265,39.88082159650652,0.07395193953292932,94.31516200651045,69.99967646316217,,,,,
DC-C,SBVCHP_SBORC,R245fa,R227ea,pareto_DC-C_SBVCHP_SBORC_R245fa_R227ea.csv,0.15818966828052997,39.859150982365875,0.07170087344264744,95.52442475226917,69.99515676354419,,,,,
DC-C,SRVCHP_SBORC,R600,R1234ze(E),pareto_DC-C_SRVCHP_SBORC_R600_R1234ze(E).csv,0.1650256277291364,39.84134140140298,0.07953879445838602,96.7748800782204,69.99876087004134,,,,,
DC-C,SRVCHP_SBORC,R600,R227ea,pareto_DC-C_SRVCHP_SBORC_R600_R227ea.csv,0.16996353191386004,39.88082159650652,0.044974947992330615,94.31516200651045,69.99967646316217,,,,,
DC-C,SRVCHP_SBORC,R600,R227ea,pareto_DC-C_SRVCHP_SBORC_R600_R227ea.csv,0.18825891746331735,39.87198752872077,0.055128732676600775,94.87685814881557,69.99969400315597,,,,,
DC-C,SRVCHP_SBORC,R245fa,R227ea,pareto_DC-C_SRVCHP_SBORC_R245fa_R227ea.csv,0.19131892499854777,39.874506220118356,0.021123263447873228,94.68023728489993,69.99868187650982,,,,,
DC-C,SRVCHP_SBORC,R1233zd(E),R227ea,pareto_DC-C_SRVCHP_SBORC_R1233zd(E)_R227ea.csv,0.20189697150994168,39.87098349423572,0.022515535604988646,94.91896988676184,69.99910178022293,,,,,
DC-C,SRVCHP_SBORC,R1233zd(E),R227ea,pareto_DC-C_SRVCHP_SBORC_R1233zd(E)_R227ea.csv,0.22436709732770554,39.827676036938065,0.13697215442148036,97.67213306094193,69.99996464663222,,,,,
DC-C,SRVCHP_SBORC,R1233zd(E),R227ea,pareto_DC-C_SRVCHP_SBORC_R1233zd(E)_R227ea.csv,0.22466025109948856,39.82738531844739,0.13715748353787197,97.69025367552875,69.99996464663222,,,,,
DC-C,SRVCHP_SBORC,R245fa,R227ea,pareto_DC-C_SRVCHP_SBORC_R245fa_R227ea.csv,0.23205469692080172,39.817544887191076,0.14121148514279788,97.89471235494246,69.98852377720124,,,,,
DC-C,SRVCHP_SBORC,R600,R227ea,pareto_DC-C_SRVCHP_SBORC_R600_R227ea.csv,0.24275955176178246,39.84744768682657,0.06632003272056435,96.42496204246004,69.99968317017553,,,,,
DC-C,SRVCHP_SBORC,R245fa,R227ea,pareto_DC-C_SRVCHP_SBORC_R245fa_R227ea.csv,0.25501918797259576,39.80374231274425,0.1549543114857,99.09794704178393,69.99828481009108,,,,,
DC-C,SRVCHP_SBORC,R600,R227ea,pareto_DC-C_SRVCHP_SBORC_R600_R227ea.csv,0.25976158424580037,39.82773080551282,0.1075974356625664,97.65108221018808,69.9994711042318,,,,,
DC-C,SRVCHP_SBORC,R600,R227ea,pareto_DC-C_SRVCHP_SBORC_R600_R227ea.csv,0.2757798431463872,39.81281034666428,0.09131439817608183,98.57301361928725,69.9993115713815,,,,,
DC-C,SRVCHP_SBORC,R600,R227ea,pareto_DC-C_SRVCHP_SBORC_R600_R227ea.csv,0.29075882431156175,39.808029112707544,0.11834333024756599,98.87384299237043,69.99944262227045,,,,,
DC-C,SRVCHP_SBORC,R1233zd(E),R227ea,pareto_DC-C_SRVCHP_SBORC_R1233zd(E)_R227ea.csv,0.29646920808029675,39.73252895445048,0.18529313726932603,101.54675627694232,69.94360257540899,,,,,
DC-C,SRVCHP_SBORC,R1233zd(E),R227ea,pareto_DC-C_SRVCHP_SBORC_R1233zd(E)_R227ea.csv,0.3114741724402466,39.8162014753964,0.043025861875801805,98.36496683649882,69.99937725934089,,,,,
DC-C,SRVCHP_SBORC,R600,R227ea,pareto_DC-C_SRVCHP_SBORC_R600_R227ea.csv,0.3232461215230483,39.762729769181604,0.17138428625362623,101.65468369792691,69.9994366098034,,,,,
DC-C,SRVCHP_SRORC,R245fa,R227ea,pareto_DC-C_SRVCHP_SRORC_R245fa_R227ea.csv,0.32756475517457456,39.6668699711201,0.21295036073329526,107.24274297946974,69.99467705271837,,,,,
DC-C,SRVCHP_SRORC,R1233zd(E),R227ea,pareto_DC-C_SRVCHP_SRORC_R1233zd(E)_R227ea.csv,0.3313057606669125,39.66248534320567,0.21550568402430267,107.67710068885526,69.99986736350594,,,,,
DC-C,SRVCHP_SBORC,R245fa,R227ea,pareto_DC-C_SRVCHP_SBORC_R245fa_R227ea.csv,0.3381323777719064,39.72209892009782,0.20989426568385128,104.09443907349268,69.99890564533364,,,,,
DC-C,SRVCHP_SRORC,R600,R227ea,pareto_DC-C_SRVCHP_SRORC_R600_R227ea.csv,0.34195183995139217,39.65182575632516,0.22273170216528348,108.30314685423416,69.9998038259052,,,,,
DC-C,SRVCHP_SBORC,R600,R227ea,pareto_DC-C_SRVCHP_SBORC_R600_R227ea.csv,0.34816874851444646,39.77724479146047,0.10025526836612655,100.76801029183743,69.99942577682295,,,,,
DC-C,SRVCHP_SRORC,R1233zd(E),R227ea,pareto_DC-C_SRVCHP_SRORC_R1233zd(E)_R227ea.csv,0.3491949233874449,39.63945364578406,0.22862281779773913,109.03206106470967,69.99986733555497,,,,,
DC-C,SRVCHP_SBORC,R245fa,R134a,pareto_DC-C_SRVCHP_SBORC_R245fa_R134a.csv,0.3498530743199939,39.637435731444725,0.2027745478636863,109.1101559193814,69.99866665461518,,,,,
DC-C,SRVCHP_SRORC,R600,R227ea,pareto_DC-C_SRVCHP_SRORC_R600_R227ea.csv,0.36341918582476446,39.62942190892826,0.23159780041433606,109.51460526050188,69.99672647239893,,,,,
DC-C,SRVCHP_SRORC,R245fa,R227ea,pareto_DC-C_SRVCHP_SRORC_R245fa_R227ea.csv,0.3635385839877277,39.67574334812214,0.16583837137561624,106.70739042088925,69.99438686384518,,,,,
DC-C,SRVCHP_SBORC,R600,R227ea,pareto_DC-C_SRVCHP_SBORC_R600_R227ea.csv,0.36451565878747627,39.762729769181604,0.09354203373548073,101.65468369792691,69.9994366098034,,,,,
DC-C,SRVCHP_SBORC,R1233zd(E),R134a,pareto_DC-C_SRVCHP_SBORC_R1233zd(E)_R134a.csv,0.3691792820300214,39.64936059372969,0.16928556293535366,108.36949985949381,69.99746360961275,,,,,
DC-C,SRVCHP_SRORC,R1233zd(E),R227ea,pareto_DC-C_SRVCHP_SRORC_R1233zd(E)_R227ea.csv,0.37706121600753856,39.60042589235503,0.24234648277725196,110.79437648041522,69.98435749338235,,,,,
DC-C,SRVCHP_SBORC,R245fa,R227ea,pareto_DC-C_SRVCHP_SBORC_R245fa_R227ea.csv,0.3828465008163641,39.757078824191964,0.08570659248910152,101.99025928682406,69.99919869497337,,,,,
DC-C,SRVCHP_SRORC,R1233zd(E),R227ea,pareto_DC-C_SRVCHP_SRORC_R1233zd(E)_R227ea.csv,0.386938446274412,39.58279635807555,0.2570349209749542,112.32970951396156,69.9998464610982,,,,,
DC-C,SRVCHP_SRORC,R245fa,R227ea,pareto_DC-C_SRVCHP_SRORC_R245fa_R227ea.csv,0.4049680079943089,39.68234086417266,0.0203657051790958,106.45344820117998,69.99844087323035,,,,,
DC-C,SRVCHP_SBORC,R1233zd(E),R227ea,pareto_DC-C_SRVCHP_SBORC_R1233zd(E)_R227ea.csv,0.4129648789811016,39.56104895275961,0.27552582637343287,113.56135314867595,69.99916558384231,,,,,
DC-C,SRVCHP_SRORC,R245fa,R227ea,pareto_DC-C_SRVCHP_SRORC_R245fa_R227ea.csv,0.4217964590111193,39.59732585660524,0.18906267754990158,111.36604416830484,69.99615524369473,,,,,
DC-C,SRVCHP_SRORC,R245fa,R227ea,pareto_DC-C_SRVCHP_SRORC_R245fa_R227ea.csv,0.4265532597638177,39.5841762427717,0.19485615472394538,112.12806241938762,69.99615524369473,,,,,
DC-C,SRVCHP_SBORC,R245fa,R1234ze(E),pareto_DC-C_SRVCHP_SBORC_R245fa_R1234ze(E).csv,0.43177258147676645,39.6087381214319,0.050090728581142795,109.53441504127113,69.96111223399176,,,,,
DC-C,SRVCHP_SRORC,R600,R227ea,pareto_DC-C_SRVCHP_SRORC_R600_R227ea.csv,0.43881499774682964,39.58183910587919,0.15396559301047083,110.42045267795385,69.94057024970894,,,,,
DC-C,SRVCHP_SBORC,R1233zd(E),R134a,pareto_DC-C_SRVCHP_SBORC_R1233zd(E)_R134a.csv,0.4501584761823273,39.53357072238459,0.1794021550263499,115.09137912565157,69.99775884252081,,,,,
DC-C,SRVCHP_SBORC,R1233zd(E),R1234ze(E),pareto_DC-C_SRVCHP_SBORC_R1233zd(E)_R1234ze(E).csv,0.45364334043903376,36.87139393979936,0.31963492625953865,125.62943437170244,65.63914543987707,,,,,
DC-C,SRVCHP_SRORC,R245fa,R227ea,pareto_DC-C_SRVCHP_SRORC_R245fa_R227ea.csv,0.4594975092740303,39.5129857828858,0.23224896656865843,116.00439177649463,69.98969836418726,,,,,
DC-C,SRVCHP_SRORC,R1233zd(E),R227ea,pareto_DC-C_SRVCHP_SRORC_R1233zd(E)_R227ea.csv,0.46054078562796297,37.00879413638928,0.3149437323664442,118.0856155258192,65.65651104358054,,,,,
DC-C,SRVCHP_SRORC,R600,R227ea,pareto_DC-C_SRVCHP_SRORC_R600_R227ea.csv,0.46336403372995905,37.21265348673653,0.3139021331648425,118.60648464572995,66.0300305302797,,,,,
DC-C,SRVCHP_SBORC,R600,R1234ze(E),pareto_DC-C_SRVCHP_SBORC_R600_R1234ze(E).csv,0.4712979155242539,37.49580497621228,0.30813899370838516,126.60104746940583,66.76875498305678,,,,,
DC-C,SRVCHP_SRORC,R1233zd(E),R227ea,pareto_DC-C_SRVCHP_SRORC_R1233zd(E)_R227ea.csv,0.4751223516882039,34.75806616863414,0.32951943210956974,119.45845624574063,61.73979787131837,,,,,
DC-C,SRVCHP_SRORC,R245fa,R1234ze(E),pareto_DC-C_SRVCHP_SRORC_R245fa_R1234ze(E).csv,0.47660084015741216,19.145077328804177,0.3362065426499724,116.08759135625556,34.12429005963997,,,,,
DC-C,SRVCHP_SRORC,R245fa,R227ea,pareto_DC-C_SRVCHP_SRORC_R245fa_R227ea.csv,0.4838853343469378,33.77407560684902,0.3326248022329693,119.97659026445554,60.02296134428976,,,,,
DC-C,SRVCHP_SRORC,R600,R227ea,pareto_DC-C_SRVCHP_SRORC_R600_R227ea.csv,0.48614823981221217,29.84255893808387,0.33581561722999903,117.47616521130018,53.0371273068359,,,,,
DC-C,SRVCHP_SRORC,R1233zd(E),R227ea,pareto_DC-C_SRVCHP_SRORC_R1233zd(E)_R227ea.csv,0.4902289805427492,39.57769485703765,0.002222526166132209,112.62511185836878,69.99986693044477,,,,,
DC-C,SRVCHP_SRORC,R1233zd(E),R1234ze(E),pareto_DC-C_SRVCHP_SRORC_R1233zd(E)_R1234ze(E).csv,0.49302469555932127,33.953201538034506,0.3110213484540263,124.23431076284008,60.4560350879236,,,,,
DC-C,SRVCHP_SRORC,R245fa,R227ea,pareto_DC-C_SRVCHP_SRORC_R245fa_R227ea.csv,0.49913710169168474,32.1697235089195,0.32355414810956784,118.59869210838418,57.16247090670902,,,,,
DC-C,SRVCHP_SRORC,R600,R227ea,pareto_DC-C_SRVCHP_SRORC_R600_R227ea.csv,0.5009990926691706,15.024991016913024,0.34276676389374555,108.2992000719464,26.722514882915554,,,,,
DC-C,SRVCHP_SRORC,R245fa,R227ea,pareto_DC-C_SRVCHP_SRORC_R245fa_R227ea.csv,0.5025977082151988,27.67579865390539,0.3278980896296947,116.54642437035207,49.19839547933528,,,,,
DC-C,SRVCHP_SRORC,R1233zd(E),R227ea,pareto_DC-C_SRVCHP_SRORC_R1233zd(E)_R227ea.csv,0.50309493822548,20.58669891572015,0.3359231230296243,110.31839716717336,36.576244749199915,,,,,
DC-C,SRVCHP_SRORC,R245fa,R227ea,pareto_DC-C_SRVCHP_SRORC_R245fa_R227ea.csv,0.5054521875152598,39.05439763547836,0.30193172694007014,122.67321706621165,69.39112998621619,,,,,
DC-C,SRVCHP_SRORC,R600,R1234ze(E),pareto_DC-C_SRVCHP_SRORC_R600_R1234ze(E).csv,0.508272489629119,12.449667075285781,0.3413845838625793,102.91923274889137,22.107391906739803,,,,,
DC-C,SRVCHP_SRORC,R600,R227ea,pareto_DC-C_SRVCHP_SRORC_R600_R227ea.csv,0.5103025927733363,24.59413912252187,0.30683011972140856,107.4145764752528,43.579420023475734,,,,,
DC-C,SRVCHP_SRORC,R245fa,R227ea,pareto_DC-C_SRVCHP_SRORC_R245fa_R227ea.csv,0.5112273961644344,11.55242736269044,0.341401287684415,102.46892302569991,20.516723790612993,,,,,
DC-C,SRVCHP_SRORC,R1233zd(E),R1234ze(E),pareto_DC-C_SRVCHP_SRORC_R1233zd(E)_R1234ze(E).csv,0.513164776201595,17.79971776578472,0.3177974948379372,115.15530411230945,31.727704472810004,,,,,
DC-C,SRVCHP_SRORC,R1233zd(E),R227ea,pareto_DC-C_SRVCHP_SRORC_R1233zd(E)_R227ea.csv,0.5158072427489124,11.309039105282796,0.34502976118556317,102.09340435017906,20.082778882701476,,,,,
DC-C,SRVCHP_SRORC,R245fa,R227ea,pareto_DC-C_SRVCHP_SRORC_R245fa_R227ea.csv,0.5182174173401418,11.694425577495434,0.33946383066128355,99.26157568468686,20.736537548579186,,,,,
DC-C,SRVCHP_SRORC,R600,R227ea,pareto_DC-C_SRVCHP_SRORC_R600_R227ea.csv,0.5251912776233352,16.532504120406152,0.32194127779148257,107.4145764752528,29.375304473415156,,,,,
DC-C,SRVCHP_SRORC,R245fa,R1234ze(E),pareto_DC-C_SRVCHP_SRORC_R245fa_R1234ze(E).csv,0.5257906162678685,39.109743583248296,0.19730690893598518,126.14777127420479,69.59768724255056,,,,,
DC-C,SRVCHP_SRORC,R245fa,R227ea,pareto_DC-C_SRVCHP_SRORC_R245fa_R227ea.csv,0.5283790050748065,35.96827464045931,0.27872159457104423,120.83455793367821,63.90778129391156,,,,,
DC-C,SRVCHP_SRORC,R245fa,R227ea,pareto_DC-C_SRVCHP_SRORC_R245fa_R227ea.csv,0.5300132899005886,20.678873512253364,0.30678735995976153,106.27939162267495,36.66991172304003,,,,,
DC-C,SRVCHP_SRORC,R1233zd(E),R227ea,pareto_DC-C_SRVCHP_SRORC_R1233zd(E)_R227ea.csv,0.5305127452287732,31.816329952555602,0.2851627249694692,117.66064863403258,56.51616024988222,,,,,
DC-C,SRVCHP_SRORC,R600,R227ea,pareto_DC-C_SRVCHP_SRORC_R600_R227ea.csv,0.5350577274951859,36.43112250621848,0.2501377137171711,120.09781198919953,64.7003273139391,,,,,
DC-C,SRVCHP_SRORC,R600,R1234ze(E),pareto_DC-C_SRVCHP_SRORC_R600_R1234ze(E).csv,0.5366646421539354,15.142426892477797,0.3127481514730667,99.18745122803278,26.81567489060518,,,,,
DC-C,SRVCHP_SRORC,R1233zd(E),R227ea,pareto_DC-C_SRVCHP_SRORC_R1233zd(E)_R227ea.csv,0.5388635126070469,36.2389817720886,0.2767793842352201,121.86008817957791,64.41392925550393,,,,,
DC-C,SRVCHP_SRORC,R245fa,R227ea,pareto_DC-C_SRVCHP_SRORC_R245fa_R227ea.csv,0.5394897766614837,26.77842171015174,0.2895270809657249,116.04361389875726,47.60568741685341,,,,,
DC-C,SRVCHP_SRORC,R245fa,R227ea,pareto_DC-C_SRVCHP_SRORC_R245fa_R227ea.csv,0.54267136432617,18.336279005830903,0.3007941761521873,102.21740749854483,32.48074627722762,,,,,
DC-C,SRVCHP_SRORC,R1233zd(E),R227ea,pareto_DC-C_SRVCHP_SRORC_R1233zd(E)_R227ea.csv,0.5451135065420891,32.29850093308274,0.2642017376942824,118.33530391372308,57.38220078229445,,,,,
DC-C,SRVCHP_SRORC,R245fa,R1234ze(E),pareto_DC-C_SRVCHP_SRORC_R245fa_R1234ze(E).csv,0.5501376901047803,36.154259140452396,0.1635262989827421,125.8330648328006,64.38149615609852,,,,,
DC-C,SRVCHP_SRORC,R600,R227ea,pareto_DC-C_SRVCHP_SRORC_R600_R227ea.csv,0.5504219507875405,20.741650729833825,0.2920632470720258,109.23889807045724,36.83104476130896,,,,,
DC-C,SRVCHP_SRORC,R1233zd(E),R1234ze(E),pareto_DC-C_SRVCHP_SRORC_R1233zd(E)_R1234ze(E).csv,0.551176618625664,38.43999080011567,0.11029311466490459,125.53449025302587,68.3991054264787,,,,,
DC-C,SRVCHP_SRORC,R1233zd(E),R227ea,pareto_DC-C_SRVCHP_SRORC_R1233zd(E)_R227ea.csv,0.5548071074718869,30.23578247248444,0.26590277341060364,118.2123920197341,53.74772756039798,,,,,
DC-C,SRVCHP_SRORC,R600,R227ea,pareto_DC-C_SRVCHP_SRORC_R600_R227ea.csv,0.5569290436216754,30.234366773363007,0.2577804669689108,117.36180615297468,53.72420751735339,,,,,
DC-C,SRVCHP_SRORC,R600,R227ea,pareto_DC-C_SRVCHP_SRORC_R600_R227ea.csv,0.5598490769982781,33.75143185620377,0.21454519710517955,118.55058272037488,59.94412324416898,,,,,
DC-C,SRVCHP_SRORC,R1233zd(E),R227ea,pareto_DC-C_SRVCHP_SRORC_R1233zd(E)_R227ea.csv,0.5630477367292218,33.72847229569795,0.1995985800987902,117.96778331297895,59.88785929709386,,,,,
DC-C,SRVCHP_SRORC,R245fa,R227ea,pareto_DC-C_SRVCHP_SRORC_R245fa_R227ea.csv,0.5651565025490024,38.85490605828603,0.06989553841722976,119.6411894298653,68.94643328561042,,,,,
DC-C,SRVCHP_SRORC,R245fa,R227ea,pareto_DC-C_SRVCHP_SRORC_R245fa_R227ea.csv,0.5683889508948079,39.43348012840015,0.04619261946895539,120.65370942943169,69.99438299157424,,,,,
DC-C,SRVCHP_SRORC,R245fa,R227ea,pareto_DC-C_SRVCHP_SRORC_R245fa_R227ea.csv,0.5700361897486702,37.32088353253428,0.1563427638555365,121.06050398925278,66.29335520123522,,,,,
DC-C,SRVCHP_SRORC,R600,R227ea,pareto_DC-C_SRVCHP_SRORC_R600_R227ea.csv,0.5707117490398324,29.19691953239259,0.2044281791955006,113.37564908925204,51.8023255267779,,,,,
DC-C,SRVCHP_SRORC,R245fa,R227ea,pareto_DC-C_SRVCHP_SRORC_R245fa_R227ea.csv,0.5719863550384431,23.321243672164282,0.24026254034248054,107.25111508257896,41.33781792823089,,,,,
DC-C,SRVCHP_SRORC,R245fa,R227ea,pareto_DC-C_SRVCHP_SRORC_R245fa_R227ea.csv,0.5765014232730717,36.72592681128235,0.15434741799400087,121.06050398925278,65.24705213498514,,,,,
DC-C,SRVCHP_SRORC,R600,R227ea,pareto_DC-C_SRVCHP_SRORC_R600_R227ea.csv,0.5786606429486564,20.849784628624707,0.23921396366176395,106.99679650981057,36.983139502050356,,,,,
DC-C,SRVCHP_SRORC,R1233zd(E),R227ea,pareto_DC-C_SRVCHP_SRORC_R1233zd(E)_R227ea.csv,0.5804796316621974,18.309248454081093,0.22626991164332616,90.45160878015872,32.26015330964391,,,,,
DC-C,SRVCHP_SRORC,R1233zd(E),R227ea,pareto_DC-C_SRVCHP_SRORC_R1233zd(E)_R227ea.csv,0.5861562430824859,32.49015705276487,0.15082102023535912,117.90773901152691,57.708179040627805,,,,,
DC-C,SRVCHP_SRORC,R1233zd(E),R227ea,pareto_DC-C_SRVCHP_SRORC_R1233zd(E)_R227ea.csv,0.5897783451125413,22.990758670269788,0.20424905258878212,110.66979793458054,40.820918689833974,,,,,
DC-C,SRVCHP_SRORC,R245fa,R227ea,pareto_DC-C_SRVCHP_SRORC_R245fa_R227ea.csv,0.5904353384778268,25.582720544180393,0.18264514441866528,115.9941910230065,45.496572762344094,,,,,
DC-C,SRVCHP_SRORC,R1233zd(E),R227ea,pareto_DC-C_SRVCHP_SRORC_R1233zd(E)_R227ea.csv,0.592504593779892,20.192151977045917,0.20667163618848206,110.67338701077848,35.88610038664142,,,,,
DC-C,SRVCHP_SRORC,R1233zd(E),R227ea,pareto_DC-C_SRVCHP_SRORC_R1233zd(E)_R227ea.csv,0.5928106200505618,32.89599920783151,0.0035325586929711413,117.86372041967431,58.42094846547869,,,,,
DC-C,SRVCHP_SRORC,R600,R1234ze(E),pareto_DC-C_SRVCHP_SRORC_R600_R1234ze(E).csv,0.5937858059919086,13.762081689308742,0.25085954086332535,87.06978869743607,24.248394885636543,,,,,
DC-C,SRVCHP_SRORC,R1233zd(E),R227ea,pareto_DC-C_SRVCHP_SRORC_R1233zd(E)_R227ea.csv,0.5959336987585333,30.239962705373085,0.15842377471772365,117.91481073654592,53.74772756039798,,,,,
DC-C,SRVCHP_SRORC,R600,R227ea,pareto_DC-C_SRVCHP_SRORC_R600_R227ea.csv,0.5985429655284904,24.55767848944332,0.15895260336398928,109.27570841666132,43.55255098129439,,,,,
DC-C,SRVCHP_SRORC,R245fa,R227ea,pareto_DC-C_SRVCHP_SRORC_R245fa_R227ea.csv,0.601997460893952,24.007089082906205,0.13544456517704961,100.81449602841985,42.41959412946285,,,,,
DC-C,SRVCHP_SRORC,R245fa,R227ea,pareto_DC-C_SRVCHP_SRORC_R245fa_R227ea.csv,0.6043460013721105,16.537360223396924,0.23730471426083166,98.76409853630116,29.265767406466395,,,,,
DC-C,SRVCHP_SRORC,R1233zd(E),R227ea,pareto_DC-C_SRVCHP_SRORC_R1233zd(E)_R227ea.csv,0.6064283051136475,27.320672868218658,0.12228263150020624,111.7327573709776,48.464913903527446,,,,,
DC-C,SRVCHP_SRORC,R245fa,R227ea,pareto_DC-C_SRVCHP_SRORC_R245fa_R227ea.csv,0.6068648185514661,21.8801737357426,0.15879650146747096,111.30866510705383,38.87509673399294,,,,,
DC-C,SRVCHP_SRORC,R1233zd(E),R227ea,pareto_DC-C_SRVCHP_SRORC_R1233zd(E)_R227ea.csv,0.6089466060535719,19.67135302211248,0.1954779573501403,101.8809642743084,34.824382822579786,,,,,
DC-C,SRVCHP_SRORC,R1233zd(E),R1234ze(E),pareto_DC-C_SRVCHP_SRORC_R1233zd(E)_R1234ze(E).csv,0.6098976230912706,16.24656481846977,0.21973864552786065,97.90796138468853,28.742733082322445,,,,,
DC-C,SRVCHP_SRORC,R600,R227ea,pareto_DC-C_SRVCHP_SRORC_R600_R227ea.csv,0.6105783595210528,25.129305491769937,0.12238481227582312,112.84018066979611,44.63147001286973,,,,,
DC-C,SRVCHP_SRORC,R245fa,R227ea,pareto_DC-C_SRVCHP_SRORC_R245fa_R227ea.csv,0.6137208091201062,23.17245991702309,0.11797496564411396,99.74645590075174,40.935803525974066,,,,,
DC-C,SRVCHP_SRORC,R1233zd(E),R227ea,pareto_DC-C_SRVCHP_SRORC_R1233zd(E)_R227ea.csv,0.614892964978964,24.953141905330487,0.025303380722632343,108.42460255850439,44.23096712658564,,,,,
DC-C,SRVCHP_SRORC,R245fa,R227ea,pareto_DC-C_SRVCHP_SRORC_R245fa_R227ea.csv,0.6161869181325338,23.831790004106537,0.0987621637134046,106.89045328494825,42.22877475150327,,,,,
DC-C,SRVCHP_SRORC,R245fa,R227ea,pareto_DC-C_SRVCHP_SRORC_R245fa_R227ea.csv,0.6197191006803802,21.686696371692406,0.13419300240359633,100.36114595076192,38.33990722352106,,,,,
DC-C,SRVCHP_SRORC,R600,R227ea,pareto_DC-C_SRVCHP_SRORC_R600_R227ea.csv,0.6214398564150768,23.758337321513892,0.06766045904516477,107.00636399628776,42.10186109475534,,,,,
DC-C,SRVCHP_SRORC,R245fa,R227ea,pareto_DC-C_SRVCHP_SRORC_R245fa_R227ea.csv,0.6227220120682966,19.795279864571494,0.16460471743578325,101.15629901584418,35.03064154439022,,,,,
DC-C,SRVCHP_SRORC,R245fa,R1234ze(E),pareto_DC-C_SRVCHP_SRORC_R245fa_R1234ze(E).csv,0.6245819071255427,18.492177160245358,0.15634267477287578,96.9796762246532,32.67646925255801,,,,,
DC-C,SRVCHP_SRORC,R1233zd(E),R227ea,pareto_DC-C_SRVCHP_SRORC_R1233zd(E)_R227ea.csv,0.6252306747979156,22.297568659426066,0.057186355794819975,98.38307705123813,39.376911334475295,,,,,
DC-C,SRVCHP_SRORC,R1233zd(E),R1234ze(E),pareto_DC-C_SRVCHP_SRORC_R1233zd(E)_R1234ze(E).csv,0.6275555575792513,11.870279298076605,0.22805291372700834,100.11969565037357,21.055437379535647,,,,,
DC-C,SRVCHP_SRORC,R1233zd(E),R227ea,pareto_DC-C_SRVCHP_SRORC_R1233zd(E)_R227ea.csv,0.6314683968166567,20.340221523337735,0.10082047902407007,91.8748472439001,35.83809601131978,,,,,
DC-C,SRVCHP_SRORC,R245fa,R227ea,pareto_DC-C_SRVCHP_SRORC_R245fa_R227ea.csv,0.6321241704666251,19.77669069096594,0.1417770743788724,101.15562060950342,34.997953044884724,,,,,
DC-C,SRVCHP_SRORC,R1233zd(E),R1234ze(E),pareto_DC-C_SRVCHP_SRORC_R1233zd(E)_R1234ze(E).csv,0.6339161563501509,17.02736855295123,0.16642339879893597,97.82140611138715,30.114714884877674,,,,,
DC-C,SRVCHP_SRORC,R1233zd(E),R227ea,pareto_DC-C_SRVCHP_SRORC_R1233zd(E)_R227ea.csv,0.6384490333093656,18.832524449049053,0.15289157054792263,98.61764811576754,33.29895395214247,,,,,
DC-C,SRVCHP_SRORC,R245fa,R1234ze(E),pareto_DC-C_SRVCHP_SRORC_R245fa_R1234ze(E).csv,0.6395197402925409,17.35325846921162,0.13521889501634787,97.56582448381911,30.68403967875225,,,,,
DC-C,SRVCHP_SRORC,R600,R1234ze(E),pareto_DC-C_SRVCHP_SRORC_R600_R1234ze(E).csv,0.6418123364580899,14.483774738462458,0.16205468331185208,100.75486055868234,25.674076032360308,,,,,
DC-C,SRVCHP_SRORC,R245fa,R1234ze(E),pareto_DC-C_SRVCHP_SRORC_R245fa_R1234ze(E).csv,0.6425571806157826,16.23454810684639,0.15831230724906842,96.57001521271725,28.703925480500146,,,,,
DC-C,SRVCHP_SRORC,R1233zd(E),R227ea,pareto_DC-C_SRVCHP_SRORC_R1233zd(E)_R227ea.csv,0.644944626620211,12.83728636759052,0.17862563848235538,102.13140046872562,22.78396391935375,,,,,
DC-C,SRVCHP_SRORC,R600,R227ea,pareto_DC-C_SRVCHP_SRORC_R600_R227ea.csv,0.6484140167877275,14.389602314579768,0.1530081489311367,79.09438658966872,25.259987075793635,,,,,
DC-C,SRVCHP_SRORC,R1233zd(E),R1234ze(E),pareto_DC-C_SRVCHP_SRORC_R1233zd(E)_R1234ze(E).csv,0.650009393697097,16.555652362557048,0.1456557849419356,93.53423917898617,29.227879198608605,,,,,
DC-C,SRVCHP_SRORC,R245fa,R227ea,pareto_DC-C_SRVCHP_SRORC_R245fa_R227ea.csv,0.6550725735587458,12.17673735524186,0.1739337334251565,73.17025013750653,21.336706102688193,,,,,
DC-C,SRVCHP_SRORC,R1233zd(E),R227ea,pareto_DC-C_SRVCHP_SRORC_R1233zd(E)_R227ea.csv,0.655909817750642,18.832524449049053,0.1125061702436432,98.61764811576754,33.29895395214247,,,,,
DC-C,SRVCHP_SRORC,R1233zd(E),R1234ze(E),pareto_DC-C_SRVCHP_SRORC_R1233zd(E)_R1234ze(E).csv,0.6594392771952601,16.548764331575928,0.12612330611356892,96.83917212841803,29.259904632300056,,,,,
DC-C,SRVCHP_SRORC,R245fa,R227ea,pareto_DC-C_SRVCHP_SRORC_R245fa_R227ea.csv,0.662532892116243,17.31456018300634,0.11477403889598425,92.0100167559034,30.538812639310635,,,,,
DC-C,SRVCHP_SRORC,R245fa,R227ea,pareto_DC-C_SRVCHP_SRORC_R245fa_R227ea.csv,0.6637651272132549,17.70910453792613,0.0290653759840167,92.99741983443957,31.244487890518517,,,,,
DC-C,SRVCHP_SRORC,R245fa,R1234ze(E),pareto_DC-C_SRVCHP_SRORC_R245fa_R1234ze(E).csv,0.6683184915875281,16.493838034177287,0.10604662938775049,88.70831194578683,29.056172152666196,,,,,
DC-C,SRVCHP_SRORC,R245fa,R227ea,pareto_DC-C_SRVCHP_SRORC_R245fa_R227ea.csv,0.6684071449267809,16.755054402333553,0.05771087318101544,79.31009105599414,29.39330140905646,,,,,
DC-C,SRVCHP_SRORC,R1233zd(E),R1234ze(E),pareto_DC-C_SRVCHP_SRORC_R1233zd(E)_R1234ze(E).csv,0.6711240309224373,15.586311150944068,0.11496790339489901,95.32885398328831,27.548332628003507,,,,,
DC-C,SRVCHP_SRORC,R600,R227ea,pareto_DC-C_SRVCHP_SRORC_R600_R227ea.csv,0.6726851404168871,15.982793391977642,0.09609550703091907,80.20932825402235,28.05598817224068,,,,,
DC-C,SRVCHP_SRORC,R1233zd(E),R1234ze(E),pareto_DC-C_SRVCHP_SRORC_R1233zd(E)_R1234ze(E).csv,0.6781448682130448,14.347911996464365,0.13879875767873676,90.5358832463135,25.31504862388476,,,,,
DC-C,SRVCHP_SRORC,R600,R1234ze(E),pareto_DC-C_SRVCHP_SRORC_R600_R1234ze(E).csv,0.678974049233466,11.751214041177304,0.18085196961791244,82.26350019252479,20.675271435999303,,,,,
DC-C,SRVCHP_SRORC,R245fa,R1234ze(E),pareto_DC-C_SRVCHP_SRORC_R245fa_R1234ze(E).csv,0.6798477837718405,12.785123084769518,0.1440811053094032,94.15670153002976,22.607680888462955,,,,,
DC-C,SRVCHP_SRORC,R1233zd(E),R1234ze(E),pareto_DC-C_SRVCHP_SRORC_R1233zd(E)_R1234ze(E).csv,0.6810873936004692,13.960558779104494,0.1403664809742618,89.42061835041679,24.622488097364197,,,,,
DC-C,SRVCHP_SRORC,R1233zd(E),R1234ze(E),pareto_DC-C_SRVCHP_SRORC_R1233zd(E)_R1234ze(E).csv,0.6871989826570533,15.676408540202631,0.06718787365354954,87.29340454961853,27.606247788420543,,,,,
DC-C,SRVCHP_SRORC,R600,R1234ze(E),pareto_DC-C_SRVCHP_SRORC_R600_R1234ze(E).csv,0.6884411372811136,13.053461497214837,0.14204212462380142,86.98209580525064,23.00456248385195,,,,,
DC-C,SRVCHP_SRORC,R1233zd(E),R1234ze(E),pareto_DC-C_SRVCHP_SRORC_R1233zd(E)_R1234ze(E).csv,0.6890835762844231,14.59648467578152,0.11179351568469405,90.66947717041079,25.752961025737193,,,,,
DC-C,SRVCHP_SBORC,R1233zd(E),R134a,pareto_DC-C_SRVCHP_SBORC_R1233zd(E)_R134a.csv,0.6899737707675245,12.21513003322161,0.12867084491588235,76.46944385213098,21.433791392378428,,,,,
DC-C,SRVCHP_SBORC,R600,R227ea,pareto_DC-C_SRVCHP_SBORC_R600_R227ea.csv,0.6938699086071306,11.416426601900644,0.13702917511616802,72.78464676449393,20.006094810494933,,,,,
DC-C,SRVCHP_SRORC,R1233zd(E),R1234ze(E),pareto_DC-C_SRVCHP_SRORC_R1233zd(E)_R1234ze(E).csv,0.6953777836630743,14.355193179183797,0.10845811290254231,89.42061835041679,25.31504862388476,,,,,
DC-C,SRVCHP_SRORC,R1233zd(E),R227ea,pareto_DC-C_SRVCHP_SRORC_R1233zd(E)_R227ea.csv,0.6985256640351332,15.079480740763666,0.07412889337902837,78.08146608996252,26.453752055823497,,,,,
DC-C,SRVCHP_SRORC,R245fa,R227ea,pareto_DC-C_SRVCHP_SRORC_R245fa_R227ea.csv,0.6992654649669464,14.775123112460381,0.049325908253101874,78.5517682659407,25.927514941923377,,,,,
DC-C,SRVCHP_SRORC,R1233zd(E),R1234ze(E),pareto_DC-C_SRVCHP_SRORC_R1233zd(E)_R1234ze(E).csv,0.7016049616899349,12.638779093540801,0.1151254961208998,90.86560539476145,22.316310195061643,,,,,
DC-C,SRVCHP_SBORC,R1233zd(E),R1234ze(E),pareto_DC-C_SRVCHP_SBORC_R1233zd(E)_R1234ze(E).csv,0.7067131294608016,12.465773966405404,0.1157317686759092,74.40046412106145,21.8525061007562,,,,,
DC-C,SRVCHP_SRORC,R245fa,R1234ze(E),pareto_DC-C_SRVCHP_SRORC_R245fa_R1234ze(E).csv,0.7110735227295176,13.016733211272642,0.11317178819548439,85.0002762394605,22.91975467956614,,,,,
DC-C,SRVCHP_SBORC,R600,R227ea,pareto_DC-C_SRVCHP_SBORC_R600_R227ea.csv,0.7117815387331935,11.416426601900644,0.12094859873644266,72.78464676449393,20.006094810494933,,,,,
DC-C,SRVCHP_SRORC,R245fa,R227ea,pareto_DC-C_SRVCHP_SRORC_R245fa_R227ea.csv,0.7133345191345313,13.976018395697443,0.09590348036865816,79.22511948925448,24.538624395806043,,,,,
DC-C,SRVCHP_SRORC,R600,R227ea,pareto_DC-C_SRVCHP_SRORC_R600_R227ea.csv,0.7180668766158308,13.325941962855865,0.09821200614276789,83.80517966465871,23.4492538177175,,,,,
DC-C,SRVCHP_SRORC,R1233zd(E),R227ea,pareto_DC-C_SRVCHP_SRORC_R1233zd(E)_R227ea.csv,0.720838511394822,13.941174876549342,0.0637992724475853,75.25042650712591,24.436218660140188,,,,,
DC-C,SRVCHP_SRORC,R600,R227ea,pareto_DC-C_SRVCHP_SRORC_R600_R227ea.csv,0.7246945484806333,13.33549171586961,0.09271991520019135,82.19068238800138,23.4492538177175,,,,,
DC-C,SRVCHP_SRORC,R245fa,R227ea,pareto_DC-C_SRVCHP_SRORC_R245fa_R227ea.csv,0.7325247674948283,12.48405704371798,0.10290409074152324,74.8216901813441,21.888339981130308,,,,,
DC-C,SRVCHP_SRORC,R600,R227ea,pareto_DC-C_SRVCHP_SRORC_R600_R227ea.csv,0.7330373865914385,13.086763224790243,0.08338643838336919,78.88207752494755,22.980566150285576,,,,,
DC-C,SRVCHP_SRORC,R245fa,R227ea,pareto_DC-C_SRVCHP_SRORC_R245fa_R227ea.csv,0.735243011342272,13.319766686030095,0.07305975068427344,78.78083486778372,23.38691024512429,,,,,
DC-C,SRVCHP_SRORC,R245fa,R227ea,pareto_DC-C_SRVCHP_SRORC_R245fa_R227ea.csv,0.7406054806240285,13.07872271634906,0.06441172441443317,77.28780700406398,22.950719697123898,,,,,
DC-C,SRVCHP_SRORC,R600,R227ea,pareto_DC-C_SRVCHP_SRORC_R600_R227ea.csv,0.7470200061011663,12.582527819614956,0.007114678675506136,79.19365910463694,22.10180115710636,,,,,
DC-C,SRVCHP_SRORC,R1233zd(E),R227ea,pareto_DC-C_SRVCHP_SRORC_R1233zd(E)_R227ea.csv,0.756483650355642,12.320294743230347,0.0171461592662377,74.59484239795012,21.60027494769729,,,,,
DC-C,SRVCHP_SRORC,R245fa,R227ea,pareto_DC-C_SRVCHP_SRORC_R245fa_R227ea.csv,0.7668827840828926,11.48356745944799,0.07438193000114562,78.13073506215483,20.169528833815797,,,,,
DC-C,SRVCHP_SBORC,R1233zd(E),R1234ze(E),pareto_DC-C_SRVCHP_SBORC_R1233zd(E)_R1234ze(E).csv,0.7680643981981999,11.461576742235065,0.07962563563888972,72.52900669189137,20.0827545443522,,,,,
DC-C,SRVCHP_SRORC,R245fa,R227ea,pareto_DC-C_SRVCHP_SRORC_R245fa_R227ea.csv,0.7719701840875293,11.40928805231589,0.08055498599187165,78.11505771992535,20.039432065264712,,,,,
DC-C,SRVCHP_SRORC,R245fa,R227ea,pareto_DC-C_SRVCHP_SRORC_R245fa_R227ea.csv,0.7804702968367802,11.50490879331293,0.06613971624796594,73.18935307723467,20.164023254173127,,,,,
DC-C,SRVCHP_SRORC,R1233zd(E),R227ea,pareto_DC-C_SRVCHP_SRORC_R1233zd(E)_R227ea.csv,0.786161103790616,11.47525912240845,0.012515166352968293,71.00760589216435,20.093803376194174,,,,,
DC-D,SRVCHP_SBORC,R1233zd(E),R227ea,pareto_DC-D_SRVCHP_SBORC_R1233zd(E)_R227ea.csv,0.010013368995237049,39.614129830730896,0.004701718127422828,110.51625423787314,69.99998992884065,,,,,
DC-D,SRVCHP_SBORC,R1233zd(E),R227ea,pareto_DC-D_SRVCHP_SBORC_R1233zd(E)_R227ea.csv,0.010026530037890632,39.614163372744954,0.002986966134998956,110.51451608871429,69.99999641583534,,,,,
DC-D,SBVCHP_SBORC,R600,R227ea,pareto_DC-D_SBVCHP_SBORC_R600_R227ea.csv,0.010223999945692891,39.61238388104967,0.004582773257735572,110.60666548230927,69.99965087946588,,,,,
DC-D,SBVCHP_SBORC,R245fa,R227ea,pareto_DC-D_SBVCHP_SBORC_R245fa_R227ea.csv,0.010625901623023971,39.61190251732087,0.008471451854549627,110.64613717752792,69.99999504386784,,,,,
DC-D,SRVCHP_SBORC,R245fa,R227ea,pareto_DC-D_SRVCHP_SBORC_R245fa_R227ea.csv,0.01093307196627932,39.61313511745857,0.0037742829468320792,110.52335598748046,69.9984616178388,,,,,
DC-D,SRVCHP_SBORC,R600,R227ea,pareto_DC-D_SRVCHP_SBORC_R600_R227ea.csv,0.012140774395538298,39.61290735066825,0.002814014528973418,110.56828564883024,69.9994134863811,,,,,
DC-D,SRVCHP_SBORC,R1233zd(E),R227ea,pareto_DC-D_SRVCHP_SBORC_R1233zd(E)_R227ea.csv,0.01657425188523147,39.612269437581155,0.006469992390844898,110.61391643850193,69.99966852855677,,,,,
DC-D,SBVCHP_SBORC,R600,R227ea,pareto_DC-D_SBVCHP_SBORC_R600_R227ea.csv,0.019072301445971714,39.60884197909464,0.008906259155597444,110.81305680677855,69.99965796057101,,,,,
DC-D,SRVCHP_SBORC,R245fa,R227ea,pareto_DC-D_SRVCHP_SBORC_R245fa_R227ea.csv,0.02555396049172824,39.60745897659494,0.014433900389426994,110.7871418416717,69.99645606011546,,,,,
DC-D,SRVCHP_SBORC,R1233zd(E),R227ea,pareto_DC-D_SRVCHP_SBORC_R1233zd(E)_R227ea.csv,0.032129103193234615,39.60542700717249,0.02544375870900254,110.99008498514192,69.99900827219314,,,,,
DC-D,SRVCHP_SBORC,R245fa,R227ea,pareto_DC-D_SRVCHP_SBORC_R245fa_R227ea.csv,0.03343849560101774,39.60478708199826,0.02622067908270453,111.00919621072617,69.99846331398525,,,,,
DC-D,SBVCHP_SBORC,R600,R227ea,pareto_DC-D_SBVCHP_SBORC_R600_R227ea.csv,0.034596526434258326,39.60204530251233,0.02615920464322516,111.20799318414407,69.99965347613913,,,,,
DC-D,SRVCHP_SBORC,R1233zd(E),R227ea,pareto_DC-D_SRVCHP_SBORC_R1233zd(E)_R227ea.csv,0.03704921912756929,39.605055565828195,0.012311371023656025,111.0117288332351,69.99900981598329,,,,,
DC-D,SRVCHP_SBORC,R245fa,R227ea,pareto_DC-D_SRVCHP_SBORC_R245fa_R227ea.csv,0.048083687966511496,39.59998243365004,0.03642363523487877,111.2891545611691,69.9984883662301,,,,,
DC-D,SRVCHP_SBORC,R600,R227ea,pareto_DC-D_SRVCHP_SBORC_R600_R227ea.csv,0.050273681101279305,39.59998632572412,0.025064962509182085,111.27100578061537,69.99794772497526,,,,,
DC-D,SRVCHP_SBORC,R600,R227ea,pareto_DC-D_SRVCHP_SBORC_R600_R227ea.csv,0.05308746932524749,39.60162923670767,0.016373797706581834,111.22398079650713,69.999406896644,,,,,
DC-D,SRVCHP_SBORC,R245fa,R227ea,pareto_DC-D_SRVCHP_SBORC_R245fa_R227ea.csv,0.05967055936819008,39.594119924031126,0.04746981172386868,111.60451986711057,69.99774005627768,,,,,
DC-D,SRVCHP_SBORC,R600,R227ea,pareto_DC-D_SRVCHP_SBORC_R600_R227ea.csv,0.06748045226434216,39.596998423831394,0.02431001847869179,111.4927662829874,69.999406896644,,,,,
DC-D,SRVCHP_SBORC,R245fa,R227ea,pareto_DC-D_SRVCHP_SBORC_R245fa_R227ea.csv,0.0693998819582986,39.594119924031126,0.04062165972358613,111.60451986711057,69.99774005627768,,,,,
DC-D,SRVCHP_SBORC,R1233zd(E),R227ea,pareto_DC-D_SRVCHP_SBORC_R1233zd(E)_R227ea.csv,0.071645774232223,39.5926939433044,0.04904195807320902,111.72870388498443,69.99899480784237,,,,,
DC-D,SRVCHP_SBORC,R600,R227ea,pareto_DC-D_SRVCHP_SBORC_R600_R227ea.csv,0.0777451696583217,39.59352523834764,0.030497457874400394,111.6853547771461,69.99914081207021,,,,,
DC-D,SRVCHP_SBORC,R1233zd(E),R227ea,pareto_DC-D_SRVCHP_SBORC_R1233zd(E)_R227ea.csv,0.08230856692458202,39.59224386082089,0.031207133973816026,111.7547857955548,69.99899480784237,,,,,
DC-D,SRVCHP_SBORC,R1233zd(E),R227ea,pareto_DC-D_SRVCHP_SBORC_R1233zd(E)_R227ea.csv,0.08857063088663578,39.58178276036444,0.07152074234190771,112.36020211029641,69.99899480784237,,,,,
DC-D,SRVCHP_SBORC,R1233zd(E),R227ea,pareto_DC-D_SRVCHP_SBORC_R1233zd(E)_R227ea.csv,0.08906544469764446,39.58644139862755,0.060200275888951243,112.11591593943115,69.99975588213002,,,,,
DC-D,SRVCHP_SBORC,R600,R227ea,pareto_DC-D_SRVCHP_SBORC_R600_R227ea.csv,0.09669520337441988,39.58652916873717,0.03990839585615057,112.08963757822335,69.99911399581082,,,,,
DC-D,SRVCHP_SBORC,R245fa,R227ea,pareto_DC-D_SRVCHP_SBORC_R245fa_R227ea.csv,0.09985415866092608,39.58327689667989,0.05416252285595567,112.22140373046918,69.9974066153764,,,,,
DC-D,SRVCHP_SBORC,R245fa,R227ea,pareto_DC-D_SRVCHP_SBORC_R245fa_R227ea.csv,0.10432192521215515,39.58327689667989,0.03821768599546841,112.22140373046918,69.9974066153764,,,,,
DC-D,SRVCHP_SBORC,R600,R227ea,pareto_DC-D_SRVCHP_SBORC_R600_R227ea.csv,0.11032101224321975,39.57934043822333,0.06113335620146502,112.46825981410356,69.99799183250504,,,,,
DC-D,SRVCHP_SBORC,R245fa,R227ea,pareto_DC-D_SRVCHP_SBORC_R245fa_R227ea.csv,0.12068404442683987,39.56655642425262,0.09630247124312115,113.19848979301007,69.99777036246006,,,,,
DC-D,SRVCHP_SBORC,R245fa,R227ea,pareto_DC-D_SRVCHP_SBORC_R245fa_R227ea.csv,0.12348342637426514,39.572227382432786,0.08213698378870797,112.91187443975417,69.99899427164577,,,,,
DC-D,SRVCHP_SBORC,R1233zd(E),R227ea,pareto_DC-D_SRVCHP_SBORC_R1233zd(E)_R227ea.csv,0.12789268115349564,39.56919160951356,0.08798954572653775,113.08690943760989,69.99899480784237,,,,,
DC-D,SRVCHP_SBORC,R245fa,R227ea,pareto_DC-D_SRVCHP_SBORC_R245fa_R227ea.csv,0.1310097736982678,39.562382227630025,0.09971013673297781,113.43839951106442,69.9977570156415,,,,,
DC-D,SRVCHP_SBORC,R600,R227ea,pareto_DC-D_SRVCHP_SBORC_R600_R227ea.csv,0.1426029994004683,39.565727755051775,0.07994324088841187,113.25210111419032,69.99794925387933,,,,,
DC-D,SRVCHP_SBORC,R1233zd(E),R227ea,pareto_DC-D_SRVCHP_SBORC_R1233zd(E)_R227ea.csv,0.15064436311864204,39.55214629025041,0.11833837970302444,114.08930595110648,69.9996647360024,,,,,
DC-D,SRVCHP_SBORC,R600,R227ea,pareto_DC-D_SRVCHP_SBORC_R600_R227ea.csv,0.1536081904629231,39.55739777036538,0.082509895768687,113.73207102413946,69.9979693900688,,,,,
DC-D,SRVCHP_SBORC,R245fa,R227ea,pareto_DC-D_SRVCHP_SBORC_R245fa_R227ea.csv,0.1640016416476992,39.54846834033054,0.11994707452912078,114.27461552561688,69.99887794298213,,,,,
DC-D,SRVCHP_SBORC,R1233zd(E),R227ea,pareto_DC-D_SRVCHP_SBORC_R1233zd(E)_R227ea.csv,0.16409263794505197,39.54033360339333,0.13136771265943234,114.74482138146418,69.99899904688718,,,,,
DC-D,SRVCHP_SBORC,R1233zd(E),R227ea,pareto_DC-D_SRVCHP_SBORC_R1233zd(E)_R227ea.csv,0.17784333328124807,39.553805888941504,0.07734813181634599,113.99401715882001,69.9996647360024,,,,,
DC-D,SRVCHP_SBORC,R1233zd(E),R227ea,pareto_DC-D_SRVCHP_SBORC_R1233zd(E)_R227ea.csv,0.18101295950538537,39.55214629025041,0.07879442928297573,114.08930595110648,69.9996647360024,,,,,
DC-D,SRVCHP_SBORC,R245fa,R227ea,pareto_DC-D_SRVCHP_SBORC_R245fa_R227ea.csv,0.18824662537777742,39.54490431167586,0.08662199423129581,114.44213434891417,69.99775066656358,,,,,
DC-D,SRVCHP_SBORC,R245fa,R227ea,pareto_DC-D_SRVCHP_SBORC_R245fa_R227ea.csv,0.1946927428005812,39.543973066029864,0.07016049405485232,114.49831432269696,69.997836202029,,,,,
DC-D,SRVCHP_SBORC,R1233zd(E),R227ea,pareto_DC-D_SRVCHP_SBORC_R1233zd(E)_R227ea.csv,0.20199511897071307,39.54238133535019,0.08210930184514133,114.64940538454236,69.99966852855677,,,,,
DC-D,SRVCHP_SBORC,R245fa,R227ea,pareto_DC-D_SRVCHP_SBORC_R245fa_R227ea.csv,0.20298599992916405,39.538701668660075,0.07486400184413511,114.7542931809775,69.996427509576,,,,,
DC-D,SRVCHP_SBORC,R1233zd(E),R227ea,pareto_DC-D_SRVCHP_SBORC_R1233zd(E)_R227ea.csv,0.2078283705466908,39.536716505927785,0.06521153480371505,114.75616858043601,69.9930039792144,,,,,
DC-D,SRVCHP_SBORC,R1233zd(E),R227ea,pareto_DC-D_SRVCHP_SBORC_R1233zd(E)_R227ea.csv,0.22009814654350565,39.50869820405612,0.16710621156538355,116.54981511067756,69.99897732096214,,,,,
DC-D,SRVCHP_SBORC,R600,R227ea,pareto_DC-D_SRVCHP_SBORC_R600_R227ea.csv,0.22867062287873352,39.51375769073133,0.09383893282516055,116.2815329975991,69.99958519441863,,,,,
DC-D,SRVCHP_SBORC,R1233zd(E),R227ea,pareto_DC-D_SRVCHP_SBORC_R1233zd(E)_R227ea.csv,0.23557880529145017,39.488418498042996,0.18860832800538216,117.70145079536975,69.99897732096214,,,,,
DC-D,SRVCHP_SBORC,R1233zd(E),R227ea,pareto_DC-D_SRVCHP_SBORC_R1233zd(E)_R227ea.csv,0.2388193358804056,39.489445904466436,0.18170370203663017,117.64321200596403,69.99897732096214,,,,,
DC-D,SRVCHP_SBORC,R1233zd(E),R227ea,pareto_DC-D_SRVCHP_SBORC_R1233zd(E)_R227ea.csv,0.24744154153011283,39.48408676867188,0.1910561166433697,117.94792412254168,69.99900981598329,,,,,
DC-D,SRVCHP_SBORC,R600,R227ea,pareto_DC-D_SRVCHP_SBORC_R600_R227ea.csv,0.24958159589146048,39.49897980871539,0.0991993045230385,117.12192147476358,69.99958519441863,,,,,
DC-D,SRVCHP_SBORC,R245fa,R227ea,pareto_DC-D_SRVCHP_SBORC_R245fa_R227ea.csv,0.25271936304086184,39.475476920056195,0.1944049916054306,118.43677765820152,69.99905984342863,,,,,
DC-D,SRVCHP_SBORC,R245fa,R227ea,pareto_DC-D_SRVCHP_SBORC_R245fa_R227ea.csv,0.26368197195059456,39.45307627790332,0.21619419234424886,119.56315870975061,69.99476151069908,,,,,
DC-D,SRVCHP_SBORC,R600,R227ea,pareto_DC-D_SRVCHP_SBORC_R600_R227ea.csv,0.2682734413294167,39.48243706558605,0.16531001140566517,118.047983794054,69.99921577994638,,,,,
DC-D,SRVCHP_SBORC,R1233zd(E),R227ea,pareto_DC-D_SRVCHP_SBORC_R1233zd(E)_R227ea.csv,0.2716192912838303,39.49189247786889,0.09810662004504145,117.23096331028896,69.99051752512032,,,,,
DC-D,SRVCHP_SBORC,R245fa,R227ea,pareto_DC-D_SRVCHP_SBORC_R245fa_R227ea.csv,0.281148329436963,39.47762809896537,0.1669608391600196,118.27567685773923,69.99783609224235,,,,,
DC-D,SRVCHP_SBORC,R1233zd(E),R227ea,pareto_DC-D_SRVCHP_SBORC_R1233zd(E)_R227ea.csv,0.2866749737077721,39.488418498042996,0.11294909182181972,117.70145079536975,69.99897732096214,,,,,
DC-D,SRVCHP_SBORC,R600,R227ea,pareto_DC-D_SRVCHP_SBORC_R600_R227ea.csv,0.2917422760961175,39.48351060732715,0.12789156335089083,117.98391403064622,69.99911399581082,,,,,
DC-D,SRVCHP_SBORC,R245fa,R227ea,pareto_DC-D_SRVCHP_SBORC_R245fa_R227ea.csv,0.2940237264056639,39.477579440891816,0.13744081339270164,118.27567685773923,69.99775066656358,,,,,
DC-D,SRVCHP_SBORC,R245fa,R227ea,pareto_DC-D_SRVCHP_SBORC_R245fa_R227ea.csv,0.3034237860324266,39.475938052414755,0.11421661895186086,118.37144158969052,69.99784110166313,,,,,
DC-D,SRVCHP_SBORC,R600,R227ea,pareto_DC-D_SRVCHP_SBORC_R600_R227ea.csv,0.3069572953826709,39.4571041054237,0.14644149162281292,119.48520737034578,69.999406896644,,,,,
DC-D,SRVCHP_SBORC,R1233zd(E),R227ea,pareto_DC-D_SRVCHP_SBORC_R1233zd(E)_R227ea.csv,0.31812913229892503,39.43001737902159,0.22454532016135242,121.02611706775984,69.99995215410442,,,,,
DC-D,SRVCHP_SBORC,R1233zd(E),R227ea,pareto_DC-D_SRVCHP_SBORC_R1233zd(E)_R227ea.csv,0.3265892651895591,39.14428539986483,0.27050015218259116,123.35921862293414,69.5706996977471,,,,,
DC-D,SRVCHP_SBORC,R245fa,R227ea,pareto_DC-D_SRVCHP_SBORC_R245fa_R227ea.csv,0.3286486667097229,39.2292802064777,0.2576612881257419,123.34260141750937,69.71968450851016,,,,,
DC-D,SRVCHP_SBORC,R245fa,R227ea,pareto_DC-D_SRVCHP_SBORC_R245fa_R227ea.csv,0.3360310503220675,37.258649868640084,0.2771248819525787,123.06407342276346,66.2439926916379,,,,,
DC-D,SRVCHP_SBORC,R1233zd(E),R227ea,pareto_DC-D_SRVCHP_SBORC_R1233zd(E)_R227ea.csv,0.34462146574361124,39.43001737902159,0.1781912052434415,121.02611706775984,69.99995215410442,,,,,
DC-D,SRVCHP_SBORC,R600,R227ea,pareto_DC-D_SRVCHP_SBORC_R600_R227ea.csv,0.34938410378109425,38.895631702512325,0.2564613226749886,123.27905602677369,69.13079339513634,,,,,
DC-D,SRVCHP_SRORC,R245fa,R227ea,pareto_DC-D_SRVCHP_SRORC_R245fa_R227ea.csv,0.35441037245683815,39.317123754668735,0.2513186590733582,126.94005039908738,69.9880210184189,,,,,
DC-D,SRVCHP_SBORC,R245fa,R227ea,pareto_DC-D_SRVCHP_SBORC_R245fa_R227ea.csv,0.35853691143807054,39.22294505811138,0.2521689576990692,123.30852326021103,69.70747062904327,,,,,
DC-D,SRVCHP_SRORC,R245fa,R227ea,pareto_DC-D_SRVCHP_SRORC_R245fa_R227ea.csv,0.3635120830438948,34.94476320886792,0.3007284895317296,124.90612131152491,62.22280784207675,,,,,
DC-D,SRVCHP_SBORC,R600,R227ea,pareto_DC-D_SRVCHP_SBORC_R600_R227ea.csv,0.365491441007645,39.40228152738746,0.21377069812374153,122.55293431670222,69.99911399581082,,,,,
DC-D,SRVCHP_SRORC,R1233zd(E),R227ea,pareto_DC-D_SRVCHP_SRORC_R1233zd(E)_R227ea.csv,0.369648851673615,26.25575085834183,0.3071877662293518,118.44759048847496,46.736541710257086,,,,,
DC-D,SRVCHP_SBORC,R600,R227ea,pareto_DC-D_SRVCHP_SBORC_R600_R227ea.csv,0.3704799450752989,37.82072078419008,0.2595029736749472,122.25084454419174,67.20832657486827,,,,,
DC-D,SRVCHP_SRORC,R245fa,R227ea,pareto_DC-D_SRVCHP_SRORC_R245fa_R227ea.csv,0.3757587482186519,33.16989277003131,0.29261211866954895,122.77092991551335,59.03518754245069,,,,,
DC-D,SRVCHP_SRORC,R245fa,R227ea,pareto_DC-D_SRVCHP_SRORC_R245fa_R227ea.csv,0.3774386008241483,23.52122635187567,0.30841771028814974,116.53734744962351,41.869617045457495,,,,,
DC-D,SRVCHP_SRORC,R1233zd(E),R227ea,pareto_DC-D_SRVCHP_SRORC_R1233zd(E)_R227ea.csv,0.37782736192550015,30.511819160628622,0.3031783873025769,121.15108346012393,54.307405594905944,,,,,
DC-D,SRVCHP_SRORC,R1233zd(E),R1234ze(E),pareto_DC-D_SRVCHP_SRORC_R1233zd(E)_R1234ze(E).csv,0.3789811251159282,31.631223591163938,0.28885096744200356,126.7515088981603,56.426586655855736,,,,,
DC-D,SRVCHP_SRORC,R1233zd(E),R1234ze(E),pareto_DC-D_SRVCHP_SRORC_R1233zd(E)_R1234ze(E).csv,0.3796408831068451,31.547669759435802,0.2894120336395799,126.7912633240718,56.28002431672648,,,,,
DC-D,SRVCHP_SBORC,R600,R1234ze(E),pareto_DC-D_SRVCHP_SBORC_R600_R1234ze(E).csv,0.3809280525391672,26.779726426085546,0.2938773194581844,123.13534103275552,47.765354483452654,,,,,
DC-D,SRVCHP_SRORC,R600,R227ea,pareto_DC-D_SRVCHP_SRORC_R600_R227ea.csv,0.38320414651353746,36.918206751259575,0.27984164532387823,124.57537725069353,65.69001121599337,,,,,
DC-D,SRVCHP_SRORC,R1233zd(E),R227ea,pareto_DC-D_SRVCHP_SRORC_R1233zd(E)_R227ea.csv,0.3844857663234082,17.500509656459265,0.3092322107593498,110.39053456294727,31.12788905942404,,,,,
DC-D,SRVCHP_SBORC,R600,R227ea,pareto_DC-D_SRVCHP_SBORC_R600_R227ea.csv,0.3853344007038396,37.031347059219435,0.23386159820090424,122.21829590371658,65.81868940930165,,,,,
DC-D,SRVCHP_SRORC,R1233zd(E),R227ea,pareto_DC-D_SRVCHP_SRORC_R1233zd(E)_R227ea.csv,0.38612569448840467,21.943649145644716,0.3089901866722741,114.78180432912445,39.050300789556964,,,,,
DC-D,SRVCHP_SRORC,R245fa,R227ea,pareto_DC-D_SRVCHP_SRORC_R245fa_R227ea.csv,0.3873717683909868,38.890379856485296,0.03044003943224768,124.70913636788521,69.16624932981574,,,,,
DC-D,SRVCHP_SBORC,R600,R227ea,pareto_DC-D_SRVCHP_SBORC_R600_R227ea.csv,0.3901311135472406,36.625898141375295,0.23698316451392792,122.21829590371658,65.10529543564363,,,,,
DC-D,SRVCHP_SRORC,R1233zd(E),R1234ze(E),pareto_DC-D_SRVCHP_SRORC_R1233zd(E)_R1234ze(E).csv,0.3911437187348183,21.470532087791064,0.3057760675018178,118.90115284122277,38.28845790527013,,,,,
DC-D,SRVCHP_SRORC,R245fa,R1234ze(E),pareto_DC-D_SRVCHP_SRORC_R245fa_R1234ze(E).csv,0.3921501650372014,11.239175785279238,0.3182356673383555,108.12948409314744,20.016211515394556,,,,,
DC-D,SRVCHP_SRORC,R245fa,R1234ze(E),pareto_DC-D_SRVCHP_SRORC_R245fa_R1234ze(E).csv,0.39419349235253964,11.233302016542801,0.3180255494587276,108.18437850806257,20.00631550197025,,,,,
DC-D,SRVCHP_SRORC,R600,R227ea,pareto_DC-D_SRVCHP_SRORC_R600_R227ea.csv,0.39501310370872444,21.857264951260014,0.30455850367157483,115.93263707473886,38.918686968337084,,,,,
DC-D,SRVCHP_SRORC,R1233zd(E),R227ea,pareto_DC-D_SRVCHP_SRORC_R1233zd(E)_R227ea.csv,0.39703112108786254,24.760959898127332,0.2999122339265166,116.86945762183814,44.06500294907996,,,,,
DC-D,SRVCHP_SRORC,R1233zd(E),R227ea,pareto_DC-D_SRVCHP_SRORC_R1233zd(E)_R227ea.csv,0.3979294291193049,24.77772987839008,0.299752971948013,116.98598147842476,44.09699699610913,,,,,
DC-D,SRVCHP_SRORC,R1233zd(E),R1234ze(E),pareto_DC-D_SRVCHP_SRORC_R1233zd(E)_R1234ze(E).csv,0.3988159000004266,24.167018418008563,0.29552446773810503,120.5917114523195,43.09143254001817,,,,,
DC-D,SRVCHP_SRORC,R245fa,R227ea,pareto_DC-D_SRVCHP_SRORC_R245fa_R227ea.csv,0.39916136624139836,38.36195783524825,0.2176620861475627,126.77212608884219,68.30015699393469,,,,,
DC-D,SRVCHP_SRORC,R1233zd(E),R227ea,pareto_DC-D_SRVCHP_SRORC_R1233zd(E)_R227ea.csv,0.4014002040183497,24.1231500631229,0.3028737175024083,117.05318682290829,42.942749685763765,,,,,
DC-D,SRVCHP_SRORC,R1233zd(E),R1234ze(E),pareto_DC-D_SRVCHP_SRORC_R1233zd(E)_R1234ze(E).csv,0.4017619679829747,23.327221425972354,0.2975018389521753,120.5917114523195,41.60586998172785,,,,,
DC-D,SRVCHP_SBORC,R1233zd(E),R227ea,pareto_DC-D_SRVCHP_SBORC_R1233zd(E)_R227ea.csv,0.4044865681267324,37.10985810411493,0.21106376328764404,123.35959259048325,65.99099510671708,,,,,
DC-D,SRVCHP_SBORC,R1233zd(E),R227ea,pareto_DC-D_SRVCHP_SBORC_R1233zd(E)_R227ea.csv,0.40503042234605224,35.785424088893386,0.21181457686763105,121.2797062880284,63.598985094649095,,,,,
DC-D,SRVCHP_SRORC,R245fa,R227ea,pareto_DC-D_SRVCHP_SRORC_R245fa_R227ea.csv,0.40546394883668296,27.02446250042187,0.2798228714369657,117.18802519401893,48.06479134974007,,,,,
DC-D,SRVCHP_SRORC,R1233zd(E),R1234ze(E),pareto_DC-D_SRVCHP_SRORC_R1233zd(E)_R1234ze(E).csv,0.4065262122549341,28.53954613554083,0.27646176788609456,124.57618647340095,50.909394989024186,,,,,
DC-D,SRVCHP_SRORC,R1233zd(E),R1234ze(E),pareto_DC-D_SRVCHP_SRORC_R1233zd(E)_R1234ze(E).csv,0.40783404322999434,20.424705861795502,0.30183598045549925,118.93089128553072,36.43728363194083,,,,,
DC-D,SRVCHP_SRORC,R1233zd(E),R1234ze(E),pareto_DC-D_SRVCHP_SRORC_R1233zd(E)_R1234ze(E).csv,0.41076294469036884,11.308423835458392,0.31796253302996735,107.66699687341652,20.1345963006205,,,,,
DC-D,SRVCHP_SRORC,R1233zd(E),R1234ze(E),pareto_DC-D_SRVCHP_SRORC_R1233zd(E)_R1234ze(E).csv,0.41110219478492055,11.310900720298987,0.3176710801526376,107.20594083686626,20.1345963006205,,,,,
DC-D,SRVCHP_SRORC,R245fa,R227ea,pareto_DC-D_SRVCHP_SRORC_R245fa_R227ea.csv,0.41300624338382447,37.46130323468526,0.1346883585863856,124.92814981307883,66.65706989734623,,,,,
DC-D,SRVCHP_SRORC,R245fa,R227ea,pareto_DC-D_SRVCHP_SRORC_R245fa_R227ea.csv,0.4141764128131762,21.9510458286306,0.2996455578865178,115.98557773715918,39.08537972923328,,,,,
DC-D,SRVCHP_SRORC,R245fa,R227ea,pareto_DC-D_SRVCHP_SRORC_R245fa_R227ea.csv,0.4160682334409247,21.977658027960736,0.2983371207222436,115.98557773715918,39.13240662389651,,,,,
DC-D,SRVCHP_SRORC,R600,R227ea,pareto_DC-D_SRVCHP_SRORC_R600_R227ea.csv,0.41761027232371384,37.3494045452868,0.1621154644376168,126.01138227015637,66.49285363784942,,,,,
DC-D,SRVCHP_SRORC,R245fa,R227ea,pareto_DC-D_SRVCHP_SRORC_R245fa_R227ea.csv,0.4183599821969725,23.511006109391555,0.2906412736548296,116.52459917235744,41.85131916842737,,,,,
DC-D,SRVCHP_SRORC,R600,R227ea,pareto_DC-D_SRVCHP_SRORC_R600_R227ea.csv,0.41874374107992446,34.36167371024178,0.22298009974183286,123.7055465909946,61.16118316418478,,,,,
DC-D,SRVCHP_SBORC,R600,R1234ze(E),pareto_DC-D_SRVCHP_SBORC_R600_R1234ze(E).csv,0.4207086207241712,31.764029902844975,0.21529342908617738,127.03537210121036,56.668643205847,,,,,
DC-D,SRVCHP_SRORC,R600,R1234ze(E),pareto_DC-D_SRVCHP_SRORC_R600_R1234ze(E).csv,0.4227888749012261,31.85848405273742,0.208631603506677,127.10686915869204,56.83738788164497,,,,,
DC-D,SRVCHP_SRORC,R1233zd(E),R1234ze(E),pareto_DC-D_SRVCHP_SRORC_R1233zd(E)_R1234ze(E).csv,0.42313105430097664,13.171441988710951,0.30755881051031747,111.52516564321378,23.477844161118348,,,,,
DC-D,SRVCHP_SRORC,R1233zd(E),R1234ze(E),pareto_DC-D_SRVCHP_SRORC_R1233zd(E)_R1234ze(E).csv,0.4252235229262655,18.300680879598946,0.27642804532325377,110.91868439098137,32.549896583563324,,,,,
DC-D,SRVCHP_SBORC,R1233zd(E),R1234ze(E),pareto_DC-D_SRVCHP_SBORC_R1233zd(E)_R1234ze(E).csv,0.4258471842659923,11.228280410146597,0.30165271587577075,111.91846644719077,20.032785381596575,,,,,
DC-D,SRVCHP_SRORC,R245fa,R227ea,pareto_DC-D_SRVCHP_SRORC_R245fa_R227ea.csv,0.4273683542969185,37.065866898725666,0.06468303101654836,124.92814981307883,65.96065491510397,,,,,
DC-D,SRVCHP_SRORC,R245fa,R227ea,pareto_DC-D_SRVCHP_SRORC_R245fa_R227ea.csv,0.42881297641865923,33.146152458700605,0.14959799453060324,122.79812662684498,58.99408749675399,,,,,
DC-D,SRVCHP_SRORC,R1233zd(E),R227ea,pareto_DC-D_SRVCHP_SRORC_R1233zd(E)_R227ea.csv,0.4289918172340897,27.880200939690194,0.24602719046631827,118.55854500593608,49.604745041285405,,,,,
DC-D,SRVCHP_SRORC,R245fa,R227ea,pareto_DC-D_SRVCHP_SRORC_R245fa_R227ea.csv,0.4299202164127441,33.16947371480072,0.14749375265617679,122.79812662684498,59.03518754245069,,,,,
DC-D,SRVCHP_SBORC,R1233zd(E),R1234ze(E),pareto_DC-D_SRVCHP_SBORC_R1233zd(E)_R1234ze(E).csv,0.42997510669119143,31.26176368916646,0.20201251788557115,127.30410661065753,55.78819425020842,,,,,
DC-D,SRVCHP_SRORC,R1233zd(E),R1234ze(E),pareto_DC-D_SRVCHP_SRORC_R1233zd(E)_R1234ze(E).csv,0.4310918814605925,29.60399001950565,0.21484176656357099,125.65769433283941,52.81684335279211,,,,,
DC-D,SRVCHP_SRORC,R245fa,R227ea,pareto_DC-D_SRVCHP_SRORC_R245fa_R227ea.csv,0.4313157026782271,32.52981901339402,0.1651731387956546,122.20313963876566,57.891882875661395,,,,,
DC-D,SRVCHP_SBORC,R245fa,R227ea,pareto_DC-D_SRVCHP_SBORC_R245fa_R227ea.csv,0.4316513051811981,30.769029082914575,0.1701366317839862,119.54930486870697,54.72043066578618,,,,,
DC-D,SRVCHP_SRORC,R245fa,R227ea,pareto_DC-D_SRVCHP_SRORC_R245fa_R227ea.csv,0.43208842947498277,26.34686600978655,0.2635995633876185,118.3651794992394,46.895540976722955,,,,,
DC-D,SRVCHP_SRORC,R245fa,R1234ze(E),pareto_DC-D_SRVCHP_SRORC_R245fa_R1234ze(E).csv,0.43285784722829423,30.01503929530807,0.20299803857869173,126.71145978520987,53.56950146021876,,,,,
DC-D,SRVCHP_SRORC,R600,R1234ze(E),pareto_DC-D_SRVCHP_SRORC_R600_R1234ze(E).csv,0.43410122644354854,28.93475253500848,0.16365972042841195,125.04939262062815,51.61921914242034,,,,,
DC-D,SRVCHP_SRORC,R1233zd(E),R1234ze(E),pareto_DC-D_SRVCHP_SRORC_R1233zd(E)_R1234ze(E).csv,0.43499231158060575,14.915686822537637,0.28417835429075416,107.0982623496391,26.51419379654982,,,,,
DC-D,SRVCHP_SRORC,R600,R227ea,pareto_DC-D_SRVCHP_SRORC_R600_R227ea.csv,0.43549745412100044,11.483430787903767,0.29328336120313087,103.07390838343667,20.400533967234928,,,,,
DC-D,SRVCHP_SRORC,R1233zd(E),R227ea,pareto_DC-D_SRVCHP_SRORC_R1233zd(E)_R227ea.csv,0.4361027788258837,19.15710178169347,0.2703332358249447,111.36519522289093,34.069936691498064,,,,,
DC-D,SRVCHP_SRORC,R600,R227ea,pareto_DC-D_SRVCHP_SRORC_R600_R227ea.csv,0.43703445207837915,12.49265706505792,0.2896556767978724,103.36258837365557,22.187999015741152,,,,,
DC-D,SRVCHP_SRORC,R1233zd(E),R227ea,pareto_DC-D_SRVCHP_SRORC_R1233zd(E)_R227ea.csv,0.4394755637987484,27.5939496871305,0.22529432978627648,118.63527982070396,49.10167254546229,,,,,
DC-D,SRVCHP_SBORC,R245fa,R1234ze(E),pareto_DC-D_SRVCHP_SBORC_R245fa_R1234ze(E).csv,0.440250353583541,18.305813958618472,0.2484280938926669,116.66752865969458,32.64709655343086,,,,,
DC-D,SRVCHP_SRORC,R600,R227ea,pareto_DC-D_SRVCHP_SRORC_R600_R227ea.csv,0.4421265383777039,32.72237689655669,0.05760149271193225,123.21326599608705,58.258321510080094,,,,,
DC-D,SRVCHP_SRORC,R1233zd(E),R227ea,pareto_DC-D_SRVCHP_SRORC_R1233zd(E)_R227ea.csv,0.4446634861047897,22.758034028364932,0.22708482965184293,114.81177377980768,40.48888136679476,,,,,
DC-D,SRVCHP_SRORC,R1233zd(E),R1234ze(E),pareto_DC-D_SRVCHP_SRORC_R1233zd(E)_R1234ze(E).csv,0.44518985112329024,17.567228814671076,0.2489101487368734,109.8186242964869,31.237424378478018,,,,,
DC-D,SRVCHP_SRORC,R600,R1234ze(E),pareto_DC-D_SRVCHP_SRORC_R600_R1234ze(E).csv,0.4478110062909175,19.987209303888285,0.22676783020024038,116.40629767568626,35.620014192693134,,,,,
DC-D,SRVCHP_SRORC,R600,R227ea,pareto_DC-D_SRVCHP_SRORC_R600_R227ea.csv,0.44825165282871016,32.56498777655012,0.13172797753636445,123.03887929022393,57.97617859443787,,,,,
DC-D,SRVCHP_SRORC,R1233zd(E),R227ea,pareto_DC-D_SRVCHP_SRORC_R1233zd(E)_R227ea.csv,0.4492689602001533,25.351756489457,0.21915868920121595,117.2334816159435,45.115241546814026,,,,,
DC-D,SRVCHP_SRORC,R1233zd(E),R227ea,pareto_DC-D_SRVCHP_SRORC_R1233zd(E)_R227ea.csv,0.45147332884228925,25.351756489457,0.2149815403314855,117.2334816159435,45.115241546814026,,,,,
DC-D,SRVCHP_SRORC,R600,R227ea,pareto_DC-D_SRVCHP_SRORC_R600_R227ea.csv,0.45204015610090065,15.012075343167645,0.25656661405439435,105.91161726268358,26.66971258329405,,,,,
DC-D,SRVCHP_SRORC,R245fa,R1234ze(E),pareto_DC-D_SRVCHP_SRORC_R245fa_R1234ze(E).csv,0.45339213941895784,20.46665643683594,0.20835129519382348,118.01818189879852,36.49592687903503,,,,,
DC-D,SRVCHP_SRORC,R245fa,R1234ze(E),pareto_DC-D_SRVCHP_SRORC_R245fa_R1234ze(E).csv,0.4546377227528305,19.90379854038717,0.20930100968794021,118.01818189879852,35.49929459419053,,,,,
DC-D,SRVCHP_SRORC,R245fa,R227ea,pareto_DC-D_SRVCHP_SRORC_R245fa_R227ea.csv,0.45580584663057655,16.656607877673146,0.24719823329123186,108.1067394234706,29.604100495869478,,,,,
DC-D,SRVCHP_SRORC,R245fa,R227ea,pareto_DC-D_SRVCHP_SRORC_R245fa_R227ea.csv,0.457315969376887,22.827703684053215,0.1746471751570777,115.993979939022,40.63431191137056,,,,,
DC-D,SRVCHP_SRORC,R600,R227ea,pareto_DC-D_SRVCHP_SRORC_R600_R227ea.csv,0.4578318209842638,26.71989021046819,0.16399087284970543,118.16809510965146,47.549384173416406,,,,,
DC-D,SRVCHP_SRORC,R245fa,R227ea,pareto_DC-D_SRVCHP_SRORC_R245fa_R227ea.csv,0.45881165259044426,18.59062140721063,0.2080681371671985,108.03810180955058,33.017624023943746,,,,,
DC-D,SRVCHP_SRORC,R245fa,R227ea,pareto_DC-D_SRVCHP_SRORC_R245fa_R227ea.csv,0.459256555689706,26.347362055489516,0.037777321278629025,118.32506123964524,46.895540976722955,,,,,
DC-D,SRVCHP_SRORC,R245fa,R1234ze(E),pareto_DC-D_SRVCHP_SRORC_R245fa_R1234ze(E).csv,0.4593610367876178,20.329664860880737,0.18945679948821326,117.35702336716713,36.24213209551933,,,,,
DC-D,SRVCHP_SRORC,R600,R227ea,pareto_DC-D_SRVCHP_SRORC_R600_R227ea.csv,0.46050788993005015,26.19737053938665,0.1509673728427707,118.07721570196854,46.625472293454806,,,,,
DC-D,SRVCHP_SRORC,R245fa,R227ea,pareto_DC-D_SRVCHP_SRORC_R245fa_R227ea.csv,0.4608740794233229,23.983201570098053,0.13984877862419273,115.97883055279443,42.6742207280662,,,,,
DC-D,SRVCHP_SRORC,R600,R227ea,pareto_DC-D_SRVCHP_SRORC_R600_R227ea.csv,0.4622494675636894,14.770514993511048,0.24358898633068585,108.27839112845642,26.272129676444155,,,,,
DC-D,SRVCHP_SRORC,R1233zd(E),R227ea,pareto_DC-D_SRVCHP_SRORC_R1233zd(E)_R227ea.csv,0.4635372096877807,18.069102333066173,0.22562056431423175,110.42686902939556,32.13324343185361,,,,,
DC-D,SRVCHP_SRORC,R1233zd(E),R227ea,pareto_DC-D_SRVCHP_SRORC_R1233zd(E)_R227ea.csv,0.4643602270973509,18.069652618460296,0.21965584621204445,110.36237871807644,32.13324343185361,,,,,
DC-D,SRVCHP_SRORC,R600,R227ea,pareto_DC-D_SRVCHP_SRORC_R600_R227ea.csv,0.46545751961543175,23.450922543017192,0.12581290824426614,116.17434551799882,41.73838245225488,,,,,
DC-D,SRVCHP_SRORC,R600,R1234ze(E),pareto_DC-D_SRVCHP_SRORC_R600_R1234ze(E).csv,0.46692856413694145,16.774662053428536,0.19080986282639328,111.58165545475285,29.861380612466473,,,,,
DC-D,SRVCHP_SRORC,R600,R227ea,pareto_DC-D_SRVCHP_SRORC_R600_R227ea.csv,0.4686958347043667,22.593640024819308,0.10866009467250852,115.8503603975281,40.21817078698892,,,,,
DC-D,SRVCHP_SRORC,R245fa,R227ea,pareto_DC-D_SRVCHP_SRORC_R245fa_R227ea.csv,0.46953619110366196,13.322960666462885,0.24112877320604745,108.8416260999018,23.716477962611233,,,,,
DC-D,SRVCHP_SRORC,R245fa,R227ea,pareto_DC-D_SRVCHP_SRORC_R245fa_R227ea.csv,0.47051925934595223,11.662995788741826,0.25160360559830636,108.20982269834505,20.76841972733216,,,,,
DC-D,SRVCHP_SRORC,R1233zd(E),R227ea,pareto_DC-D_SRVCHP_SRORC_R1233zd(E)_R227ea.csv,0.47205154784896053,13.475304021312411,0.23578077509895384,110.00183474382911,23.999438204208037,,,,,
DC-D,SRVCHP_SRORC,R600,R1234ze(E),pareto_DC-D_SRVCHP_SRORC_R600_R1234ze(E).csv,0.47298203759422397,12.975130103136218,0.22013037054086745,102.13011849106742,23.027416288580433,,,,,
DC-D,SRVCHP_SRORC,R245fa,R1234ze(E),pareto_DC-D_SRVCHP_SRORC_R245fa_R1234ze(E).csv,0.47362565143448004,15.708502883084487,0.19665109479201573,108.52313974521759,27.934100435516637,,,,,
DC-D,SRVCHP_SRORC,R1233zd(E),R227ea,pareto_DC-D_SRVCHP_SRORC_R1233zd(E)_R227ea.csv,0.47408522324939095,12.822546747057142,0.22626964184147935,103.84610545966649,22.776272554656433,,,,,
DC-D,SRVCHP_SRORC,R1233zd(E),R1234ze(E),pareto_DC-D_SRVCHP_SRORC_R1233zd(E)_R1234ze(E).csv,0.4743985685004151,15.381953522198636,0.2130010961603752,110.83552066165271,27.386490168362272,,,,,
DC-D,SRVCHP_SRORC,R1233zd(E),R1234ze(E),pareto_DC-D_SRVCHP_SRORC_R1233zd(E)_R1234ze(E).csv,0.47635866865342347,12.420278902877337,0.229466744475795,110.22393156056427,22.1316009205066,,,,,
DC-D,SRVCHP_SRORC,R1233zd(E),R1234ze(E),pareto_DC-D_SRVCHP_SRORC_R1233zd(E)_R1234ze(E).csv,0.47776473258929897,14.125126128596206,0.21508348245360773,107.1799038165274,25.117196764416548,,,,,
DC-D,SRVCHP_SRORC,R600,R227ea,pareto_DC-D_SRVCHP_SRORC_R600_R227ea.csv,0.47819240501996135,17.47773536975772,0.052722681593203216,108.2879855792974,31.05698360768358,,,,,
DC-D,SRVCHP_SRORC,R600,R227ea,pareto_DC-D_SRVCHP_SRORC_R600_R227ea.csv,0.4785164807123371,17.44762909044514,0.10165512841840252,109.44225032501004,31.02060699756427,,,,,
DC-D,SRVCHP_SRORC,R245fa,R1234ze(E),pareto_DC-D_SRVCHP_SRORC_R245fa_R1234ze(E).csv,0.47878860810345003,15.346700306328664,0.17957329214862566,106.22567700928603,27.264872765091205,,,,,
DC-D,SRVCHP_SRORC,R600,R227ea,pareto_DC-D_SRVCHP_SRORC_R600_R227ea.csv,0.48201993802300236,16.613203241867552,0.16355871366160918,109.85391487717298,29.55166435663335,,,,,
DC-D,SRVCHP_SRORC,R600,R227ea,pareto_DC-D_SRVCHP_SRORC_R600_R227ea.csv,0.48303352967296637,16.272542845883027,0.10718837548541783,109.82310494160689,28.948860655505428,,,,,
DC-D,SRVCHP_SRORC,R600,R227ea,pareto_DC-D_SRVCHP_SRORC_R600_R227ea.csv,0.4842227102813571,15.781834953036233,0.16485851204766408,109.85391487717298,28.08133175664602,,,,,
DC-D,SRVCHP_SRORC,R245fa,R1234ze(E),pareto_DC-D_SRVCHP_SRORC_R245fa_R1234ze(E).csv,0.4849150956991225,14.690348189656904,0.16558001106493264,105.94907856069764,26.101691412582934,,,,,
DC-D,SRVCHP_SRORC,R600,R227ea,pareto_DC-D_SRVCHP_SRORC_R600_R227ea.csv,0.4854032780440691,15.77950615186035,0.011280734792052025,108.32779828819011,28.057058543646274,,,,,
DC-D,SRVCHP_SRORC,R245fa,R227ea,pareto_DC-D_SRVCHP_SRORC_R245fa_R227ea.csv,0.48610511068630397,12.733744766106932,0.20886736019543622,101.47189987344684,22.594076320396315,,,,,
DC-D,SRVCHP_SRORC,R600,R227ea,pareto_DC-D_SRVCHP_SRORC_R600_R227ea.csv,0.4883924617765698,14.413724168888978,0.02600732290972276,108.34679211827388,25.64172523114449,,,,,
DC-D,SRVCHP_SRORC,R1233zd(E),R227ea,pareto_DC-D_SRVCHP_SRORC_R1233zd(E)_R227ea.csv,0.4899271228116261,12.633780923484373,0.19108051782426788,101.16145054128023,22.414278133758433,,,,,
DC-D,SRVCHP_SRORC,R600,R227ea,pareto_DC-D_SRVCHP_SRORC_R600_R227ea.csv,0.49497247578800313,13.46208511300233,0.1544647487569679,105.35535137135874,23.92353143881996,,,,,
DC-D,SRVCHP_SRORC,R600,R227ea,pareto_DC-D_SRVCHP_SRORC_R600_R227ea.csv,0.49800322179389706,12.818151859912579,0.15316909827398725,102.24550842686924,22.75138431390486,,,,,
DC-D,SRVCHP_SRORC,R245fa,R1234ze(E),pareto_DC-D_SRVCHP_SRORC_R245fa_R1234ze(E).csv,0.49984334036390476,11.63485468950714,0.1416696111663742,105.97588059803829,20.696666512498243,,,,,
DC-D,SRVCHP_SRORC,R245fa,R1234ze(E),pareto_DC-D_SRVCHP_SRORC_R245fa_R1234ze(E).csv,0.5022001204688589,11.652054643917408,0.13606329512282597,102.85783490667238,20.696666512498243,,,,,
DC-D,SRVCHP_SRORC,R600,R227ea,pareto_DC-D_SRVCHP_SRORC_R600_R227ea.csv,0.5030136681462927,11.445777963243893,0.1163391548598457,103.89588174111687,20.341814452876577,,,,,
DC-D,SRVCHP_SRORC,R245fa,R227ea,pareto_DC-D_SRVCHP_SRORC_R245fa_R227ea.csv,0.5052746810831393,11.689639430453045,0.09869170927553395,97.15105980131709,20.707648685700814,,,,,
DC-D,SRVCHP_SRORC,R245fa,R227ea,pareto_DC-D_SRVCHP_SRORC_R245fa_R227ea.csv,0.5081852537501057,11.345556069508508,0.09902567178077151,97.04298524278023,20.09969021855341,,,,,
DC-E,SRVCHP_SBORC,R1233zd(E),R227ea,pareto_DC-E_SRVCHP_SBORC_R1233zd(E)_R227ea.csv,0.010509766836846013,45.507228760272305,0.0033068408344822803,100.61566958023845,79.99825772111353,,,,,
DC-E,SBVCHP_SBORC,R1233zd(E),R227ea,pareto_DC-E_SBVCHP_SBORC_R1233zd(E)_R227ea.csv,0.011619506401588717,45.506426004521714,0.005142900215671476,100.66121284636986,79.99827138526867,,,,,
DC-E,SRVCHP_SBORC,R1233zd(E),R227ea,pareto_DC-E_SRVCHP_SBORC_R1233zd(E)_R227ea.csv,0.013095172940733467,45.507228760272305,0.0010792794289871952,100.61566958023845,79.99825772111353,,,,,
DC-E,SBVCHP_SBORC,R1233zd(E),R227ea,pareto_DC-E_SBVCHP_SBORC_R1233zd(E)_R227ea.csv,0.014482081423473687,45.50643710332264,0.001960484230850926,100.66121284636986,79.99829076294105,,,,,
DC-E,SRVCHP_SBORC,R1233zd(E),R227ea,pareto_DC-E_SRVCHP_SBORC_R1233zd(E)_R227ea.csv,0.04424439401171841,45.499653058920636,0.007196789131479085,101.02582522610138,79.99779030379347,,,,,
DC-E,SBVCHP_SBORC,R1233zd(E),R227ea,pareto_DC-E_SBVCHP_SBORC_R1233zd(E)_R227ea.csv,0.054343303772532214,45.492161354252914,0.026814090475649578,101.48338349694973,79.99898162951709,,,,,
DC-E,SRVCHP_SBORC,R1233zd(E),R227ea,pareto_DC-E_SRVCHP_SBORC_R1233zd(E)_R227ea.csv,0.06509829610021467,45.49491297049358,0.013421306725549342,101.29131868971854,79.99779030379347,,,,,
DC-E,SRVCHP_SBORC,R1233zd(E),R227ea,pareto_DC-E_SRVCHP_SBORC_R1233zd(E)_R227ea.csv,0.07237155493315728,45.49021792227534,0.03049925801124215,101.57744936468941,79.99852721888514,,,,,
DC-E,SBVCHP_SBORC,R1233zd(E),R227ea,pareto_DC-E_SBVCHP_SBORC_R1233zd(E)_R227ea.csv,0.09756657015095017,45.47622604422708,0.04636499706568217,102.34918453933803,79.99827138526867,,,,,
DC-E,SRVCHP_SBORC,R1233zd(E),R227ea,pareto_DC-E_SRVCHP_SBORC_R1233zd(E)_R227ea.csv,0.10952601201932671,45.48655439941362,0.010576857035123347,101.77356914703715,79.9982633510577,,,,,
DC-E,SRVCHP_SBORC,R1233zd(E),R227ea,pareto_DC-E_SRVCHP_SBORC_R1233zd(E)_R227ea.csv,0.12073655432195014,45.475197791232375,0.049567805621552795,102.36085171947329,79.99684186159351,,,,,
DC-E,SRVCHP_SBORC,R1233zd(E),R227ea,pareto_DC-E_SRVCHP_SBORC_R1233zd(E)_R227ea.csv,0.15172395558885338,45.4657286463013,0.061557868210772256,102.93994419889363,79.99852387700496,,,,,
DC-E,SBVCHP_SBORC,R1233zd(E),R227ea,pareto_DC-E_SBVCHP_SBORC_R1233zd(E)_R227ea.csv,0.1566692655276494,45.46110191910956,0.03052674739322754,103.02061517142842,79.99298511500842,,,,,
DC-E,SRVCHP_SBORC,R1233zd(E),R1234ze(E),pareto_DC-E_SRVCHP_SBORC_R1233zd(E)_R1234ze(E).csv,0.16092228259756605,45.43955361262041,0.019659075216862013,104.17933608526404,79.99201217386685,,,,,
DC-E,SBVCHP_SBORC,R1233zd(E),R227ea,pareto_DC-E_SBVCHP_SBORC_R1233zd(E)_R227ea.csv,0.1962001159685559,45.43306820129016,0.08301791944779137,104.76286996743119,79.99924826975857,,,,,
DC-E,SBVCHP_SBORC,R1233zd(E),R227ea,pareto_DC-E_SBVCHP_SBORC_R1233zd(E)_R227ea.csv,0.20157062226678038,45.43147779277629,0.08548521514865479,104.85003259553436,79.99924826975857,,,,,
DC-E,SRVCHP_SBORC,R1233zd(E),R227ea,pareto_DC-E_SRVCHP_SBORC_R1233zd(E)_R227ea.csv,0.2025901391681534,45.46456187206078,0.019108960990600457,102.9776421552188,79.99767417677991,,,,,
DC-E,SRVCHP_SBORC,R1233zd(E),R227ea,pareto_DC-E_SRVCHP_SBORC_R1233zd(E)_R227ea.csv,0.2546884224225081,45.43469382967373,0.07265838023280369,104.63452662979458,79.99799925647037,,,,,
DC-E,SBVCHP_SBORC,R1233zd(E),R227ea,pareto_DC-E_SBVCHP_SBORC_R1233zd(E)_R227ea.csv,0.25876724834594006,45.363075795670746,0.1306148193347808,107.68647316174372,79.97090380920649,,,,,
DC-E,SBVCHP_SBORC,R1233zd(E),R227ea,pareto_DC-E_SBVCHP_SBORC_R1233zd(E)_R227ea.csv,0.2743426754219976,45.37860838136175,0.12095669846641882,107.68486319019854,79.99801707011964,,,,,
DC-E,SBVCHP_SBORC,R1233zd(E),R227ea,pareto_DC-E_SBVCHP_SBORC_R1233zd(E)_R227ea.csv,0.2942253347724055,45.37675210471852,0.10482942716057522,107.78490052604016,79.99801707011964,,,,,
DC-E,SRVCHP_SBORC,R1233zd(E),R227ea,pareto_DC-E_SRVCHP_SBORC_R1233zd(E)_R227ea.csv,0.3148951177377436,45.42490285450644,0.04288508003391868,105.17094682178508,79.99800312531109,,,,,
DC-E,SRVCHP_SBORC,R1233zd(E),R227ea,pareto_DC-E_SRVCHP_SBORC_R1233zd(E)_R227ea.csv,0.3312891406457695,45.410760146916,0.016506705963982786,105.94254184618808,79.99799925647037,,,,,
DC-E,SRVCHP_SBORC,R1233zd(E),R227ea,pareto_DC-E_SRVCHP_SBORC_R1233zd(E)_R227ea.csv,0.3681799914020718,45.322460766627046,0.16458349296051114,109.85373908470045,79.97059436982948,,,,,
DC-E,SRVCHP_SBORC,R1233zd(E),R227ea,pareto_DC-E_SRVCHP_SBORC_R1233zd(E)_R227ea.csv,0.3954961126948908,45.31263869357478,0.18117469213953252,111.2549870420673,79.99961291467008,,,,,
DC-E,SRVCHP_SBORC,R1233zd(E),R227ea,pareto_DC-E_SRVCHP_SBORC_R1233zd(E)_R227ea.csv,0.3990148389559807,45.36001131627215,0.10785159058677095,108.69134825094633,79.99823823149137,,,,,
DC-E,SRVCHP_SBORC,R1233zd(E),R227ea,pareto_DC-E_SRVCHP_SBORC_R1233zd(E)_R227ea.csv,0.43093942326147466,45.316708806567576,0.1456599785054663,110.94737845164481,79.99656163595563,,,,,
DC-E,SRVCHP_SBORC,R1233zd(E),R227ea,pareto_DC-E_SRVCHP_SBORC_R1233zd(E)_R227ea.csv,0.434903463021425,45.35514357992549,0.07026965424063326,108.95269390273104,79.99825772111353,,,,,
DC-E,SRVCHP_SRORC,R1233zd(E),R227ea,pareto_DC-E_SRVCHP_SRORC_R1233zd(E)_R227ea.csv,0.45216894123274104,45.18556849174506,0.17314613327004102,117.2783069120208,79.97956016634299,,,,,
DC-E,SRVCHP_SRORC,R1233zd(E),R227ea,pareto_DC-E_SRVCHP_SRORC_R1233zd(E)_R227ea.csv,0.4609735594213545,45.1967545606342,0.16758413585109092,117.27652176978646,79.99911463504638,,,,,
DC-E,SRVCHP_SRORC,R1233zd(E),R227ea,pareto_DC-E_SRVCHP_SRORC_R1233zd(E)_R227ea.csv,0.4789756610441346,45.19486279940626,0.15329142258775724,117.37367209731354,79.99911463504638,,,,,
DC-E,SRVCHP_SBORC,R1233zd(E),R227ea,pareto_DC-E_SRVCHP_SBORC_R1233zd(E)_R227ea.csv,0.48140694610144547,45.1720933737213,0.2283595920271792,117.32400159761012,79.9574903293977,,,,,
DC-E,SRVCHP_SBORC,R1233zd(E),R227ea,pareto_DC-E_SRVCHP_SBORC_R1233zd(E)_R227ea.csv,0.5021265986452901,45.11686543203017,0.24429750653318816,119.6432574942242,79.9401878275086,,,,,
DC-E,SRVCHP_SRORC,R1233zd(E),R227ea,pareto_DC-E_SRVCHP_SRORC_R1233zd(E)_R227ea.csv,0.50620810134971,45.196986249534646,0.11135233343134636,117.26462068419376,79.99911463504638,,,,,
DC-E,SRVCHP_SBORC,R1233zd(E),R227ea,pareto_DC-E_SRVCHP_SBORC_R1233zd(E)_R227ea.csv,0.5230974329046962,45.07943022044073,0.2570457518628256,121.5492531574136,79.94047085831426,,,,,
DC-E,SRVCHP_SRORC,R1233zd(E),R227ea,pareto_DC-E_SRVCHP_SRORC_R1233zd(E)_R227ea.csv,0.5323626593228437,45.16473822018545,0.0827286852493388,117.48848452462727,79.95020859125174,,,,,
DC-E,SRVCHP_SRORC,R1233zd(E),R1234ze(E),pareto_DC-E_SRVCHP_SRORC_R1233zd(E)_R1234ze(E).csv,0.5379314622362201,44.995605894670106,0.1973523206277667,126.88112890488355,79.9803991608535,,,,,
DC-E,SRVCHP_SRORC,R1233zd(E),R227ea,pareto_DC-E_SRVCHP_SRORC_R1233zd(E)_R227ea.csv,0.5461548067298161,43.080788892636015,0.2594013572802804,122.98631823396882,76.47912395081804,,,,,
DC-E,SRVCHP_SRORC,R1233zd(E),R227ea,pareto_DC-E_SRVCHP_SRORC_R1233zd(E)_R227ea.csv,0.5528254490464241,44.879912966335176,0.22308152461682934,123.42127295632852,79.65526263125923,,,,,
DC-E,SRVCHP_SRORC,R1233zd(E),R227ea,pareto_DC-E_SRVCHP_SRORC_R1233zd(E)_R227ea.csv,0.5571033527983473,43.838463399734,0.2240264908165348,123.35241127965665,77.82297307192226,,,,,
DC-E,SRVCHP_SRORC,R1233zd(E),R227ea,pareto_DC-E_SRVCHP_SRORC_R1233zd(E)_R227ea.csv,0.5597289834248694,42.38971930141345,0.28169531213598226,123.96539201458013,75.29744687879139,,,,,
DC-E,SRVCHP_SRORC,R1233zd(E),R227ea,pareto_DC-E_SRVCHP_SRORC_R1233zd(E)_R227ea.csv,0.5667543767526493,34.44953269547834,0.2830512330378981,117.86039974662947,61.1527034577513,,,,,
DC-E,SRVCHP_SBORC,R1233zd(E),R1234ze(E),pareto_DC-E_SRVCHP_SBORC_R1233zd(E)_R1234ze(E).csv,0.5698307106347054,45.008660615752085,0.16044629034985808,126.77766524428074,79.99969403137598,,,,,
DC-E,SRVCHP_SRORC,R1233zd(E),R227ea,pareto_DC-E_SRVCHP_SRORC_R1233zd(E)_R227ea.csv,0.5709162050044215,36.45033305067161,0.2723467875178061,118.29487732518422,64.6814908189693,,,,,
DC-E,SRVCHP_SRORC,R1233zd(E),R1234ze(E),pareto_DC-E_SRVCHP_SRORC_R1233zd(E)_R1234ze(E).csv,0.5729891667224534,30.071416403148966,0.29065108460207695,122.64395093310263,53.56785329394441,,,,,
DC-E,SRVCHP_SBORC,R1233zd(E),R1234ze(E),pareto_DC-E_SRVCHP_SBORC_R1233zd(E)_R1234ze(E).csv,0.5804672801363785,44.65103296340394,0.14485967259065916,126.17189627340245,79.34932364358453,,,,,
DC-E,SRVCHP_SRORC,R1233zd(E),R227ea,pareto_DC-E_SRVCHP_SRORC_R1233zd(E)_R227ea.csv,0.5820351710336698,33.06133708892653,0.2849356408953588,117.19841159780302,58.69398503202503,,,,,
DC-E,SRVCHP_SRORC,R1233zd(E),R227ea,pareto_DC-E_SRVCHP_SRORC_R1233zd(E)_R227ea.csv,0.5896079859887422,44.54031615658702,0.1975723547595118,123.49483792400792,79.06114347378039,,,,,
DC-E,SRVCHP_SRORC,R1233zd(E),R1234ze(E),pareto_DC-E_SRVCHP_SRORC_R1233zd(E)_R1234ze(E).csv,0.5933468614733743,36.82008921478286,0.24568412645249607,126.51791444472958,65.57539672628167,,,,,
DC-E,SRVCHP_SRORC,R1233zd(E),R227ea,pareto_DC-E_SRVCHP_SRORC_R1233zd(E)_R227ea.csv,0.5946448484367157,43.5783636050579,0.24169024837840483,125.78533422313772,77.44937821087524,,,,,
DC-E,SRVCHP_SRORC,R1233zd(E),R227ea,pareto_DC-E_SRVCHP_SRORC_R1233zd(E)_R227ea.csv,0.6010427003992725,42.262146899894525,0.2426938243963291,123.83448800582121,75.06879349908021,,,,,
DC-E,SRVCHP_SRORC,R1233zd(E),R1234ze(E),pareto_DC-E_SRVCHP_SRORC_R1233zd(E)_R1234ze(E).csv,0.6021955502059373,14.028324493767672,0.30361080967355725,111.79438154962494,25.00033415146668,,,,,
DC-E,SRVCHP_SRORC,R1233zd(E),R227ea,pareto_DC-E_SRVCHP_SRORC_R1233zd(E)_R227ea.csv,0.6065444029475578,20.991573751102784,0.2926469453841513,111.8149318296087,37.31644490248297,,,,,
DC-E,SRVCHP_SBORC,R1233zd(E),R227ea,pareto_DC-E_SRVCHP_SBORC_R1233zd(E)_R227ea.csv,0.6148824689416716,40.01362103444428,0.16577256441613744,117.39489831699046,70.91121253357593,,,,,
DC-E,SRVCHP_SRORC,R1233zd(E),R227ea,pareto_DC-E_SRVCHP_SRORC_R1233zd(E)_R227ea.csv,0.6167574550954062,38.550669479028585,0.2424641315886867,120.99887671027588,68.45358574294916,,,,,
DC-E,SRVCHP_SRORC,R1233zd(E),R1234ze(E),pareto_DC-E_SRVCHP_SRORC_R1233zd(E)_R1234ze(E).csv,0.6179326540711686,40.66127666543513,0.16536116048361924,126.30003120103868,72.3341685412748,,,,,
DC-E,SRVCHP_SRORC,R1233zd(E),R227ea,pareto_DC-E_SRVCHP_SRORC_R1233zd(E)_R227ea.csv,0.62356608832508,16.330623283704828,0.29732939877425907,106.20618742558291,29.00227977299787,,,,,
DC-E,SRVCHP_SRORC,R1233zd(E),R1234ze(E),pareto_DC-E_SRVCHP_SRORC_R1233zd(E)_R1234ze(E).csv,0.6240265549042908,38.61263777185757,0.18708275249545084,126.51791444472958,68.73382607003792,,,,,
DC-E,SRVCHP_SRORC,R1233zd(E),R227ea,pareto_DC-E_SRVCHP_SRORC_R1233zd(E)_R227ea.csv,0.6268418038941697,14.076157273813157,0.30201484964958125,106.2043208338824,25.019081973339723,,,,,
DC-E,SRVCHP_SRORC,R1233zd(E),R227ea,pareto_DC-E_SRVCHP_SRORC_R1233zd(E)_R227ea.csv,0.6313780717028865,41.51008736027155,0.1500216402157951,121.59988391715767,73.6732486739418,,,,,
DC-E,SRVCHP_SRORC,R1233zd(E),R1234ze(E),pareto_DC-E_SRVCHP_SRORC_R1233zd(E)_R1234ze(E).csv,0.6322146413537301,37.88527583963872,0.18278020081516846,125.7770237448916,67.42968474105236,,,,,
DC-E,SRVCHP_SBORC,R1233zd(E),R227ea,pareto_DC-E_SRVCHP_SBORC_R1233zd(E)_R227ea.csv,0.6372987414429795,35.229235407493164,0.18401335400073604,117.46022759806348,62.51191643409436,,,,,
DC-E,SRVCHP_SRORC,R1233zd(E),R1234ze(E),pareto_DC-E_SRVCHP_SRORC_R1233zd(E)_R1234ze(E).csv,0.6403745827184655,34.570508012541985,0.19509109719070986,126.51791444472958,61.60877588200382,,,,,
DC-E,SRVCHP_SRORC,R1233zd(E),R227ea,pareto_DC-E_SRVCHP_SRORC_R1233zd(E)_R227ea.csv,0.6406292770176831,29.900912565526433,0.24877115779204834,116.45323036959176,53.11489697666831,,,,,
DC-E,SRVCHP_SRORC,R1233zd(E),R1234ze(E),pareto_DC-E_SRVCHP_SRORC_R1233zd(E)_R1234ze(E).csv,0.6417396710985258,16.24173867286127,0.28700601152471283,99.71321440952482,28.75821060923088,,,,,
DC-E,SBVCHP_SRORC,R1233zd(E),R227ea,pareto_DC-E_SBVCHP_SRORC_R1233zd(E)_R227ea.csv,0.6437608166721714,14.891025075200716,0.2617348611988584,91.01801933011848,26.274099725108716,,,,,
DC-E,SRVCHP_SRORC,R1233zd(E),R227ea,pareto_DC-E_SRVCHP_SRORC_R1233zd(E)_R227ea.csv,0.6438544657454465,32.901765348719074,0.2201679370842534,116.04686334254907,58.382815092923906,,,,,
DC-E,SRVCHP_SRORC,R1233zd(E),R227ea,pareto_DC-E_SRVCHP_SRORC_R1233zd(E)_R227ea.csv,0.6463962565564754,25.05828517158519,0.2512799208792613,113.71104082477893,44.52432542581392,,,,,
DC-E,SRVCHP_SRORC,R1233zd(E),R227ea,pareto_DC-E_SRVCHP_SRORC_R1233zd(E)_R227ea.csv,0.6473717515988937,22.91631936515498,0.2584926098368913,108.63236448266252,40.651374466732314,,,,,
DC-E,SRVCHP_SRORC,R1233zd(E),R227ea,pareto_DC-E_SRVCHP_SRORC_R1233zd(E)_R227ea.csv,0.6489487140853223,31.55609041890379,0.2301768511047772,117.59971402931878,56.0566516347836,,,,,
DC-E,SRVCHP_SRORC,R1233zd(E),R227ea,pareto_DC-E_SRVCHP_SRORC_R1233zd(E)_R227ea.csv,0.6497910434833837,31.046798161818767,0.22958331983882904,117.50105007653916,55.15782970399891,,,,,
DC-E,SRVCHP_SBORC,R1233zd(E),R227ea,pareto_DC-E_SRVCHP_SBORC_R1233zd(E)_R227ea.csv,0.6517221622715438,44.08711538767381,0.11868627497082251,121.98502743544314,78.21291368514329,,,,,
DC-E,SRVCHP_SBORC,R1233zd(E),R227ea,pareto_DC-E_SRVCHP_SBORC_R1233zd(E)_R227ea.csv,0.6518269642040374,40.59026207500149,0.1408050645436134,121.6801325535981,72.05963384046241,,,,,
DC-E,SRVCHP_SBORC,R1233zd(E),R227ea,pareto_DC-E_SRVCHP_SBORC_R1233zd(E)_R227ea.csv,0.6523305410317093,40.609507678833126,0.13859820913197088,120.06907752610803,72.04183804967114,,,,,
DC-E,SRVCHP_SRORC,R1233zd(E),R227ea,pareto_DC-E_SRVCHP_SRORC_R1233zd(E)_R227ea.csv,0.6570818170662528,40.12347911132104,0.15760398546647816,122.21206977251283,71.2562576049587,,,,,
DC-E,SRVCHP_SBORC,R1233zd(E),R1234ze(E),pareto_DC-E_SRVCHP_SBORC_R1233zd(E)_R1234ze(E).csv,0.6572785457252412,14.784718594392206,0.2563208019616139,88.74674799161191,26.06074433678581,,,,,
DC-E,SRVCHP_SBORC,R1233zd(E),R227ea,pareto_DC-E_SRVCHP_SBORC_R1233zd(E)_R227ea.csv,0.6636849291338983,39.33543416677173,0.12095686342031034,119.86133816087036,69.79740270013602,,,,,
DC-E,SBVCHP_SRORC,R1233zd(E),R227ea,pareto_DC-E_SBVCHP_SRORC_R1233zd(E)_R227ea.csv,0.6660676041060337,14.465999675971354,0.23773014513449142,80.427042322638,25.408088403641383,,,,,
DC-E,SRVCHP_SRORC,R1233zd(E),R227ea,pareto_DC-E_SRVCHP_SRORC_R1233zd(E)_R227ea.csv,0.6693013253148742,26.521922817864873,0.2336108006947762,116.04289076229553,47.15356295896031,,,,,
DC-E,SRVCHP_SRORC,R1233zd(E),R227ea,pareto_DC-E_SRVCHP_SRORC_R1233zd(E)_R227ea.csv,0.6729842049026866,43.58226862646546,0.09006118516091602,125.5859435589201,77.44937821087524,,,,,
DC-E,SRVCHP_SBORC,R1233zd(E),R1234ze(E),pareto_DC-E_SRVCHP_SBORC_R1233zd(E)_R1234ze(E).csv,0.6739076473012698,26.539125716864227,0.1701228500011007,110.90350563706129,47.072109046168144,,,,,
DC-E,SRVCHP_SRORC,R1233zd(E),R227ea,pareto_DC-E_SRVCHP_SRORC_R1233zd(E)_R227ea.csv,0.6767021931861061,37.86305144183879,0.15386813430648438,121.2291004495064,67.25176386867805,,,,,
DC-E,SRVCHP_SRORC,R1233zd(E),R227ea,pareto_DC-E_SRVCHP_SRORC_R1233zd(E)_R227ea.csv,0.6785208385482735,37.86305144183879,0.15091235333922337,121.2291004495064,67.25176386867805,,,,,
DC-E,SRVCHP_SRORC,R1233zd(E),R227ea,pareto_DC-E_SRVCHP_SRORC_R1233zd(E)_R227ea.csv,0.6855204154930437,14.256497035989682,0.2626967841202445,86.9435725620198,25.113866726730475,,,,,
DC-E,SRVCHP_SRORC,R1233zd(E),R1234ze(E),pareto_DC-E_SRVCHP_SRORC_R1233zd(E)_R1234ze(E).csv,0.6859780273154702,19.989279292551853,0.2184060997629892,96.91025442489658,35.3032706992283,,,,,
DC-E,SRVCHP_SRORC,R1233zd(E),R227ea,pareto_DC-E_SRVCHP_SRORC_R1233zd(E)_R227ea.csv,0.6934161026201354,44.22499751907432,0.03918495992968976,125.22571175579897,78.56708956419494,,,,,
DC-E,SRVCHP_SRORC,R1233zd(E),R227ea,pareto_DC-E_SRVCHP_SRORC_R1233zd(E)_R227ea.csv,0.6944494236260577,33.943203728799794,0.16065309204628986,118.17253650248459,60.2710571737312,,,,,
DC-E,SRVCHP_SRORC,R1233zd(E),R227ea,pareto_DC-E_SRVCHP_SRORC_R1233zd(E)_R227ea.csv,0.6966230142398826,39.93412309819012,0.09735205403761289,122.75396791619903,70.94062146841145,,,,,
DC-E,SRVCHP_SBORC,R1233zd(E),R227ea,pareto_DC-E_SRVCHP_SBORC_R1233zd(E)_R227ea.csv,0.6999732619497508,33.345658449799416,0.03872894148533576,105.56663155323943,58.887383084491454,,,,,
DC-E,SRVCHP_SRORC,R1233zd(E),R227ea,pareto_DC-E_SRVCHP_SRORC_R1233zd(E)_R227ea.csv,0.7031320613281266,24.42181729778307,0.17883941818900034,100.06292665574563,43.13230675168019,,,,,
DC-E,SRVCHP_SRORC,R1233zd(E),R227ea,pareto_DC-E_SRVCHP_SRORC_R1233zd(E)_R227ea.csv,0.7032548648518328,29.900912565526433,0.16459530225496066,116.45323036959176,53.11489697666831,,,,,
DC-E,SRVCHP_SRORC,R1233zd(E),R1234ze(E),pareto_DC-E_SRVCHP_SRORC_R1233zd(E)_R1234ze(E).csv,0.7070853387058529,23.985636052165255,0.1598777045350796,99.24117581406418,42.35202188367795,,,,,
DC-E,SRVCHP_SBORC,R1233zd(E),R1234ze(E),pareto_DC-E_SRVCHP_SBORC_R1233zd(E)_R1234ze(E).csv,0.7113587886624646,23.41944728837164,0.15600570209676798,105.45326617388814,41.476307615869764,,,,,
DC-E,SRVCHP_SRORC,R1233zd(E),R1234ze(E),pareto_DC-E_SRVCHP_SRORC_R1233zd(E)_R1234ze(E).csv,0.714745716652044,22.047379467430694,0.1737186209459018,111.81891174568489,39.17926579717581,,,,,
DC-E,SRVCHP_SBORC,R1233zd(E),R1234ze(E),pareto_DC-E_SRVCHP_SBORC_R1233zd(E)_R1234ze(E).csv,0.7152202908799373,15.082964468703608,0.21193811516345326,101.97850717888339,26.74565913809371,,,,,
DC-E,SRVCHP_SRORC,R1233zd(E),R227ea,pareto_DC-E_SRVCHP_SRORC_R1233zd(E)_R227ea.csv,0.7202242111899378,35.26090766013237,0.0019101526598783686,115.19450405345043,62.50385780044951,,,,,
DC-E,SRVCHP_SRORC,R1233zd(E),R1234ze(E),pareto_DC-E_SRVCHP_SRORC_R1233zd(E)_R1234ze(E).csv,0.7208003444739313,29.539984470505356,0.09095973827915355,110.47990258847445,52.33654816015237,,,,,
DC-E,SRVCHP_SRORC,R1233zd(E),R1234ze(E),pareto_DC-E_SRVCHP_SRORC_R1233zd(E)_R1234ze(E).csv,0.7217230213210588,18.99458048762572,0.20582411014031407,99.03516268713015,33.59007608987558,,,,,
DC-E,SRVCHP_SRORC,R1233zd(E),R1234ze(E),pareto_DC-E_SRVCHP_SRORC_R1233zd(E)_R1234ze(E).csv,0.726020579640501,27.145502906162044,0.12460002231268065,111.66130534201939,48.155227816417174,,,,,
DC-E,SRVCHP_SBORC,R1233zd(E),R227ea,pareto_DC-E_SRVCHP_SBORC_R1233zd(E)_R227ea.csv,0.7269516332479258,30.376491329691955,0.03660117990092297,101.14501877861522,53.58266536210526,,,,,
DC-E,SRVCHP_SRORC,R1233zd(E),R1234ze(E),pareto_DC-E_SRVCHP_SRORC_R1233zd(E)_R1234ze(E).csv,0.730203692671643,26.61081456908727,0.11025094037542528,117.04493189276084,47.332247296834154,,,,,
DC-E,SRVCHP_SRORC,R1233zd(E),R227ea,pareto_DC-E_SRVCHP_SRORC_R1233zd(E)_R227ea.csv,0.7310875816453876,35.226516306937135,0.0020150432586686804,117.34389298174605,62.50385780044951,,,,,
DC-E,SRVCHP_SRORC,R1233zd(E),R227ea,pareto_DC-E_SRVCHP_SRORC_R1233zd(E)_R227ea.csv,0.7385117358586009,17.818839194454693,0.2084095309263151,99.43693533072499,31.529321481704848,,,,,
DC-E,SRVCHP_SRORC,R1233zd(E),R227ea,pareto_DC-E_SRVCHP_SRORC_R1233zd(E)_R227ea.csv,0.7456562936351763,25.238956940604023,0.14394425682469017,111.88104787207031,44.804747015338734,,,,,
DC-E,SRVCHP_SRORC,R1233zd(E),R227ea,pareto_DC-E_SRVCHP_SRORC_R1233zd(E)_R227ea.csv,0.7481854210362252,32.23435719174599,0.007593439583880555,115.32079081586429,57.190664848315464,,,,,
DC-E,SRVCHP_SRORC,R1233zd(E),R227ea,pareto_DC-E_SRVCHP_SRORC_R1233zd(E)_R227ea.csv,0.7537993004121596,23.25839523071596,0.14832001560417574,106.61782831838539,41.21525366199684,,,,,
DC-E,SRVCHP_SBORC,R1233zd(E),R1234ze(E),pareto_DC-E_SRVCHP_SBORC_R1233zd(E)_R1234ze(E).csv,0.7560138128922861,15.655738184562013,0.19236154662446933,87.75452721779624,27.575700738592403,,,,,
DC-E,SRVCHP_SBORC,R1233zd(E),R227ea,pareto_DC-E_SRVCHP_SBORC_R1233zd(E)_R227ea.csv,0.7561934644053444,21.07403142314008,0.12623906591055484,86.67942240700029,37.03856425769549,,,,,
DC-E,SRVCHP_SRORC,R1233zd(E),R1234ze(E),pareto_DC-E_SRVCHP_SRORC_R1233zd(E)_R1234ze(E).csv,0.7573356558734736,19.404016174844173,0.17565105763752342,99.65350994095195,34.319109694388224,,,,,
DC-E,SRVCHP_SBORC,R1233zd(E),R134a,pareto_DC-E_SRVCHP_SBORC_R1233zd(E)_R134a.csv,0.758908069315674,23.74106106500947,0.09058119512222461,95.42816285546732,41.85222263284437,,,,,
DC-E,SRVCHP_SBORC,R1233zd(E),R134a,pareto_DC-E_SRVCHP_SBORC_R1233zd(E)_R134a.csv,0.7597188188975363,23.706705044194567,0.08849159217818457,94.65758673808755,41.77788745235203,,,,,
DC-E,SRVCHP_SBORC,R1233zd(E),R227ea,pareto_DC-E_SRVCHP_SBORC_R1233zd(E)_R227ea.csv,0.765577497543229,22.784223582314635,0.1016860998968721,101.19208578520262,40.281215640113125,,,,,
DC-E,SRVCHP_SRORC,R1233zd(E),R227ea,pareto_DC-E_SRVCHP_SRORC_R1233zd(E)_R227ea.csv,0.7665486849792105,27.420497949024178,0.0774280462936821,115.38927819143112,48.7224257097748,,,,,
DC-E,SRVCHP_SRORC,R1233zd(E),R1234ze(E),pareto_DC-E_SRVCHP_SRORC_R1233zd(E)_R1234ze(E).csv,0.7746003981873739,21.31866694109716,0.10937174148668295,110.75690067268886,37.87495797820709,,,,,
DC-E,SRVCHP_SRORC,R1233zd(E),R1234ze(E),pareto_DC-E_SRVCHP_SRORC_R1233zd(E)_R1234ze(E).csv,0.7755202642322009,20.61620461865335,0.1353810580701,93.13493872993625,36.341529940593574,,,,,
DC-E,SBVCHP_SRORC,R1233zd(E),R227ea,pareto_DC-E_SBVCHP_SRORC_R1233zd(E)_R227ea.csv,0.7773258817325411,14.544877559283456,0.18244616659999685,91.67049882167598,25.674039289819316,,,,,
DC-E,SRVCHP_SRORC,R1233zd(E),R1234ze(E),pareto_DC-E_SRVCHP_SRORC_R1233zd(E)_R1234ze(E).csv,0.7787171075631004,19.359823181733066,0.1566411245383276,99.72531209965098,34.2425810096571,,,,,
DC-E,SRVCHP_SRORC,R1233zd(E),R227ea,pareto_DC-E_SRVCHP_SRORC_R1233zd(E)_R227ea.csv,0.7849228500792415,20.499554361671112,0.14611350921685223,100.09060215617613,36.25076345224528,,,,,
DC-E,SRVCHP_SRORC,R1233zd(E),R227ea,pareto_DC-E_SRVCHP_SRORC_R1233zd(E)_R227ea.csv,0.7882458877285979,27.11012595039252,0.052745012093488884,106.96785405448298,47.99012730844436,,,,,
DC-E,SRVCHP_SBORC,R1233zd(E),R227ea,pareto_DC-E_SRVCHP_SBORC_R1233zd(E)_R227ea.csv,0.7908743510978824,24.9711423583633,0.033849963892590415,85.45326778727913,43.8172754284596,,,,,
DC-E,SRVCHP_SRORC,R1233zd(E),R1234ze(E),pareto_DC-E_SRVCHP_SRORC_R1233zd(E)_R1234ze(E).csv,0.7920464039027103,17.917196671876585,0.15834871126567154,99.68542502489029,31.705911446973502,,,,,
DC-E,SRVCHP_SBORC,R1233zd(E),R134a,pareto_DC-E_SRVCHP_SBORC_R1233zd(E)_R134a.csv,0.7975798122491462,19.4034331438479,0.10856538813048719,83.81204813947487,34.077415329911844,,,,,
DC-E,SRVCHP_SRORC,R1233zd(E),R1234ze(E),pareto_DC-E_SRVCHP_SRORC_R1233zd(E)_R1234ze(E).csv,0.8089597536806064,22.70904854643454,0.08246395057226767,97.65651215132395,40.0853070366048,,,,,
DC-E,SRVCHP_SBORC,R1233zd(E),R134a,pareto_DC-E_SRVCHP_SBORC_R1233zd(E)_R134a.csv,0.8122029639346127,18.37553747215848,0.12023485701283469,90.24791230924647,32.37332537583676,,,,,
DC-E,SRVCHP_SRORC,R1233zd(E),R227ea,pareto_DC-E_SRVCHP_SRORC_R1233zd(E)_R227ea.csv,0.814968270021627,15.818731247640835,0.15975036421061325,83.6638624920746,27.81101474878294,,,,,
DC-E,SRVCHP_SBORC,R1233zd(E),R227ea,pareto_DC-E_SRVCHP_SBORC_R1233zd(E)_R227ea.csv,0.819568750096636,23.225594119145022,0.05554036531779088,85.11532856067241,40.76779477218106,,,,,
DC-E,SRVCHP_SRORC,R1233zd(E),R1234ze(E),pareto_DC-E_SRVCHP_SRORC_R1233zd(E)_R1234ze(E).csv,0.8255910740924233,16.849111121858954,0.1542458854996516,90.45681325256523,29.70174548510457,,,,,
DC-E,SRVCHP_SBORC,R1233zd(E),R134a,pareto_DC-E_SRVCHP_SBORC_R1233zd(E)_R134a.csv,0.8281390324956116,21.97598002383271,0.053659925851649415,91.8218593976984,38.69975356629923,,,,,
DC-E,SRVCHP_SBORC,R1233zd(E),R227ea,pareto_DC-E_SRVCHP_SBORC_R1233zd(E)_R227ea.csv,0.8307385008554811,20.39780219489032,0.09019858243521563,83.42943289684102,35.80741881559434,,,,,
DC-E,SRVCHP_SRORC,R1233zd(E),R1234ze(E),pareto_DC-E_SRVCHP_SRORC_R1233zd(E)_R1234ze(E).csv,0.8317369095832368,16.292354254187547,0.14516041932470522,90.921429479915,28.731641746132542,,,,,
DC-E,SRVCHP_SRORC,R1233zd(E),R227ea,pareto_DC-E_SRVCHP_SRORC_R1233zd(E)_R227ea.csv,0.8343484266696151,20.155185509195128,0.10068020615038593,90.14353585292105,35.48698871732018,,,,,
DC-E,SRVCHP_SBORC,R1233zd(E),R227ea,pareto_DC-E_SRVCHP_SBORC_R1233zd(E)_R227ea.csv,0.8357625777518763,23.59237603915917,0.03456895173374879,85.11532856067241,41.407433275857876,,,,,
DC-E,SRVCHP_SBORC,R1233zd(E),R1234ze(E),pareto_DC-E_SRVCHP_SBORC_R1233zd(E)_R1234ze(E).csv,0.837708797439044,15.8678384844915,0.1424537493124046,87.80314134307116,27.947918932453035,,,,,
DC-E,SRVCHP_SRORC,R1233zd(E),R1234ze(E),pareto_DC-E_SRVCHP_SRORC_R1233zd(E)_R1234ze(E).csv,0.8414893326915519,14.68373824586278,0.15742164680793014,89.49858498387873,25.89241013083344,,,,,
DC-E,SRVCHP_SRORC,R1233zd(E),R227ea,pareto_DC-E_SRVCHP_SRORC_R1233zd(E)_R227ea.csv,0.8425087368707934,19.151515253562735,0.0935753818061621,81.04720582733137,33.597986755797635,,,,,
DC-E,SRVCHP_SRORC,R1233zd(E),R1234ze(E),pareto_DC-E_SRVCHP_SRORC_R1233zd(E)_R1234ze(E).csv,0.8476060711891426,20.61620461865335,0.08549065869658745,93.13493872993625,36.341529940593574,,,,,
DC-E,SRVCHP_SBORC,R1233zd(E),R134a,pareto_DC-E_SRVCHP_SBORC_R1233zd(E)_R134a.csv,0.8495219239921071,14.4504739692413,0.13719146582104713,81.36303573962493,25.391267980070975,,,,,
DC-E,SRVCHP_SRORC,R1233zd(E),R1234ze(E),pareto_DC-E_SRVCHP_SRORC_R1233zd(E)_R1234ze(E).csv,0.8503196889185108,18.24788602681649,0.11156113393490526,96.73344342474661,32.24382902412981,,,,,
DC-E,SRVCHP_SRORC,R1233zd(E),R227ea,pareto_DC-E_SRVCHP_SRORC_R1233zd(E)_R227ea.csv,0.8550129962979104,21.576495924318166,0.0681722247091741,100.39338188384622,38.1470054400178,,,,,
DC-E,SRVCHP_SRORC,R1233zd(E),R227ea,pareto_DC-E_SRVCHP_SRORC_R1233zd(E)_R227ea.csv,0.8614967351598594,20.268695128819083,0.06316766219988118,100.64051983742488,35.854268521853584,,,,,
DC-E,SRVCHP_SBORC,R1233zd(E),R227ea,pareto_DC-E_SRVCHP_SBORC_R1233zd(E)_R227ea.csv,0.8643872930214568,21.890115339884517,0.049916486386617796,85.33210267235604,38.44158585062058,,,,,
DC-E,SRVCHP_SRORC,R1233zd(E),R227ea,pareto_DC-E_SRVCHP_SRORC_R1233zd(E)_R227ea.csv,0.8675269139682487,19.413727818657858,0.07279041333275141,98.98353286635447,34.325657908491245,,,,,
DC-E,SRVCHP_SRORC,R1233zd(E),R1234ze(E),pareto_DC-E_SRVCHP_SRORC_R1233zd(E)_R1234ze(E).csv,0.8721629345867783,18.45336093035871,0.1018511425914914,90.55240577488107,32.514017577573014,,,,,
DC-E,SRVCHP_SRORC,R1233zd(E),R227ea,pareto_DC-E_SRVCHP_SRORC_R1233zd(E)_R227ea.csv,0.8767976488652688,21.518409638701847,0.018924433317305492,82.30833493402542,37.74466127577824,,,,,
DC-E,SRVCHP_SRORC,R1233zd(E),R1234ze(E),pareto_DC-E_SRVCHP_SRORC_R1233zd(E)_R1234ze(E).csv,0.8779166738724438,17.989277621191423,0.10408946008131625,91.11881076172229,31.709111814530363,,,,,
DC-E,SRVCHP_SRORC,R1233zd(E),R227ea,pareto_DC-E_SRVCHP_SRORC_R1233zd(E)_R227ea.csv,0.8811541164319816,16.826459194817186,0.12730235161890394,87.29450833443154,29.62029020902565,,,,,
DC-E,SRVCHP_SBORC,R1233zd(E),R1234ze(E),pareto_DC-E_SRVCHP_SBORC_R1233zd(E)_R1234ze(E).csv,0.8815126324767567,16.500599304233948,0.10962223041560631,87.00682499171866,29.04605771354036,,,,,
DC-E,SRVCHP_SRORC,R1233zd(E),R1234ze(E),pareto_DC-E_SRVCHP_SRORC_R1233zd(E)_R1234ze(E).csv,0.8816917257619151,18.595235656167226,0.08942035417756435,93.13493872993625,32.80033546281319,,,,,
DC-E,SRVCHP_SRORC,R1233zd(E),R227ea,pareto_DC-E_SRVCHP_SRORC_R1233zd(E)_R227ea.csv,0.8880961155105228,17.216012107469293,0.10886432358440308,81.26708728965421,30.22288744421683,,,,,
DC-E,SBVCHP_SRORC,R1233zd(E),R227ea,pareto_DC-E_SBVCHP_SRORC_R1233zd(E)_R227ea.csv,0.8916578397573035,19.54428341072627,0.04235463217861672,80.83826899177569,34.28008323923281,,,,,
DC-E,SRVCHP_SRORC,R1233zd(E),R227ea,pareto_DC-E_SRVCHP_SRORC_R1233zd(E)_R227ea.csv,0.8969016507866067,15.108865195172946,0.13608405315646302,88.37496925564659,26.624730822359318,,,,,
DC-E,SBVCHP_SBORC,R1233zd(E),R1234ze(E),pareto_DC-E_SBVCHP_SBORC_R1233zd(E)_R1234ze(E).csv,0.8980180740509907,17.12897526316623,0.08565470160971908,80.16087165734938,30.056703460905766,,,,,
DC-E,SRVCHP_SRORC,R1233zd(E),R1234ze(E),pareto_DC-E_SRVCHP_SRORC_R1233zd(E)_R1234ze(E).csv,0.9013299430775399,16.501608733828714,0.10246114058382139,91.35763110343264,29.104330205174946,,,,,
DC-E,SBVCHP_SRORC,R1233zd(E),R227ea,pareto_DC-E_SBVCHP_SRORC_R1233zd(E)_R227ea.csv,0.905495583673047,17.516690981098538,0.085456321859182,80.69060156983426,30.740339544476456,,,,,
DC-E,SRVCHP_SRORC,R1233zd(E),R227ea,pareto_DC-E_SRVCHP_SRORC_R1233zd(E)_R227ea.csv,0.9113246665708064,15.94359482330729,0.11708501310180419,81.92094735980903,28.008171942713005,,,,,
DC-E,SRVCHP_SRORC,R1233zd(E),R227ea,pareto_DC-E_SRVCHP_SRORC_R1233zd(E)_R227ea.csv,0.9187248210459558,16.374434946108384,0.10392304631414541,80.05187162052557,28.738025363065507,,,,,
DC-E,SRVCHP_SRORC,R1233zd(E),R227ea,pareto_DC-E_SRVCHP_SRORC_R1233zd(E)_R227ea.csv,0.9237087024202668,15.437233765749323,0.11175068244343786,87.352544900879,27.18794529281826,,,,,
DC-E,SBVCHP_SBORC,R1233zd(E),R1234ze(E),pareto_DC-E_SBVCHP_SBORC_R1233zd(E)_R1234ze(E).csv,0.9264163245993849,15.72622193851466,0.09309917316355205,80.01912425294694,27.605577062359934,,,,,
DC-E,SRVCHP_SRORC,R1233zd(E),R227ea,pareto_DC-E_SRVCHP_SRORC_R1233zd(E)_R227ea.csv,0.9295316097752755,15.108865195172946,0.1187825440076632,88.37496925564659,26.624730822359318,,,,,
DC-E,SRVCHP_SRORC,R1233zd(E),R1234ze(E),pareto_DC-E_SRVCHP_SRORC_R1233zd(E)_R1234ze(E).csv,0.930168185029565,14.320924848809884,0.11850437979094514,89.25506317148016,25.253028080197424,,,,,
DC-E,SRVCHP_SRORC,R1233zd(E),R1234ze(E),pareto_DC-E_SRVCHP_SRORC_R1233zd(E)_R1234ze(E).csv,0.9317108421122788,14.276618544478238,0.11726770139610401,89.43320159449983,25.17731114763965,,,,,
DC-E,SRVCHP_SBORC,R1233zd(E),R227ea,pareto_DC-E_SRVCHP_SBORC_R1233zd(E)_R227ea.csv,0.9387580934755456,17.238011480866266,0.060457846095790635,85.9389764902229,30.322624788393796,,,,,
DC-E,SBVCHP_SRORC,R1233zd(E),R227ea,pareto_DC-E_SBVCHP_SRORC_R1233zd(E)_R227ea.csv,0.940298273393076,14.935738714063953,0.0987771708954962,83.68384136507856,26.266414258175317,,,,,
DC-E,SRVCHP_SBORC,R1233zd(E),R227ea,pareto_DC-E_SRVCHP_SBORC_R1233zd(E)_R227ea.csv,0.9457692817704313,18.070498838253183,0.05756049423187684,85.10268061392452,31.767059190101634,,,,,
DC-E,SBVCHP_SBORC,R1233zd(E),R227ea,pareto_DC-E_SBVCHP_SBORC_R1233zd(E)_R227ea.csv,0.9515563421676208,16.13640298004819,0.07907491578847614,80.02694851895733,28.322060406529094,,,,,
DC-E,SRVCHP_SRORC,R1233zd(E),R1234ze(E),pareto_DC-E_SRVCHP_SRORC_R1233zd(E)_R1234ze(E).csv,0.9572099539597644,14.602978174449458,0.09484055552110844,88.05145322514916,25.733952120906025,,,,,
DC-E,SBVCHP_SBORC,R1233zd(E),R227ea,pareto_DC-E_SBVCHP_SBORC_R1233zd(E)_R227ea.csv,0.958923482369999,14.251712520543997,0.07390802202947243,80.52822490732005,25.03455532871675,,,,,
DC-E,SRVCHP_SRORC,R1233zd(E),R227ea,pareto_DC-E_SRVCHP_SRORC_R1233zd(E)_R227ea.csv,0.9623737320055095,19.151515253562735,0.032037465292926164,81.04720582733137,33.597986755797635,,,,,
DC-E,SRVCHP_SRORC,R1233zd(E),R227ea,pareto_DC-E_SRVCHP_SRORC_R1233zd(E)_R227ea.csv,0.9658259130594649,18.925592551626004,0.02099039636454245,82.15189893921628,33.21940964080521,,,,,
DC-E,SBVCHP_SBORC,R1233zd(E),R134a,pareto_DC-E_SBVCHP_SBORC_R1233zd(E)_R134a.csv,0.9660882772802523,16.092102518968023,0.059923206837917666,80.51891784508413,28.2506523037238,,,,,
DC-E,SRVCHP_SRORC,R1233zd(E),R227ea,pareto_DC-E_SRVCHP_SRORC_R1233zd(E)_R227ea.csv,0.9742213623518765,18.619795249480376,0.014144460415850622,81.77153684948223,32.6803531023172,,,,,
DC-E,SBVCHP_SRORC,R1233zd(E),R227ea,pareto_DC-E_SBVCHP_SRORC_R1233zd(E)_R227ea.csv,0.9770171520923132,16.95482661971095,0.0545101755742469,81.31559117055068,29.76739136047357,,,,,
DC-E,SRVCHP_SBORC,R1233zd(E),R227ea,pareto_DC-E_SRVCHP_SBORC_R1233zd(E)_R227ea.csv,0.980480382711858,15.135854363081327,0.06016165324790564,85.1296390620732,26.633546184961393,,,,,
DC-E,SRVCHP_SBORC,R1233zd(E),R134a,pareto_DC-E_SRVCHP_SBORC_R1233zd(E)_R134a.csv,0.981192490699884,14.983843668642201,0.06590636419025196,86.63081090360758,26.384963714191173,,,,,
DC-E,SBVCHP_SBORC,R1233zd(E),R227ea,pareto_DC-E_SBVCHP_SBORC_R1233zd(E)_R227ea.csv,0.9868424264459258,14.711574468693323,0.07251567830863319,80.19981004276875,25.83482704845477,,,,,
DC-E,SRVCHP_SRORC,R1233zd(E),R227ea,pareto_DC-E_SRVCHP_SRORC_R1233zd(E)_R227ea.csv,0.9881568724028769,18.09353731299056,0.013272552756147513,81.39171816240625,31.75658726015409,,,,,
DC-E,SRVCHP_SBORC,R1233zd(E),R1234ze(E),pareto_DC-E_SRVCHP_SBORC_R1233zd(E)_R1234ze(E).csv,0.99219323459315,15.388295619723745,0.053953465056659454,87.75452721779624,27.10706037015228,,,,,
DC-E,SRVCHP_SRORC,R1233zd(E),R227ea,pareto_DC-E_SRVCHP_SRORC_R1233zd(E)_R227ea.csv,0.9923895980740282,18.09547029701796,0.013265531257499647,81.38889677049171,31.759923213617572,,,,,
DC-E,SBVCHP_SRORC,R1233zd(E),R227ea,pareto_DC-E_SBVCHP_SRORC_R1233zd(E)_R227ea.csv,0.9999778485532093,14.949328189513137,0.06572324714963988,83.66605993017157,26.289990180958707,,,,,
DC-E,SRVCHP_SRORC,R1233zd(E),R227ea,pareto_DC-E_SRVCHP_SRORC_R1233zd(E)_R227ea.csv,0.9999987699075639,17.821956087016858,0.045777635925762526,81.02258666145389,31.277578198244054,,,,,
DC-F,SRVCHP_SBORC,R1233zd(E),R227ea,pareto_DC-F_SRVCHP_SBORC_R1233zd(E)_R227ea.csv,0.010086559591248928,45.14220918771642,0.0025684693138248826,120.08644102903514,79.9999666282082,,,,,
DC-F,SRVCHP_SBORC,R1233zd(E),R227ea,pareto_DC-F_SRVCHP_SBORC_R1233zd(E)_R227ea.csv,0.010857074996933037,45.142212440548,0.00014765126757228955,120.08644102903514,79.99997233709327,,,,,
DC-F,SBVCHP_SBORC,R1233zd(E),R227ea,pareto_DC-F_SBVCHP_SBORC_R1233zd(E)_R227ea.csv,0.011671329733934362,45.140420150253995,0.0071488726341397265,120.17717627626236,79.99996402181839,,,,,
DC-F,SBVCHP_SBORC,R1233zd(E),R227ea,pareto_DC-F_SBVCHP_SBORC_R1233zd(E)_R227ea.csv,0.013797653369240133,45.140420150253995,0.0031504058955391704,120.17717627626236,79.99996402181839,,,,,
DC-F,SRVCHP_SBORC,R1233zd(E),R227ea,pareto_DC-F_SRVCHP_SBORC_R1233zd(E)_R227ea.csv,0.02389836087886959,45.13820072305928,0.012938061262329341,120.28811414794191,79.99990609643541,,,,,
DC-F,SRVCHP_SBORC,R1233zd(E),R227ea,pareto_DC-F_SRVCHP_SBORC_R1233zd(E)_R227ea.csv,0.029942882333126433,45.13820072305928,0.006598546172762757,120.28811414794191,79.99990609643541,,,,,
DC-F,SBVCHP_SBORC,R1233zd(E),R227ea,pareto_DC-F_SBVCHP_SBORC_R1233zd(E)_R227ea.csv,0.03088777149060742,45.13699584303428,0.01646314678023297,120.35092055038578,79.99996465499058,,,,,
DC-F,SBVCHP_SBORC,R1233zd(E),R227ea,pareto_DC-F_SBVCHP_SBORC_R1233zd(E)_R227ea.csv,0.03281870757616914,45.13661965571194,0.01748658940943162,120.36999854046708,79.99996465499058,,,,,
DC-F,SRVCHP_SBORC,R1233zd(E),R227ea,pareto_DC-F_SRVCHP_SBORC_R1233zd(E)_R227ea.csv,0.047602202944004156,45.13720469864897,0.011994130486567504,120.34038503762486,79.9999666282082,,,,,
DC-F,SBVCHP_SBORC,R1233zd(E),R227ea,pareto_DC-F_SBVCHP_SBORC_R1233zd(E)_R227ea.csv,0.05589539496311861,45.13097976879187,0.03213614720213779,120.65598859681286,79.99996942603708,,,,,
DC-F,SBVCHP_SBORC,R1233zd(E),R227ea,pareto_DC-F_SBVCHP_SBORC_R1233zd(E)_R227ea.csv,0.05744418121281703,45.13166367624197,0.025167150496868566,120.62134224274207,79.99996942603708,,,,,
DC-F,SRVCHP_SBORC,R1233zd(E),R227ea,pareto_DC-F_SRVCHP_SBORC_R1233zd(E)_R227ea.csv,0.07701937446276357,45.129748821921524,0.04080607211364474,120.71824808062247,79.99996637832182,,,,,
DC-F,SRVCHP_SBORC,R1233zd(E),R227ea,pareto_DC-F_SRVCHP_SBORC_R1233zd(E)_R227ea.csv,0.08134096662040026,45.12497838188017,0.043298722735918414,120.76429533993856,79.99318846289755,,,,,
DC-F,SRVCHP_SBORC,R1233zd(E),R227ea,pareto_DC-F_SRVCHP_SBORC_R1233zd(E)_R227ea.csv,0.09353078480873356,45.129713117481934,0.023281690863879472,120.71824808062247,79.99990370276234,,,,,
DC-F,SBVCHP_SBORC,R1233zd(E),R227ea,pareto_DC-F_SBVCHP_SBORC_R1233zd(E)_R227ea.csv,0.0943525291085779,45.12431522948078,0.021280063204493754,120.99294410385566,79.99995466484432,,,,,
DC-F,SBVCHP_SBORC,R1233zd(E),R227ea,pareto_DC-F_SBVCHP_SBORC_R1233zd(E)_R227ea.csv,0.11479044910284654,45.11901058053353,0.028661378363725894,121.2620256728192,79.99998423794906,,,,,
DC-F,SBVCHP_SBORC,R1233zd(E),R227ea,pareto_DC-F_SBVCHP_SBORC_R1233zd(E)_R227ea.csv,0.11479044910284654,45.11901058053353,0.028661378363725894,121.2620256728192,79.99998423794906,,,,,
DC-F,SRVCHP_SBORC,R1233zd(E),R227ea,pareto_DC-F_SRVCHP_SBORC_R1233zd(E)_R227ea.csv,0.1253413897874665,45.124154860833386,0.017329332293590672,120.94588257026021,79.99804022135929,,,,,
DC-F,SBVCHP_SBORC,R1233zd(E),R227ea,pareto_DC-F_SBVCHP_SBORC_R1233zd(E)_R227ea.csv,0.13932688306504784,45.109858755550334,0.03540906410103392,121.61759728289115,79.99627645424192,,,,,
DC-F,SRVCHP_SBORC,R1233zd(E),R227ea,pareto_DC-F_SRVCHP_SBORC_R1233zd(E)_R227ea.csv,0.15955763278384963,45.11839399675704,0.02025274744802015,121.27896465735964,79.99949016495711,,,,,
DC-F,SRVCHP_SBORC,R1233zd(E),R227ea,pareto_DC-F_SRVCHP_SBORC_R1233zd(E)_R227ea.csv,0.17304308141417932,45.104953379553194,0.0915030363533386,121.96914719108942,79.9999011794805,,,,,
DC-F,SBVCHP_SBORC,R1233zd(E),R227ea,pareto_DC-F_SBVCHP_SBORC_R1233zd(E)_R227ea.csv,0.18173073318434654,45.08739298330816,0.10523056405855342,122.83346490628182,79.9992213044754,,,,,
DC-F,SRVCHP_SBORC,R1233zd(E),R227ea,pareto_DC-F_SRVCHP_SBORC_R1233zd(E)_R227ea.csv,0.20914215496886382,45.103317890065284,0.052759873472676216,121.96690862324401,79.99695111684014,,,,,
DC-F,SRVCHP_SBORC,R1233zd(E),R227ea,pareto_DC-F_SRVCHP_SBORC_R1233zd(E)_R227ea.csv,0.21241978764534655,45.102807518496014,0.050642298884663296,121.99263481219813,79.99695111684014,,,,,
DC-F,SRVCHP_SBORC,R1233zd(E),R227ea,pareto_DC-F_SRVCHP_SBORC_R1233zd(E)_R227ea.csv,0.23043643382898482,45.097687921133904,0.06855486959862701,122.33527894240008,79.99990613518928,,,,,
DC-F,SBVCHP_SBORC,R1233zd(E),R227ea,pareto_DC-F_SBVCHP_SBORC_R1233zd(E)_R227ea.csv,0.23483762888696216,45.05941273705278,0.11291696674738491,124.02927442763043,79.99195504153991,,,,,
DC-F,SRVCHP_SBORC,R1233zd(E),R227ea,pareto_DC-F_SRVCHP_SBORC_R1233zd(E)_R227ea.csv,0.2514450012509928,45.05639345115233,0.10363100874192784,123.26187429073701,79.95974882643146,,,,,
DC-F,SRVCHP_SBORC,R1233zd(E),R227ea,pareto_DC-F_SRVCHP_SBORC_R1233zd(E)_R227ea.csv,0.26782421046204485,45.090209228181116,0.060777070841051155,122.71143586770327,79.99990358596574,,,,,
DC-F,SRVCHP_SBORC,R1233zd(E),R227ea,pareto_DC-F_SRVCHP_SBORC_R1233zd(E)_R227ea.csv,0.2844745103433954,45.079966793044775,0.058650184513849214,123.21580021167745,79.9995502290988,,,,,
DC-F,SRVCHP_SBORC,R1233zd(E),R227ea,pareto_DC-F_SRVCHP_SBORC_R1233zd(E)_R227ea.csv,0.28604811617764725,45.05731126413475,0.058973572565422426,123.21580021167745,79.95974882643146,,,,,
DC-F,SRVCHP_SBORC,R1233zd(E),R227ea,pareto_DC-F_SRVCHP_SBORC_R1233zd(E)_R227ea.csv,0.3030083088533354,45.04552444898018,0.16698054468789927,124.75865843709296,79.99318897063998,,,,,
DC-F,SRVCHP_SBORC,R1233zd(E),R227ea,pareto_DC-F_SRVCHP_SBORC_R1233zd(E)_R227ea.csv,0.32155901470947607,45.0346031340077,0.17839928890008755,125.30350388749767,79.99318897063998,,,,,
DC-F,SRVCHP_SBORC,R1233zd(E),R227ea,pareto_DC-F_SRVCHP_SBORC_R1233zd(E)_R227ea.csv,0.363420892880322,45.0137770516084,0.20031377759239602,126.5208593130588,79.99959410377556,,,,,
DC-F,SRVCHP_SBORC,R1233zd(E),R227ea,pareto_DC-F_SRVCHP_SBORC_R1233zd(E)_R227ea.csv,0.37347909078529345,44.980725721191746,0.2117286570810479,126.9501829644928,79.95667300610175,,,,,
DC-F,SRVCHP_SBORC,R1233zd(E),R227ea,pareto_DC-F_SRVCHP_SBORC_R1233zd(E)_R227ea.csv,0.38980677054437896,41.465247044890894,0.21495191281134787,123.88946917425655,73.66953971413622,,,,,
DC-F,SRVCHP_SRORC,R1233zd(E),R227ea,pareto_DC-F_SRVCHP_SRORC_R1233zd(E)_R227ea.csv,0.39678022781972644,40.19407942346071,0.22276384865385046,125.84234385443003,71.49694633563783,,,,,
DC-F,SRVCHP_SBORC,R1233zd(E),R227ea,pareto_DC-F_SRVCHP_SBORC_R1233zd(E)_R227ea.csv,0.42120236665163235,44.451382242607984,0.20453024765507652,127.10361237028653,79.03089818108293,,,,,
DC-F,SRVCHP_SBORC,R1233zd(E),R227ea,pareto_DC-F_SRVCHP_SBORC_R1233zd(E)_R227ea.csv,0.43836124685386424,41.8189481197853,0.1669650636731944,124.03138522258222,74.29614324304897,,,,,
DC-F,SRVCHP_SRORC,R1233zd(E),R227ea,pareto_DC-F_SRVCHP_SRORC_R1233zd(E)_R227ea.csv,0.4480729945803514,38.69093912171469,0.25615992865136233,125.94608097558088,68.85384534420884,,,,,
DC-F,SRVCHP_SRORC,R1233zd(E),R227ea,pareto_DC-F_SRVCHP_SRORC_R1233zd(E)_R227ea.csv,0.45201675984294704,38.612013446890366,0.26019028570291713,126.04051036628746,68.71780391169042,,,,,
DC-F,SRVCHP_SRORC,R1233zd(E),R227ea,pareto_DC-F_SRVCHP_SRORC_R1233zd(E)_R227ea.csv,0.45343160374610936,40.04645494297245,0.24810594258851956,127.13663293694921,71.27884029436278,,,,,
DC-F,SRVCHP_SRORC,R1233zd(E),R227ea,pareto_DC-F_SRVCHP_SRORC_R1233zd(E)_R227ea.csv,0.45661933473004895,37.125853575075354,0.25811189403653756,124.85726631920606,66.06417027032789,,,,,
DC-F,SRVCHP_SBORC,R1233zd(E),R227ea,pareto_DC-F_SRVCHP_SBORC_R1233zd(E)_R227ea.csv,0.4570849401739136,41.23500474772653,0.1577008660417824,123.88946917425655,73.26468660486702,,,,,
DC-F,SRVCHP_SBORC,R1233zd(E),R227ea,pareto_DC-F_SRVCHP_SBORC_R1233zd(E)_R227ea.csv,0.45741528091691486,33.99975940000675,0.23387128699727835,120.15035015808289,60.42491192297996,,,,,
DC-F,SRVCHP_SRORC,R1233zd(E),R1234ze(E),pareto_DC-F_SRVCHP_SRORC_R1233zd(E)_R1234ze(E).csv,0.4577825908811135,34.50948911649217,0.23108600283717895,127.27611961180492,61.52263571154182,,,,,
DC-F,SRVCHP_SBORC,R1233zd(E),R227ea,pareto_DC-F_SRVCHP_SBORC_R1233zd(E)_R227ea.csv,0.4599434032970178,41.23484094197659,0.15534623090464472,123.89825809162183,73.26468660486702,,,,,
DC-F,SRVCHP_SRORC,R1233zd(E),R1234ze(E),pareto_DC-F_SRVCHP_SRORC_R1233zd(E)_R1234ze(E).csv,0.4655651038922688,28.302124676915096,0.27179963133008467,125.26436860935439,50.50592873657952,,,,,
DC-F,SRVCHP_SRORC,R1233zd(E),R1234ze(E),pareto_DC-F_SRVCHP_SRORC_R1233zd(E)_R1234ze(E).csv,0.4681188866328925,26.60885992592744,0.2740242930325889,123.71591593785139,47.47612100873663,,,,,
DC-F,SRVCHP_SBORC,R1233zd(E),R227ea,pareto_DC-F_SRVCHP_SBORC_R1233zd(E)_R227ea.csv,0.46822888991767175,40.29698311586091,0.1931106046470017,124.0859373725911,71.62138041377008,,,,,
DC-F,SRVCHP_SBORC,R1233zd(E),R1234ze(E),pareto_DC-F_SRVCHP_SBORC_R1233zd(E)_R1234ze(E).csv,0.4710221315061736,25.055908551514285,0.2740690766838947,122.56466675042299,44.70429063736315,,,,,
DC-F,SRVCHP_SRORC,R1233zd(E),R227ea,pareto_DC-F_SRVCHP_SRORC_R1233zd(E)_R227ea.csv,0.47126029320658364,32.68459022668586,0.27067385670717486,123.01937241170543,58.18650463490373,,,,,
DC-F,SRVCHP_SBORC,R1233zd(E),R227ea,pareto_DC-F_SRVCHP_SBORC_R1233zd(E)_R227ea.csv,0.47652417196304303,44.19283891361847,0.13561311919500396,126.90272430025018,78.56901391209449,,,,,
DC-F,SRVCHP_SBORC,R1233zd(E),R227ea,pareto_DC-F_SRVCHP_SBORC_R1233zd(E)_R227ea.csv,0.4784565016449995,34.721242341922725,0.22100789462502482,121.23442990524892,61.724933876261616,,,,,
DC-F,SRVCHP_SRORC,R1233zd(E),R1234ze(E),pareto_DC-F_SRVCHP_SRORC_R1233zd(E)_R1234ze(E).csv,0.48018184154323446,24.557748896003773,0.26840328251346524,119.80769842604865,43.766323726392244,,,,,
DC-F,SRVCHP_SRORC,R1233zd(E),R227ea,pareto_DC-F_SRVCHP_SRORC_R1233zd(E)_R227ea.csv,0.4832217985492884,32.68459022668586,0.2633386360226378,123.01937241170543,58.18650463490373,,,,,
DC-F,SRVCHP_SRORC,R1233zd(E),R1234ze(E),pareto_DC-F_SRVCHP_SRORC_R1233zd(E)_R1234ze(E).csv,0.4859334285231141,20.50200287293125,0.2642567918193984,112.42169293342924,36.46265590140026,,,,,
DC-F,SRVCHP_SBORC,R1233zd(E),R1234ze(E),pareto_DC-F_SRVCHP_SBORC_R1233zd(E)_R1234ze(E).csv,0.48751148905947994,33.4157304646405,0.2173352823083279,127.0349414574146,59.585439336906404,,,,,
DC-F,SRVCHP_SRORC,R1233zd(E),R227ea,pareto_DC-F_SRVCHP_SRORC_R1233zd(E)_R227ea.csv,0.48888241954776857,41.9362765182517,0.03208580603249167,127.36563822876579,74.61384127198032,,,,,
DC-F,SRVCHP_SRORC,R1233zd(E),R1234ze(E),pareto_DC-F_SRVCHP_SRORC_R1233zd(E)_R1234ze(E).csv,0.489870358658206,24.386602876387528,0.2602360336727655,119.79265095614171,43.4635005248669,,,,,
DC-F,SRVCHP_SRORC,R1233zd(E),R1234ze(E),pareto_DC-F_SRVCHP_SRORC_R1233zd(E)_R1234ze(E).csv,0.48999165546406603,24.951826469846832,0.2545789414124398,119.57298257286605,44.4579089032882,,,,,
DC-F,SRVCHP_SBORC,R1233zd(E),R227ea,pareto_DC-F_SRVCHP_SBORC_R1233zd(E)_R227ea.csv,0.4933602655224067,29.715910376376215,0.23277306564859968,118.02343604293871,52.82741438149591,,,,,
DC-F,SRVCHP_SRORC,R1233zd(E),R1234ze(E),pareto_DC-F_SRVCHP_SRORC_R1233zd(E)_R1234ze(E).csv,0.4968574403236286,19.50056574517581,0.2680337646109991,112.86089057390346,34.70089956122763,,,,,
DC-F,SRVCHP_SRORC,R1233zd(E),R1234ze(E),pareto_DC-F_SRVCHP_SRORC_R1233zd(E)_R1234ze(E).csv,0.49827597423123565,17.21587492520299,0.27893329770675174,113.8778990530901,30.67504281323554,,,,,
DC-F,SRVCHP_SBORC,R1233zd(E),R227ea,pareto_DC-F_SRVCHP_SBORC_R1233zd(E)_R227ea.csv,0.49944368308751935,27.019476357232964,0.22511640292527446,116.08937413484564,48.03153806193071,,,,,
DC-F,SRVCHP_SRORC,R1233zd(E),R1234ze(E),pareto_DC-F_SRVCHP_SRORC_R1233zd(E)_R1234ze(E).csv,0.5028557592867777,18.683241356886228,0.2733814464715648,114.73926264256332,33.28548420691598,,,,,
DC-F,SRVCHP_SRORC,R1233zd(E),R1234ze(E),pareto_DC-F_SRVCHP_SRORC_R1233zd(E)_R1234ze(E).csv,0.5054801178343281,14.518531508019203,0.2850967507952839,113.77113533158192,25.893364157819448,,,,,
DC-F,SRVCHP_SRORC,R1233zd(E),R1234ze(E),pareto_DC-F_SRVCHP_SRORC_R1233zd(E)_R1234ze(E).csv,0.5068947433058981,16.92371051361296,0.2766644793023562,114.70459107392655,30.169421153297,,,,,
DC-F,SRVCHP_SBORC,R1233zd(E),R1234ze(E),pareto_DC-F_SRVCHP_SBORC_R1233zd(E)_R1234ze(E).csv,0.5084749717968702,27.305932951134466,0.22489489299472995,122.56680195265089,48.682642117579924,,,,,
DC-F,SRVCHP_SBORC,R1233zd(E),R227ea,pareto_DC-F_SRVCHP_SBORC_R1233zd(E)_R227ea.csv,0.5115437448966661,41.46986994158283,0.131761940662991,125.31253116407832,73.72462761921071,,,,,
DC-F,SRVCHP_SRORC,R1233zd(E),R227ea,pareto_DC-F_SRVCHP_SRORC_R1233zd(E)_R227ea.csv,0.5133652189895013,15.983343139505337,0.2797345556662116,109.98889338624988,28.439593930747904,,,,,
DC-F,SRVCHP_SRORC,R1233zd(E),R227ea,pareto_DC-F_SRVCHP_SRORC_R1233zd(E)_R227ea.csv,0.5134558970125817,37.100580880085104,0.2053808083457928,124.90579107310793,66.02112142122404,,,,,
DC-F,SRVCHP_SRORC,R1233zd(E),R227ea,pareto_DC-F_SRVCHP_SRORC_R1233zd(E)_R227ea.csv,0.5170193530453959,32.70016344705842,0.2129421304487236,121.99480104427964,58.18650463490373,,,,,
DC-F,SRVCHP_SBORC,R1233zd(E),R227ea,pareto_DC-F_SRVCHP_SBORC_R1233zd(E)_R227ea.csv,0.5175421798406116,24.92968454841285,0.22518276677602952,116.09053540951446,44.34669903511093,,,,,
DC-F,SRVCHP_SRORC,R1233zd(E),R227ea,pareto_DC-F_SRVCHP_SRORC_R1233zd(E)_R227ea.csv,0.5231950085369346,38.68727447584053,0.17581272196050238,125.94531380684806,68.84736784951448,,,,,
DC-F,SRVCHP_SRORC,R1233zd(E),R1234ze(E),pareto_DC-F_SRVCHP_SRORC_R1233zd(E)_R1234ze(E).csv,0.523863852210172,32.53705903508851,0.1659153793324615,125.30621697377704,57.98761366078579,,,,,
DC-F,SRVCHP_SRORC,R1233zd(E),R227ea,pareto_DC-F_SRVCHP_SRORC_R1233zd(E)_R227ea.csv,0.5306748651615201,19.471878406827926,0.25115934479293167,110.61288411907216,34.61372207904803,,,,,
DC-F,SRVCHP_SBORC,R1233zd(E),R1234ze(E),pareto_DC-F_SRVCHP_SBORC_R1233zd(E)_R1234ze(E).csv,0.5314314343637476,33.52118236688156,0.15346393082010032,127.02560260697481,59.77133060629847,,,,,
DC-F,SRVCHP_SRORC,R1233zd(E),R227ea,pareto_DC-F_SRVCHP_SRORC_R1233zd(E)_R227ea.csv,0.5333882212865032,14.046479788392194,0.27448853271271934,109.98889338624988,25.011187570150263,,,,,
DC-F,SRVCHP_SRORC,R1233zd(E),R227ea,pareto_DC-F_SRVCHP_SRORC_R1233zd(E)_R227ea.csv,0.5346098501957535,18.165082748349988,0.24068181301960478,105.7312390271352,32.23195990069533,,,,,
DC-F,SRVCHP_SRORC,R1233zd(E),R227ea,pareto_DC-F_SRVCHP_SRORC_R1233zd(E)_R227ea.csv,0.5387912966983084,24.54137439630978,0.21516212431434537,113.84847224053901,43.61603586829269,,,,,
DC-F,SRVCHP_SRORC,R1233zd(E),R1234ze(E),pareto_DC-F_SRVCHP_SRORC_R1233zd(E)_R1234ze(E).csv,0.5448551505010427,26.608943772258446,0.20356629738980672,123.70922839555269,47.47612100873663,,,,,
DC-F,SRVCHP_SRORC,R1233zd(E),R227ea,pareto_DC-F_SRVCHP_SRORC_R1233zd(E)_R227ea.csv,0.5466739416902733,14.326458940797949,0.26588250698958416,110.60765607025319,25.51450208825156,,,,,
DC-F,SRVCHP_SRORC,R1233zd(E),R1234ze(E),pareto_DC-F_SRVCHP_SRORC_R1233zd(E)_R1234ze(E).csv,0.5477060002121219,26.03733467059777,0.19213626981988002,119.78984115994585,46.38005439248503,,,,,
DC-F,SRVCHP_SRORC,R1233zd(E),R1234ze(E),pareto_DC-F_SRVCHP_SRORC_R1233zd(E)_R1234ze(E).csv,0.5520672009396981,26.0514532838901,0.18222342482305678,119.78984115994585,46.40498866793608,,,,,
DC-F,SRVCHP_SRORC,R1233zd(E),R227ea,pareto_DC-F_SRVCHP_SRORC_R1233zd(E)_R227ea.csv,0.5557299103464572,24.357339821770886,0.22827462221593764,117.08711601826694,43.35693479488334,,,,,
DC-F,SRVCHP_SRORC,R1233zd(E),R227ea,pareto_DC-F_SRVCHP_SRORC_R1233zd(E)_R227ea.csv,0.5566579565049771,38.94681384694958,0.13324753023691174,126.36479821234533,69.31760649120356,,,,,
DC-F,SRVCHP_SRORC,R1233zd(E),R227ea,pareto_DC-F_SRVCHP_SRORC_R1233zd(E)_R227ea.csv,0.5593217983352113,22.589636481893297,0.218346901738425,113.72126025927957,40.171123157042985,,,,,
DC-F,SRVCHP_SBORC,R1233zd(E),R227ea,pareto_DC-F_SRVCHP_SBORC_R1233zd(E)_R227ea.csv,0.5633321176879291,35.97734760935212,0.08530006669995362,120.96681197019464,63.927578394471716,,,,,
DC-F,SRVCHP_SRORC,R1233zd(E),R227ea,pareto_DC-F_SRVCHP_SRORC_R1233zd(E)_R227ea.csv,0.5633905612388005,34.95324573140329,0.12459254787747075,122.38806642776018,62.16600432856952,,,,,
DC-F,SRVCHP_SRORC,R1233zd(E),R1234ze(E),pareto_DC-F_SRVCHP_SRORC_R1233zd(E)_R1234ze(E).csv,0.5636325199046819,22.81680375981357,0.19942103349845094,120.09355311235619,40.69310393746325,,,,,
DC-F,SRVCHP_SRORC,R1233zd(E),R227ea,pareto_DC-F_SRVCHP_SRORC_R1233zd(E)_R227ea.csv,0.5709626880286153,33.49552989418316,0.1601991462571051,123.71918283921178,59.63502350220692,,,,,
DC-F,SRVCHP_SRORC,R1233zd(E),R227ea,pareto_DC-F_SRVCHP_SRORC_R1233zd(E)_R227ea.csv,0.5709626880286153,33.49552989418316,0.1601991462571051,123.71918283921178,59.63502350220692,,,,,
DC-F,SRVCHP_SRORC,R1233zd(E),R227ea,pareto_DC-F_SRVCHP_SRORC_R1233zd(E)_R227ea.csv,0.5713916748442801,40.06134582390919,0.04538453995811301,127.36563822876579,71.31246780794692,,,,,
DC-F,SRVCHP_SRORC,R1233zd(E),R227ea,pareto_DC-F_SRVCHP_SRORC_R1233zd(E)_R227ea.csv,0.5739346591702276,34.32394908562489,0.1298721457721386,123.71020792101976,61.0948372667725,,,,,
DC-F,SRVCHP_SBORC,R1233zd(E),R227ea,pareto_DC-F_SRVCHP_SBORC_R1233zd(E)_R227ea.csv,0.5741819377837337,30.034648378100023,0.13705168152447972,118.1287745986597,53.39141589637247,,,,,
DC-F,SRVCHP_SRORC,R1233zd(E),R227ea,pareto_DC-F_SRVCHP_SRORC_R1233zd(E)_R227ea.csv,0.575875690029276,18.54941476510727,0.20090683599188086,104.71332230047452,32.89390585238709,,,,,
DC-F,SRVCHP_SRORC,R1233zd(E),R1234ze(E),pareto_DC-F_SRVCHP_SRORC_R1233zd(E)_R1234ze(E).csv,0.577149934179694,26.834182140334647,0.13349719763105233,119.57152419573261,47.7821838761983,,,,,
DC-F,SRVCHP_SBORC,R1233zd(E),R227ea,pareto_DC-F_SRVCHP_SBORC_R1233zd(E)_R227ea.csv,0.5774702752718232,31.7897786142388,0.12050694649611708,119.76499981102634,56.52395603499112,,,,,
DC-F,SRVCHP_SRORC,R1233zd(E),R1234ze(E),pareto_DC-F_SRVCHP_SRORC_R1233zd(E)_R1234ze(E).csv,0.5791783256466796,30.29228345575971,0.11609936633691564,125.45792179671184,54.02809732583839,,,,,
DC-F,SRVCHP_SRORC,R1233zd(E),R1234ze(E),pareto_DC-F_SRVCHP_SRORC_R1233zd(E)_R1234ze(E).csv,0.5818156930827602,28.977648563172895,0.12587094406372087,125.00856043868984,51.694054244023505,,,,,
DC-F,SRVCHP_SRORC,R1233zd(E),R227ea,pareto_DC-F_SRVCHP_SRORC_R1233zd(E)_R227ea.csv,0.5894611204582281,37.63596234102536,0.0809424798642271,126.20506230050972,67.00361703693912,,,,,
DC-F,SRVCHP_SRORC,R1233zd(E),R1234ze(E),pareto_DC-F_SRVCHP_SRORC_R1233zd(E)_R1234ze(E).csv,0.5916561990510318,29.93421387812621,0.08724039407209165,125.25336490081229,53.39038820521869,,,,,
DC-F,SRVCHP_SRORC,R1233zd(E),R227ea,pareto_DC-F_SRVCHP_SRORC_R1233zd(E)_R227ea.csv,0.5944486077891861,25.237532862966713,0.17975220761585503,117.457620857749,44.91835238102151,,,,,
DC-F,SRVCHP_SRORC,R1233zd(E),R227ea,pareto_DC-F_SRVCHP_SRORC_R1233zd(E)_R227ea.csv,0.5970046368619039,37.63596234102536,0.08091111866416602,126.20506230050972,67.00361703693912,,,,,
DC-F,SRVCHP_SRORC,R1233zd(E),R227ea,pareto_DC-F_SRVCHP_SRORC_R1233zd(E)_R227ea.csv,0.5987748585144443,28.95389809601381,0.07565311220832577,116.73105878678327,51.45420665372456,,,,,
DC-F,SRVCHP_SRORC,R1233zd(E),R227ea,pareto_DC-F_SRVCHP_SRORC_R1233zd(E)_R227ea.csv,0.6001156662532312,22.71594011018647,0.17369333142370227,113.68917717447596,40.39339756902335,,,,,
DC-F,SRVCHP_SRORC,R1233zd(E),R1234ze(E),pareto_DC-F_SRVCHP_SRORC_R1233zd(E)_R1234ze(E).csv,0.6007541085236858,17.27346977171526,0.19594178512770463,113.8778990530901,30.777021500843684,,,,,
DC-F,SRVCHP_SRORC,R1233zd(E),R1234ze(E),pareto_DC-F_SRVCHP_SRORC_R1233zd(E)_R1234ze(E).csv,0.6007887820053994,19.940230386406352,0.1728478408645071,112.7692581623963,35.47627096645477,,,,,
DC-F,SRVCHP_SRORC,R1233zd(E),R227ea,pareto_DC-F_SRVCHP_SRORC_R1233zd(E)_R227ea.csv,0.6061757654180158,25.293203025918054,0.15693698386397245,117.07117521442257,45.00850690913743,,,,,
DC-F,SRVCHP_SRORC,R1233zd(E),R227ea,pareto_DC-F_SRVCHP_SRORC_R1233zd(E)_R227ea.csv,0.6127632365172125,17.412873050188466,0.180213697660446,105.4484661365246,30.901374855613284,,,,,
DC-F,SRVCHP_SRORC,R1233zd(E),R227ea,pareto_DC-F_SRVCHP_SRORC_R1233zd(E)_R227ea.csv,0.6146081830071128,28.977298908523043,0.035415882367318796,116.69986237611863,51.49467831703107,,,,,
DC-F,SRVCHP_SRORC,R1233zd(E),R227ea,pareto_DC-F_SRVCHP_SRORC_R1233zd(E)_R227ea.csv,0.6147898567529014,28.4249301813527,0.0779690837723664,116.73105878678327,50.52249887875902,,,,,
DC-F,SRVCHP_SRORC,R1233zd(E),R1234ze(E),pareto_DC-F_SRVCHP_SRORC_R1233zd(E)_R1234ze(E).csv,0.6161972647799322,21.912056557359143,0.12652862713934648,119.52672000962615,39.08131215675598,,,,,
DC-F,SRVCHP_SBORC,R1233zd(E),R227ea,pareto_DC-F_SRVCHP_SBORC_R1233zd(E)_R227ea.csv,0.6189002910869655,22.35171021165276,0.10871483328304972,107.82528437481862,39.64244307163822,,,,,
DC-F,SRVCHP_SRORC,R1233zd(E),R1234ze(E),pareto_DC-F_SRVCHP_SRORC_R1233zd(E)_R1234ze(E).csv,0.6223753728718975,25.49417680111162,0.07369982368033819,119.88269266391356,45.42263107242209,,,,,
DC-F,SRVCHP_SBORC,R1233zd(E),R227ea,pareto_DC-F_SRVCHP_SBORC_R1233zd(E)_R227ea.csv,0.6223938681019232,21.825888255963132,0.10977041027999732,107.82528437481862,38.71665705418629,,,,,
DC-F,SRVCHP_SRORC,R1233zd(E),R1234ze(E),pareto_DC-F_SRVCHP_SRORC_R1233zd(E)_R1234ze(E).csv,0.6235884040641791,25.49417680111162,0.07369530638402044,119.88269266391356,45.42263107242209,,,,,
DC-F,SRVCHP_SBORC,R1233zd(E),R1234ze(E),pareto_DC-F_SRVCHP_SBORC_R1233zd(E)_R1234ze(E).csv,0.6237947985495819,17.34081415208926,0.15973393067983227,113.95557270310418,30.89738821342653,,,,,
DC-F,SRVCHP_SRORC,R1233zd(E),R227ea,pareto_DC-F_SRVCHP_SRORC_R1233zd(E)_R227ea.csv,0.6249499711843198,21.421592990287945,0.15475607749204326,112.81577882938852,38.09306194117299,,,,,
DC-F,SRVCHP_SRORC,R1233zd(E),R227ea,pareto_DC-F_SRVCHP_SRORC_R1233zd(E)_R227ea.csv,0.6273770797960339,15.765641292730837,0.16254906421888035,96.57719495636005,27.879520672562748,,,,,
DC-F,SRVCHP_SRORC,R1233zd(E),R1234ze(E),pareto_DC-F_SRVCHP_SRORC_R1233zd(E)_R1234ze(E).csv,0.6308919792571671,22.529477396462184,0.10256428848494416,118.68926282032946,40.158183353997195,,,,,
DC-F,SRVCHP_SRORC,R1233zd(E),R227ea,pareto_DC-F_SRVCHP_SRORC_R1233zd(E)_R227ea.csv,0.63159219752427,15.269273975900674,0.16607988402904525,96.65175223870634,27.00740416260332,,,,,
DC-F,SRVCHP_SRORC,R1233zd(E),R227ea,pareto_DC-F_SRVCHP_SRORC_R1233zd(E)_R227ea.csv,0.6320544171733379,15.269273975900674,0.16576931922790528,96.65175223870634,27.00740416260332,,,,,
DC-F,SRVCHP_SBORC,R1233zd(E),R227ea,pareto_DC-F_SRVCHP_SBORC_R1233zd(E)_R227ea.csv,0.6358273888302706,23.748525558234242,0.07979487377629062,112.08508887922572,42.18344696400881,,,,,
DC-F,SRVCHP_SBORC,R1233zd(E),R227ea,pareto_DC-F_SRVCHP_SBORC_R1233zd(E)_R227ea.csv,0.6392934763825849,14.124528062639358,0.16511036973163531,99.54035266458968,25.026373938120777,,,,,
DC-F,SRVCHP_SRORC,R1233zd(E),R227ea,pareto_DC-F_SRVCHP_SRORC_R1233zd(E)_R227ea.csv,0.6395467073102328,21.775516994715225,0.13045802448063626,113.122060386226,38.72327349965656,,,,,
DC-F,SRVCHP_SRORC,R1233zd(E),R227ea,pareto_DC-F_SRVCHP_SRORC_R1233zd(E)_R227ea.csv,0.6397834383248426,26.543318936506246,0.03719885610074447,118.02109629766423,47.23463943441804,,,,,
DC-F,SRVCHP_SRORC,R1233zd(E),R227ea,pareto_DC-F_SRVCHP_SRORC_R1233zd(E)_R227ea.csv,0.6407913916009588,25.870977673369758,0.040233712749731254,115.3237846937859,45.990577246584536,,,,,
DC-F,SRVCHP_SBORC,R1233zd(E),R227ea,pareto_DC-F_SRVCHP_SBORC_R1233zd(E)_R227ea.csv,0.6420598506878192,15.385551142247216,0.14747993253009217,100.41189560601676,27.259345458401334,,,,,
DC-F,SRVCHP_SRORC,R1233zd(E),R227ea,pareto_DC-F_SRVCHP_SRORC_R1233zd(E)_R227ea.csv,0.6459901148492595,26.866730157904968,0.03674083042545434,117.89665517152808,47.80239746500419,,,,,
DC-F,SRVCHP_SBORC,R1233zd(E),R227ea,pareto_DC-F_SRVCHP_SBORC_R1233zd(E)_R227ea.csv,0.6506429993320094,18.841697069982448,0.1073059791506162,108.25916506541515,33.46404749935014,,,,,
DC-F,SRVCHP_SRORC,R1233zd(E),R227ea,pareto_DC-F_SRVCHP_SRORC_R1233zd(E)_R227ea.csv,0.6532429565224773,25.63552204666348,0.0025141263553310187,117.255148686342,45.61643143899123,,,,,
DC-F,SRVCHP_SRORC,R1233zd(E),R227ea,pareto_DC-F_SRVCHP_SRORC_R1233zd(E)_R227ea.csv,0.6550183973762663,25.472009075544655,0.060384835675293784,117.08711601826694,45.324358899442196,,,,,
DC-F,SRVCHP_SBORC,R1233zd(E),R134a,pareto_DC-F_SRVCHP_SBORC_R1233zd(E)_R134a.csv,0.6559462483341529,14.760630261981667,0.12009849438933798,92.93452638843006,26.067927767771106,,,,,
DC-F,SRVCHP_SRORC,R1233zd(E),R227ea,pareto_DC-F_SRVCHP_SRORC_R1233zd(E)_R227ea.csv,0.664036667613671,23.515754624566295,0.008217147383296864,116.89279590470363,41.86690670618803,,,,,
DC-F,SRVCHP_SRORC,R1233zd(E),R227ea,pareto_DC-F_SRVCHP_SRORC_R1233zd(E)_R227ea.csv,0.6640816400722043,21.51727791232597,0.09969295011224925,112.99632311517901,38.265185614886306,,,,,
DC-F,SRVCHP_SRORC,R1233zd(E),R227ea,pareto_DC-F_SRVCHP_SRORC_R1233zd(E)_R227ea.csv,0.6655800451033032,21.554458433765955,0.09672853781525845,112.82374570147334,38.32772621671996,,,,,
DC-F,SRVCHP_SRORC,R1233zd(E),R227ea,pareto_DC-F_SRVCHP_SRORC_R1233zd(E)_R227ea.csv,0.6688215691816114,21.64248406889353,0.09010932938069847,112.73437776961704,38.48148516114834,,,,,
DC-F,SRVCHP_SRORC,R1233zd(E),R1234ze(E),pareto_DC-F_SRVCHP_SRORC_R1233zd(E)_R1234ze(E).csv,0.6732610891029605,18.182132599178054,0.07618547277019731,112.2924680858353,32.36128241283825,,,,,
DC-F,SRVCHP_SRORC,R1233zd(E),R227ea,pareto_DC-F_SRVCHP_SRORC_R1233zd(E)_R227ea.csv,0.6738771400756842,14.22470807790403,0.1530596854217151,96.66767656537915,25.16938640435566,,,,,
DC-F,SRVCHP_SRORC,R1233zd(E),R1234ze(E),pareto_DC-F_SRVCHP_SRORC_R1233zd(E)_R1234ze(E).csv,0.6747199506176997,16.34063790584349,0.11277591571621111,110.77234529912744,29.082268332118076,,,,,
DC-F,SRVCHP_SBORC,R1233zd(E),R227ea,pareto_DC-F_SRVCHP_SBORC_R1233zd(E)_R227ea.csv,0.6767819264883017,16.26827653953426,0.11528445383844621,100.17137362822291,28.811041950332207,,,,,
DC-F,SRVCHP_SRORC,R1233zd(E),R1234ze(E),pareto_DC-F_SRVCHP_SRORC_R1233zd(E)_R1234ze(E).csv,0.6821385570955737,14.640449810488294,0.12730062300665917,110.67013944471309,26.07141946071285,,,,,
DC-F,SRVCHP_SBORC,R1233zd(E),R134a,pareto_DC-F_SRVCHP_SBORC_R1233zd(E)_R134a.csv,0.6844382490600491,17.20628987791368,0.06081309784001418,94.66800546639583,30.385466687364435,,,,,
DC-F,SRVCHP_SRORC,R1233zd(E),R227ea,pareto_DC-F_SRVCHP_SRORC_R1233zd(E)_R227ea.csv,0.69026145409525,20.41982959644161,0.011356535580140522,110.36232814257647,36.28260286145643,,,,,
DC-F,SRVCHP_SRORC,R1233zd(E),R227ea,pareto_DC-F_SRVCHP_SRORC_R1233zd(E)_R227ea.csv,0.6925901254912253,20.221800742817653,0.01182294025091201,110.30700882990831,35.93227307601276,,,,,
DC-F,SRVCHP_SBORC,R1233zd(E),R227ea,pareto_DC-F_SRVCHP_SBORC_R1233zd(E)_R227ea.csv,0.6926161861625796,16.694601262063387,0.09510010543376916,100.71041374839689,29.568998346901683,,,,,
DC-F,SRVCHP_SBORC,R1233zd(E),R1234ze(E),pareto_DC-F_SRVCHP_SBORC_R1233zd(E)_R1234ze(E).csv,0.6948088958890731,15.306725571530288,0.11334415624987465,99.08529975234578,27.103754991802216,,,,,
DC-F,SRVCHP_SBORC,R1233zd(E),R1234ze(E),pareto_DC-F_SRVCHP_SBORC_R1233zd(E)_R1234ze(E).csv,0.6975218754937638,14.385676904372419,0.1268480672068283,98.42641632638583,25.47348044170876,,,,,
DC-F,SRVCHP_SRORC,R1233zd(E),R227ea,pareto_DC-F_SRVCHP_SRORC_R1233zd(E)_R227ea.csv,0.6984629134431205,19.401706192781155,0.03297138117671149,105.14782228631587,34.40207515675572,,,,,
DC-F,SRVCHP_SBORC,R1233zd(E),R227ea,pareto_DC-F_SRVCHP_SBORC_R1233zd(E)_R227ea.csv,0.6999912703389503,15.85180540588018,0.09657018803137007,100.71041374839689,28.084646574641845,,,,,
DC-F,SRVCHP_SRORC,R1233zd(E),R227ea,pareto_DC-F_SRVCHP_SRORC_R1233zd(E)_R227ea.csv,0.7019703251159951,19.130589744981798,0.033398323462558346,105.14782228631587,33.9245185711335,,,,,
DC-F,SRVCHP_SBORC,R1233zd(E),R134a,pareto_DC-F_SRVCHP_SBORC_R1233zd(E)_R134a.csv,0.7049802678982875,16.320214461476805,0.06265722475343465,94.66800546639583,28.829426923092953,,,,,
DC-F,SRVCHP_SRORC,R1233zd(E),R1234ze(E),pareto_DC-F_SRVCHP_SRORC_R1233zd(E)_R1234ze(E).csv,0.7084408840966493,14.263325534476701,0.11321682070674369,100.18686506060459,25.278637427820204,,,,,
DC-F,SRVCHP_SBORC,R1233zd(E),R227ea,pareto_DC-F_SRVCHP_SBORC_R1233zd(E)_R227ea.csv,0.7089207941454849,16.090347664087883,0.08990630928137909,98.38975429049897,28.474247283602242,,,,,
DC-F,SRVCHP_SBORC,R1233zd(E),R1234ze(E),pareto_DC-F_SRVCHP_SBORC_R1233zd(E)_R1234ze(E).csv,0.7140277471306474,14.848833639526088,0.10612272944423719,99.9473785982231,26.307809913907445,,,,,
DC-F,SRVCHP_SRORC,R1233zd(E),R227ea,pareto_DC-F_SRVCHP_SRORC_R1233zd(E)_R227ea.csv,0.7150322770470106,18.387971528327185,0.0429500123857494,104.43567693685227,32.60524336477596,,,,,
DC-F,SRVCHP_SRORC,R1233zd(E),R227ea,pareto_DC-F_SRVCHP_SRORC_R1233zd(E)_R227ea.csv,0.7163471305345233,17.412873050188466,0.0234131784716966,105.4484661365246,30.901374855613284,,,,,
DC-F,SRVCHP_SBORC,R1233zd(E),R1234ze(E),pareto_DC-F_SRVCHP_SBORC_R1233zd(E)_R1234ze(E).csv,0.7165669965047141,15.778852163208203,0.07561810186768139,98.97566210191206,27.933644248997986,,,,,
DC-F,SRVCHP_SBORC,R1233zd(E),R1234ze(E),pareto_DC-F_SRVCHP_SBORC_R1233zd(E)_R1234ze(E).csv,0.7192685564409428,14.866834415947501,0.10185822405748451,98.2847067205896,26.319209322669096,,,,,
DC-F,SRVCHP_SBORC,R1233zd(E),R227ea,pareto_DC-F_SRVCHP_SBORC_R1233zd(E)_R227ea.csv,0.7217706599618003,15.627060782295278,0.08116237785339561,100.21745345441136,27.68234790872829,,,,,
DC-F,SRVCHP_SRORC,R1233zd(E),R1234ze(E),pareto_DC-F_SRVCHP_SRORC_R1233zd(E)_R1234ze(E).csv,0.7217804117237294,14.131152797996553,0.10145717769744594,99.48143412984291,25.037364712170294,,,,,
DC-F,SRVCHP_SBORC,R1233zd(E),R227ea,pareto_DC-F_SRVCHP_SBORC_R1233zd(E)_R227ea.csv,0.7299982238596646,14.415742811189938,0.09303243397447225,98.38975429049897,25.526008571874822,,,,,
DC-F,SRVCHP_SBORC,R1233zd(E),R227ea,pareto_DC-F_SRVCHP_SBORC_R1233zd(E)_R227ea.csv,0.7307210416464949,16.3970538557659,0.040580840273724425,100.17137362822291,29.03778524159632,,,,,
DC-F,SRVCHP_SBORC,R1233zd(E),R227ea,pareto_DC-F_SRVCHP_SBORC_R1233zd(E)_R227ea.csv,0.7317421552427869,16.3970538557659,0.02839682208414677,100.17137362822291,29.03778524159632,,,,,
DC-F,SRVCHP_SRORC,R1233zd(E),R227ea,pareto_DC-F_SRVCHP_SRORC_R1233zd(E)_R227ea.csv,0.7322692600210589,16.340470602709082,0.029610749007142403,96.93299920011981,28.894955565785793,,,,,
DC-F,SRVCHP_SRORC,R1233zd(E),R1234ze(E),pareto_DC-F_SRVCHP_SRORC_R1233zd(E)_R1234ze(E).csv,0.73238705815164,14.914815001795752,0.081054838699178,100.78163772356918,26.434343154990348,,,,,
DC-F,SRVCHP_SBORC,R1233zd(E),R227ea,pareto_DC-F_SRVCHP_SBORC_R1233zd(E)_R227ea.csv,0.7383614258459331,14.839044367655754,0.07925349725822431,98.28432411024163,26.270268573007765,,,,,
DC-F,SRVCHP_SRORC,R1233zd(E),R227ea,pareto_DC-F_SRVCHP_SRORC_R1233zd(E)_R227ea.csv,0.7391783698834603,16.99642281479905,0.00380559567791053,97.09085208008295,30.050228708070993,,,,,
DC-F,SRVCHP_SRORC,R1233zd(E),R227ea,pareto_DC-F_SRVCHP_SRORC_R1233zd(E)_R227ea.csv,0.7457490149715675,16.08525513813185,0.07337459412871257,98.21613380399779,28.46300559084569,,,,,
DC-F,SRVCHP_SBORC,R1233zd(E),R227ea,pareto_DC-F_SRVCHP_SBORC_R1233zd(E)_R227ea.csv,0.7472034153168332,14.135498373928034,0.07847381302832582,97.87857735643591,25.026373938120777,,,,,
DC-F,SRVCHP_SBORC,R1233zd(E),R227ea,pareto_DC-F_SRVCHP_SBORC_R1233zd(E)_R227ea.csv,0.7506384349028266,15.079079333946135,0.06405160376128902,97.81146342424984,26.687082478275634,,,,,
DC-F,SRVCHP_SRORC,R1233zd(E),R227ea,pareto_DC-F_SRVCHP_SRORC_R1233zd(E)_R227ea.csv,0.7605322930300614,15.0158194589762,0.06201259609922294,96.93459019506514,26.564958663786843,,,,,
DC-F,SRVCHP_SBORC,R1233zd(E),R134a,pareto_DC-F_SRVCHP_SBORC_R1233zd(E)_R134a.csv,0.7691802130000066,14.32010252444818,0.056311439787123996,92.93452638843006,25.293848459112922,,,,,
DC-F,SRVCHP_SBORC,R1233zd(E),R134a,pareto_DC-F_SRVCHP_SBORC_R1233zd(E)_R134a.csv,0.7692236123204189,14.303834881635343,0.057053360749906495,92.93452638843006,25.265259480591574,,,,,
DC-F,SRVCHP_SRORC,R1233zd(E),R227ea,pareto_DC-F_SRVCHP_SRORC_R1233zd(E)_R227ea.csv,0.7701598015316752,15.536130188129654,0.017489930602306712,97.11941862132771,27.48273727142917,,,,,
DC-F,SRVCHP_SRORC,R1233zd(E),R227ea,pareto_DC-F_SRVCHP_SRORC_R1233zd(E)_R227ea.csv,0.7746372526100025,15.485622096435476,0.015040405983124462,97.09113079656551,27.39352169558197,,,,,
DC-F,SRVCHP_SRORC,R1233zd(E),R227ea,pareto_DC-F_SRVCHP_SRORC_R1233zd(E)_R227ea.csv,0.7919706975153811,14.394119781877457,0.027023513070750536,98.07440381580199,25.48419060972366,,,,,
DC-F,SRVCHP_SRORC,R1233zd(E),R227ea,pareto_DC-F_SRVCHP_SRORC_R1233zd(E)_R227ea.csv,0.8019499411624853,14.125411102282085,0.021217385425031026,97.17791051908608,25.00048450211687,,,,,
DC-F,SRVCHP_SRORC,R1233zd(E),R227ea,pareto_DC-F_SRVCHP_SRORC_R1233zd(E)_R227ea.csv,0.8057381360563882,14.172096882115069,0.015237534104286016,96.15875081064033,25.070871339916657,,,,,
