run_id,stage,wp,cfg,fluid_hp,fluid_he,seed,scheduler_status,exit_code,elapsed_s,run_dir,detail
S1_DCB_SBVCHP-SBORC_R1233zdE_R152A_seed042_20260716T121618Z,S1,DC-B,SBVCHP_SBORC,R1233zd(E),R152A,42,FINISHED,0,11.22476315498352,${CBSIM_RUNS_ROOT}/S1_FORMAL/BATCH_S1_20260716T121618Z/runs/S1_DCB_SBVCHP-SBORC_R1233zdE_R152A_seed042_20260716T121618Z,
S1_DCB_SBVCHP-SBORC_R1233zdE_R134a_seed042_20260716T121618Z,S1,DC-B,SBVCHP_SBORC,R1233zd(E),R134a,42,FINISHED,0,16.488595247268677,${CBSIM_RUNS_ROOT}/S1_FORMAL/BATCH_S1_20260716T121618Z/runs/S1_DCB_SBVCHP-SBORC_R1233zdE_R134a_seed042_20260716T121618Z,
S1_DCB_SBVCHP-SBORC_R1233zdE_R1234zeE_seed042_20260716T121618Z,S1,DC-B,SBVCHP_SBORC,R1233zd(E),R1234ze(E),42,FINISHED,0,17.546457290649414,${CBSIM_RUNS_ROOT}/S1_FORMAL/BATCH_S1_20260716T121618Z/runs/S1_DCB_SBVCHP-SBORC_R1233zdE_R1234zeE_seed042_20260716T121618Z,
S1_DCB_SRVCHP-SRORC_R1233zdE_R152A_seed042_20260716T121618Z,S1,DC-B,SRVCHP_SRORC,R1233zd(E),R152A,42,FINISHED,0,20.068655490875244,${CBSIM_RUNS_ROOT}/S1_FORMAL/BATCH_S1_20260716T121618Z/runs/S1_DCB_SRVCHP-SRORC_R1233zdE_R152A_seed042_20260716T121618Z,
S1_DCB_SBVCHP-SBORC_R1233zdE_R227EA_seed042_20260716T121618Z,S1,DC-B,SBVCHP_SBORC,R1233zd(E),R227EA,42,FINISHED,0,22.158259868621826,${CBSIM_RUNS_ROOT}/S1_FORMAL/BATCH_S1_20260716T121618Z/runs/S1_DCB_SBVCHP-SBORC_R1233zdE_R227EA_seed042_20260716T121618Z,
S1_DCB_SRVCHP-SRORC_R1233zdE_R1234zeE_seed042_20260716T121618Z,S1,DC-B,SRVCHP_SRORC,R1233zd(E),R1234ze(E),42,FINISHED,0,24.38526153564453,${CBSIM_RUNS_ROOT}/S1_FORMAL/BATCH_S1_20260716T121618Z/runs/S1_DCB_SRVCHP-SRORC_R1233zdE_R1234zeE_seed042_20260716T121618Z,
S1_DCB_SRVCHP-SRORC_R1233zdE_R134a_seed042_20260716T121618Z,S1,DC-B,SRVCHP_SRORC,R1233zd(E),R134a,42,FINISHED,0,28.961889028549194,${CBSIM_RUNS_ROOT}/S1_FORMAL/BATCH_S1_20260716T121618Z/runs/S1_DCB_SRVCHP-SRORC_R1233zdE_R134a_seed042_20260716T121618Z,
S1_DCB_SBVCHP-SBORC_R1233zdE_R1234yf_seed042_20260716T121618Z,S1,DC-B,SBVCHP_SBORC,R1233zd(E),R1234yf,42,FINISHED,0,20.700112104415894,${CBSIM_RUNS_ROOT}/S1_FORMAL/BATCH_S1_20260716T121618Z/runs/S1_DCB_SBVCHP-SBORC_R1233zdE_R1234yf_seed042_20260716T121618Z,
S1_DCB_SBVCHP-SBORC_R1233zdE_R600a_seed042_20260716T121618Z,S1,DC-B,SBVCHP_SBORC,R1233zd(E),R600a,42,FINISHED,0,11.850740432739258,${CBSIM_RUNS_ROOT}/S1_FORMAL/BATCH_S1_20260716T121618Z/runs/S1_DCB_SBVCHP-SBORC_R1233zdE_R600a_seed042_20260716T121618Z,
S1_DCB_SBVCHP-SBORC_R1233zdE_R290_seed042_20260716T121618Z,S1,DC-B,SBVCHP_SBORC,R1233zd(E),R290,42,FINISHED,0,20.297134399414062,${CBSIM_RUNS_ROOT}/S1_FORMAL/BATCH_S1_20260716T121618Z/runs/S1_DCB_SBVCHP-SBORC_R1233zdE_R290_seed042_20260716T121618Z,
S1_DCB_SRVCHP-SRORC_R1233zdE_R1234yf_seed042_20260716T121618Z,S1,DC-B,SRVCHP_SRORC,R1233zd(E),R1234yf,42,FINISHED,0,21.722911596298218,${CBSIM_RUNS_ROOT}/S1_FORMAL/BATCH_S1_20260716T121618Z/runs/S1_DCB_SRVCHP-SRORC_R1233zdE_R1234yf_seed042_20260716T121618Z,
S1_DCB_SRVCHP-SRORC_R1233zdE_R290_seed042_20260716T121618Z,S1,DC-B,SRVCHP_SRORC,R1233zd(E),R290,42,FINISHED,0,18.309338569641113,${CBSIM_RUNS_ROOT}/S1_FORMAL/BATCH_S1_20260716T121618Z/runs/S1_DCB_SRVCHP-SRORC_R1233zdE_R290_seed042_20260716T121618Z,
S1_DCB_SBVCHP-SBORC_R1233zdE_R600_seed042_20260716T121618Z,S1,DC-B,SBVCHP_SBORC,R1233zd(E),R600,42,FINISHED,0,10.269986391067505,${CBSIM_RUNS_ROOT}/S1_FORMAL/BATCH_S1_20260716T121618Z/runs/S1_DCB_SBVCHP-SBORC_R1233zdE_R600_seed042_20260716T121618Z,
S1_DCB_SRVCHP-SRORC_R1233zdE_R227EA_seed042_20260716T121618Z,S1,DC-B,SRVCHP_SRORC,R1233zd(E),R227EA,42,FINISHED,0,41.87956762313843,${CBSIM_RUNS_ROOT}/S1_FORMAL/BATCH_S1_20260716T121618Z/runs/S1_DCB_SRVCHP-SRORC_R1233zdE_R227EA_seed042_20260716T121618Z,
S1_DCB_SRVCHP-SRORC_R1233zdE_R600a_seed042_20260716T121618Z,S1,DC-B,SRVCHP_SRORC,R1233zd(E),R600a,42,FINISHED,0,20.92693305015564,${CBSIM_RUNS_ROOT}/S1_FORMAL/BATCH_S1_20260716T121618Z/runs/S1_DCB_SRVCHP-SRORC_R1233zdE_R600a_seed042_20260716T121618Z,
S1_DCB_SBVCHP-SBORC_R1233zdE_R245fa_seed042_20260716T121618Z,S1,DC-B,SBVCHP_SBORC,R1233zd(E),R245fa,42,FINISHED,0,11.287233829498291,${CBSIM_RUNS_ROOT}/S1_FORMAL/BATCH_S1_20260716T121618Z/runs/S1_DCB_SBVCHP-SBORC_R1233zdE_R245fa_seed042_20260716T121618Z,
S1_DCB_SRVCHP-SRORC_R1233zdE_R600_seed042_20260716T121618Z,S1,DC-B,SRVCHP_SRORC,R1233zd(E),R600,42,FINISHED,0,18.33121085166931,${CBSIM_RUNS_ROOT}/S1_FORMAL/BATCH_S1_20260716T121618Z/runs/S1_DCB_SRVCHP-SRORC_R1233zdE_R600_seed042_20260716T121618Z,
S1_DCB_SBVCHP-SBORC_R1233zdE_R236ea_seed042_20260716T121618Z,S1,DC-B,SBVCHP_SBORC,R1233zd(E),R236ea,42,FINISHED,0,13.710529088973999,${CBSIM_RUNS_ROOT}/S1_FORMAL/BATCH_S1_20260716T121618Z/runs/S1_DCB_SBVCHP-SBORC_R1233zdE_R236ea_seed042_20260716T121618Z,
S1_DCB_SBVCHP-SBORC_R1233zdE_R236fa_seed042_20260716T121618Z,S1,DC-B,SBVCHP_SBORC,R1233zd(E),R236fa,42,FINISHED,0,13.688111543655396,${CBSIM_RUNS_ROOT}/S1_FORMAL/BATCH_S1_20260716T121618Z/runs/S1_DCB_SBVCHP-SBORC_R1233zdE_R236fa_seed042_20260716T121618Z,
S1_DCB_SRVCHP-SRORC_R1233zdE_R245fa_seed042_20260716T121618Z,S1,DC-B,SRVCHP_SRORC,R1233zd(E),R245fa,42,FINISHED,0,17.955703496932983,${CBSIM_RUNS_ROOT}/S1_FORMAL/BATCH_S1_20260716T121618Z/runs/S1_DCB_SRVCHP-SRORC_R1233zdE_R245fa_seed042_20260716T121618Z,
S1_DCB_SBVCHP-SBORC_R1233zdE_R365MFC_seed042_20260716T121618Z,S1,DC-B,SBVCHP_SBORC,R1233zd(E),R365MFC,42,FINISHED,0,15.091299772262573,${CBSIM_RUNS_ROOT}/S1_FORMAL/BATCH_S1_20260716T121618Z/runs/S1_DCB_SBVCHP-SBORC_R1233zdE_R365MFC_seed042_20260716T121618Z,
S1_DCB_SBVCHP-SBORC_R245fa_R1234zeE_seed042_20260716T121618Z,S1,DC-B,SBVCHP_SBORC,R245fa,R1234ze(E),42,FINISHED,0,14.893635034561157,${CBSIM_RUNS_ROOT}/S1_FORMAL/BATCH_S1_20260716T121618Z/runs/S1_DCB_SBVCHP-SBORC_R245fa_R1234zeE_seed042_20260716T121618Z,
S1_DCB_SRVCHP-SRORC_R1233zdE_R236ea_seed042_20260716T121618Z,S1,DC-B,SRVCHP_SRORC,R1233zd(E),R236ea,42,FINISHED,0,33.007225036621094,${CBSIM_RUNS_ROOT}/S1_FORMAL/BATCH_S1_20260716T121618Z/runs/S1_DCB_SRVCHP-SRORC_R1233zdE_R236ea_seed042_20260716T121618Z,
S1_DCB_SBVCHP-SBORC_R245fa_R227EA_seed042_20260716T121618Z,S1,DC-B,SBVCHP_SBORC,R245fa,R227EA,42,FINISHED,0,19.69661784172058,${CBSIM_RUNS_ROOT}/S1_FORMAL/BATCH_S1_20260716T121618Z/runs/S1_DCB_SBVCHP-SBORC_R245fa_R227EA_seed042_20260716T121618Z,
S1_DCB_SRVCHP-SRORC_R1233zdE_R365MFC_seed042_20260716T121618Z,S1,DC-B,SRVCHP_SRORC,R1233zd(E),R365MFC,42,FINISHED,0,29.16444706916809,${CBSIM_RUNS_ROOT}/S1_FORMAL/BATCH_S1_20260716T121618Z/runs/S1_DCB_SRVCHP-SRORC_R1233zdE_R365MFC_seed042_20260716T121618Z,
S1_DCB_SRVCHP-SRORC_R1233zdE_R236fa_seed042_20260716T121618Z,S1,DC-B,SRVCHP_SRORC,R1233zd(E),R236fa,42,FINISHED,0,32.803916692733765,${CBSIM_RUNS_ROOT}/S1_FORMAL/BATCH_S1_20260716T121618Z/runs/S1_DCB_SRVCHP-SRORC_R1233zdE_R236fa_seed042_20260716T121618Z,
S1_DCB_SRVCHP-SRORC_R245fa_R1234zeE_seed042_20260716T121618Z,S1,DC-B,SRVCHP_SRORC,R245fa,R1234ze(E),42,FINISHED,0,23.147818326950073,${CBSIM_RUNS_ROOT}/S1_FORMAL/BATCH_S1_20260716T121618Z/runs/S1_DCB_SRVCHP-SRORC_R245fa_R1234zeE_seed042_20260716T121618Z,
S1_DCB_SBVCHP-SBORC_R245fa_R134a_seed042_20260716T121618Z,S1,DC-B,SBVCHP_SBORC,R245fa,R134a,42,FINISHED,0,14.67117190361023,${CBSIM_RUNS_ROOT}/S1_FORMAL/BATCH_S1_20260716T121618Z/runs/S1_DCB_SBVCHP-SBORC_R245fa_R134a_seed042_20260716T121618Z,
S1_DCB_SBVCHP-SBORC_R245fa_R152A_seed042_20260716T121618Z,S1,DC-B,SBVCHP_SBORC,R245fa,R152A,42,FINISHED,0,9.661387920379639,${CBSIM_RUNS_ROOT}/S1_FORMAL/BATCH_S1_20260716T121618Z/runs/S1_DCB_SBVCHP-SBORC_R245fa_R152A_seed042_20260716T121618Z,
S1_DCB_SRVCHP-SRORC_R245fa_R152A_seed042_20260716T121618Z,S1,DC-B,SRVCHP_SRORC,R245fa,R152A,42,FINISHED,0,17.877615213394165,${CBSIM_RUNS_ROOT}/S1_FORMAL/BATCH_S1_20260716T121618Z/runs/S1_DCB_SRVCHP-SRORC_R245fa_R152A_seed042_20260716T121618Z,
S1_DCB_SRVCHP-SRORC_R245fa_R134a_seed042_20260716T121618Z,S1,DC-B,SRVCHP_SRORC,R245fa,R134a,42,FINISHED,0,25.52518630027771,${CBSIM_RUNS_ROOT}/S1_FORMAL/BATCH_S1_20260716T121618Z/runs/S1_DCB_SRVCHP-SRORC_R245fa_R134a_seed042_20260716T121618Z,
S1_DCB_SBVCHP-SBORC_R245fa_R600a_seed042_20260716T121618Z,S1,DC-B,SBVCHP_SBORC,R245fa,R600a,42,FINISHED,0,11.443269491195679,${CBSIM_RUNS_ROOT}/S1_FORMAL/BATCH_S1_20260716T121618Z/runs/S1_DCB_SBVCHP-SBORC_R245fa_R600a_seed042_20260716T121618Z,
S1_DCB_SRVCHP-SRORC_R245fa_R290_seed042_20260716T121618Z,S1,DC-B,SRVCHP_SRORC,R245fa,R290,42,FINISHED,0,17.685118436813354,${CBSIM_RUNS_ROOT}/S1_FORMAL/BATCH_S1_20260716T121618Z/runs/S1_DCB_SRVCHP-SRORC_R245fa_R290_seed042_20260716T121618Z,
S1_DCB_SBVCHP-SBORC_R245fa_R1234yf_seed042_20260716T121618Z,S1,DC-B,SBVCHP_SBORC,R245fa,R1234yf,42,FINISHED,0,18.53058648109436,${CBSIM_RUNS_ROOT}/S1_FORMAL/BATCH_S1_20260716T121618Z/runs/S1_DCB_SBVCHP-SBORC_R245fa_R1234yf_seed042_20260716T121618Z,
S1_DCB_SBVCHP-SBORC_R245fa_R290_seed042_20260716T121618Z,S1,DC-B,SBVCHP_SBORC,R245fa,R290,42,FINISHED,0,18.123510599136353,${CBSIM_RUNS_ROOT}/S1_FORMAL/BATCH_S1_20260716T121618Z/runs/S1_DCB_SBVCHP-SBORC_R245fa_R290_seed042_20260716T121618Z,
S1_DCB_SRVCHP-SRORC_R245fa_R227EA_seed042_20260716T121618Z,S1,DC-B,SRVCHP_SRORC,R245fa,R227EA,42,FINISHED,0,37.855902671813965,${CBSIM_RUNS_ROOT}/S1_FORMAL/BATCH_S1_20260716T121618Z/runs/S1_DCB_SRVCHP-SRORC_R245fa_R227EA_seed042_20260716T121618Z,
S1_DCB_SRVCHP-SRORC_R245fa_R1234yf_seed042_20260716T121618Z,S1,DC-B,SRVCHP_SRORC,R245fa,R1234yf,42,FINISHED,0,19.771020889282227,${CBSIM_RUNS_ROOT}/S1_FORMAL/BATCH_S1_20260716T121618Z/runs/S1_DCB_SRVCHP-SRORC_R245fa_R1234yf_seed042_20260716T121618Z,
S1_DCB_SBVCHP-SBORC_R245fa_R600_seed042_20260716T121618Z,S1,DC-B,SBVCHP_SBORC,R245fa,R600,42,FINISHED,0,11.103343963623047,${CBSIM_RUNS_ROOT}/S1_FORMAL/BATCH_S1_20260716T121618Z/runs/S1_DCB_SBVCHP-SBORC_R245fa_R600_seed042_20260716T121618Z,
S1_DCB_SBVCHP-SBORC_R245fa_R245fa_seed042_20260716T121618Z,S1,DC-B,SBVCHP_SBORC,R245fa,R245fa,42,FINISHED,0,11.292601823806763,${CBSIM_RUNS_ROOT}/S1_FORMAL/BATCH_S1_20260716T121618Z/runs/S1_DCB_SBVCHP-SBORC_R245fa_R245fa_seed042_20260716T121618Z,
S1_DCB_SBVCHP-SBORC_R245fa_R236ea_seed042_20260716T121618Z,S1,DC-B,SBVCHP_SBORC,R245fa,R236ea,42,FINISHED,0,13.678049325942993,${CBSIM_RUNS_ROOT}/S1_FORMAL/BATCH_S1_20260716T121618Z/runs/S1_DCB_SBVCHP-SBORC_R245fa_R236ea_seed042_20260716T121618Z,
S1_DCB_SBVCHP-SBORC_R245fa_R236fa_seed042_20260716T121618Z,S1,DC-B,SBVCHP_SBORC,R245fa,R236fa,42,FINISHED,0,13.6603262424469,${CBSIM_RUNS_ROOT}/S1_FORMAL/BATCH_S1_20260716T121618Z/runs/S1_DCB_SBVCHP-SBORC_R245fa_R236fa_seed042_20260716T121618Z,
S1_DCB_SRVCHP-SRORC_R245fa_R600a_seed042_20260716T121618Z,S1,DC-B,SRVCHP_SRORC,R245fa,R600a,42,FINISHED,0,20.791487455368042,${CBSIM_RUNS_ROOT}/S1_FORMAL/BATCH_S1_20260716T121618Z/runs/S1_DCB_SRVCHP-SRORC_R245fa_R600a_seed042_20260716T121618Z,
S1_DCB_SRVCHP-SRORC_R245fa_R245fa_seed042_20260716T121618Z,S1,DC-B,SRVCHP_SRORC,R245fa,R245fa,42,FINISHED,0,18.943615436553955,${CBSIM_RUNS_ROOT}/S1_FORMAL/BATCH_S1_20260716T121618Z/runs/S1_DCB_SRVCHP-SRORC_R245fa_R245fa_seed042_20260716T121618Z,
S1_DCB_SRVCHP-SRORC_R245fa_R600_seed042_20260716T121618Z,S1,DC-B,SRVCHP_SRORC,R245fa,R600,42,FINISHED,0,19.779683351516724,${CBSIM_RUNS_ROOT}/S1_FORMAL/BATCH_S1_20260716T121618Z/runs/S1_DCB_SRVCHP-SRORC_R245fa_R600_seed042_20260716T121618Z,
S1_DCB_SBVCHP-SBORC_R245fa_R365MFC_seed042_20260716T121618Z,S1,DC-B,SBVCHP_SBORC,R245fa,R365MFC,42,FINISHED,0,14.490641832351685,${CBSIM_RUNS_ROOT}/S1_FORMAL/BATCH_S1_20260716T121618Z/runs/S1_DCB_SBVCHP-SBORC_R245fa_R365MFC_seed042_20260716T121618Z,
S1_DCB_SBVCHP-SBORC_R600_R1234zeE_seed042_20260716T121618Z,S1,DC-B,SBVCHP_SBORC,R600,R1234ze(E),42,FINISHED,0,13.694468021392822,${CBSIM_RUNS_ROOT}/S1_FORMAL/BATCH_S1_20260716T121618Z/runs/S1_DCB_SBVCHP-SBORC_R600_R1234zeE_seed042_20260716T121618Z,
S1_DCB_SRVCHP-SRORC_R245fa_R236ea_seed042_20260716T121618Z,S1,DC-B,SRVCHP_SRORC,R245fa,R236ea,42,FINISHED,0,31.80260419845581,${CBSIM_RUNS_ROOT}/S1_FORMAL/BATCH_S1_20260716T121618Z/runs/S1_DCB_SRVCHP-SRORC_R245fa_R236ea_seed042_20260716T121618Z,
S1_DCB_SBVCHP-SBORC_R600_R227EA_seed042_20260716T121618Z,S1,DC-B,SBVCHP_SBORC,R600,R227EA,42,FINISHED,0,17.69727349281311,${CBSIM_RUNS_ROOT}/S1_FORMAL/BATCH_S1_20260716T121618Z/runs/S1_DCB_SBVCHP-SBORC_R600_R227EA_seed042_20260716T121618Z,
S1_DCB_SBVCHP-SBORC_R600_R134a_seed042_20260716T121618Z,S1,DC-B,SBVCHP_SBORC,R600,R134a,42,FINISHED,0,13.654508829116821,${CBSIM_RUNS_ROOT}/S1_FORMAL/BATCH_S1_20260716T121618Z/runs/S1_DCB_SBVCHP-SBORC_R600_R134a_seed042_20260716T121618Z,
S1_DCB_SRVCHP-SRORC_R600_R1234zeE_seed042_20260716T121618Z,S1,DC-B,SRVCHP_SRORC,R600,R1234ze(E),42,FINISHED,0,21.532716512680054,${CBSIM_RUNS_ROOT}/S1_FORMAL/BATCH_S1_20260716T121618Z/runs/S1_DCB_SRVCHP-SRORC_R600_R1234zeE_seed042_20260716T121618Z,
S1_DCB_SRVCHP-SRORC_R245fa_R236fa_seed042_20260716T121618Z,S1,DC-B,SRVCHP_SRORC,R245fa,R236fa,42,FINISHED,0,31.21086287498474,${CBSIM_RUNS_ROOT}/S1_FORMAL/BATCH_S1_20260716T121618Z/runs/S1_DCB_SRVCHP-SRORC_R245fa_R236fa_seed042_20260716T121618Z,
S1_DCB_SRVCHP-SRORC_R245fa_R365MFC_seed042_20260716T121618Z,S1,DC-B,SRVCHP_SRORC,R245fa,R365MFC,42,FINISHED,0,27.39487886428833,${CBSIM_RUNS_ROOT}/S1_FORMAL/BATCH_S1_20260716T121618Z/runs/S1_DCB_SRVCHP-SRORC_R245fa_R365MFC_seed042_20260716T121618Z,
S1_DCB_SBVCHP-SBORC_R600_R152A_seed042_20260716T121618Z,S1,DC-B,SBVCHP_SBORC,R600,R152A,42,FINISHED,0,10.071794271469116,${CBSIM_RUNS_ROOT}/S1_FORMAL/BATCH_S1_20260716T121618Z/runs/S1_DCB_SBVCHP-SBORC_R600_R152A_seed042_20260716T121618Z,
S1_DCB_SBVCHP-SBORC_R600_R600a_seed042_20260716T121618Z,S1,DC-B,SBVCHP_SBORC,R600,R600a,42,FINISHED,0,12.415231227874756,${CBSIM_RUNS_ROOT}/S1_FORMAL/BATCH_S1_20260716T121618Z/runs/S1_DCB_SBVCHP-SBORC_R600_R600a_seed042_20260716T121618Z,
S1_DCB_SRVCHP-SRORC_R600_R134a_seed042_20260716T121618Z,S1,DC-B,SRVCHP_SRORC,R600,R134a,42,FINISHED,0,27.125818967819214,${CBSIM_RUNS_ROOT}/S1_FORMAL/BATCH_S1_20260716T121618Z/runs/S1_DCB_SRVCHP-SRORC_R600_R134a_seed042_20260716T121618Z,
S1_DCB_SRVCHP-SRORC_R600_R152A_seed042_20260716T121618Z,S1,DC-B,SRVCHP_SRORC,R600,R152A,42,FINISHED,0,19.296589851379395,${CBSIM_RUNS_ROOT}/S1_FORMAL/BATCH_S1_20260716T121618Z/runs/S1_DCB_SRVCHP-SRORC_R600_R152A_seed042_20260716T121618Z,
S1_DCB_SRVCHP-SRORC_R600_R227EA_seed042_20260716T121618Z,S1,DC-B,SRVCHP_SRORC,R600,R227EA,42,FINISHED,0,39.01934504508972,${CBSIM_RUNS_ROOT}/S1_FORMAL/BATCH_S1_20260716T121618Z/runs/S1_DCB_SRVCHP-SRORC_R600_R227EA_seed042_20260716T121618Z,
S1_DCB_SBVCHP-SBORC_R600_R1234yf_seed042_20260716T121618Z,S1,DC-B,SBVCHP_SBORC,R600,R1234yf,42,FINISHED,0,19.733989000320435,${CBSIM_RUNS_ROOT}/S1_FORMAL/BATCH_S1_20260716T121618Z/runs/S1_DCB_SBVCHP-SBORC_R600_R1234yf_seed042_20260716T121618Z,
S1_DCB_SBVCHP-SBORC_R600_R290_seed042_20260716T121618Z,S1,DC-B,SBVCHP_SBORC,R600,R290,42,FINISHED,0,19.723588466644287,${CBSIM_RUNS_ROOT}/S1_FORMAL/BATCH_S1_20260716T121618Z/runs/S1_DCB_SBVCHP-SBORC_R600_R290_seed042_20260716T121618Z,
S1_DCB_SRVCHP-SRORC_R600_R290_seed042_20260716T121618Z,S1,DC-B,SRVCHP_SRORC,R600,R290,42,FINISHED,0,18.50778889656067,${CBSIM_RUNS_ROOT}/S1_FORMAL/BATCH_S1_20260716T121618Z/runs/S1_DCB_SRVCHP-SRORC_R600_R290_seed042_20260716T121618Z,
S1_DCB_SRVCHP-SRORC_R600_R1234yf_seed042_20260716T121618Z,S1,DC-B,SRVCHP_SRORC,R600,R1234yf,42,FINISHED,0,20.9701406955719,${CBSIM_RUNS_ROOT}/S1_FORMAL/BATCH_S1_20260716T121618Z/runs/S1_DCB_SRVCHP-SRORC_R600_R1234yf_seed042_20260716T121618Z,
S1_DCB_SBVCHP-SBORC_R600_R600_seed042_20260716T121618Z,S1,DC-B,SBVCHP_SBORC,R600,R600,42,FINISHED,0,10.508323192596436,${CBSIM_RUNS_ROOT}/S1_FORMAL/BATCH_S1_20260716T121618Z/runs/S1_DCB_SBVCHP-SBORC_R600_R600_seed042_20260716T121618Z,
S1_DCB_SBVCHP-SBORC_R600_R245fa_seed042_20260716T121618Z,S1,DC-B,SBVCHP_SBORC,R600,R245fa,42,FINISHED,0,11.690449237823486,${CBSIM_RUNS_ROOT}/S1_FORMAL/BATCH_S1_20260716T121618Z/runs/S1_DCB_SBVCHP-SBORC_R600_R245fa_seed042_20260716T121618Z,
S1_DCB_SBVCHP-SBORC_R600_R236ea_seed042_20260716T121618Z,S1,DC-B,SBVCHP_SBORC,R600,R236ea,42,FINISHED,0,13.680009603500366,${CBSIM_RUNS_ROOT}/S1_FORMAL/BATCH_S1_20260716T121618Z/runs/S1_DCB_SBVCHP-SBORC_R600_R236ea_seed042_20260716T121618Z,
S1_DCB_SBVCHP-SBORC_R600_R236fa_seed042_20260716T121618Z,S1,DC-B,SBVCHP_SBORC,R600,R236fa,42,FINISHED,0,14.456989765167236,${CBSIM_RUNS_ROOT}/S1_FORMAL/BATCH_S1_20260716T121618Z/runs/S1_DCB_SBVCHP-SBORC_R600_R236fa_seed042_20260716T121618Z,
S1_DCB_SRVCHP-SRORC_R600_R600_seed042_20260716T121618Z,S1,DC-B,SRVCHP_SRORC,R600,R600,42,FINISHED,0,19.754224061965942,${CBSIM_RUNS_ROOT}/S1_FORMAL/BATCH_S1_20260716T121618Z/runs/S1_DCB_SRVCHP-SRORC_R600_R600_seed042_20260716T121618Z,
S1_DCB_SRVCHP-SRORC_R600_R600a_seed042_20260716T121618Z,S1,DC-B,SRVCHP_SRORC,R600,R600a,42,FINISHED,0,21.396663904190063,${CBSIM_RUNS_ROOT}/S1_FORMAL/BATCH_S1_20260716T121618Z/runs/S1_DCB_SRVCHP-SRORC_R600_R600a_seed042_20260716T121618Z,
S1_DCB_SRVCHP-SRORC_R600_R245fa_seed042_20260716T121618Z,S1,DC-B,SRVCHP_SRORC,R600,R245fa,42,FINISHED,0,18.34852409362793,${CBSIM_RUNS_ROOT}/S1_FORMAL/BATCH_S1_20260716T121618Z/runs/S1_DCB_SRVCHP-SRORC_R600_R245fa_seed042_20260716T121618Z,
S1_DCB_SBVCHP-SBORC_R600_R365MFC_seed042_20260716T121618Z,S1,DC-B,SBVCHP_SBORC,R600,R365MFC,42,FINISHED,0,14.0713210105896,${CBSIM_RUNS_ROOT}/S1_FORMAL/BATCH_S1_20260716T121618Z/runs/S1_DCB_SBVCHP-SBORC_R600_R365MFC_seed042_20260716T121618Z,
S1_DCB_SBVCHP-SBORC_R601_R1234zeE_seed042_20260716T121618Z,S1,DC-B,SBVCHP_SBORC,R601,R1234ze(E),42,FINISHED,0,12.4684157371521,${CBSIM_RUNS_ROOT}/S1_FORMAL/BATCH_S1_20260716T121618Z/runs/S1_DCB_SBVCHP-SBORC_R601_R1234zeE_seed042_20260716T121618Z,
S1_DCB_SBVCHP-SBORC_R601_R227EA_seed042_20260716T121618Z,S1,DC-B,SBVCHP_SBORC,R601,R227EA,42,FINISHED,0,14.457580089569092,${CBSIM_RUNS_ROOT}/S1_FORMAL/BATCH_S1_20260716T121618Z/runs/S1_DCB_SBVCHP-SBORC_R601_R227EA_seed042_20260716T121618Z,
S1_DCB_SRVCHP-SRORC_R600_R236ea_seed042_20260716T121618Z,S1,DC-B,SRVCHP_SRORC,R600,R236ea,42,FINISHED,0,31.588738679885864,${CBSIM_RUNS_ROOT}/S1_FORMAL/BATCH_S1_20260716T121618Z/runs/S1_DCB_SRVCHP-SRORC_R600_R236ea_seed042_20260716T121618Z,
S1_DCB_SBVCHP-SBORC_R601_R134a_seed042_20260716T121618Z,S1,DC-B,SBVCHP_SBORC,R601,R134a,42,FINISHED,0,11.656271696090698,${CBSIM_RUNS_ROOT}/S1_FORMAL/BATCH_S1_20260716T121618Z/runs/S1_DCB_SBVCHP-SBORC_R601_R134a_seed042_20260716T121618Z,
S1_DCB_SRVCHP-SRORC_R601_R1234zeE_seed042_20260716T121618Z,S1,DC-B,SRVCHP_SRORC,R601,R1234ze(E),42,FINISHED,0,20.727192640304565,${CBSIM_RUNS_ROOT}/S1_FORMAL/BATCH_S1_20260716T121618Z/runs/S1_DCB_SRVCHP-SRORC_R601_R1234zeE_seed042_20260716T121618Z,
S1_DCB_SRVCHP-SRORC_R600_R236fa_seed042_20260716T121618Z,S1,DC-B,SRVCHP_SRORC,R600,R236fa,42,FINISHED,0,30.59687304496765,${CBSIM_RUNS_ROOT}/S1_FORMAL/BATCH_S1_20260716T121618Z/runs/S1_DCB_SRVCHP-SRORC_R600_R236fa_seed042_20260716T121618Z,
S1_DCB_SRVCHP-SRORC_R600_R365MFC_seed042_20260716T121618Z,S1,DC-B,SRVCHP_SRORC,R600,R365MFC,42,FINISHED,0,27.016491174697876,${CBSIM_RUNS_ROOT}/S1_FORMAL/BATCH_S1_20260716T121618Z/runs/S1_DCB_SRVCHP-SRORC_R600_R365MFC_seed042_20260716T121618Z,
S1_DCB_SBVCHP-SBORC_R601_R152A_seed042_20260716T121618Z,S1,DC-B,SBVCHP_SBORC,R601,R152A,42,FINISHED,0,10.313619375228882,${CBSIM_RUNS_ROOT}/S1_FORMAL/BATCH_S1_20260716T121618Z/runs/S1_DCB_SBVCHP-SBORC_R601_R152A_seed042_20260716T121618Z,
S1_DCB_SRVCHP-SRORC_R601_R152A_seed042_20260716T121618Z,S1,DC-B,SRVCHP_SRORC,R601,R152A,42,FINISHED,0,16.722006797790527,${CBSIM_RUNS_ROOT}/S1_FORMAL/BATCH_S1_20260716T121618Z/runs/S1_DCB_SRVCHP-SRORC_R601_R152A_seed042_20260716T121618Z,
S1_DCB_SBVCHP-SBORC_R601_R1234yf_seed042_20260716T121618Z,S1,DC-B,SBVCHP_SBORC,R601,R1234yf,42,FINISHED,0,13.916426658630371,${CBSIM_RUNS_ROOT}/S1_FORMAL/BATCH_S1_20260716T121618Z/runs/S1_DCB_SBVCHP-SBORC_R601_R1234yf_seed042_20260716T121618Z,
S1_DCB_SBVCHP-SBORC_R601_R290_seed042_20260716T121618Z,S1,DC-B,SBVCHP_SBORC,R601,R290,42,FINISHED,0,13.707606315612793,${CBSIM_RUNS_ROOT}/S1_FORMAL/BATCH_S1_20260716T121618Z/runs/S1_DCB_SBVCHP-SBORC_R601_R290_seed042_20260716T121618Z,
S1_DCB_SRVCHP-SRORC_R601_R227EA_seed042_20260716T121618Z,S1,DC-B,SRVCHP_SRORC,R601,R227EA,42,FINISHED,0,35.04591226577759,${CBSIM_RUNS_ROOT}/S1_FORMAL/BATCH_S1_20260716T121618Z/runs/S1_DCB_SRVCHP-SRORC_R601_R227EA_seed042_20260716T121618Z,
S1_DCB_SRVCHP-SRORC_R601_R134a_seed042_20260716T121618Z,S1,DC-B,SRVCHP_SRORC,R601,R134a,42,FINISHED,0,25.0168879032135,${CBSIM_RUNS_ROOT}/S1_FORMAL/BATCH_S1_20260716T121618Z/runs/S1_DCB_SRVCHP-SRORC_R601_R134a_seed042_20260716T121618Z,
S1_DCB_SBVCHP-SBORC_R601_R600a_seed042_20260716T121618Z,S1,DC-B,SBVCHP_SBORC,R601,R600a,42,FINISHED,0,11.879809141159058,${CBSIM_RUNS_ROOT}/S1_FORMAL/BATCH_S1_20260716T121618Z/runs/S1_DCB_SBVCHP-SBORC_R601_R600a_seed042_20260716T121618Z,
S1_DCB_SRVCHP-SRORC_R601_R1234yf_seed042_20260716T121618Z,S1,DC-B,SRVCHP_SRORC,R601,R1234yf,42,FINISHED,0,19.581122636795044,${CBSIM_RUNS_ROOT}/S1_FORMAL/BATCH_S1_20260716T121618Z/runs/S1_DCB_SRVCHP-SRORC_R601_R1234yf_seed042_20260716T121618Z,
S1_DCB_SRVCHP-SRORC_R601_R290_seed042_20260716T121618Z,S1,DC-B,SRVCHP_SRORC,R601,R290,42,FINISHED,0,15.92830491065979,${CBSIM_RUNS_ROOT}/S1_FORMAL/BATCH_S1_20260716T121618Z/runs/S1_DCB_SRVCHP-SRORC_R601_R290_seed042_20260716T121618Z,
S1_DCB_SBVCHP-SBORC_R601_R600_seed042_20260716T121618Z,S1,DC-B,SBVCHP_SBORC,R601,R600,42,FINISHED,0,11.08793592453003,${CBSIM_RUNS_ROOT}/S1_FORMAL/BATCH_S1_20260716T121618Z/runs/S1_DCB_SBVCHP-SBORC_R601_R600_seed042_20260716T121618Z,
S1_DCB_SBVCHP-SBORC_R601_R245fa_seed042_20260716T121618Z,S1,DC-B,SBVCHP_SBORC,R601,R245fa,42,FINISHED,0,11.278867483139038,${CBSIM_RUNS_ROOT}/S1_FORMAL/BATCH_S1_20260716T121618Z/runs/S1_DCB_SBVCHP-SBORC_R601_R245fa_seed042_20260716T121618Z,
S1_DCB_SBVCHP-SBORC_R601_R236ea_seed042_20260716T121618Z,S1,DC-B,SBVCHP_SBORC,R601,R236ea,42,FINISHED,0,13.471708297729492,${CBSIM_RUNS_ROOT}/S1_FORMAL/BATCH_S1_20260716T121618Z/runs/S1_DCB_SBVCHP-SBORC_R601_R236ea_seed042_20260716T121618Z,
S1_DCB_SRVCHP-SRORC_R601_R600a_seed042_20260716T121618Z,S1,DC-B,SRVCHP_SRORC,R601,R600a,42,FINISHED,0,20.359189748764038,${CBSIM_RUNS_ROOT}/S1_FORMAL/BATCH_S1_20260716T121618Z/runs/S1_DCB_SRVCHP-SRORC_R601_R600a_seed042_20260716T121618Z,
S1_DCB_SRVCHP-SRORC_R601_R600_seed042_20260716T121618Z,S1,DC-B,SRVCHP_SRORC,R601,R600,42,FINISHED,0,20.34409260749817,${CBSIM_RUNS_ROOT}/S1_FORMAL/BATCH_S1_20260716T121618Z/runs/S1_DCB_SRVCHP-SRORC_R601_R600_seed042_20260716T121618Z,
S1_DCB_SBVCHP-SBORC_R601_R236fa_seed042_20260716T121618Z,S1,DC-B,SBVCHP_SBORC,R601,R236fa,42,FINISHED,0,14.672821044921875,${CBSIM_RUNS_ROOT}/S1_FORMAL/BATCH_S1_20260716T121618Z/runs/S1_DCB_SBVCHP-SBORC_R601_R236fa_seed042_20260716T121618Z,
S1_DCB_SRVCHP-SRORC_R601_R245fa_seed042_20260716T121618Z,S1,DC-B,SRVCHP_SRORC,R601,R245fa,42,FINISHED,0,19.144739151000977,${CBSIM_RUNS_ROOT}/S1_FORMAL/BATCH_S1_20260716T121618Z/runs/S1_DCB_SRVCHP-SRORC_R601_R245fa_seed042_20260716T121618Z,
S1_DCB_SBVCHP-SBORC_R601_R365MFC_seed042_20260716T121618Z,S1,DC-B,SBVCHP_SBORC,R601,R365MFC,42,FINISHED,0,14.289733409881592,${CBSIM_RUNS_ROOT}/S1_FORMAL/BATCH_S1_20260716T121618Z/runs/S1_DCB_SBVCHP-SBORC_R601_R365MFC_seed042_20260716T121618Z,
S1_DCB_SBVCHP-SBORC_R601a_R1234zeE_seed042_20260716T121618Z,S1,DC-B,SBVCHP_SBORC,R601a,R1234ze(E),42,FINISHED,0,12.705329656600952,${CBSIM_RUNS_ROOT}/S1_FORMAL/BATCH_S1_20260716T121618Z/runs/S1_DCB_SBVCHP-SBORC_R601a_R1234zeE_seed042_20260716T121618Z,
S1_DCB_SBVCHP-SBORC_R601a_R227EA_seed042_20260716T121618Z,S1,DC-B,SBVCHP_SBORC,R601a,R227EA,42,FINISHED,0,13.494510889053345,${CBSIM_RUNS_ROOT}/S1_FORMAL/BATCH_S1_20260716T121618Z/runs/S1_DCB_SBVCHP-SBORC_R601a_R227EA_seed042_20260716T121618Z,
S1_DCB_SRVCHP-SRORC_R601_R236ea_seed042_20260716T121618Z,S1,DC-B,SRVCHP_SRORC,R601,R236ea,42,FINISHED,0,30.81924343109131,${CBSIM_RUNS_ROOT}/S1_FORMAL/BATCH_S1_20260716T121618Z/runs/S1_DCB_SRVCHP-SRORC_R601_R236ea_seed042_20260716T121618Z,
S1_DCB_SBVCHP-SBORC_R601a_R134a_seed042_20260716T121618Z,S1,DC-B,SBVCHP_SBORC,R601a,R134a,42,FINISHED,0,11.852815389633179,${CBSIM_RUNS_ROOT}/S1_FORMAL/BATCH_S1_20260716T121618Z/runs/S1_DCB_SBVCHP-SBORC_R601a_R134a_seed042_20260716T121618Z,
S1_DCB_SRVCHP-SRORC_R601_R236fa_seed042_20260716T121618Z,S1,DC-B,SRVCHP_SRORC,R601,R236fa,42,FINISHED,0,31.02266216278076,${CBSIM_RUNS_ROOT}/S1_FORMAL/BATCH_S1_20260716T121618Z/runs/S1_DCB_SRVCHP-SRORC_R601_R236fa_seed042_20260716T121618Z,
S1_DCB_SRVCHP-SRORC_R601_R365MFC_seed042_20260716T121618Z,S1,DC-B,SRVCHP_SRORC,R601,R365MFC,42,FINISHED,0,27.00278353691101,${CBSIM_RUNS_ROOT}/S1_FORMAL/BATCH_S1_20260716T121618Z/runs/S1_DCB_SRVCHP-SRORC_R601_R365MFC_seed042_20260716T121618Z,
S1_DCB_SRVCHP-SRORC_R601a_R1234zeE_seed042_20260716T121618Z,S1,DC-B,SRVCHP_SRORC,R601a,R1234ze(E),42,FINISHED,0,22.581448793411255,${CBSIM_RUNS_ROOT}/S1_FORMAL/BATCH_S1_20260716T121618Z/runs/S1_DCB_SRVCHP-SRORC_R601a_R1234zeE_seed042_20260716T121618Z,
S1_DCB_SBVCHP-SBORC_R601a_R152A_seed042_20260716T121618Z,S1,DC-B,SBVCHP_SBORC,R601a,R152A,42,FINISHED,0,10.677546977996826,${CBSIM_RUNS_ROOT}/S1_FORMAL/BATCH_S1_20260716T121618Z/runs/S1_DCB_SBVCHP-SBORC_R601a_R152A_seed042_20260716T121618Z,
S1_DCB_SBVCHP-SBORC_R601a_R1234yf_seed042_20260716T121618Z,S1,DC-B,SBVCHP_SBORC,R601a,R1234yf,42,FINISHED,0,14.670158863067627,${CBSIM_RUNS_ROOT}/S1_FORMAL/BATCH_S1_20260716T121618Z/runs/S1_DCB_SBVCHP-SBORC_R601a_R1234yf_seed042_20260716T121618Z,
S1_DCB_SRVCHP-SRORC_R601a_R152A_seed042_20260716T121618Z,S1,DC-B,SRVCHP_SRORC,R601a,R152A,42,FINISHED,0,18.306813955307007,${CBSIM_RUNS_ROOT}/S1_FORMAL/BATCH_S1_20260716T121618Z/runs/S1_DCB_SRVCHP-SRORC_R601a_R152A_seed042_20260716T121618Z,
S1_DCB_SBVCHP-SBORC_R601a_R290_seed042_20260716T121618Z,S1,DC-B,SBVCHP_SBORC,R601a,R290,42,FINISHED,0,14.072147607803345,${CBSIM_RUNS_ROOT}/S1_FORMAL/BATCH_S1_20260716T121618Z/runs/S1_DCB_SBVCHP-SBORC_R601a_R290_seed042_20260716T121618Z,
S1_DCB_SRVCHP-SRORC_R601a_R134a_seed042_20260716T121618Z,S1,DC-B,SRVCHP_SRORC,R601a,R134a,42,FINISHED,0,26.56060552597046,${CBSIM_RUNS_ROOT}/S1_FORMAL/BATCH_S1_20260716T121618Z/runs/S1_DCB_SRVCHP-SRORC_R601a_R134a_seed042_20260716T121618Z,
S1_DCB_SBVCHP-SBORC_R601a_R600a_seed042_20260716T121618Z,S1,DC-B,SBVCHP_SBORC,R601a,R600a,42,FINISHED,0,12.460581302642822,${CBSIM_RUNS_ROOT}/S1_FORMAL/BATCH_S1_20260716T121618Z/runs/S1_DCB_SBVCHP-SBORC_R601a_R600a_seed042_20260716T121618Z,
S1_DCB_SRVCHP-SRORC_R601a_R227EA_seed042_20260716T121618Z,S1,DC-B,SRVCHP_SRORC,R601a,R227EA,42,FINISHED,0,37.86710333824158,${CBSIM_RUNS_ROOT}/S1_FORMAL/BATCH_S1_20260716T121618Z/runs/S1_DCB_SRVCHP-SRORC_R601a_R227EA_seed042_20260716T121618Z,
S1_DCB_SRVCHP-SRORC_R601a_R290_seed042_20260716T121618Z,S1,DC-B,SRVCHP_SRORC,R601a,R290,42,FINISHED,0,17.125059127807617,${CBSIM_RUNS_ROOT}/S1_FORMAL/BATCH_S1_20260716T121618Z/runs/S1_DCB_SRVCHP-SRORC_R601a_R290_seed042_20260716T121618Z,
S1_DCB_SRVCHP-SRORC_R601a_R1234yf_seed042_20260716T121618Z,S1,DC-B,SRVCHP_SRORC,R601a,R1234yf,42,FINISHED,0,19.35872983932495,${CBSIM_RUNS_ROOT}/S1_FORMAL/BATCH_S1_20260716T121618Z/runs/S1_DCB_SRVCHP-SRORC_R601a_R1234yf_seed042_20260716T121618Z,
S1_DCB_SBVCHP-SBORC_R601a_R600_seed042_20260716T121618Z,S1,DC-B,SBVCHP_SBORC,R601a,R600,42,FINISHED,0,10.694986343383789,${CBSIM_RUNS_ROOT}/S1_FORMAL/BATCH_S1_20260716T121618Z/runs/S1_DCB_SBVCHP-SBORC_R601a_R600_seed042_20260716T121618Z,
S1_DCB_SBVCHP-SBORC_R601a_R245fa_seed042_20260716T121618Z,S1,DC-B,SBVCHP_SBORC,R601a,R245fa,42,FINISHED,0,11.284775733947754,${CBSIM_RUNS_ROOT}/S1_FORMAL/BATCH_S1_20260716T121618Z/runs/S1_DCB_SBVCHP-SBORC_R601a_R245fa_seed042_20260716T121618Z,
S1_DCB_SBVCHP-SBORC_R601a_R236ea_seed042_20260716T121618Z,S1,DC-B,SBVCHP_SBORC,R601a,R236ea,42,FINISHED,0,13.272128582000732,${CBSIM_RUNS_ROOT}/S1_FORMAL/BATCH_S1_20260716T121618Z/runs/S1_DCB_SBVCHP-SBORC_R601a_R236ea_seed042_20260716T121618Z,
S1_DCB_SBVCHP-SBORC_R601a_R236fa_seed042_20260716T121618Z,S1,DC-B,SBVCHP_SBORC,R601a,R236fa,42,FINISHED,0,13.867319583892822,${CBSIM_RUNS_ROOT}/S1_FORMAL/BATCH_S1_20260716T121618Z/runs/S1_DCB_SBVCHP-SBORC_R601a_R236fa_seed042_20260716T121618Z,
S1_DCB_SRVCHP-SRORC_R601a_R600a_seed042_20260716T121618Z,S1,DC-B,SRVCHP_SRORC,R601a,R600a,42,FINISHED,0,20.780579090118408,${CBSIM_RUNS_ROOT}/S1_FORMAL/BATCH_S1_20260716T121618Z/runs/S1_DCB_SRVCHP-SRORC_R601a_R600a_seed042_20260716T121618Z,
S1_DCB_SRVCHP-SRORC_R601a_R245fa_seed042_20260716T121618Z,S1,DC-B,SRVCHP_SRORC,R601a,R245fa,42,FINISHED,0,18.139099597930908,${CBSIM_RUNS_ROOT}/S1_FORMAL/BATCH_S1_20260716T121618Z/runs/S1_DCB_SRVCHP-SRORC_R601a_R245fa_seed042_20260716T121618Z,
S1_DCB_SRVCHP-SRORC_R601a_R600_seed042_20260716T121618Z,S1,DC-B,SRVCHP_SRORC,R601a,R600,42,FINISHED,0,19.19392704963684,${CBSIM_RUNS_ROOT}/S1_FORMAL/BATCH_S1_20260716T121618Z/runs/S1_DCB_SRVCHP-SRORC_R601a_R600_seed042_20260716T121618Z,
S1_DCB_SBVCHP-SBORC_R601a_R365MFC_seed042_20260716T121618Z,S1,DC-B,SBVCHP_SBORC,R601a,R365MFC,42,FINISHED,0,13.492966413497925,${CBSIM_RUNS_ROOT}/S1_FORMAL/BATCH_S1_20260716T121618Z/runs/S1_DCB_SBVCHP-SBORC_R601a_R365MFC_seed042_20260716T121618Z,
S1_DCB_SBVCHP-SBORC_R1234zeZ_R1234zeE_seed042_20260716T121618Z,S1,DC-B,SBVCHP_SBORC,R1234ze(Z),R1234ze(E),42,FINISHED,0,14.277175903320312,${CBSIM_RUNS_ROOT}/S1_FORMAL/BATCH_S1_20260716T121618Z/runs/S1_DCB_SBVCHP-SBORC_R1234zeZ_R1234zeE_seed042_20260716T121618Z,
S1_DCB_SRVCHP-SRORC_R601a_R236ea_seed042_20260716T121618Z,S1,DC-B,SRVCHP_SRORC,R601a,R236ea,42,FINISHED,0,30.180408239364624,${CBSIM_RUNS_ROOT}/S1_FORMAL/BATCH_S1_20260716T121618Z/runs/S1_DCB_SRVCHP-SRORC_R601a_R236ea_seed042_20260716T121618Z,
S1_DCB_SRVCHP-SRORC_R601a_R236fa_seed042_20260716T121618Z,S1,DC-B,SRVCHP_SRORC,R601a,R236fa,42,FINISHED,0,29.159075021743774,${CBSIM_RUNS_ROOT}/S1_FORMAL/BATCH_S1_20260716T121618Z/runs/S1_DCB_SRVCHP-SRORC_R601a_R236fa_seed042_20260716T121618Z,
S1_DCB_SBVCHP-SBORC_R1234zeZ_R227EA_seed042_20260716T121618Z,S1,DC-B,SBVCHP_SBORC,R1234ze(Z),R227EA,42,FINISHED,0,20.0794198513031,${CBSIM_RUNS_ROOT}/S1_FORMAL/BATCH_S1_20260716T121618Z/runs/S1_DCB_SBVCHP-SBORC_R1234zeZ_R227EA_seed042_20260716T121618Z,
S1_DCB_SBVCHP-SBORC_R1234zeZ_R134a_seed042_20260716T121618Z,S1,DC-B,SBVCHP_SBORC,R1234ze(Z),R134a,42,FINISHED,0,14.064620018005371,${CBSIM_RUNS_ROOT}/S1_FORMAL/BATCH_S1_20260716T121618Z/runs/S1_DCB_SBVCHP-SBORC_R1234zeZ_R134a_seed042_20260716T121618Z,
S1_DCB_SRVCHP-SRORC_R1234zeZ_R1234zeE_seed042_20260716T121618Z,S1,DC-B,SRVCHP_SRORC,R1234ze(Z),R1234ze(E),42,FINISHED,0,21.529287576675415,${CBSIM_RUNS_ROOT}/S1_FORMAL/BATCH_S1_20260716T121618Z/runs/S1_DCB_SRVCHP-SRORC_R1234zeZ_R1234zeE_seed042_20260716T121618Z,
S1_DCB_SRVCHP-SRORC_R601a_R365MFC_seed042_20260716T121618Z,S1,DC-B,SRVCHP_SRORC,R601a,R365MFC,42,FINISHED,0,24.57081127166748,${CBSIM_RUNS_ROOT}/S1_FORMAL/BATCH_S1_20260716T121618Z/runs/S1_DCB_SRVCHP-SRORC_R601a_R365MFC_seed042_20260716T121618Z,
S1_DCB_SBVCHP-SBORC_R1234zeZ_R152A_seed042_20260716T121618Z,S1,DC-B,SBVCHP_SBORC,R1234ze(Z),R152A,42,FINISHED,0,9.872167825698853,${CBSIM_RUNS_ROOT}/S1_FORMAL/BATCH_S1_20260716T121618Z/runs/S1_DCB_SBVCHP-SBORC_R1234zeZ_R152A_seed042_20260716T121618Z,
S1_DCB_SBVCHP-SBORC_R1234zeZ_R600a_seed042_20260716T121618Z,S1,DC-B,SBVCHP_SBORC,R1234ze(Z),R600a,42,FINISHED,0,11.41427230834961,${CBSIM_RUNS_ROOT}/S1_FORMAL/BATCH_S1_20260716T121618Z/runs/S1_DCB_SBVCHP-SBORC_R1234zeZ_R600a_seed042_20260716T121618Z,
S1_DCB_SRVCHP-SRORC_R1234zeZ_R152A_seed042_20260716T121618Z,S1,DC-B,SRVCHP_SRORC,R1234ze(Z),R152A,42,FINISHED,0,17.693323373794556,${CBSIM_RUNS_ROOT}/S1_FORMAL/BATCH_S1_20260716T121618Z/runs/S1_DCB_SRVCHP-SRORC_R1234zeZ_R152A_seed042_20260716T121618Z,
S1_DCB_SRVCHP-SRORC_R1234zeZ_R227EA_seed042_20260716T121618Z,S1,DC-B,SRVCHP_SRORC,R1234ze(Z),R227EA,42,FINISHED,0,38.57946038246155,${CBSIM_RUNS_ROOT}/S1_FORMAL/BATCH_S1_20260716T121618Z/runs/S1_DCB_SRVCHP-SRORC_R1234zeZ_R227EA_seed042_20260716T121618Z,
S1_DCB_SBVCHP-SBORC_R1234zeZ_R1234yf_seed042_20260716T121618Z,S1,DC-B,SBVCHP_SBORC,R1234ze(Z),R1234yf,42,FINISHED,0,19.298885822296143,${CBSIM_RUNS_ROOT}/S1_FORMAL/BATCH_S1_20260716T121618Z/runs/S1_DCB_SBVCHP-SBORC_R1234zeZ_R1234yf_seed042_20260716T121618Z,
S1_DCB_SRVCHP-SRORC_R1234zeZ_R290_seed042_20260716T121618Z,S1,DC-B,SRVCHP_SRORC,R1234ze(Z),R290,42,FINISHED,0,17.665228605270386,${CBSIM_RUNS_ROOT}/S1_FORMAL/BATCH_S1_20260716T121618Z/runs/S1_DCB_SRVCHP-SRORC_R1234zeZ_R290_seed042_20260716T121618Z,
S1_DCB_SRVCHP-SRORC_R1234zeZ_R134a_seed042_20260716T121618Z,S1,DC-B,SRVCHP_SRORC,R1234ze(Z),R134a,42,FINISHED,0,26.592909812927246,${CBSIM_RUNS_ROOT}/S1_FORMAL/BATCH_S1_20260716T121618Z/runs/S1_DCB_SRVCHP-SRORC_R1234zeZ_R134a_seed042_20260716T121618Z,
S1_DCB_SBVCHP-SBORC_R1234zeZ_R290_seed042_20260716T121618Z,S1,DC-B,SBVCHP_SBORC,R1234ze(Z),R290,42,FINISHED,0,19.122122526168823,${CBSIM_RUNS_ROOT}/S1_FORMAL/BATCH_S1_20260716T121618Z/runs/S1_DCB_SBVCHP-SBORC_R1234zeZ_R290_seed042_20260716T121618Z,
S1_DCB_SRVCHP-SRORC_R1234zeZ_R1234yf_seed042_20260716T121618Z,S1,DC-B,SRVCHP_SRORC,R1234ze(Z),R1234yf,42,FINISHED,0,20.169251441955566,${CBSIM_RUNS_ROOT}/S1_FORMAL/BATCH_S1_20260716T121618Z/runs/S1_DCB_SRVCHP-SRORC_R1234zeZ_R1234yf_seed042_20260716T121618Z,
S1_DCB_SBVCHP-SBORC_R1234zeZ_R600_seed042_20260716T121618Z,S1,DC-B,SBVCHP_SBORC,R1234ze(Z),R600,42,FINISHED,0,11.309119939804077,${CBSIM_RUNS_ROOT}/S1_FORMAL/BATCH_S1_20260716T121618Z/runs/S1_DCB_SBVCHP-SBORC_R1234zeZ_R600_seed042_20260716T121618Z,
S1_DCB_SBVCHP-SBORC_R1234zeZ_R245fa_seed042_20260716T121618Z,S1,DC-B,SBVCHP_SBORC,R1234ze(Z),R245fa,42,FINISHED,0,12.705681085586548,${CBSIM_RUNS_ROOT}/S1_FORMAL/BATCH_S1_20260716T121618Z/runs/S1_DCB_SBVCHP-SBORC_R1234zeZ_R245fa_seed042_20260716T121618Z,
S1_DCB_SBVCHP-SBORC_R1234zeZ_R236ea_seed042_20260716T121618Z,S1,DC-B,SBVCHP_SBORC,R1234ze(Z),R236ea,42,FINISHED,0,15.294514894485474,${CBSIM_RUNS_ROOT}/S1_FORMAL/BATCH_S1_20260716T121618Z/runs/S1_DCB_SBVCHP-SBORC_R1234zeZ_R236ea_seed042_20260716T121618Z,
S1_DCB_SBVCHP-SBORC_R1234zeZ_R236fa_seed042_20260716T121618Z,S1,DC-B,SBVCHP_SBORC,R1234ze(Z),R236fa,42,FINISHED,0,16.27547311782837,${CBSIM_RUNS_ROOT}/S1_FORMAL/BATCH_S1_20260716T121618Z/runs/S1_DCB_SBVCHP-SBORC_R1234zeZ_R236fa_seed042_20260716T121618Z,
S1_DCB_SRVCHP-SRORC_R1234zeZ_R600a_seed042_20260716T121618Z,S1,DC-B,SRVCHP_SRORC,R1234ze(Z),R600a,42,FINISHED,0,23.008140325546265,${CBSIM_RUNS_ROOT}/S1_FORMAL/BATCH_S1_20260716T121618Z/runs/S1_DCB_SRVCHP-SRORC_R1234zeZ_R600a_seed042_20260716T121618Z,
S1_DCB_SRVCHP-SRORC_R1234zeZ_R245fa_seed042_20260716T121618Z,S1,DC-B,SRVCHP_SRORC,R1234ze(Z),R245fa,42,FINISHED,0,20.95825457572937,${CBSIM_RUNS_ROOT}/S1_FORMAL/BATCH_S1_20260716T121618Z/runs/S1_DCB_SRVCHP-SRORC_R1234zeZ_R245fa_seed042_20260716T121618Z,
S1_DCB_SRVCHP-SRORC_R1234zeZ_R600_seed042_20260716T121618Z,S1,DC-B,SRVCHP_SRORC,R1234ze(Z),R600,42,FINISHED,0,21.4073588848114,${CBSIM_RUNS_ROOT}/S1_FORMAL/BATCH_S1_20260716T121618Z/runs/S1_DCB_SRVCHP-SRORC_R1234zeZ_R600_seed042_20260716T121618Z,
S1_DCB_SBVCHP-SBORC_R1234zeZ_R365MFC_seed042_20260716T121618Z,S1,DC-B,SBVCHP_SBORC,R1234ze(Z),R365MFC,42,FINISHED,0,14.902238845825195,${CBSIM_RUNS_ROOT}/S1_FORMAL/BATCH_S1_20260716T121618Z/runs/S1_DCB_SBVCHP-SBORC_R1234zeZ_R365MFC_seed042_20260716T121618Z,
S1_DCB_SBVCHP-SBORC_R365MFC_R1234zeE_seed042_20260716T121618Z,S1,DC-B,SBVCHP_SBORC,R365MFC,R1234ze(E),42,FINISHED,0,12.284769773483276,${CBSIM_RUNS_ROOT}/S1_FORMAL/BATCH_S1_20260716T121618Z/runs/S1_DCB_SBVCHP-SBORC_R365MFC_R1234zeE_seed042_20260716T121618Z,
S1_DCB_SBVCHP-SBORC_R365MFC_R227EA_seed042_20260716T121618Z,S1,DC-B,SBVCHP_SBORC,R365MFC,R227EA,42,FINISHED,0,12.871279001235962,${CBSIM_RUNS_ROOT}/S1_FORMAL/BATCH_S1_20260716T121618Z/runs/S1_DCB_SBVCHP-SBORC_R365MFC_R227EA_seed042_20260716T121618Z,
S1_DCB_SRVCHP-SRORC_R1234zeZ_R236ea_seed042_20260716T121618Z,S1,DC-B,SRVCHP_SRORC,R1234ze(Z),R236ea,42,FINISHED,0,33.616376876831055,${CBSIM_RUNS_ROOT}/S1_FORMAL/BATCH_S1_20260716T121618Z/runs/S1_DCB_SRVCHP-SRORC_R1234zeZ_R236ea_seed042_20260716T121618Z,
S1_DCB_SBVCHP-SBORC_R365MFC_R134a_seed042_20260716T121618Z,S1,DC-B,SBVCHP_SBORC,R365MFC,R134a,42,FINISHED,0,10.451038122177124,${CBSIM_RUNS_ROOT}/S1_FORMAL/BATCH_S1_20260716T121618Z/runs/S1_DCB_SBVCHP-SBORC_R365MFC_R134a_seed042_20260716T121618Z,
S1_DCB_SRVCHP-SRORC_R1234zeZ_R236fa_seed042_20260716T121618Z,S1,DC-B,SRVCHP_SRORC,R1234ze(Z),R236fa,42,FINISHED,0,31.6029052734375,${CBSIM_RUNS_ROOT}/S1_FORMAL/BATCH_S1_20260716T121618Z/runs/S1_DCB_SRVCHP-SRORC_R1234zeZ_R236fa_seed042_20260716T121618Z,
S1_DCB_SRVCHP-SRORC_R365MFC_R1234zeE_seed042_20260716T121618Z,S1,DC-B,SRVCHP_SRORC,R365MFC,R1234ze(E),42,FINISHED,0,21.542982816696167,${CBSIM_RUNS_ROOT}/S1_FORMAL/BATCH_S1_20260716T121618Z/runs/S1_DCB_SRVCHP-SRORC_R365MFC_R1234zeE_seed042_20260716T121618Z,
S1_DCB_SRVCHP-SRORC_R1234zeZ_R365MFC_seed042_20260716T121618Z,S1,DC-B,SRVCHP_SRORC,R1234ze(Z),R365MFC,42,FINISHED,0,26.386749505996704,${CBSIM_RUNS_ROOT}/S1_FORMAL/BATCH_S1_20260716T121618Z/runs/S1_DCB_SRVCHP-SRORC_R1234zeZ_R365MFC_seed042_20260716T121618Z,
S1_DCB_SBVCHP-SBORC_R365MFC_R152A_seed042_20260716T121618Z,S1,DC-B,SBVCHP_SBORC,R365MFC,R152A,42,FINISHED,0,9.870518445968628,${CBSIM_RUNS_ROOT}/S1_FORMAL/BATCH_S1_20260716T121618Z/runs/S1_DCB_SBVCHP-SBORC_R365MFC_R152A_seed042_20260716T121618Z,
S1_DCB_SBVCHP-SBORC_R365MFC_R1234yf_seed042_20260716T121618Z,S1,DC-B,SBVCHP_SBORC,R365MFC,R1234yf,42,FINISHED,0,12.659185886383057,${CBSIM_RUNS_ROOT}/S1_FORMAL/BATCH_S1_20260716T121618Z/runs/S1_DCB_SBVCHP-SBORC_R365MFC_R1234yf_seed042_20260716T121618Z,
S1_DCB_SRVCHP-SRORC_R365MFC_R152A_seed042_20260716T121618Z,S1,DC-B,SRVCHP_SRORC,R365MFC,R152A,42,FINISHED,0,18.092553853988647,${CBSIM_RUNS_ROOT}/S1_FORMAL/BATCH_S1_20260716T121618Z/runs/S1_DCB_SRVCHP-SRORC_R365MFC_R152A_seed042_20260716T121618Z,
S1_DCB_SBVCHP-SBORC_R365MFC_R290_seed042_20260716T121618Z,S1,DC-B,SBVCHP_SBORC,R365MFC,R290,42,FINISHED,0,12.863893032073975,${CBSIM_RUNS_ROOT}/S1_FORMAL/BATCH_S1_20260716T121618Z/runs/S1_DCB_SBVCHP-SBORC_R365MFC_R290_seed042_20260716T121618Z,
S1_DCB_SBVCHP-SBORC_R365MFC_R600a_seed042_20260716T121618Z,S1,DC-B,SBVCHP_SBORC,R365MFC,R600a,42,FINISHED,0,11.653040170669556,${CBSIM_RUNS_ROOT}/S1_FORMAL/BATCH_S1_20260716T121618Z/runs/S1_DCB_SBVCHP-SBORC_R365MFC_R600a_seed042_20260716T121618Z,
S1_DCB_SRVCHP-SRORC_R365MFC_R134a_seed042_20260716T121618Z,S1,DC-B,SRVCHP_SRORC,R365MFC,R134a,42,FINISHED,0,25.56159520149231,${CBSIM_RUNS_ROOT}/S1_FORMAL/BATCH_S1_20260716T121618Z/runs/S1_DCB_SRVCHP-SRORC_R365MFC_R134a_seed042_20260716T121618Z,
S1_DCB_SRVCHP-SRORC_R365MFC_R227EA_seed042_20260716T121618Z,S1,DC-B,SRVCHP_SRORC,R365MFC,R227EA,42,FINISHED,0,36.414430379867554,${CBSIM_RUNS_ROOT}/S1_FORMAL/BATCH_S1_20260716T121618Z/runs/S1_DCB_SRVCHP-SRORC_R365MFC_R227EA_seed042_20260716T121618Z,
S1_DCB_SRVCHP-SRORC_R365MFC_R290_seed042_20260716T121618Z,S1,DC-B,SRVCHP_SRORC,R365MFC,R290,42,FINISHED,0,16.71260952949524,${CBSIM_RUNS_ROOT}/S1_FORMAL/BATCH_S1_20260716T121618Z/runs/S1_DCB_SRVCHP-SRORC_R365MFC_R290_seed042_20260716T121618Z,
S1_DCB_SRVCHP-SRORC_R365MFC_R1234yf_seed042_20260716T121618Z,S1,DC-B,SRVCHP_SRORC,R365MFC,R1234yf,42,FINISHED,0,19.348528623580933,${CBSIM_RUNS_ROOT}/S1_FORMAL/BATCH_S1_20260716T121618Z/runs/S1_DCB_SRVCHP-SRORC_R365MFC_R1234yf_seed042_20260716T121618Z,
S1_DCB_SBVCHP-SBORC_R365MFC_R600_seed042_20260716T121618Z,S1,DC-B,SBVCHP_SBORC,R365MFC,R600,42,FINISHED,0,10.702422618865967,${CBSIM_RUNS_ROOT}/S1_FORMAL/BATCH_S1_20260716T121618Z/runs/S1_DCB_SBVCHP-SBORC_R365MFC_R600_seed042_20260716T121618Z,
S1_DCB_SBVCHP-SBORC_R365MFC_R245fa_seed042_20260716T121618Z,S1,DC-B,SBVCHP_SBORC,R365MFC,R245fa,42,FINISHED,0,10.689345359802246,${CBSIM_RUNS_ROOT}/S1_FORMAL/BATCH_S1_20260716T121618Z/runs/S1_DCB_SBVCHP-SBORC_R365MFC_R245fa_seed042_20260716T121618Z,
S1_DCB_SBVCHP-SBORC_R365MFC_R236ea_seed042_20260716T121618Z,S1,DC-B,SBVCHP_SBORC,R365MFC,R236ea,42,FINISHED,0,11.678080797195435,${CBSIM_RUNS_ROOT}/S1_FORMAL/BATCH_S1_20260716T121618Z/runs/S1_DCB_SBVCHP-SBORC_R365MFC_R236ea_seed042_20260716T121618Z,
S1_DCB_SRVCHP-SRORC_R365MFC_R600a_seed042_20260716T121618Z,S1,DC-B,SRVCHP_SRORC,R365MFC,R600a,42,FINISHED,0,21.167786598205566,${CBSIM_RUNS_ROOT}/S1_FORMAL/BATCH_S1_20260716T121618Z/runs/S1_DCB_SRVCHP-SRORC_R365MFC_R600a_seed042_20260716T121618Z,
S1_DCB_SBVCHP-SBORC_R365MFC_R236fa_seed042_20260716T121618Z,S1,DC-B,SBVCHP_SBORC,R365MFC,R236fa,42,FINISHED,0,13.06869387626648,${CBSIM_RUNS_ROOT}/S1_FORMAL/BATCH_S1_20260716T121618Z/runs/S1_DCB_SBVCHP-SBORC_R365MFC_R236fa_seed042_20260716T121618Z,
S1_DCB_SRVCHP-SRORC_R365MFC_R600_seed042_20260716T121618Z,S1,DC-B,SRVCHP_SRORC,R365MFC,R600,42,FINISHED,0,19.365943431854248,${CBSIM_RUNS_ROOT}/S1_FORMAL/BATCH_S1_20260716T121618Z/runs/S1_DCB_SRVCHP-SRORC_R365MFC_R600_seed042_20260716T121618Z,
S1_DCB_SRVCHP-SRORC_R365MFC_R245fa_seed042_20260716T121618Z,S1,DC-B,SRVCHP_SRORC,R365MFC,R245fa,42,FINISHED,0,18.551537036895752,${CBSIM_RUNS_ROOT}/S1_FORMAL/BATCH_S1_20260716T121618Z/runs/S1_DCB_SRVCHP-SRORC_R365MFC_R245fa_seed042_20260716T121618Z,
S1_DCB_SBVCHP-SBORC_R365MFC_R365MFC_seed042_20260716T121618Z,S1,DC-B,SBVCHP_SBORC,R365MFC,R365MFC,42,FINISHED,0,11.682368278503418,${CBSIM_RUNS_ROOT}/S1_FORMAL/BATCH_S1_20260716T121618Z/runs/S1_DCB_SBVCHP-SBORC_R365MFC_R365MFC_seed042_20260716T121618Z,
S1_DCB_SBVCHP-SBORC_Cyclopentane_R1234zeE_seed042_20260716T121618Z,S1,DC-B,SBVCHP_SBORC,Cyclopentane,R1234ze(E),42,FINISHED,0,13.878489255905151,${CBSIM_RUNS_ROOT}/S1_FORMAL/BATCH_S1_20260716T121618Z/runs/S1_DCB_SBVCHP-SBORC_Cyclopentane_R1234zeE_seed042_20260716T121618Z,
S1_DCB_SRVCHP-SRORC_R365MFC_R236ea_seed042_20260716T121618Z,S1,DC-B,SRVCHP_SRORC,R365MFC,R236ea,42,FINISHED,0,30.38365888595581,${CBSIM_RUNS_ROOT}/S1_FORMAL/BATCH_S1_20260716T121618Z/runs/S1_DCB_SRVCHP-SRORC_R365MFC_R236ea_seed042_20260716T121618Z,
S1_DCB_SBVCHP-SBORC_Cyclopentane_R134a_seed042_20260716T121618Z,S1,DC-B,SBVCHP_SBORC,Cyclopentane,R134a,42,FINISHED,0,13.839235544204712,${CBSIM_RUNS_ROOT}/S1_FORMAL/BATCH_S1_20260716T121618Z/runs/S1_DCB_SBVCHP-SBORC_Cyclopentane_R134a_seed042_20260716T121618Z,
S1_DCB_SBVCHP-SBORC_Cyclopentane_R227EA_seed042_20260716T121618Z,S1,DC-B,SBVCHP_SBORC,Cyclopentane,R227EA,42,FINISHED,0,19.097931146621704,${CBSIM_RUNS_ROOT}/S1_FORMAL/BATCH_S1_20260716T121618Z/runs/S1_DCB_SBVCHP-SBORC_Cyclopentane_R227EA_seed042_20260716T121618Z,
S1_DCB_SRVCHP-SRORC_R365MFC_R236fa_seed042_20260716T121618Z,S1,DC-B,SRVCHP_SRORC,R365MFC,R236fa,42,FINISHED,0,30.591809272766113,${CBSIM_RUNS_ROOT}/S1_FORMAL/BATCH_S1_20260716T121618Z/runs/S1_DCB_SRVCHP-SRORC_R365MFC_R236fa_seed042_20260716T121618Z,
S1_DCB_SRVCHP-SRORC_Cyclopentane_R1234zeE_seed042_20260716T121618Z,S1,DC-B,SRVCHP_SRORC,Cyclopentane,R1234ze(E),42,FINISHED,0,21.33973741531372,${CBSIM_RUNS_ROOT}/S1_FORMAL/BATCH_S1_20260716T121618Z/runs/S1_DCB_SRVCHP-SRORC_Cyclopentane_R1234zeE_seed042_20260716T121618Z,
S1_DCB_SRVCHP-SRORC_R365MFC_R365MFC_seed042_20260716T121618Z,S1,DC-B,SRVCHP_SRORC,R365MFC,R365MFC,42,FINISHED,0,25.380280256271362,${CBSIM_RUNS_ROOT}/S1_FORMAL/BATCH_S1_20260716T121618Z/runs/S1_DCB_SRVCHP-SRORC_R365MFC_R365MFC_seed042_20260716T121618Z,
S1_DCB_SBVCHP-SBORC_Cyclopentane_R152A_seed042_20260716T121618Z,S1,DC-B,SBVCHP_SBORC,Cyclopentane,R152A,42,FINISHED,0,9.682477235794067,${CBSIM_RUNS_ROOT}/S1_FORMAL/BATCH_S1_20260716T121618Z/runs/S1_DCB_SBVCHP-SBORC_Cyclopentane_R152A_seed042_20260716T121618Z,
S1_DCB_SRVCHP-SRORC_Cyclopentane_R152A_seed042_20260716T121618Z,S1,DC-B,SRVCHP_SRORC,Cyclopentane,R152A,42,FINISHED,0,17.285863399505615,${CBSIM_RUNS_ROOT}/S1_FORMAL/BATCH_S1_20260716T121618Z/runs/S1_DCB_SRVCHP-SRORC_Cyclopentane_R152A_seed042_20260716T121618Z,
S1_DCB_SBVCHP-SBORC_Cyclopentane_R600a_seed042_20260716T121618Z,S1,DC-B,SBVCHP_SBORC,Cyclopentane,R600a,42,FINISHED,0,11.02277421951294,${CBSIM_RUNS_ROOT}/S1_FORMAL/BATCH_S1_20260716T121618Z/runs/S1_DCB_SBVCHP-SBORC_Cyclopentane_R600a_seed042_20260716T121618Z,
S1_DCB_SRVCHP-SRORC_Cyclopentane_R227EA_seed042_20260716T121618Z,S1,DC-B,SRVCHP_SRORC,Cyclopentane,R227EA,42,FINISHED,0,37.20254421234131,${CBSIM_RUNS_ROOT}/S1_FORMAL/BATCH_S1_20260716T121618Z/runs/S1_DCB_SRVCHP-SRORC_Cyclopentane_R227EA_seed042_20260716T121618Z,
S1_DCB_SBVCHP-SBORC_Cyclopentane_R1234yf_seed042_20260716T121618Z,S1,DC-B,SBVCHP_SBORC,Cyclopentane,R1234yf,42,FINISHED,0,18.94026517868042,${CBSIM_RUNS_ROOT}/S1_FORMAL/BATCH_S1_20260716T121618Z/runs/S1_DCB_SBVCHP-SBORC_Cyclopentane_R1234yf_seed042_20260716T121618Z,
S1_DCB_SRVCHP-SRORC_Cyclopentane_R134a_seed042_20260716T121618Z,S1,DC-B,SRVCHP_SRORC,Cyclopentane,R134a,42,FINISHED,0,26.205604314804077,${CBSIM_RUNS_ROOT}/S1_FORMAL/BATCH_S1_20260716T121618Z/runs/S1_DCB_SRVCHP-SRORC_Cyclopentane_R134a_seed042_20260716T121618Z,
S1_DCB_SRVCHP-SRORC_Cyclopentane_R290_seed042_20260716T121618Z,S1,DC-B,SRVCHP_SRORC,Cyclopentane,R290,42,FINISHED,0,17.10897207260132,${CBSIM_RUNS_ROOT}/S1_FORMAL/BATCH_S1_20260716T121618Z/runs/S1_DCB_SRVCHP-SRORC_Cyclopentane_R290_seed042_20260716T121618Z,
S1_DCB_SBVCHP-SBORC_Cyclopentane_R290_seed042_20260716T121618Z,S1,DC-B,SBVCHP_SBORC,Cyclopentane,R290,42,FINISHED,0,18.160982847213745,${CBSIM_RUNS_ROOT}/S1_FORMAL/BATCH_S1_20260716T121618Z/runs/S1_DCB_SBVCHP-SBORC_Cyclopentane_R290_seed042_20260716T121618Z,
S1_DCB_SRVCHP-SRORC_Cyclopentane_R1234yf_seed042_20260716T121618Z,S1,DC-B,SRVCHP_SRORC,Cyclopentane,R1234yf,42,FINISHED,0,19.386718273162842,${CBSIM_RUNS_ROOT}/S1_FORMAL/BATCH_S1_20260716T121618Z/runs/S1_DCB_SRVCHP-SRORC_Cyclopentane_R1234yf_seed042_20260716T121618Z,
S1_DCB_SBVCHP-SBORC_Cyclopentane_R600_seed042_20260716T121618Z,S1,DC-B,SBVCHP_SBORC,Cyclopentane,R600,42,FINISHED,0,11.113078832626343,${CBSIM_RUNS_ROOT}/S1_FORMAL/BATCH_S1_20260716T121618Z/runs/S1_DCB_SBVCHP-SBORC_Cyclopentane_R600_seed042_20260716T121618Z,
S1_DCB_SBVCHP-SBORC_Cyclopentane_R245fa_seed042_20260716T121618Z,S1,DC-B,SBVCHP_SBORC,Cyclopentane,R245fa,42,FINISHED,0,11.88200044631958,${CBSIM_RUNS_ROOT}/S1_FORMAL/BATCH_S1_20260716T121618Z/runs/S1_DCB_SBVCHP-SBORC_Cyclopentane_R245fa_seed042_20260716T121618Z,
S1_DCB_SBVCHP-SBORC_Cyclopentane_R236ea_seed042_20260716T121618Z,S1,DC-B,SBVCHP_SBORC,Cyclopentane,R236ea,42,FINISHED,0,14.471153020858765,${CBSIM_RUNS_ROOT}/S1_FORMAL/BATCH_S1_20260716T121618Z/runs/S1_DCB_SBVCHP-SBORC_Cyclopentane_R236ea_seed042_20260716T121618Z,
S1_DCB_SBVCHP-SBORC_Cyclopentane_R236fa_seed042_20260716T121618Z,S1,DC-B,SBVCHP_SBORC,Cyclopentane,R236fa,42,FINISHED,0,14.459717750549316,${CBSIM_RUNS_ROOT}/S1_FORMAL/BATCH_S1_20260716T121618Z/runs/S1_DCB_SBVCHP-SBORC_Cyclopentane_R236fa_seed042_20260716T121618Z,
S1_DCB_SRVCHP-SRORC_Cyclopentane_R600a_seed042_20260716T121618Z,S1,DC-B,SRVCHP_SRORC,Cyclopentane,R600a,42,FINISHED,0,21.804442405700684,${CBSIM_RUNS_ROOT}/S1_FORMAL/BATCH_S1_20260716T121618Z/runs/S1_DCB_SRVCHP-SRORC_Cyclopentane_R600a_seed042_20260716T121618Z,
S1_DCB_SRVCHP-SRORC_Cyclopentane_R245fa_seed042_20260716T121618Z,S1,DC-B,SRVCHP_SRORC,Cyclopentane,R245fa,42,FINISHED,0,19.325971126556396,${CBSIM_RUNS_ROOT}/S1_FORMAL/BATCH_S1_20260716T121618Z/runs/S1_DCB_SRVCHP-SRORC_Cyclopentane_R245fa_seed042_20260716T121618Z,
S1_DCB_SRVCHP-SRORC_Cyclopentane_R600_seed042_20260716T121618Z,S1,DC-B,SRVCHP_SRORC,Cyclopentane,R600,42,FINISHED,0,20.57555079460144,${CBSIM_RUNS_ROOT}/S1_FORMAL/BATCH_S1_20260716T121618Z/runs/S1_DCB_SRVCHP-SRORC_Cyclopentane_R600_seed042_20260716T121618Z,
S1_DCB_SBVCHP-SBORC_Cyclopentane_R365MFC_seed042_20260716T121618Z,S1,DC-B,SBVCHP_SBORC,Cyclopentane,R365MFC,42,FINISHED,0,14.68299913406372,${CBSIM_RUNS_ROOT}/S1_FORMAL/BATCH_S1_20260716T121618Z/runs/S1_DCB_SBVCHP-SBORC_Cyclopentane_R365MFC_seed042_20260716T121618Z,
S1_DCD_SBVCHP-SBORC_R1233zdE_R1234zeE_seed042_20260716T121618Z,S1,DC-D,SBVCHP_SBORC,R1233zd(E),R1234ze(E),42,FINISHED,0,14.87024974822998,${CBSIM_RUNS_ROOT}/S1_FORMAL/BATCH_S1_20260716T121618Z/runs/S1_DCD_SBVCHP-SBORC_R1233zdE_R1234zeE_seed042_20260716T121618Z,
S1_DCB_SRVCHP-SRORC_Cyclopentane_R236ea_seed042_20260716T121618Z,S1,DC-B,SRVCHP_SRORC,Cyclopentane,R236ea,42,FINISHED,0,31.978223085403442,${CBSIM_RUNS_ROOT}/S1_FORMAL/BATCH_S1_20260716T121618Z/runs/S1_DCB_SRVCHP-SRORC_Cyclopentane_R236ea_seed042_20260716T121618Z,
S1_DCB_SRVCHP-SRORC_Cyclopentane_R236fa_seed042_20260716T121618Z,S1,DC-B,SRVCHP_SRORC,Cyclopentane,R236fa,42,FINISHED,0,30.371524333953857,${CBSIM_RUNS_ROOT}/S1_FORMAL/BATCH_S1_20260716T121618Z/runs/S1_DCB_SRVCHP-SRORC_Cyclopentane_R236fa_seed042_20260716T121618Z,
S1_DCB_SRVCHP-SRORC_Cyclopentane_R365MFC_seed042_20260716T121618Z,S1,DC-B,SRVCHP_SRORC,Cyclopentane,R365MFC,42,FINISHED,0,26.14814019203186,${CBSIM_RUNS_ROOT}/S1_FORMAL/BATCH_S1_20260716T121618Z/runs/S1_DCB_SRVCHP-SRORC_Cyclopentane_R365MFC_seed042_20260716T121618Z,
S1_DCD_SBVCHP-SBORC_R1233zdE_R134a_seed042_20260716T121618Z,S1,DC-D,SBVCHP_SBORC,R1233zd(E),R134a,42,FINISHED,0,16.686826944351196,${CBSIM_RUNS_ROOT}/S1_FORMAL/BATCH_S1_20260716T121618Z/runs/S1_DCD_SBVCHP-SBORC_R1233zdE_R134a_seed042_20260716T121618Z,
S1_DCD_SBVCHP-SBORC_R1233zdE_R152A_seed042_20260716T121618Z,S1,DC-D,SBVCHP_SBORC,R1233zd(E),R152A,42,FINISHED,0,11.255255222320557,${CBSIM_RUNS_ROOT}/S1_FORMAL/BATCH_S1_20260716T121618Z/runs/S1_DCD_SBVCHP-SBORC_R1233zdE_R152A_seed042_20260716T121618Z,
S1_DCD_SBVCHP-SBORC_R1233zdE_R227EA_seed042_20260716T121618Z,S1,DC-D,SBVCHP_SBORC,R1233zd(E),R227EA,42,FINISHED,0,24.95157504081726,${CBSIM_RUNS_ROOT}/S1_FORMAL/BATCH_S1_20260716T121618Z/runs/S1_DCD_SBVCHP-SBORC_R1233zdE_R227EA_seed042_20260716T121618Z,
S1_DCD_SRVCHP-SRORC_R1233zdE_R1234zeE_seed042_20260716T121618Z,S1,DC-D,SRVCHP_SRORC,R1233zd(E),R1234ze(E),42,FINISHED,0,26.379966497421265,${CBSIM_RUNS_ROOT}/S1_FORMAL/BATCH_S1_20260716T121618Z/runs/S1_DCD_SRVCHP-SRORC_R1233zdE_R1234zeE_seed042_20260716T121618Z,
S1_DCD_SBVCHP-SBORC_R1233zdE_R600a_seed042_20260716T121618Z,S1,DC-D,SBVCHP_SBORC,R1233zd(E),R600a,42,FINISHED,0,12.013903379440308,${CBSIM_RUNS_ROOT}/S1_FORMAL/BATCH_S1_20260716T121618Z/runs/S1_DCD_SBVCHP-SBORC_R1233zdE_R600a_seed042_20260716T121618Z,
S1_DCD_SRVCHP-SRORC_R1233zdE_R134a_seed042_20260716T121618Z,S1,DC-D,SRVCHP_SRORC,R1233zd(E),R134a,42,FINISHED,0,27.544435024261475,${CBSIM_RUNS_ROOT}/S1_FORMAL/BATCH_S1_20260716T121618Z/runs/S1_DCD_SRVCHP-SRORC_R1233zdE_R134a_seed042_20260716T121618Z,
S1_DCD_SRVCHP-SRORC_R1233zdE_R152A_seed042_20260716T121618Z,S1,DC-D,SRVCHP_SRORC,R1233zd(E),R152A,42,FINISHED,0,20.318134784698486,${CBSIM_RUNS_ROOT}/S1_FORMAL/BATCH_S1_20260716T121618Z/runs/S1_DCD_SRVCHP-SRORC_R1233zdE_R152A_seed042_20260716T121618Z,
S1_DCD_SBVCHP-SBORC_R1233zdE_R1234yf_seed042_20260716T121618Z,S1,DC-D,SBVCHP_SBORC,R1233zd(E),R1234yf,42,FINISHED,0,21.920344352722168,${CBSIM_RUNS_ROOT}/S1_FORMAL/BATCH_S1_20260716T121618Z/runs/S1_DCD_SBVCHP-SBORC_R1233zdE_R1234yf_seed042_20260716T121618Z,
S1_DCD_SRVCHP-SRORC_R1233zdE_R227EA_seed042_20260716T121618Z,S1,DC-D,SRVCHP_SRORC,R1233zd(E),R227EA,42,FINISHED,0,43.035396337509155,${CBSIM_RUNS_ROOT}/S1_FORMAL/BATCH_S1_20260716T121618Z/runs/S1_DCD_SRVCHP-SRORC_R1233zdE_R227EA_seed042_20260716T121618Z,
S1_DCD_SBVCHP-SBORC_R1233zdE_R290_seed042_20260716T121618Z,S1,DC-D,SBVCHP_SBORC,R1233zd(E),R290,42,FINISHED,0,20.908042907714844,${CBSIM_RUNS_ROOT}/S1_FORMAL/BATCH_S1_20260716T121618Z/runs/S1_DCD_SBVCHP-SBORC_R1233zdE_R290_seed042_20260716T121618Z,
S1_DCD_SRVCHP-SRORC_R1233zdE_R290_seed042_20260716T121618Z,S1,DC-D,SRVCHP_SRORC,R1233zd(E),R290,42,FINISHED,0,20.097509622573853,${CBSIM_RUNS_ROOT}/S1_FORMAL/BATCH_S1_20260716T121618Z/runs/S1_DCD_SRVCHP-SRORC_R1233zdE_R290_seed042_20260716T121618Z,
S1_DCD_SRVCHP-SRORC_R1233zdE_R1234yf_seed042_20260716T121618Z,S1,DC-D,SRVCHP_SRORC,R1233zd(E),R1234yf,42,FINISHED,0,21.542674779891968,${CBSIM_RUNS_ROOT}/S1_FORMAL/BATCH_S1_20260716T121618Z/runs/S1_DCD_SRVCHP-SRORC_R1233zdE_R1234yf_seed042_20260716T121618Z,
S1_DCD_SBVCHP-SBORC_R1233zdE_R600_seed042_20260716T121618Z,S1,DC-D,SBVCHP_SBORC,R1233zd(E),R600,42,FINISHED,0,11.47593641281128,${CBSIM_RUNS_ROOT}/S1_FORMAL/BATCH_S1_20260716T121618Z/runs/S1_DCD_SBVCHP-SBORC_R1233zdE_R600_seed042_20260716T121618Z,
S1_DCD_SBVCHP-SBORC_R1233zdE_R245fa_seed042_20260716T121618Z,S1,DC-D,SBVCHP_SBORC,R1233zd(E),R245fa,42,FINISHED,0,12.461659908294678,${CBSIM_RUNS_ROOT}/S1_FORMAL/BATCH_S1_20260716T121618Z/runs/S1_DCD_SBVCHP-SBORC_R1233zdE_R245fa_seed042_20260716T121618Z,
S1_DCD_SBVCHP-SBORC_R1233zdE_R236fa_seed042_20260716T121618Z,S1,DC-D,SBVCHP_SBORC,R1233zd(E),R236fa,42,FINISHED,0,17.247657775878906,${CBSIM_RUNS_ROOT}/S1_FORMAL/BATCH_S1_20260716T121618Z/runs/S1_DCD_SBVCHP-SBORC_R1233zdE_R236fa_seed042_20260716T121618Z,
S1_DCD_SBVCHP-SBORC_R1233zdE_R236ea_seed042_20260716T121618Z,S1,DC-D,SBVCHP_SBORC,R1233zd(E),R236ea,42,FINISHED,0,18.27772879600525,${CBSIM_RUNS_ROOT}/S1_FORMAL/BATCH_S1_20260716T121618Z/runs/S1_DCD_SBVCHP-SBORC_R1233zdE_R236ea_seed042_20260716T121618Z,
S1_DCD_SRVCHP-SRORC_R1233zdE_R600_seed042_20260716T121618Z,S1,DC-D,SRVCHP_SRORC,R1233zd(E),R600,42,FINISHED,0,22.92525601387024,${CBSIM_RUNS_ROOT}/S1_FORMAL/BATCH_S1_20260716T121618Z/runs/S1_DCD_SRVCHP-SRORC_R1233zdE_R600_seed042_20260716T121618Z,
S1_DCD_SRVCHP-SRORC_R1233zdE_R600a_seed042_20260716T121618Z,S1,DC-D,SRVCHP_SRORC,R1233zd(E),R600a,42,FINISHED,0,27.575122117996216,${CBSIM_RUNS_ROOT}/S1_FORMAL/BATCH_S1_20260716T121618Z/runs/S1_DCD_SRVCHP-SRORC_R1233zdE_R600a_seed042_20260716T121618Z,
S1_DCD_SRVCHP-SRORC_R1233zdE_R245fa_seed042_20260716T121618Z,S1,DC-D,SRVCHP_SRORC,R1233zd(E),R245fa,42,FINISHED,0,22.32937741279602,${CBSIM_RUNS_ROOT}/S1_FORMAL/BATCH_S1_20260716T121618Z/runs/S1_DCD_SRVCHP-SRORC_R1233zdE_R245fa_seed042_20260716T121618Z,
S1_DCD_SBVCHP-SBORC_R1233zdE_R365MFC_seed042_20260716T121618Z,S1,DC-D,SBVCHP_SBORC,R1233zd(E),R365MFC,42,FINISHED,0,16.08523392677307,${CBSIM_RUNS_ROOT}/S1_FORMAL/BATCH_S1_20260716T121618Z/runs/S1_DCD_SBVCHP-SBORC_R1233zdE_R365MFC_seed042_20260716T121618Z,
S1_DCD_SBVCHP-SBORC_R245fa_R1234zeE_seed042_20260716T121618Z,S1,DC-D,SBVCHP_SBORC,R245fa,R1234ze(E),42,FINISHED,0,14.48037052154541,${CBSIM_RUNS_ROOT}/S1_FORMAL/BATCH_S1_20260716T121618Z/runs/S1_DCD_SBVCHP-SBORC_R245fa_R1234zeE_seed042_20260716T121618Z,
S1_DCD_SBVCHP-SBORC_R245fa_R134a_seed042_20260716T121618Z,S1,DC-D,SBVCHP_SBORC,R245fa,R134a,42,FINISHED,0,16.037595987319946,${CBSIM_RUNS_ROOT}/S1_FORMAL/BATCH_S1_20260716T121618Z/runs/S1_DCD_SBVCHP-SBORC_R245fa_R134a_seed042_20260716T121618Z,
S1_DCD_SRVCHP-SRORC_R1233zdE_R236ea_seed042_20260716T121618Z,S1,DC-D,SRVCHP_SRORC,R1233zd(E),R236ea,42,FINISHED,0,43.406140089035034,${CBSIM_RUNS_ROOT}/S1_FORMAL/BATCH_S1_20260716T121618Z/runs/S1_DCD_SRVCHP-SRORC_R1233zdE_R236ea_seed042_20260716T121618Z,
S1_DCD_SBVCHP-SBORC_R245fa_R227EA_seed042_20260716T121618Z,S1,DC-D,SBVCHP_SBORC,R245fa,R227EA,42,FINISHED,0,23.91154170036316,${CBSIM_RUNS_ROOT}/S1_FORMAL/BATCH_S1_20260716T121618Z/runs/S1_DCD_SBVCHP-SBORC_R245fa_R227EA_seed042_20260716T121618Z,
S1_DCD_SRVCHP-SRORC_R245fa_R1234zeE_seed042_20260716T121618Z,S1,DC-D,SRVCHP_SRORC,R245fa,R1234ze(E),42,FINISHED,0,26.136250734329224,${CBSIM_RUNS_ROOT}/S1_FORMAL/BATCH_S1_20260716T121618Z/runs/S1_DCD_SRVCHP-SRORC_R245fa_R1234zeE_seed042_20260716T121618Z,
S1_DCD_SRVCHP-SRORC_R1233zdE_R236fa_seed042_20260716T121618Z,S1,DC-D,SRVCHP_SRORC,R1233zd(E),R236fa,42,FINISHED,0,43.22235941886902,${CBSIM_RUNS_ROOT}/S1_FORMAL/BATCH_S1_20260716T121618Z/runs/S1_DCD_SRVCHP-SRORC_R1233zdE_R236fa_seed042_20260716T121618Z,
S1_DCD_SRVCHP-SRORC_R1233zdE_R365MFC_seed042_20260716T121618Z,S1,DC-D,SRVCHP_SRORC,R1233zd(E),R365MFC,42,FINISHED,0,34.00028467178345,${CBSIM_RUNS_ROOT}/S1_FORMAL/BATCH_S1_20260716T121618Z/runs/S1_DCD_SRVCHP-SRORC_R1233zdE_R365MFC_seed042_20260716T121618Z,
S1_DCD_SBVCHP-SBORC_R245fa_R152A_seed042_20260716T121618Z,S1,DC-D,SBVCHP_SBORC,R245fa,R152A,42,FINISHED,0,10.678731441497803,${CBSIM_RUNS_ROOT}/S1_FORMAL/BATCH_S1_20260716T121618Z/runs/S1_DCD_SBVCHP-SBORC_R245fa_R152A_seed042_20260716T121618Z,
S1_DCD_SRVCHP-SRORC_R245fa_R134a_seed042_20260716T121618Z,S1,DC-D,SRVCHP_SRORC,R245fa,R134a,42,FINISHED,0,26.32369875907898,${CBSIM_RUNS_ROOT}/S1_FORMAL/BATCH_S1_20260716T121618Z/runs/S1_DCD_SRVCHP-SRORC_R245fa_R134a_seed042_20260716T121618Z,
S1_DCD_SRVCHP-SRORC_R245fa_R152A_seed042_20260716T121618Z,S1,DC-D,SRVCHP_SRORC,R245fa,R152A,42,FINISHED,0,19.909993886947632,${CBSIM_RUNS_ROOT}/S1_FORMAL/BATCH_S1_20260716T121618Z/runs/S1_DCD_SRVCHP-SRORC_R245fa_R152A_seed042_20260716T121618Z,
S1_DCD_SRVCHP-SRORC_R245fa_R227EA_seed042_20260716T121618Z,S1,DC-D,SRVCHP_SRORC,R245fa,R227EA,42,FINISHED,0,43.214186668395996,${CBSIM_RUNS_ROOT}/S1_FORMAL/BATCH_S1_20260716T121618Z/runs/S1_DCD_SRVCHP-SRORC_R245fa_R227EA_seed042_20260716T121618Z,
S1_DCD_SBVCHP-SBORC_R245fa_R1234yf_seed042_20260716T121618Z,S1,DC-D,SBVCHP_SBORC,R245fa,R1234yf,42,FINISHED,0,20.726524829864502,${CBSIM_RUNS_ROOT}/S1_FORMAL/BATCH_S1_20260716T121618Z/runs/S1_DCD_SBVCHP-SBORC_R245fa_R1234yf_seed042_20260716T121618Z,
S1_DCD_SBVCHP-SBORC_R245fa_R600a_seed042_20260716T121618Z,S1,DC-D,SBVCHP_SBORC,R245fa,R600a,42,FINISHED,0,11.456267356872559,${CBSIM_RUNS_ROOT}/S1_FORMAL/BATCH_S1_20260716T121618Z/runs/S1_DCD_SBVCHP-SBORC_R245fa_R600a_seed042_20260716T121618Z,
S1_DCD_SRVCHP-SRORC_R245fa_R1234yf_seed042_20260716T121618Z,S1,DC-D,SRVCHP_SRORC,R245fa,R1234yf,42,FINISHED,0,21.946218490600586,${CBSIM_RUNS_ROOT}/S1_FORMAL/BATCH_S1_20260716T121618Z/runs/S1_DCD_SRVCHP-SRORC_R245fa_R1234yf_seed042_20260716T121618Z,
S1_DCD_SBVCHP-SBORC_R245fa_R290_seed042_20260716T121618Z,S1,DC-D,SBVCHP_SBORC,R245fa,R290,42,FINISHED,0,19.536444664001465,${CBSIM_RUNS_ROOT}/S1_FORMAL/BATCH_S1_20260716T121618Z/runs/S1_DCD_SBVCHP-SBORC_R245fa_R290_seed042_20260716T121618Z,
S1_DCD_SRVCHP-SRORC_R245fa_R290_seed042_20260716T121618Z,S1,DC-D,SRVCHP_SRORC,R245fa,R290,42,FINISHED,0,18.136969804763794,${CBSIM_RUNS_ROOT}/S1_FORMAL/BATCH_S1_20260716T121618Z/runs/S1_DCD_SRVCHP-SRORC_R245fa_R290_seed042_20260716T121618Z,
S1_DCD_SBVCHP-SBORC_R245fa_R600_seed042_20260716T121618Z,S1,DC-D,SBVCHP_SBORC,R245fa,R600,42,FINISHED,0,11.901353120803833,${CBSIM_RUNS_ROOT}/S1_FORMAL/BATCH_S1_20260716T121618Z/runs/S1_DCD_SBVCHP-SBORC_R245fa_R600_seed042_20260716T121618Z,
S1_DCD_SBVCHP-SBORC_R245fa_R245fa_seed042_20260716T121618Z,S1,DC-D,SBVCHP_SBORC,R245fa,R245fa,42,FINISHED,0,13.093240022659302,${CBSIM_RUNS_ROOT}/S1_FORMAL/BATCH_S1_20260716T121618Z/runs/S1_DCD_SBVCHP-SBORC_R245fa_R245fa_seed042_20260716T121618Z,
S1_DCD_SBVCHP-SBORC_R245fa_R236ea_seed042_20260716T121618Z,S1,DC-D,SBVCHP_SBORC,R245fa,R236ea,42,FINISHED,0,19.293633222579956,${CBSIM_RUNS_ROOT}/S1_FORMAL/BATCH_S1_20260716T121618Z/runs/S1_DCD_SBVCHP-SBORC_R245fa_R236ea_seed042_20260716T121618Z,
S1_DCD_SRVCHP-SRORC_R245fa_R600a_seed042_20260716T121618Z,S1,DC-D,SRVCHP_SRORC,R245fa,R600a,42,FINISHED,0,27.782434463500977,${CBSIM_RUNS_ROOT}/S1_FORMAL/BATCH_S1_20260716T121618Z/runs/S1_DCD_SRVCHP-SRORC_R245fa_R600a_seed042_20260716T121618Z,
S1_DCD_SRVCHP-SRORC_R245fa_R600_seed042_20260716T121618Z,S1,DC-D,SRVCHP_SRORC,R245fa,R600,42,FINISHED,0,22.963772773742676,${CBSIM_RUNS_ROOT}/S1_FORMAL/BATCH_S1_20260716T121618Z/runs/S1_DCD_SRVCHP-SRORC_R245fa_R600_seed042_20260716T121618Z,
S1_DCD_SRVCHP-SRORC_R245fa_R245fa_seed042_20260716T121618Z,S1,DC-D,SRVCHP_SRORC,R245fa,R245fa,42,FINISHED,0,22.34319758415222,${CBSIM_RUNS_ROOT}/S1_FORMAL/BATCH_S1_20260716T121618Z/runs/S1_DCD_SRVCHP-SRORC_R245fa_R245fa_seed042_20260716T121618Z,
S1_DCD_SBVCHP-SBORC_R245fa_R236fa_seed042_20260716T121618Z,S1,DC-D,SBVCHP_SBORC,R245fa,R236fa,42,FINISHED,0,17.9032039642334,${CBSIM_RUNS_ROOT}/S1_FORMAL/BATCH_S1_20260716T121618Z/runs/S1_DCD_SBVCHP-SBORC_R245fa_R236fa_seed042_20260716T121618Z,
S1_DCD_SBVCHP-SBORC_R245fa_R365MFC_seed042_20260716T121618Z,S1,DC-D,SBVCHP_SBORC,R245fa,R365MFC,42,FINISHED,0,15.27317762374878,${CBSIM_RUNS_ROOT}/S1_FORMAL/BATCH_S1_20260716T121618Z/runs/S1_DCD_SBVCHP-SBORC_R245fa_R365MFC_seed042_20260716T121618Z,
S1_DCD_SBVCHP-SBORC_R600_R1234zeE_seed042_20260716T121618Z,S1,DC-D,SBVCHP_SBORC,R600,R1234ze(E),42,FINISHED,0,15.457672595977783,${CBSIM_RUNS_ROOT}/S1_FORMAL/BATCH_S1_20260716T121618Z/runs/S1_DCD_SBVCHP-SBORC_R600_R1234zeE_seed042_20260716T121618Z,
S1_DCD_SBVCHP-SBORC_R600_R134a_seed042_20260716T121618Z,S1,DC-D,SBVCHP_SBORC,R600,R134a,42,FINISHED,0,15.229790449142456,${CBSIM_RUNS_ROOT}/S1_FORMAL/BATCH_S1_20260716T121618Z/runs/S1_DCD_SBVCHP-SBORC_R600_R134a_seed042_20260716T121618Z,
S1_DCD_SBVCHP-SBORC_R600_R227EA_seed042_20260716T121618Z,S1,DC-D,SBVCHP_SBORC,R600,R227EA,42,FINISHED,0,24.47773027420044,${CBSIM_RUNS_ROOT}/S1_FORMAL/BATCH_S1_20260716T121618Z/runs/S1_DCD_SBVCHP-SBORC_R600_R227EA_seed042_20260716T121618Z,
S1_DCD_SRVCHP-SRORC_R245fa_R236ea_seed042_20260716T121618Z,S1,DC-D,SRVCHP_SRORC,R245fa,R236ea,42,FINISHED,0,44.212448596954346,${CBSIM_RUNS_ROOT}/S1_FORMAL/BATCH_S1_20260716T121618Z/runs/S1_DCD_SRVCHP-SRORC_R245fa_R236ea_seed042_20260716T121618Z,
S1_DCD_SRVCHP-SRORC_R600_R1234zeE_seed042_20260716T121618Z,S1,DC-D,SRVCHP_SRORC,R600,R1234ze(E),42,FINISHED,0,26.712252140045166,${CBSIM_RUNS_ROOT}/S1_FORMAL/BATCH_S1_20260716T121618Z/runs/S1_DCD_SRVCHP-SRORC_R600_R1234zeE_seed042_20260716T121618Z,
S1_DCD_SRVCHP-SRORC_R245fa_R236fa_seed042_20260716T121618Z,S1,DC-D,SRVCHP_SRORC,R245fa,R236fa,42,FINISHED,0,43.79717540740967,${CBSIM_RUNS_ROOT}/S1_FORMAL/BATCH_S1_20260716T121618Z/runs/S1_DCD_SRVCHP-SRORC_R245fa_R236fa_seed042_20260716T121618Z,
S1_DCD_SRVCHP-SRORC_R245fa_R365MFC_seed042_20260716T121618Z,S1,DC-D,SRVCHP_SRORC,R245fa,R365MFC,42,FINISHED,0,34.370628356933594,${CBSIM_RUNS_ROOT}/S1_FORMAL/BATCH_S1_20260716T121618Z/runs/S1_DCD_SRVCHP-SRORC_R245fa_R365MFC_seed042_20260716T121618Z,
S1_DCD_SBVCHP-SBORC_R600_R152A_seed042_20260716T121618Z,S1,DC-D,SBVCHP_SBORC,R600,R152A,42,FINISHED,0,11.663511753082275,${CBSIM_RUNS_ROOT}/S1_FORMAL/BATCH_S1_20260716T121618Z/runs/S1_DCD_SBVCHP-SBORC_R600_R152A_seed042_20260716T121618Z,
S1_DCD_SRVCHP-SRORC_R600_R227EA_seed042_20260716T121618Z,S1,DC-D,SRVCHP_SRORC,R600,R227EA,42,FINISHED,0,42.757720947265625,${CBSIM_RUNS_ROOT}/S1_FORMAL/BATCH_S1_20260716T121618Z/runs/S1_DCD_SRVCHP-SRORC_R600_R227EA_seed042_20260716T121618Z,
S1_DCD_SRVCHP-SRORC_R600_R134a_seed042_20260716T121618Z,S1,DC-D,SRVCHP_SRORC,R600,R134a,42,FINISHED,0,28.13403820991516,${CBSIM_RUNS_ROOT}/S1_FORMAL/BATCH_S1_20260716T121618Z/runs/S1_DCD_SRVCHP-SRORC_R600_R134a_seed042_20260716T121618Z,
S1_DCD_SBVCHP-SBORC_R600_R600a_seed042_20260716T121618Z,S1,DC-D,SBVCHP_SBORC,R600,R600a,42,FINISHED,0,11.84651494026184,${CBSIM_RUNS_ROOT}/S1_FORMAL/BATCH_S1_20260716T121618Z/runs/S1_DCD_SBVCHP-SBORC_R600_R600a_seed042_20260716T121618Z,
S1_DCD_SBVCHP-SBORC_R600_R1234yf_seed042_20260716T121618Z,S1,DC-D,SBVCHP_SBORC,R600,R1234yf,42,FINISHED,0,20.51576852798462,${CBSIM_RUNS_ROOT}/S1_FORMAL/BATCH_S1_20260716T121618Z/runs/S1_DCD_SBVCHP-SBORC_R600_R1234yf_seed042_20260716T121618Z,
S1_DCD_SRVCHP-SRORC_R600_R152A_seed042_20260716T121618Z,S1,DC-D,SRVCHP_SRORC,R600,R152A,42,FINISHED,0,21.345414638519287,${CBSIM_RUNS_ROOT}/S1_FORMAL/BATCH_S1_20260716T121618Z/runs/S1_DCD_SRVCHP-SRORC_R600_R152A_seed042_20260716T121618Z,
S1_DCD_SRVCHP-SRORC_R600_R1234yf_seed042_20260716T121618Z,S1,DC-D,SRVCHP_SRORC,R600,R1234yf,42,FINISHED,0,20.734411478042603,${CBSIM_RUNS_ROOT}/S1_FORMAL/BATCH_S1_20260716T121618Z/runs/S1_DCD_SRVCHP-SRORC_R600_R1234yf_seed042_20260716T121618Z,
S1_DCD_SBVCHP-SBORC_R600_R290_seed042_20260716T121618Z,S1,DC-D,SBVCHP_SBORC,R600,R290,42,FINISHED,0,18.534141778945923,${CBSIM_RUNS_ROOT}/S1_FORMAL/BATCH_S1_20260716T121618Z/runs/S1_DCD_SBVCHP-SBORC_R600_R290_seed042_20260716T121618Z,
S1_DCD_SRVCHP-SRORC_R600_R290_seed042_20260716T121618Z,S1,DC-D,SRVCHP_SRORC,R600,R290,42,FINISHED,0,19.340651273727417,${CBSIM_RUNS_ROOT}/S1_FORMAL/BATCH_S1_20260716T121618Z/runs/S1_DCD_SRVCHP-SRORC_R600_R290_seed042_20260716T121618Z,
S1_DCD_SBVCHP-SBORC_R600_R600_seed042_20260716T121618Z,S1,DC-D,SBVCHP_SBORC,R600,R600,42,FINISHED,0,11.701445579528809,${CBSIM_RUNS_ROOT}/S1_FORMAL/BATCH_S1_20260716T121618Z/runs/S1_DCD_SBVCHP-SBORC_R600_R600_seed042_20260716T121618Z,
S1_DCD_SBVCHP-SBORC_R600_R245fa_seed042_20260716T121618Z,S1,DC-D,SBVCHP_SBORC,R600,R245fa,42,FINISHED,0,12.28167176246643,${CBSIM_RUNS_ROOT}/S1_FORMAL/BATCH_S1_20260716T121618Z/runs/S1_DCD_SBVCHP-SBORC_R600_R245fa_seed042_20260716T121618Z,
S1_DCD_SBVCHP-SBORC_R600_R236ea_seed042_20260716T121618Z,S1,DC-D,SBVCHP_SBORC,R600,R236ea,42,FINISHED,0,18.0660138130188,${CBSIM_RUNS_ROOT}/S1_FORMAL/BATCH_S1_20260716T121618Z/runs/S1_DCD_SBVCHP-SBORC_R600_R236ea_seed042_20260716T121618Z,
S1_DCD_SRVCHP-SRORC_R600_R600_seed042_20260716T121618Z,S1,DC-D,SRVCHP_SRORC,R600,R600,42,FINISHED,0,22.73158025741577,${CBSIM_RUNS_ROOT}/S1_FORMAL/BATCH_S1_20260716T121618Z/runs/S1_DCD_SRVCHP-SRORC_R600_R600_seed042_20260716T121618Z,
S1_DCD_SRVCHP-SRORC_R600_R245fa_seed042_20260716T121618Z,S1,DC-D,SRVCHP_SRORC,R600,R245fa,42,FINISHED,0,21.911063194274902,${CBSIM_RUNS_ROOT}/S1_FORMAL/BATCH_S1_20260716T121618Z/runs/S1_DCD_SRVCHP-SRORC_R600_R245fa_seed042_20260716T121618Z,
S1_DCD_SBVCHP-SBORC_R600_R236fa_seed042_20260716T121618Z,S1,DC-D,SBVCHP_SBORC,R600,R236fa,42,FINISHED,0,16.27479386329651,${CBSIM_RUNS_ROOT}/S1_FORMAL/BATCH_S1_20260716T121618Z/runs/S1_DCD_SBVCHP-SBORC_R600_R236fa_seed042_20260716T121618Z,
S1_DCD_SRVCHP-SRORC_R600_R600a_seed042_20260716T121618Z,S1,DC-D,SRVCHP_SRORC,R600,R600a,42,FINISHED,0,26.80143928527832,${CBSIM_RUNS_ROOT}/S1_FORMAL/BATCH_S1_20260716T121618Z/runs/S1_DCD_SRVCHP-SRORC_R600_R600a_seed042_20260716T121618Z,
S1_DCD_SBVCHP-SBORC_R600_R365MFC_seed042_20260716T121618Z,S1,DC-D,SBVCHP_SBORC,R600,R365MFC,42,FINISHED,0,15.681456089019775,${CBSIM_RUNS_ROOT}/S1_FORMAL/BATCH_S1_20260716T121618Z/runs/S1_DCD_SBVCHP-SBORC_R600_R365MFC_seed042_20260716T121618Z,
S1_DCD_SBVCHP-SBORC_R601_R1234zeE_seed042_20260716T121618Z,S1,DC-D,SBVCHP_SBORC,R601,R1234ze(E),42,FINISHED,0,13.668943405151367,${CBSIM_RUNS_ROOT}/S1_FORMAL/BATCH_S1_20260716T121618Z/runs/S1_DCD_SBVCHP-SBORC_R601_R1234zeE_seed042_20260716T121618Z,
S1_DCD_SBVCHP-SBORC_R601_R227EA_seed042_20260716T121618Z,S1,DC-D,SBVCHP_SBORC,R601,R227EA,42,FINISHED,0,17.471500635147095,${CBSIM_RUNS_ROOT}/S1_FORMAL/BATCH_S1_20260716T121618Z/runs/S1_DCD_SBVCHP-SBORC_R601_R227EA_seed042_20260716T121618Z,
S1_DCD_SBVCHP-SBORC_R601_R134a_seed042_20260716T121618Z,S1,DC-D,SBVCHP_SBORC,R601,R134a,42,FINISHED,0,13.046541929244995,${CBSIM_RUNS_ROOT}/S1_FORMAL/BATCH_S1_20260716T121618Z/runs/S1_DCD_SBVCHP-SBORC_R601_R134a_seed042_20260716T121618Z,
S1_DCD_SRVCHP-SRORC_R600_R236ea_seed042_20260716T121618Z,S1,DC-D,SRVCHP_SRORC,R600,R236ea,42,FINISHED,0,44.79894185066223,${CBSIM_RUNS_ROOT}/S1_FORMAL/BATCH_S1_20260716T121618Z/runs/S1_DCD_SRVCHP-SRORC_R600_R236ea_seed042_20260716T121618Z,
S1_DCD_SRVCHP-SRORC_R601_R1234zeE_seed042_20260716T121618Z,S1,DC-D,SRVCHP_SRORC,R601,R1234ze(E),42,FINISHED,0,27.313578605651855,${CBSIM_RUNS_ROOT}/S1_FORMAL/BATCH_S1_20260716T121618Z/runs/S1_DCD_SRVCHP-SRORC_R601_R1234zeE_seed042_20260716T121618Z,
S1_DCD_SBVCHP-SBORC_R601_R152A_seed042_20260716T121618Z,S1,DC-D,SBVCHP_SBORC,R601,R152A,42,FINISHED,0,10.253336429595947,${CBSIM_RUNS_ROOT}/S1_FORMAL/BATCH_S1_20260716T121618Z/runs/S1_DCD_SBVCHP-SBORC_R601_R152A_seed042_20260716T121618Z,
S1_DCD_SRVCHP-SRORC_R600_R236fa_seed042_20260716T121618Z,S1,DC-D,SRVCHP_SRORC,R600,R236fa,42,FINISHED,0,44.61520552635193,${CBSIM_RUNS_ROOT}/S1_FORMAL/BATCH_S1_20260716T121618Z/runs/S1_DCD_SRVCHP-SRORC_R600_R236fa_seed042_20260716T121618Z,
S1_DCD_SRVCHP-SRORC_R600_R365MFC_seed042_20260716T121618Z,S1,DC-D,SRVCHP_SRORC,R600,R365MFC,42,FINISHED,0,34.18184208869934,${CBSIM_RUNS_ROOT}/S1_FORMAL/BATCH_S1_20260716T121618Z/runs/S1_DCD_SRVCHP-SRORC_R600_R365MFC_seed042_20260716T121618Z,
S1_DCD_SRVCHP-SRORC_R601_R152A_seed042_20260716T121618Z,S1,DC-D,SRVCHP_SRORC,R601,R152A,42,FINISHED,0,20.680139541625977,${CBSIM_RUNS_ROOT}/S1_FORMAL/BATCH_S1_20260716T121618Z/runs/S1_DCD_SRVCHP-SRORC_R601_R152A_seed042_20260716T121618Z,
S1_DCD_SRVCHP-SRORC_R601_R134a_seed042_20260716T121618Z,S1,DC-D,SRVCHP_SRORC,R601,R134a,42,FINISHED,0,27.52539348602295,${CBSIM_RUNS_ROOT}/S1_FORMAL/BATCH_S1_20260716T121618Z/runs/S1_DCD_SRVCHP-SRORC_R601_R134a_seed042_20260716T121618Z,
S1_DCD_SBVCHP-SBORC_R601_R1234yf_seed042_20260716T121618Z,S1,DC-D,SBVCHP_SBORC,R601,R1234yf,42,FINISHED,0,14.28407621383667,${CBSIM_RUNS_ROOT}/S1_FORMAL/BATCH_S1_20260716T121618Z/runs/S1_DCD_SBVCHP-SBORC_R601_R1234yf_seed042_20260716T121618Z,
S1_DCD_SBVCHP-SBORC_R601_R290_seed042_20260716T121618Z,S1,DC-D,SBVCHP_SBORC,R601,R290,42,FINISHED,0,13.476327419281006,${CBSIM_RUNS_ROOT}/S1_FORMAL/BATCH_S1_20260716T121618Z/runs/S1_DCD_SBVCHP-SBORC_R601_R290_seed042_20260716T121618Z,
S1_DCD_SBVCHP-SBORC_R601_R600a_seed042_20260716T121618Z,S1,DC-D,SBVCHP_SBORC,R601,R600a,42,FINISHED,0,11.871211528778076,${CBSIM_RUNS_ROOT}/S1_FORMAL/BATCH_S1_20260716T121618Z/runs/S1_DCD_SBVCHP-SBORC_R601_R600a_seed042_20260716T121618Z,
S1_DCD_SRVCHP-SRORC_R601_R227EA_seed042_20260716T121618Z,S1,DC-D,SRVCHP_SRORC,R601,R227EA,42,FINISHED,0,42.82943320274353,${CBSIM_RUNS_ROOT}/S1_FORMAL/BATCH_S1_20260716T121618Z/runs/S1_DCD_SRVCHP-SRORC_R601_R227EA_seed042_20260716T121618Z,
S1_DCD_SRVCHP-SRORC_R601_R1234yf_seed042_20260716T121618Z,S1,DC-D,SRVCHP_SRORC,R601,R1234yf,42,FINISHED,0,19.93036985397339,${CBSIM_RUNS_ROOT}/S1_FORMAL/BATCH_S1_20260716T121618Z/runs/S1_DCD_SRVCHP-SRORC_R601_R1234yf_seed042_20260716T121618Z,
S1_DCD_SRVCHP-SRORC_R601_R290_seed042_20260716T121618Z,S1,DC-D,SRVCHP_SRORC,R601,R290,42,FINISHED,0,17.72172999382019,${CBSIM_RUNS_ROOT}/S1_FORMAL/BATCH_S1_20260716T121618Z/runs/S1_DCD_SRVCHP-SRORC_R601_R290_seed042_20260716T121618Z,
S1_DCD_SBVCHP-SBORC_R601_R600_seed042_20260716T121618Z,S1,DC-D,SBVCHP_SBORC,R601,R600,42,FINISHED,0,12.488140106201172,${CBSIM_RUNS_ROOT}/S1_FORMAL/BATCH_S1_20260716T121618Z/runs/S1_DCD_SBVCHP-SBORC_R601_R600_seed042_20260716T121618Z,
S1_DCD_SBVCHP-SBORC_R601_R245fa_seed042_20260716T121618Z,S1,DC-D,SBVCHP_SBORC,R601,R245fa,42,FINISHED,0,12.47184157371521,${CBSIM_RUNS_ROOT}/S1_FORMAL/BATCH_S1_20260716T121618Z/runs/S1_DCD_SBVCHP-SBORC_R601_R245fa_seed042_20260716T121618Z,
S1_DCD_SBVCHP-SBORC_R601_R236ea_seed042_20260716T121618Z,S1,DC-D,SBVCHP_SBORC,R601,R236ea,42,FINISHED,0,15.660422801971436,${CBSIM_RUNS_ROOT}/S1_FORMAL/BATCH_S1_20260716T121618Z/runs/S1_DCD_SBVCHP-SBORC_R601_R236ea_seed042_20260716T121618Z,
S1_DCD_SRVCHP-SRORC_R601_R600_seed042_20260716T121618Z,S1,DC-D,SRVCHP_SRORC,R601,R600,42,FINISHED,0,22.323126792907715,${CBSIM_RUNS_ROOT}/S1_FORMAL/BATCH_S1_20260716T121618Z/runs/S1_DCD_SRVCHP-SRORC_R601_R600_seed042_20260716T121618Z,
S1_DCD_SBVCHP-SBORC_R601_R236fa_seed042_20260716T121618Z,S1,DC-D,SBVCHP_SBORC,R601,R236fa,42,FINISHED,0,15.068066596984863,${CBSIM_RUNS_ROOT}/S1_FORMAL/BATCH_S1_20260716T121618Z/runs/S1_DCD_SBVCHP-SBORC_R601_R236fa_seed042_20260716T121618Z,
S1_DCD_SRVCHP-SRORC_R601_R245fa_seed042_20260716T121618Z,S1,DC-D,SRVCHP_SRORC,R601,R245fa,42,FINISHED,0,21.519694328308105,${CBSIM_RUNS_ROOT}/S1_FORMAL/BATCH_S1_20260716T121618Z/runs/S1_DCD_SRVCHP-SRORC_R601_R245fa_seed042_20260716T121618Z,
S1_DCD_SRVCHP-SRORC_R601_R600a_seed042_20260716T121618Z,S1,DC-D,SRVCHP_SRORC,R601,R600a,42,FINISHED,0,26.39277172088623,${CBSIM_RUNS_ROOT}/S1_FORMAL/BATCH_S1_20260716T121618Z/runs/S1_DCD_SRVCHP-SRORC_R601_R600a_seed042_20260716T121618Z,
S1_DCD_SBVCHP-SBORC_R601_R365MFC_seed042_20260716T121618Z,S1,DC-D,SBVCHP_SBORC,R601,R365MFC,42,FINISHED,0,14.078411340713501,${CBSIM_RUNS_ROOT}/S1_FORMAL/BATCH_S1_20260716T121618Z/runs/S1_DCD_SBVCHP-SBORC_R601_R365MFC_seed042_20260716T121618Z,
S1_DCD_SBVCHP-SBORC_R601a_R1234zeE_seed042_20260716T121618Z,S1,DC-D,SBVCHP_SBORC,R601a,R1234ze(E),42,FINISHED,0,11.063586950302124,${CBSIM_RUNS_ROOT}/S1_FORMAL/BATCH_S1_20260716T121618Z/runs/S1_DCD_SBVCHP-SBORC_R601a_R1234zeE_seed042_20260716T121618Z,
S1_DCD_SBVCHP-SBORC_R601a_R227EA_seed042_20260716T121618Z,S1,DC-D,SBVCHP_SBORC,R601a,R227EA,42,FINISHED,0,14.253251791000366,${CBSIM_RUNS_ROOT}/S1_FORMAL/BATCH_S1_20260716T121618Z/runs/S1_DCD_SBVCHP-SBORC_R601a_R227EA_seed042_20260716T121618Z,
S1_DCD_SBVCHP-SBORC_R601a_R134a_seed042_20260716T121618Z,S1,DC-D,SBVCHP_SBORC,R601a,R134a,42,FINISHED,0,11.036051034927368,${CBSIM_RUNS_ROOT}/S1_FORMAL/BATCH_S1_20260716T121618Z/runs/S1_DCD_SBVCHP-SBORC_R601a_R134a_seed042_20260716T121618Z,
S1_DCD_SRVCHP-SRORC_R601_R236ea_seed042_20260716T121618Z,S1,DC-D,SRVCHP_SRORC,R601,R236ea,42,FINISHED,0,42.19503879547119,${CBSIM_RUNS_ROOT}/S1_FORMAL/BATCH_S1_20260716T121618Z/runs/S1_DCD_SRVCHP-SRORC_R601_R236ea_seed042_20260716T121618Z,
S1_DCD_SBVCHP-SBORC_R601a_R152A_seed042_20260716T121618Z,S1,DC-D,SBVCHP_SBORC,R601a,R152A,42,FINISHED,0,10.83707571029663,${CBSIM_RUNS_ROOT}/S1_FORMAL/BATCH_S1_20260716T121618Z/runs/S1_DCD_SBVCHP-SBORC_R601a_R152A_seed042_20260716T121618Z,
S1_DCD_SRVCHP-SRORC_R601a_R1234zeE_seed042_20260716T121618Z,S1,DC-D,SRVCHP_SRORC,R601a,R1234ze(E),42,FINISHED,0,26.333334922790527,${CBSIM_RUNS_ROOT}/S1_FORMAL/BATCH_S1_20260716T121618Z/runs/S1_DCD_SRVCHP-SRORC_R601a_R1234zeE_seed042_20260716T121618Z,
S1_DCD_SRVCHP-SRORC_R601_R365MFC_seed042_20260716T121618Z,S1,DC-D,SRVCHP_SRORC,R601,R365MFC,42,FINISHED,0,33.175607442855835,${CBSIM_RUNS_ROOT}/S1_FORMAL/BATCH_S1_20260716T121618Z/runs/S1_DCD_SRVCHP-SRORC_R601_R365MFC_seed042_20260716T121618Z,
S1_DCD_SRVCHP-SRORC_R601_R236fa_seed042_20260716T121618Z,S1,DC-D,SRVCHP_SRORC,R601,R236fa,42,FINISHED,0,42.027360677719116,${CBSIM_RUNS_ROOT}/S1_FORMAL/BATCH_S1_20260716T121618Z/runs/S1_DCD_SRVCHP-SRORC_R601_R236fa_seed042_20260716T121618Z,
S1_DCD_SRVCHP-SRORC_R601a_R152A_seed042_20260716T121618Z,S1,DC-D,SRVCHP_SRORC,R601a,R152A,42,FINISHED,0,20.086363077163696,${CBSIM_RUNS_ROOT}/S1_FORMAL/BATCH_S1_20260716T121618Z/runs/S1_DCD_SRVCHP-SRORC_R601a_R152A_seed042_20260716T121618Z,
S1_DCD_SBVCHP-SBORC_R601a_R1234yf_seed042_20260716T121618Z,S1,DC-D,SBVCHP_SBORC,R601a,R1234yf,42,FINISHED,0,12.678476095199585,${CBSIM_RUNS_ROOT}/S1_FORMAL/BATCH_S1_20260716T121618Z/runs/S1_DCD_SBVCHP-SBORC_R601a_R1234yf_seed042_20260716T121618Z,
S1_DCD_SRVCHP-SRORC_R601a_R134a_seed042_20260716T121618Z,S1,DC-D,SRVCHP_SRORC,R601a,R134a,42,FINISHED,0,27.349960565567017,${CBSIM_RUNS_ROOT}/S1_FORMAL/BATCH_S1_20260716T121618Z/runs/S1_DCD_SRVCHP-SRORC_R601a_R134a_seed042_20260716T121618Z,
S1_DCD_SBVCHP-SBORC_R601a_R290_seed042_20260716T121618Z,S1,DC-D,SBVCHP_SBORC,R601a,R290,42,FINISHED,0,11.878844738006592,${CBSIM_RUNS_ROOT}/S1_FORMAL/BATCH_S1_20260716T121618Z/runs/S1_DCD_SBVCHP-SBORC_R601a_R290_seed042_20260716T121618Z,
S1_DCD_SBVCHP-SBORC_R601a_R600a_seed042_20260716T121618Z,S1,DC-D,SBVCHP_SBORC,R601a,R600a,42,FINISHED,0,10.468980312347412,${CBSIM_RUNS_ROOT}/S1_FORMAL/BATCH_S1_20260716T121618Z/runs/S1_DCD_SBVCHP-SBORC_R601a_R600a_seed042_20260716T121618Z,
S1_DCD_SRVCHP-SRORC_R601a_R227EA_seed042_20260716T121618Z,S1,DC-D,SRVCHP_SRORC,R601a,R227EA,42,FINISHED,0,40.83135938644409,${CBSIM_RUNS_ROOT}/S1_FORMAL/BATCH_S1_20260716T121618Z/runs/S1_DCD_SRVCHP-SRORC_R601a_R227EA_seed042_20260716T121618Z,
S1_DCD_SRVCHP-SRORC_R601a_R1234yf_seed042_20260716T121618Z,S1,DC-D,SRVCHP_SRORC,R601a,R1234yf,42,FINISHED,0,19.943761348724365,${CBSIM_RUNS_ROOT}/S1_FORMAL/BATCH_S1_20260716T121618Z/runs/S1_DCD_SRVCHP-SRORC_R601a_R1234yf_seed042_20260716T121618Z,
S1_DCD_SRVCHP-SRORC_R601a_R290_seed042_20260716T121618Z,S1,DC-D,SRVCHP_SRORC,R601a,R290,42,FINISHED,0,19.14318823814392,${CBSIM_RUNS_ROOT}/S1_FORMAL/BATCH_S1_20260716T121618Z/runs/S1_DCD_SRVCHP-SRORC_R601a_R290_seed042_20260716T121618Z,
S1_DCD_SBVCHP-SBORC_R601a_R600_seed042_20260716T121618Z,S1,DC-D,SBVCHP_SBORC,R601a,R600,42,FINISHED,0,11.907740116119385,${CBSIM_RUNS_ROOT}/S1_FORMAL/BATCH_S1_20260716T121618Z/runs/S1_DCD_SBVCHP-SBORC_R601a_R600_seed042_20260716T121618Z,
S1_DCD_SBVCHP-SBORC_R601a_R245fa_seed042_20260716T121618Z,S1,DC-D,SBVCHP_SBORC,R601a,R245fa,42,FINISHED,0,11.689619302749634,${CBSIM_RUNS_ROOT}/S1_FORMAL/BATCH_S1_20260716T121618Z/runs/S1_DCD_SBVCHP-SBORC_R601a_R245fa_seed042_20260716T121618Z,
S1_DCD_SBVCHP-SBORC_R601a_R236ea_seed042_20260716T121618Z,S1,DC-D,SBVCHP_SBORC,R601a,R236ea,42,FINISHED,0,12.270202398300171,${CBSIM_RUNS_ROOT}/S1_FORMAL/BATCH_S1_20260716T121618Z/runs/S1_DCD_SBVCHP-SBORC_R601a_R236ea_seed042_20260716T121618Z,
S1_DCD_SRVCHP-SRORC_R601a_R600_seed042_20260716T121618Z,S1,DC-D,SRVCHP_SRORC,R601a,R600,42,FINISHED,0,20.74556541442871,${CBSIM_RUNS_ROOT}/S1_FORMAL/BATCH_S1_20260716T121618Z/runs/S1_DCD_SRVCHP-SRORC_R601a_R600_seed042_20260716T121618Z,
S1_DCD_SRVCHP-SRORC_R601a_R600a_seed042_20260716T121618Z,S1,DC-D,SRVCHP_SRORC,R601a,R600a,42,FINISHED,0,25.592800855636597,${CBSIM_RUNS_ROOT}/S1_FORMAL/BATCH_S1_20260716T121618Z/runs/S1_DCD_SRVCHP-SRORC_R601a_R600a_seed042_20260716T121618Z,
S1_DCD_SBVCHP-SBORC_R601a_R236fa_seed042_20260716T121618Z,S1,DC-D,SBVCHP_SBORC,R601a,R236fa,42,FINISHED,0,12.87882137298584,${CBSIM_RUNS_ROOT}/S1_FORMAL/BATCH_S1_20260716T121618Z/runs/S1_DCD_SBVCHP-SBORC_R601a_R236fa_seed042_20260716T121618Z,
S1_DCD_SRVCHP-SRORC_R601a_R245fa_seed042_20260716T121618Z,S1,DC-D,SRVCHP_SRORC,R601a,R245fa,42,FINISHED,0,21.152597427368164,${CBSIM_RUNS_ROOT}/S1_FORMAL/BATCH_S1_20260716T121618Z/runs/S1_DCD_SRVCHP-SRORC_R601a_R245fa_seed042_20260716T121618Z,
S1_DCD_SBVCHP-SBORC_R601a_R365MFC_seed042_20260716T121618Z,S1,DC-D,SBVCHP_SBORC,R601a,R365MFC,42,FINISHED,0,13.484121084213257,${CBSIM_RUNS_ROOT}/S1_FORMAL/BATCH_S1_20260716T121618Z/runs/S1_DCD_SBVCHP-SBORC_R601a_R365MFC_seed042_20260716T121618Z,
S1_DCD_SBVCHP-SBORC_R1234zeZ_R1234zeE_seed042_20260716T121618Z,S1,DC-D,SBVCHP_SBORC,R1234ze(Z),R1234ze(E),42,FINISHED,0,15.067198038101196,${CBSIM_RUNS_ROOT}/S1_FORMAL/BATCH_S1_20260716T121618Z/runs/S1_DCD_SBVCHP-SBORC_R1234zeZ_R1234zeE_seed042_20260716T121618Z,
S1_DCD_SBVCHP-SBORC_R1234zeZ_R134a_seed042_20260716T121618Z,S1,DC-D,SBVCHP_SBORC,R1234ze(Z),R134a,42,FINISHED,0,16.24051809310913,${CBSIM_RUNS_ROOT}/S1_FORMAL/BATCH_S1_20260716T121618Z/runs/S1_DCD_SBVCHP-SBORC_R1234zeZ_R134a_seed042_20260716T121618Z,
S1_DCD_SRVCHP-SRORC_R601a_R365MFC_seed042_20260716T121618Z,S1,DC-D,SRVCHP_SRORC,R601a,R365MFC,42,FINISHED,0,33.33955669403076,${CBSIM_RUNS_ROOT}/S1_FORMAL/BATCH_S1_20260716T121618Z/runs/S1_DCD_SRVCHP-SRORC_R601a_R365MFC_seed042_20260716T121618Z,
S1_DCD_SBVCHP-SBORC_R1234zeZ_R227EA_seed042_20260716T121618Z,S1,DC-D,SBVCHP_SBORC,R1234ze(Z),R227EA,42,FINISHED,0,26.29784893989563,${CBSIM_RUNS_ROOT}/S1_FORMAL/BATCH_S1_20260716T121618Z/runs/S1_DCD_SBVCHP-SBORC_R1234zeZ_R227EA_seed042_20260716T121618Z,
S1_DCD_SRVCHP-SRORC_R1234zeZ_R1234zeE_seed042_20260716T121618Z,S1,DC-D,SRVCHP_SRORC,R1234ze(Z),R1234ze(E),42,FINISHED,0,27.132594347000122,${CBSIM_RUNS_ROOT}/S1_FORMAL/BATCH_S1_20260716T121618Z/runs/S1_DCD_SRVCHP-SRORC_R1234zeZ_R1234zeE_seed042_20260716T121618Z,
S1_DCD_SRVCHP-SRORC_R601a_R236ea_seed042_20260716T121618Z,S1,DC-D,SRVCHP_SRORC,R601a,R236ea,42,FINISHED,0,42.637187480926514,${CBSIM_RUNS_ROOT}/S1_FORMAL/BATCH_S1_20260716T121618Z/runs/S1_DCD_SRVCHP-SRORC_R601a_R236ea_seed042_20260716T121618Z,
S1_DCD_SBVCHP-SBORC_R1234zeZ_R152A_seed042_20260716T121618Z,S1,DC-D,SBVCHP_SBORC,R1234ze(Z),R152A,42,FINISHED,0,10.265665531158447,${CBSIM_RUNS_ROOT}/S1_FORMAL/BATCH_S1_20260716T121618Z/runs/S1_DCD_SBVCHP-SBORC_R1234zeZ_R152A_seed042_20260716T121618Z,
S1_DCD_SRVCHP-SRORC_R601a_R236fa_seed042_20260716T121618Z,S1,DC-D,SRVCHP_SRORC,R601a,R236fa,42,FINISHED,0,42.652530908584595,${CBSIM_RUNS_ROOT}/S1_FORMAL/BATCH_S1_20260716T121618Z/runs/S1_DCD_SRVCHP-SRORC_R601a_R236fa_seed042_20260716T121618Z,
S1_DCD_SRVCHP-SRORC_R1234zeZ_R134a_seed042_20260716T121618Z,S1,DC-D,SRVCHP_SRORC,R1234ze(Z),R134a,42,FINISHED,0,28.14801859855652,${CBSIM_RUNS_ROOT}/S1_FORMAL/BATCH_S1_20260716T121618Z/runs/S1_DCD_SRVCHP-SRORC_R1234zeZ_R134a_seed042_20260716T121618Z,
S1_DCD_SBVCHP-SBORC_R1234zeZ_R600a_seed042_20260716T121618Z,S1,DC-D,SBVCHP_SBORC,R1234ze(Z),R600a,42,FINISHED,0,12.227429389953613,${CBSIM_RUNS_ROOT}/S1_FORMAL/BATCH_S1_20260716T121618Z/runs/S1_DCD_SBVCHP-SBORC_R1234zeZ_R600a_seed042_20260716T121618Z,
S1_DCD_SRVCHP-SRORC_R1234zeZ_R227EA_seed042_20260716T121618Z,S1,DC-D,SRVCHP_SRORC,R1234ze(Z),R227EA,42,FINISHED,0,43.020421266555786,${CBSIM_RUNS_ROOT}/S1_FORMAL/BATCH_S1_20260716T121618Z/runs/S1_DCD_SRVCHP-SRORC_R1234zeZ_R227EA_seed042_20260716T121618Z,
S1_DCD_SRVCHP-SRORC_R1234zeZ_R152A_seed042_20260716T121618Z,S1,DC-D,SRVCHP_SRORC,R1234ze(Z),R152A,42,FINISHED,0,23.55400276184082,${CBSIM_RUNS_ROOT}/S1_FORMAL/BATCH_S1_20260716T121618Z/runs/S1_DCD_SRVCHP-SRORC_R1234zeZ_R152A_seed042_20260716T121618Z,
S1_DCD_SRVCHP-SRORC_R1234zeZ_R290_seed042_20260716T121618Z,S1,DC-D,SRVCHP_SRORC,R1234ze(Z),R290,42,FINISHED,0,21.306523084640503,${CBSIM_RUNS_ROOT}/S1_FORMAL/BATCH_S1_20260716T121618Z/runs/S1_DCD_SRVCHP-SRORC_R1234zeZ_R290_seed042_20260716T121618Z,
S1_DCD_SBVCHP-SBORC_R1234zeZ_R1234yf_seed042_20260716T121618Z,S1,DC-D,SBVCHP_SBORC,R1234ze(Z),R1234yf,42,FINISHED,0,23.967389345169067,${CBSIM_RUNS_ROOT}/S1_FORMAL/BATCH_S1_20260716T121618Z/runs/S1_DCD_SBVCHP-SBORC_R1234zeZ_R1234yf_seed042_20260716T121618Z,
S1_DCD_SBVCHP-SBORC_R1234zeZ_R290_seed042_20260716T121618Z,S1,DC-D,SBVCHP_SBORC,R1234ze(Z),R290,42,FINISHED,0,23.138535737991333,${CBSIM_RUNS_ROOT}/S1_FORMAL/BATCH_S1_20260716T121618Z/runs/S1_DCD_SBVCHP-SBORC_R1234zeZ_R290_seed042_20260716T121618Z,
S1_DCD_SRVCHP-SRORC_R1234zeZ_R1234yf_seed042_20260716T121618Z,S1,DC-D,SRVCHP_SRORC,R1234ze(Z),R1234yf,42,FINISHED,0,23.97561240196228,${CBSIM_RUNS_ROOT}/S1_FORMAL/BATCH_S1_20260716T121618Z/runs/S1_DCD_SRVCHP-SRORC_R1234zeZ_R1234yf_seed042_20260716T121618Z,
S1_DCD_SBVCHP-SBORC_R1234zeZ_R600_seed042_20260716T121618Z,S1,DC-D,SBVCHP_SBORC,R1234ze(Z),R600,42,FINISHED,0,11.104841709136963,${CBSIM_RUNS_ROOT}/S1_FORMAL/BATCH_S1_20260716T121618Z/runs/S1_DCD_SBVCHP-SBORC_R1234zeZ_R600_seed042_20260716T121618Z,
S1_DCD_SBVCHP-SBORC_R1234zeZ_R245fa_seed042_20260716T121618Z,S1,DC-D,SBVCHP_SBORC,R1234ze(Z),R245fa,42,FINISHED,0,13.68290400505066,${CBSIM_RUNS_ROOT}/S1_FORMAL/BATCH_S1_20260716T121618Z/runs/S1_DCD_SBVCHP-SBORC_R1234zeZ_R245fa_seed042_20260716T121618Z,
S1_DCD_SRVCHP-SRORC_R1234zeZ_R600_seed042_20260716T121618Z,S1,DC-D,SRVCHP_SRORC,R1234ze(Z),R600,42,FINISHED,0,21.72712540626526,${CBSIM_RUNS_ROOT}/S1_FORMAL/BATCH_S1_20260716T121618Z/runs/S1_DCD_SRVCHP-SRORC_R1234zeZ_R600_seed042_20260716T121618Z,
S1_DCD_SBVCHP-SBORC_R1234zeZ_R236fa_seed042_20260716T121618Z,S1,DC-D,SBVCHP_SBORC,R1234ze(Z),R236fa,42,FINISHED,0,17.872628450393677,${CBSIM_RUNS_ROOT}/S1_FORMAL/BATCH_S1_20260716T121618Z/runs/S1_DCD_SBVCHP-SBORC_R1234zeZ_R236fa_seed042_20260716T121618Z,
S1_DCD_SRVCHP-SRORC_R1234zeZ_R600a_seed042_20260716T121618Z,S1,DC-D,SRVCHP_SRORC,R1234ze(Z),R600a,42,FINISHED,0,28.194181442260742,${CBSIM_RUNS_ROOT}/S1_FORMAL/BATCH_S1_20260716T121618Z/runs/S1_DCD_SRVCHP-SRORC_R1234zeZ_R600a_seed042_20260716T121618Z,
S1_DCD_SBVCHP-SBORC_R1234zeZ_R236ea_seed042_20260716T121618Z,S1,DC-D,SBVCHP_SBORC,R1234ze(Z),R236ea,42,FINISHED,0,19.13097906112671,${CBSIM_RUNS_ROOT}/S1_FORMAL/BATCH_S1_20260716T121618Z/runs/S1_DCD_SBVCHP-SBORC_R1234zeZ_R236ea_seed042_20260716T121618Z,
S1_DCD_SRVCHP-SRORC_R1234zeZ_R245fa_seed042_20260716T121618Z,S1,DC-D,SRVCHP_SRORC,R1234ze(Z),R245fa,42,FINISHED,0,21.75363254547119,${CBSIM_RUNS_ROOT}/S1_FORMAL/BATCH_S1_20260716T121618Z/runs/S1_DCD_SRVCHP-SRORC_R1234zeZ_R245fa_seed042_20260716T121618Z,
S1_DCD_SBVCHP-SBORC_R1234zeZ_R365MFC_seed042_20260716T121618Z,S1,DC-D,SBVCHP_SBORC,R1234ze(Z),R365MFC,42,FINISHED,0,17.083587884902954,${CBSIM_RUNS_ROOT}/S1_FORMAL/BATCH_S1_20260716T121618Z/runs/S1_DCD_SBVCHP-SBORC_R1234zeZ_R365MFC_seed042_20260716T121618Z,
S1_DCD_SBVCHP-SBORC_R365MFC_R1234zeE_seed042_20260716T121618Z,S1,DC-D,SBVCHP_SBORC,R365MFC,R1234ze(E),42,FINISHED,0,12.26273775100708,${CBSIM_RUNS_ROOT}/S1_FORMAL/BATCH_S1_20260716T121618Z/runs/S1_DCD_SBVCHP-SBORC_R365MFC_R1234zeE_seed042_20260716T121618Z,
S1_DCD_SBVCHP-SBORC_R365MFC_R227EA_seed042_20260716T121618Z,S1,DC-D,SBVCHP_SBORC,R365MFC,R227EA,42,FINISHED,0,13.453009605407715,${CBSIM_RUNS_ROOT}/S1_FORMAL/BATCH_S1_20260716T121618Z/runs/S1_DCD_SBVCHP-SBORC_R365MFC_R227EA_seed042_20260716T121618Z,
S1_DCD_SBVCHP-SBORC_R365MFC_R134a_seed042_20260716T121618Z,S1,DC-D,SBVCHP_SBORC,R365MFC,R134a,42,FINISHED,0,11.235466241836548,${CBSIM_RUNS_ROOT}/S1_FORMAL/BATCH_S1_20260716T121618Z/runs/S1_DCD_SBVCHP-SBORC_R365MFC_R134a_seed042_20260716T121618Z,
S1_DCD_SBVCHP-SBORC_R365MFC_R152A_seed042_20260716T121618Z,S1,DC-D,SBVCHP_SBORC,R365MFC,R152A,42,FINISHED,0,10.022515058517456,${CBSIM_RUNS_ROOT}/S1_FORMAL/BATCH_S1_20260716T121618Z/runs/S1_DCD_SBVCHP-SBORC_R365MFC_R152A_seed042_20260716T121618Z,
S1_DCD_SRVCHP-SRORC_R365MFC_R1234zeE_seed042_20260716T121618Z,S1,DC-D,SRVCHP_SRORC,R365MFC,R1234ze(E),42,FINISHED,0,26.71529984474182,${CBSIM_RUNS_ROOT}/S1_FORMAL/BATCH_S1_20260716T121618Z/runs/S1_DCD_SRVCHP-SRORC_R365MFC_R1234zeE_seed042_20260716T121618Z,
S1_DCD_SRVCHP-SRORC_R1234zeZ_R236ea_seed042_20260716T121618Z,S1,DC-D,SRVCHP_SRORC,R1234ze(Z),R236ea,42,FINISHED,0,45.848588705062866,${CBSIM_RUNS_ROOT}/S1_FORMAL/BATCH_S1_20260716T121618Z/runs/S1_DCD_SRVCHP-SRORC_R1234zeZ_R236ea_seed042_20260716T121618Z,
S1_DCD_SRVCHP-SRORC_R1234zeZ_R236fa_seed042_20260716T121618Z,S1,DC-D,SRVCHP_SRORC,R1234ze(Z),R236fa,42,FINISHED,0,43.819639682769775,${CBSIM_RUNS_ROOT}/S1_FORMAL/BATCH_S1_20260716T121618Z/runs/S1_DCD_SRVCHP-SRORC_R1234zeZ_R236fa_seed042_20260716T121618Z,
S1_DCD_SRVCHP-SRORC_R1234zeZ_R365MFC_seed042_20260716T121618Z,S1,DC-D,SRVCHP_SRORC,R1234ze(Z),R365MFC,42,FINISHED,0,33.39425587654114,${CBSIM_RUNS_ROOT}/S1_FORMAL/BATCH_S1_20260716T121618Z/runs/S1_DCD_SRVCHP-SRORC_R1234zeZ_R365MFC_seed042_20260716T121618Z,
S1_DCD_SBVCHP-SBORC_R365MFC_R1234yf_seed042_20260716T121618Z,S1,DC-D,SBVCHP_SBORC,R365MFC,R1234yf,42,FINISHED,0,12.075577020645142,${CBSIM_RUNS_ROOT}/S1_FORMAL/BATCH_S1_20260716T121618Z/runs/S1_DCD_SBVCHP-SBORC_R365MFC_R1234yf_seed042_20260716T121618Z,
S1_DCD_SBVCHP-SBORC_R365MFC_R290_seed042_20260716T121618Z,S1,DC-D,SBVCHP_SBORC,R365MFC,R290,42,FINISHED,0,12.864470720291138,${CBSIM_RUNS_ROOT}/S1_FORMAL/BATCH_S1_20260716T121618Z/runs/S1_DCD_SBVCHP-SBORC_R365MFC_R290_seed042_20260716T121618Z,
S1_DCD_SRVCHP-SRORC_R365MFC_R134a_seed042_20260716T121618Z,S1,DC-D,SRVCHP_SRORC,R365MFC,R134a,42,FINISHED,0,28.555856227874756,${CBSIM_RUNS_ROOT}/S1_FORMAL/BATCH_S1_20260716T121618Z/runs/S1_DCD_SRVCHP-SRORC_R365MFC_R134a_seed042_20260716T121618Z,
S1_DCD_SBVCHP-SBORC_R365MFC_R600a_seed042_20260716T121618Z,S1,DC-D,SBVCHP_SBORC,R365MFC,R600a,42,FINISHED,0,11.449842929840088,${CBSIM_RUNS_ROOT}/S1_FORMAL/BATCH_S1_20260716T121618Z/runs/S1_DCD_SBVCHP-SBORC_R365MFC_R600a_seed042_20260716T121618Z,
S1_DCD_SRVCHP-SRORC_R365MFC_R152A_seed042_20260716T121618Z,S1,DC-D,SRVCHP_SRORC,R365MFC,R152A,42,FINISHED,0,20.75340747833252,${CBSIM_RUNS_ROOT}/S1_FORMAL/BATCH_S1_20260716T121618Z/runs/S1_DCD_SRVCHP-SRORC_R365MFC_R152A_seed042_20260716T121618Z,
S1_DCD_SRVCHP-SRORC_R365MFC_R227EA_seed042_20260716T121618Z,S1,DC-D,SRVCHP_SRORC,R365MFC,R227EA,42,FINISHED,0,42.24140930175781,${CBSIM_RUNS_ROOT}/S1_FORMAL/BATCH_S1_20260716T121618Z/runs/S1_DCD_SRVCHP-SRORC_R365MFC_R227EA_seed042_20260716T121618Z,
S1_DCD_SRVCHP-SRORC_R365MFC_R1234yf_seed042_20260716T121618Z,S1,DC-D,SRVCHP_SRORC,R365MFC,R1234yf,42,FINISHED,0,21.554648399353027,${CBSIM_RUNS_ROOT}/S1_FORMAL/BATCH_S1_20260716T121618Z/runs/S1_DCD_SRVCHP-SRORC_R365MFC_R1234yf_seed042_20260716T121618Z,
S1_DCD_SRVCHP-SRORC_R365MFC_R290_seed042_20260716T121618Z,S1,DC-D,SRVCHP_SRORC,R365MFC,R290,42,FINISHED,0,19.73650550842285,${CBSIM_RUNS_ROOT}/S1_FORMAL/BATCH_S1_20260716T121618Z/runs/S1_DCD_SRVCHP-SRORC_R365MFC_R290_seed042_20260716T121618Z,
S1_DCD_SBVCHP-SBORC_R365MFC_R600_seed042_20260716T121618Z,S1,DC-D,SBVCHP_SBORC,R365MFC,R600,42,FINISHED,0,11.696699619293213,${CBSIM_RUNS_ROOT}/S1_FORMAL/BATCH_S1_20260716T121618Z/runs/S1_DCD_SBVCHP-SBORC_R365MFC_R600_seed042_20260716T121618Z,
S1_DCD_SBVCHP-SBORC_R365MFC_R245fa_seed042_20260716T121618Z,S1,DC-D,SBVCHP_SBORC,R365MFC,R245fa,42,FINISHED,0,11.080471754074097,${CBSIM_RUNS_ROOT}/S1_FORMAL/BATCH_S1_20260716T121618Z/runs/S1_DCD_SBVCHP-SBORC_R365MFC_R245fa_seed042_20260716T121618Z,
S1_DCD_SBVCHP-SBORC_R365MFC_R236ea_seed042_20260716T121618Z,S1,DC-D,SBVCHP_SBORC,R365MFC,R236ea,42,FINISHED,0,12.47612452507019,${CBSIM_RUNS_ROOT}/S1_FORMAL/BATCH_S1_20260716T121618Z/runs/S1_DCD_SBVCHP-SBORC_R365MFC_R236ea_seed042_20260716T121618Z,
S1_DCD_SBVCHP-SBORC_R365MFC_R236fa_seed042_20260716T121618Z,S1,DC-D,SBVCHP_SBORC,R365MFC,R236fa,42,FINISHED,0,13.267082929611206,${CBSIM_RUNS_ROOT}/S1_FORMAL/BATCH_S1_20260716T121618Z/runs/S1_DCD_SBVCHP-SBORC_R365MFC_R236fa_seed042_20260716T121618Z,
S1_DCD_SRVCHP-SRORC_R365MFC_R600a_seed042_20260716T121618Z,S1,DC-D,SRVCHP_SRORC,R365MFC,R600a,42,FINISHED,0,26.392930030822754,${CBSIM_RUNS_ROOT}/S1_FORMAL/BATCH_S1_20260716T121618Z/runs/S1_DCD_SRVCHP-SRORC_R365MFC_R600a_seed042_20260716T121618Z,
S1_DCD_SRVCHP-SRORC_R365MFC_R600_seed042_20260716T121618Z,S1,DC-D,SRVCHP_SRORC,R365MFC,R600,42,FINISHED,0,22.578925609588623,${CBSIM_RUNS_ROOT}/S1_FORMAL/BATCH_S1_20260716T121618Z/runs/S1_DCD_SRVCHP-SRORC_R365MFC_R600_seed042_20260716T121618Z,
S1_DCD_SRVCHP-SRORC_R365MFC_R245fa_seed042_20260716T121618Z,S1,DC-D,SRVCHP_SRORC,R365MFC,R245fa,42,FINISHED,0,21.56171202659607,${CBSIM_RUNS_ROOT}/S1_FORMAL/BATCH_S1_20260716T121618Z/runs/S1_DCD_SRVCHP-SRORC_R365MFC_R245fa_seed042_20260716T121618Z,
S1_DCD_SBVCHP-SBORC_R365MFC_R365MFC_seed042_20260716T121618Z,S1,DC-D,SBVCHP_SBORC,R365MFC,R365MFC,42,FINISHED,0,13.091908693313599,${CBSIM_RUNS_ROOT}/S1_FORMAL/BATCH_S1_20260716T121618Z/runs/S1_DCD_SBVCHP-SBORC_R365MFC_R365MFC_seed042_20260716T121618Z,
S1_DCD_SBVCHP-SBORC_Cyclopentane_R1234zeE_seed042_20260716T121618Z,S1,DC-D,SBVCHP_SBORC,Cyclopentane,R1234ze(E),42,FINISHED,0,14.67833137512207,${CBSIM_RUNS_ROOT}/S1_FORMAL/BATCH_S1_20260716T121618Z/runs/S1_DCD_SBVCHP-SBORC_Cyclopentane_R1234zeE_seed042_20260716T121618Z,
S1_DCD_SBVCHP-SBORC_Cyclopentane_R134a_seed042_20260716T121618Z,S1,DC-D,SBVCHP_SBORC,Cyclopentane,R134a,42,FINISHED,0,15.627220392227173,${CBSIM_RUNS_ROOT}/S1_FORMAL/BATCH_S1_20260716T121618Z/runs/S1_DCD_SBVCHP-SBORC_Cyclopentane_R134a_seed042_20260716T121618Z,
S1_DCD_SBVCHP-SBORC_Cyclopentane_R227EA_seed042_20260716T121618Z,S1,DC-D,SBVCHP_SBORC,Cyclopentane,R227EA,42,FINISHED,0,25.8797025680542,${CBSIM_RUNS_ROOT}/S1_FORMAL/BATCH_S1_20260716T121618Z/runs/S1_DCD_SBVCHP-SBORC_Cyclopentane_R227EA_seed042_20260716T121618Z,
S1_DCD_SRVCHP-SRORC_Cyclopentane_R1234zeE_seed042_20260716T121618Z,S1,DC-D,SRVCHP_SRORC,Cyclopentane,R1234ze(E),42,FINISHED,0,27.907089233398438,${CBSIM_RUNS_ROOT}/S1_FORMAL/BATCH_S1_20260716T121618Z/runs/S1_DCD_SRVCHP-SRORC_Cyclopentane_R1234zeE_seed042_20260716T121618Z,
S1_DCD_SRVCHP-SRORC_R365MFC_R365MFC_seed042_20260716T121618Z,S1,DC-D,SRVCHP_SRORC,R365MFC,R365MFC,42,FINISHED,0,34.555720806121826,${CBSIM_RUNS_ROOT}/S1_FORMAL/BATCH_S1_20260716T121618Z/runs/S1_DCD_SRVCHP-SRORC_R365MFC_R365MFC_seed042_20260716T121618Z,
S1_DCD_SRVCHP-SRORC_R365MFC_R236ea_seed042_20260716T121618Z,S1,DC-D,SRVCHP_SRORC,R365MFC,R236ea,42,FINISHED,0,44.248504877090454,${CBSIM_RUNS_ROOT}/S1_FORMAL/BATCH_S1_20260716T121618Z/runs/S1_DCD_SRVCHP-SRORC_R365MFC_R236ea_seed042_20260716T121618Z,
S1_DCD_SBVCHP-SBORC_Cyclopentane_R152A_seed042_20260716T121618Z,S1,DC-D,SBVCHP_SBORC,Cyclopentane,R152A,42,FINISHED,0,10.861072301864624,${CBSIM_RUNS_ROOT}/S1_FORMAL/BATCH_S1_20260716T121618Z/runs/S1_DCD_SBVCHP-SBORC_Cyclopentane_R152A_seed042_20260716T121618Z,
S1_DCD_SRVCHP-SRORC_R365MFC_R236fa_seed042_20260716T121618Z,S1,DC-D,SRVCHP_SRORC,R365MFC,R236fa,42,FINISHED,0,44.04339122772217,${CBSIM_RUNS_ROOT}/S1_FORMAL/BATCH_S1_20260716T121618Z/runs/S1_DCD_SRVCHP-SRORC_R365MFC_R236fa_seed042_20260716T121618Z,
S1_DCD_SRVCHP-SRORC_Cyclopentane_R134a_seed042_20260716T121618Z,S1,DC-D,SRVCHP_SRORC,Cyclopentane,R134a,42,FINISHED,0,26.515695333480835,${CBSIM_RUNS_ROOT}/S1_FORMAL/BATCH_S1_20260716T121618Z/runs/S1_DCD_SRVCHP-SRORC_Cyclopentane_R134a_seed042_20260716T121618Z,
S1_DCD_SRVCHP-SRORC_Cyclopentane_R227EA_seed042_20260716T121618Z,S1,DC-D,SRVCHP_SRORC,Cyclopentane,R227EA,42,FINISHED,0,41.373645305633545,${CBSIM_RUNS_ROOT}/S1_FORMAL/BATCH_S1_20260716T121618Z/runs/S1_DCD_SRVCHP-SRORC_Cyclopentane_R227EA_seed042_20260716T121618Z,
S1_DCD_SBVCHP-SBORC_Cyclopentane_R600a_seed042_20260716T121618Z,S1,DC-D,SBVCHP_SBORC,Cyclopentane,R600a,42,FINISHED,0,11.439738988876343,${CBSIM_RUNS_ROOT}/S1_FORMAL/BATCH_S1_20260716T121618Z/runs/S1_DCD_SBVCHP-SBORC_Cyclopentane_R600a_seed042_20260716T121618Z,
S1_DCD_SRVCHP-SRORC_Cyclopentane_R152A_seed042_20260716T121618Z,S1,DC-D,SRVCHP_SRORC,Cyclopentane,R152A,42,FINISHED,0,20.530961751937866,${CBSIM_RUNS_ROOT}/S1_FORMAL/BATCH_S1_20260716T121618Z/runs/S1_DCD_SRVCHP-SRORC_Cyclopentane_R152A_seed042_20260716T121618Z,
S1_DCD_SBVCHP-SBORC_Cyclopentane_R1234yf_seed042_20260716T121618Z,S1,DC-D,SBVCHP_SBORC,Cyclopentane,R1234yf,42,FINISHED,0,21.5324547290802,${CBSIM_RUNS_ROOT}/S1_FORMAL/BATCH_S1_20260716T121618Z/runs/S1_DCD_SBVCHP-SBORC_Cyclopentane_R1234yf_seed042_20260716T121618Z,
S1_DCD_SBVCHP-SBORC_Cyclopentane_R290_seed042_20260716T121618Z,S1,DC-D,SBVCHP_SBORC,Cyclopentane,R290,42,FINISHED,0,20.51695156097412,${CBSIM_RUNS_ROOT}/S1_FORMAL/BATCH_S1_20260716T121618Z/runs/S1_DCD_SBVCHP-SBORC_Cyclopentane_R290_seed042_20260716T121618Z,
S1_DCD_SRVCHP-SRORC_Cyclopentane_R290_seed042_20260716T121618Z,S1,DC-D,SRVCHP_SRORC,Cyclopentane,R290,42,FINISHED,0,20.106749057769775,${CBSIM_RUNS_ROOT}/S1_FORMAL/BATCH_S1_20260716T121618Z/runs/S1_DCD_SRVCHP-SRORC_Cyclopentane_R290_seed042_20260716T121618Z,
S1_DCD_SRVCHP-SRORC_Cyclopentane_R1234yf_seed042_20260716T121618Z,S1,DC-D,SRVCHP_SRORC,Cyclopentane,R1234yf,42,FINISHED,0,21.157430410385132,${CBSIM_RUNS_ROOT}/S1_FORMAL/BATCH_S1_20260716T121618Z/runs/S1_DCD_SRVCHP-SRORC_Cyclopentane_R1234yf_seed042_20260716T121618Z,
S1_DCD_SBVCHP-SBORC_Cyclopentane_R600_seed042_20260716T121618Z,S1,DC-D,SBVCHP_SBORC,Cyclopentane,R600,42,FINISHED,0,11.494905948638916,${CBSIM_RUNS_ROOT}/S1_FORMAL/BATCH_S1_20260716T121618Z/runs/S1_DCD_SBVCHP-SBORC_Cyclopentane_R600_seed042_20260716T121618Z,
S1_DCD_SBVCHP-SBORC_Cyclopentane_R245fa_seed042_20260716T121618Z,S1,DC-D,SBVCHP_SBORC,Cyclopentane,R245fa,42,FINISHED,0,12.087004899978638,${CBSIM_RUNS_ROOT}/S1_FORMAL/BATCH_S1_20260716T121618Z/runs/S1_DCD_SBVCHP-SBORC_Cyclopentane_R245fa_seed042_20260716T121618Z,
S1_DCD_SRVCHP-SRORC_Cyclopentane_R600_seed042_20260716T121618Z,S1,DC-D,SRVCHP_SRORC,Cyclopentane,R600,42,FINISHED,0,22.328571319580078,${CBSIM_RUNS_ROOT}/S1_FORMAL/BATCH_S1_20260716T121618Z/runs/S1_DCD_SRVCHP-SRORC_Cyclopentane_R600_seed042_20260716T121618Z,
S1_DCD_SBVCHP-SBORC_Cyclopentane_R236fa_seed042_20260716T121618Z,S1,DC-D,SBVCHP_SBORC,Cyclopentane,R236fa,42,FINISHED,0,16.664453506469727,${CBSIM_RUNS_ROOT}/S1_FORMAL/BATCH_S1_20260716T121618Z/runs/S1_DCD_SBVCHP-SBORC_Cyclopentane_R236fa_seed042_20260716T121618Z,
S1_DCD_SRVCHP-SRORC_Cyclopentane_R600a_seed042_20260716T121618Z,S1,DC-D,SRVCHP_SRORC,Cyclopentane,R600a,42,FINISHED,0,27.184046506881714,${CBSIM_RUNS_ROOT}/S1_FORMAL/BATCH_S1_20260716T121618Z/runs/S1_DCD_SRVCHP-SRORC_Cyclopentane_R600a_seed042_20260716T121618Z,
S1_DCD_SBVCHP-SBORC_Cyclopentane_R236ea_seed042_20260716T121618Z,S1,DC-D,SBVCHP_SBORC,Cyclopentane,R236ea,42,FINISHED,0,17.922688484191895,${CBSIM_RUNS_ROOT}/S1_FORMAL/BATCH_S1_20260716T121618Z/runs/S1_DCD_SBVCHP-SBORC_Cyclopentane_R236ea_seed042_20260716T121618Z,
S1_DCD_SRVCHP-SRORC_Cyclopentane_R245fa_seed042_20260716T121618Z,S1,DC-D,SRVCHP_SRORC,Cyclopentane,R245fa,42,FINISHED,0,21.54558515548706,${CBSIM_RUNS_ROOT}/S1_FORMAL/BATCH_S1_20260716T121618Z/runs/S1_DCD_SRVCHP-SRORC_Cyclopentane_R245fa_seed042_20260716T121618Z,
S1_DCD_SBVCHP-SBORC_Cyclopentane_R365MFC_seed042_20260716T121618Z,S1,DC-D,SBVCHP_SBORC,Cyclopentane,R365MFC,42,FINISHED,0,16.278257846832275,${CBSIM_RUNS_ROOT}/S1_FORMAL/BATCH_S1_20260716T121618Z/runs/S1_DCD_SBVCHP-SBORC_Cyclopentane_R365MFC_seed042_20260716T121618Z,
S1_DCD_SBVCHP-SBORC_Acetone_R1234zeE_seed042_20260716T121618Z,S1,DC-D,SBVCHP_SBORC,Acetone,R1234ze(E),42,FINISHED,0,15.264082193374634,${CBSIM_RUNS_ROOT}/S1_FORMAL/BATCH_S1_20260716T121618Z/runs/S1_DCD_SBVCHP-SBORC_Acetone_R1234zeE_seed042_20260716T121618Z,
S1_DCD_SRVCHP-SRORC_Acetone_R1234zeE_seed042_20260716T121618Z,S1,DC-D,SRVCHP_SRORC,Acetone,R1234ze(E),42,FINISHED,0,22.076295375823975,${CBSIM_RUNS_ROOT}/S1_FORMAL/BATCH_S1_20260716T121618Z/runs/S1_DCD_SRVCHP-SRORC_Acetone_R1234zeE_seed042_20260716T121618Z,
S1_DCD_SBVCHP-SBORC_Acetone_R134a_seed042_20260716T121618Z,S1,DC-D,SBVCHP_SBORC,Acetone,R134a,42,FINISHED,0,16.645292282104492,${CBSIM_RUNS_ROOT}/S1_FORMAL/BATCH_S1_20260716T121618Z/runs/S1_DCD_SBVCHP-SBORC_Acetone_R134a_seed042_20260716T121618Z,
S1_DCD_SBVCHP-SBORC_Acetone_R227EA_seed042_20260716T121618Z,S1,DC-D,SBVCHP_SBORC,Acetone,R227EA,42,FINISHED,0,24.900596857070923,${CBSIM_RUNS_ROOT}/S1_FORMAL/BATCH_S1_20260716T121618Z/runs/S1_DCD_SBVCHP-SBORC_Acetone_R227EA_seed042_20260716T121618Z,
S1_DCD_SRVCHP-SRORC_Cyclopentane_R236ea_seed042_20260716T121618Z,S1,DC-D,SRVCHP_SRORC,Cyclopentane,R236ea,42,FINISHED,0,44.03500151634216,${CBSIM_RUNS_ROOT}/S1_FORMAL/BATCH_S1_20260716T121618Z/runs/S1_DCD_SRVCHP-SRORC_Cyclopentane_R236ea_seed042_20260716T121618Z,
S1_DCD_SRVCHP-SRORC_Cyclopentane_R236fa_seed042_20260716T121618Z,S1,DC-D,SRVCHP_SRORC,Cyclopentane,R236fa,42,FINISHED,0,44.213340044021606,${CBSIM_RUNS_ROOT}/S1_FORMAL/BATCH_S1_20260716T121618Z/runs/S1_DCD_SRVCHP-SRORC_Cyclopentane_R236fa_seed042_20260716T121618Z,
S1_DCD_SRVCHP-SRORC_Cyclopentane_R365MFC_seed042_20260716T121618Z,S1,DC-D,SRVCHP_SRORC,Cyclopentane,R365MFC,42,FINISHED,0,34.1899733543396,${CBSIM_RUNS_ROOT}/S1_FORMAL/BATCH_S1_20260716T121618Z/runs/S1_DCD_SRVCHP-SRORC_Cyclopentane_R365MFC_seed042_20260716T121618Z,
S1_DCD_SBVCHP-SBORC_Acetone_R152A_seed042_20260716T121618Z,S1,DC-D,SBVCHP_SBORC,Acetone,R152A,42,FINISHED,0,11.490648031234741,${CBSIM_RUNS_ROOT}/S1_FORMAL/BATCH_S1_20260716T121618Z/runs/S1_DCD_SBVCHP-SBORC_Acetone_R152A_seed042_20260716T121618Z,
S1_DCD_SRVCHP-SRORC_Acetone_R227EA_seed042_20260716T121618Z,S1,DC-D,SRVCHP_SRORC,Acetone,R227EA,42,FINISHED,0,32.963425397872925,${CBSIM_RUNS_ROOT}/S1_FORMAL/BATCH_S1_20260716T121618Z/runs/S1_DCD_SRVCHP-SRORC_Acetone_R227EA_seed042_20260716T121618Z,
S1_DCD_SRVCHP-SRORC_Acetone_R134a_seed042_20260716T121618Z,S1,DC-D,SRVCHP_SRORC,Acetone,R134a,42,FINISHED,0,22.138448238372803,${CBSIM_RUNS_ROOT}/S1_FORMAL/BATCH_S1_20260716T121618Z/runs/S1_DCD_SRVCHP-SRORC_Acetone_R134a_seed042_20260716T121618Z,
S1_DCD_SRVCHP-SRORC_Acetone_R152A_seed042_20260716T121618Z,S1,DC-D,SRVCHP_SRORC,Acetone,R152A,42,FINISHED,0,17.109077215194702,${CBSIM_RUNS_ROOT}/S1_FORMAL/BATCH_S1_20260716T121618Z/runs/S1_DCD_SRVCHP-SRORC_Acetone_R152A_seed042_20260716T121618Z,
S1_DCD_SRVCHP-SRORC_Acetone_R1234yf_seed042_20260716T121618Z,S1,DC-D,SRVCHP_SRORC,Acetone,R1234yf,42,FINISHED,0,17.48683738708496,${CBSIM_RUNS_ROOT}/S1_FORMAL/BATCH_S1_20260716T121618Z/runs/S1_DCD_SRVCHP-SRORC_Acetone_R1234yf_seed042_20260716T121618Z,
S1_DCD_SBVCHP-SBORC_Acetone_R600a_seed042_20260716T121618Z,S1,DC-D,SBVCHP_SBORC,Acetone,R600a,42,FINISHED,0,11.251619577407837,${CBSIM_RUNS_ROOT}/S1_FORMAL/BATCH_S1_20260716T121618Z/runs/S1_DCD_SBVCHP-SBORC_Acetone_R600a_seed042_20260716T121618Z,
S1_DCD_SBVCHP-SBORC_Acetone_R1234yf_seed042_20260716T121618Z,S1,DC-D,SBVCHP_SBORC,Acetone,R1234yf,42,FINISHED,0,20.722524642944336,${CBSIM_RUNS_ROOT}/S1_FORMAL/BATCH_S1_20260716T121618Z/runs/S1_DCD_SBVCHP-SBORC_Acetone_R1234yf_seed042_20260716T121618Z,
S1_DCD_SBVCHP-SBORC_Acetone_R600_seed042_20260716T121618Z,S1,DC-D,SBVCHP_SBORC,Acetone,R600,42,FINISHED,0,12.053898811340332,${CBSIM_RUNS_ROOT}/S1_FORMAL/BATCH_S1_20260716T121618Z/runs/S1_DCD_SBVCHP-SBORC_Acetone_R600_seed042_20260716T121618Z,
S1_DCD_SRVCHP-SRORC_Acetone_R290_seed042_20260716T121618Z,S1,DC-D,SRVCHP_SRORC,Acetone,R290,42,FINISHED,0,17.105222940444946,${CBSIM_RUNS_ROOT}/S1_FORMAL/BATCH_S1_20260716T121618Z/runs/S1_DCD_SRVCHP-SRORC_Acetone_R290_seed042_20260716T121618Z,
S1_DCD_SBVCHP-SBORC_Acetone_R290_seed042_20260716T121618Z,S1,DC-D,SBVCHP_SBORC,Acetone,R290,42,FINISHED,0,19.33901858329773,${CBSIM_RUNS_ROOT}/S1_FORMAL/BATCH_S1_20260716T121618Z/runs/S1_DCD_SBVCHP-SBORC_Acetone_R290_seed042_20260716T121618Z,
S1_DCD_SBVCHP-SBORC_Acetone_R245fa_seed042_20260716T121618Z,S1,DC-D,SBVCHP_SBORC,Acetone,R245fa,42,FINISHED,0,13.47837209701538,${CBSIM_RUNS_ROOT}/S1_FORMAL/BATCH_S1_20260716T121618Z/runs/S1_DCD_SBVCHP-SBORC_Acetone_R245fa_seed042_20260716T121618Z,
S1_DCD_SRVCHP-SRORC_Acetone_R600a_seed042_20260716T121618Z,S1,DC-D,SRVCHP_SRORC,Acetone,R600a,42,FINISHED,0,22.934333562850952,${CBSIM_RUNS_ROOT}/S1_FORMAL/BATCH_S1_20260716T121618Z/runs/S1_DCD_SRVCHP-SRORC_Acetone_R600a_seed042_20260716T121618Z,
S1_DCD_SRVCHP-SRORC_Acetone_R600_seed042_20260716T121618Z,S1,DC-D,SRVCHP_SRORC,Acetone,R600,42,FINISHED,0,19.128854751586914,${CBSIM_RUNS_ROOT}/S1_FORMAL/BATCH_S1_20260716T121618Z/runs/S1_DCD_SRVCHP-SRORC_Acetone_R600_seed042_20260716T121618Z,
S1_DCD_SRVCHP-SRORC_Acetone_R245fa_seed042_20260716T121618Z,S1,DC-D,SRVCHP_SRORC,Acetone,R245fa,42,FINISHED,0,19.32451105117798,${CBSIM_RUNS_ROOT}/S1_FORMAL/BATCH_S1_20260716T121618Z/runs/S1_DCD_SRVCHP-SRORC_Acetone_R245fa_seed042_20260716T121618Z,
S1_DCD_SBVCHP-SBORC_Acetone_R236ea_seed042_20260716T121618Z,S1,DC-D,SBVCHP_SBORC,Acetone,R236ea,42,FINISHED,0,18.311395406723022,${CBSIM_RUNS_ROOT}/S1_FORMAL/BATCH_S1_20260716T121618Z/runs/S1_DCD_SBVCHP-SBORC_Acetone_R236ea_seed042_20260716T121618Z,
S1_DCD_SBVCHP-SBORC_Acetone_R236fa_seed042_20260716T121618Z,S1,DC-D,SBVCHP_SBORC,Acetone,R236fa,42,FINISHED,0,17.09613060951233,${CBSIM_RUNS_ROOT}/S1_FORMAL/BATCH_S1_20260716T121618Z/runs/S1_DCD_SBVCHP-SBORC_Acetone_R236fa_seed042_20260716T121618Z,
S1_DCD_SBVCHP-SBORC_Acetone_R365MFC_seed042_20260716T121618Z,S1,DC-D,SBVCHP_SBORC,Acetone,R365MFC,42,FINISHED,0,17.087197065353394,${CBSIM_RUNS_ROOT}/S1_FORMAL/BATCH_S1_20260716T121618Z/runs/S1_DCD_SBVCHP-SBORC_Acetone_R365MFC_seed042_20260716T121618Z,
S1_DCF_SBVCHP-SBORC_R1233zdE_R1234zeE_seed042_20260716T121618Z,S1,DC-F,SBVCHP_SBORC,R1233zd(E),R1234ze(E),42,FINISHED,0,15.465681314468384,${CBSIM_RUNS_ROOT}/S1_FORMAL/BATCH_S1_20260716T121618Z/runs/S1_DCF_SBVCHP-SBORC_R1233zdE_R1234zeE_seed042_20260716T121618Z,
S1_DCD_SRVCHP-SRORC_Acetone_R236ea_seed042_20260716T121618Z,S1,DC-D,SRVCHP_SRORC,Acetone,R236ea,42,FINISHED,0,35.98522353172302,${CBSIM_RUNS_ROOT}/S1_FORMAL/BATCH_S1_20260716T121618Z/runs/S1_DCD_SRVCHP-SRORC_Acetone_R236ea_seed042_20260716T121618Z,
S1_DCD_SRVCHP-SRORC_Acetone_R236fa_seed042_20260716T121618Z,S1,DC-D,SRVCHP_SRORC,Acetone,R236fa,42,FINISHED,0,36.781413555145264,${CBSIM_RUNS_ROOT}/S1_FORMAL/BATCH_S1_20260716T121618Z/runs/S1_DCD_SRVCHP-SRORC_Acetone_R236fa_seed042_20260716T121618Z,
S1_DCD_SRVCHP-SRORC_Acetone_R365MFC_seed042_20260716T121618Z,S1,DC-D,SRVCHP_SRORC,Acetone,R365MFC,42,FINISHED,0,30.156821489334106,${CBSIM_RUNS_ROOT}/S1_FORMAL/BATCH_S1_20260716T121618Z/runs/S1_DCD_SRVCHP-SRORC_Acetone_R365MFC_seed042_20260716T121618Z,
S1_DCF_SBVCHP-SBORC_R1233zdE_R227EA_seed042_20260716T121618Z,S1,DC-F,SBVCHP_SBORC,R1233zd(E),R227EA,42,FINISHED,0,25.1293203830719,${CBSIM_RUNS_ROOT}/S1_FORMAL/BATCH_S1_20260716T121618Z/runs/S1_DCF_SBVCHP-SBORC_R1233zdE_R227EA_seed042_20260716T121618Z,
S1_DCF_SBVCHP-SBORC_R1233zdE_R134a_seed042_20260716T121618Z,S1,DC-F,SBVCHP_SBORC,R1233zd(E),R134a,42,FINISHED,0,16.70905041694641,${CBSIM_RUNS_ROOT}/S1_FORMAL/BATCH_S1_20260716T121618Z/runs/S1_DCF_SBVCHP-SBORC_R1233zdE_R134a_seed042_20260716T121618Z,
S1_DCF_SRVCHP-SRORC_R1233zdE_R1234zeE_seed042_20260716T121618Z,S1,DC-F,SRVCHP_SRORC,R1233zd(E),R1234ze(E),42,FINISHED,0,28.374576330184937,${CBSIM_RUNS_ROOT}/S1_FORMAL/BATCH_S1_20260716T121618Z/runs/S1_DCF_SRVCHP-SRORC_R1233zdE_R1234zeE_seed042_20260716T121618Z,
S1_DCF_SBVCHP-SBORC_R1233zdE_R152A_seed042_20260716T121618Z,S1,DC-F,SBVCHP_SBORC,R1233zd(E),R152A,42,FINISHED,0,10.684675693511963,${CBSIM_RUNS_ROOT}/S1_FORMAL/BATCH_S1_20260716T121618Z/runs/S1_DCF_SBVCHP-SBORC_R1233zdE_R152A_seed042_20260716T121618Z,
S1_DCF_SRVCHP-SRORC_R1233zdE_R227EA_seed042_20260716T121618Z,S1,DC-F,SRVCHP_SRORC,R1233zd(E),R227EA,42,FINISHED,0,31.580637454986572,${CBSIM_RUNS_ROOT}/S1_FORMAL/BATCH_S1_20260716T121618Z/runs/S1_DCF_SRVCHP-SRORC_R1233zdE_R227EA_seed042_20260716T121618Z,
S1_DCF_SRVCHP-SRORC_R1233zdE_R134a_seed042_20260716T121618Z,S1,DC-F,SRVCHP_SRORC,R1233zd(E),R134a,42,FINISHED,0,28.55528712272644,${CBSIM_RUNS_ROOT}/S1_FORMAL/BATCH_S1_20260716T121618Z/runs/S1_DCF_SRVCHP-SRORC_R1233zdE_R134a_seed042_20260716T121618Z,
S1_DCF_SBVCHP-SBORC_R1233zdE_R600a_seed042_20260716T121618Z,S1,DC-F,SBVCHP_SBORC,R1233zd(E),R600a,42,FINISHED,0,11.438958644866943,${CBSIM_RUNS_ROOT}/S1_FORMAL/BATCH_S1_20260716T121618Z/runs/S1_DCF_SBVCHP-SBORC_R1233zdE_R600a_seed042_20260716T121618Z,
S1_DCF_SBVCHP-SBORC_R1233zdE_R1234yf_seed042_20260716T121618Z,S1,DC-F,SBVCHP_SBORC,R1233zd(E),R1234yf,42,FINISHED,0,22.925669193267822,${CBSIM_RUNS_ROOT}/S1_FORMAL/BATCH_S1_20260716T121618Z/runs/S1_DCF_SBVCHP-SBORC_R1233zdE_R1234yf_seed042_20260716T121618Z,
S1_DCF_SRVCHP-SRORC_R1233zdE_R1234yf_seed042_20260716T121618Z,S1,DC-F,SRVCHP_SRORC,R1233zd(E),R1234yf,42,FINISHED,0,23.51937198638916,${CBSIM_RUNS_ROOT}/S1_FORMAL/BATCH_S1_20260716T121618Z/runs/S1_DCF_SRVCHP-SRORC_R1233zdE_R1234yf_seed042_20260716T121618Z,
S1_DCF_SBVCHP-SBORC_R1233zdE_R290_seed042_20260716T121618Z,S1,DC-F,SBVCHP_SBORC,R1233zd(E),R290,42,FINISHED,0,21.702507495880127,${CBSIM_RUNS_ROOT}/S1_FORMAL/BATCH_S1_20260716T121618Z/runs/S1_DCF_SBVCHP-SBORC_R1233zdE_R290_seed042_20260716T121618Z,
S1_DCF_SRVCHP-SRORC_R1233zdE_R152A_seed042_20260716T121618Z,S1,DC-F,SRVCHP_SRORC,R1233zd(E),R152A,42,FINISHED,0,25.581879138946533,${CBSIM_RUNS_ROOT}/S1_FORMAL/BATCH_S1_20260716T121618Z/runs/S1_DCF_SRVCHP-SRORC_R1233zdE_R152A_seed042_20260716T121618Z,
S1_DCF_SRVCHP-SRORC_R1233zdE_R290_seed042_20260716T121618Z,S1,DC-F,SRVCHP_SRORC,R1233zd(E),R290,42,FINISHED,0,22.54073977470398,${CBSIM_RUNS_ROOT}/S1_FORMAL/BATCH_S1_20260716T121618Z/runs/S1_DCF_SRVCHP-SRORC_R1233zdE_R290_seed042_20260716T121618Z,
S1_DCF_SBVCHP-SBORC_R1233zdE_R600_seed042_20260716T121618Z,S1,DC-F,SBVCHP_SBORC,R1233zd(E),R600,42,FINISHED,0,11.093222379684448,${CBSIM_RUNS_ROOT}/S1_FORMAL/BATCH_S1_20260716T121618Z/runs/S1_DCF_SBVCHP-SBORC_R1233zdE_R600_seed042_20260716T121618Z,
S1_DCF_SBVCHP-SBORC_R1233zdE_R245fa_seed042_20260716T121618Z,S1,DC-F,SBVCHP_SBORC,R1233zd(E),R245fa,42,FINISHED,0,12.2827889919281,${CBSIM_RUNS_ROOT}/S1_FORMAL/BATCH_S1_20260716T121618Z/runs/S1_DCF_SBVCHP-SBORC_R1233zdE_R245fa_seed042_20260716T121618Z,
S1_DCF_SRVCHP-SRORC_R1233zdE_R600a_seed042_20260716T121618Z,S1,DC-F,SRVCHP_SRORC,R1233zd(E),R600a,42,FINISHED,0,28.558433771133423,${CBSIM_RUNS_ROOT}/S1_FORMAL/BATCH_S1_20260716T121618Z/runs/S1_DCF_SRVCHP-SRORC_R1233zdE_R600a_seed042_20260716T121618Z,
S1_DCF_SBVCHP-SBORC_R1233zdE_R236ea_seed042_20260716T121618Z,S1,DC-F,SBVCHP_SBORC,R1233zd(E),R236ea,42,FINISHED,0,16.692676782608032,${CBSIM_RUNS_ROOT}/S1_FORMAL/BATCH_S1_20260716T121618Z/runs/S1_DCF_SBVCHP-SBORC_R1233zdE_R236ea_seed042_20260716T121618Z,
S1_DCF_SBVCHP-SBORC_R1233zdE_R236fa_seed042_20260716T121618Z,S1,DC-F,SBVCHP_SBORC,R1233zd(E),R236fa,42,FINISHED,0,17.0760018825531,${CBSIM_RUNS_ROOT}/S1_FORMAL/BATCH_S1_20260716T121618Z/runs/S1_DCF_SBVCHP-SBORC_R1233zdE_R236fa_seed042_20260716T121618Z,
S1_DCF_SRVCHP-SRORC_R1233zdE_R600_seed042_20260716T121618Z,S1,DC-F,SRVCHP_SRORC,R1233zd(E),R600,42,FINISHED,0,25.568009614944458,${CBSIM_RUNS_ROOT}/S1_FORMAL/BATCH_S1_20260716T121618Z/runs/S1_DCF_SRVCHP-SRORC_R1233zdE_R600_seed042_20260716T121618Z,
S1_DCF_SRVCHP-SRORC_R1233zdE_R245fa_seed042_20260716T121618Z,S1,DC-F,SRVCHP_SRORC,R1233zd(E),R245fa,42,FINISHED,0,25.1590518951416,${CBSIM_RUNS_ROOT}/S1_FORMAL/BATCH_S1_20260716T121618Z/runs/S1_DCF_SRVCHP-SRORC_R1233zdE_R245fa_seed042_20260716T121618Z,
S1_DCF_SBVCHP-SBORC_R1233zdE_R365MFC_seed042_20260716T121618Z,S1,DC-F,SBVCHP_SBORC,R1233zd(E),R365MFC,42,FINISHED,0,16.694247245788574,${CBSIM_RUNS_ROOT}/S1_FORMAL/BATCH_S1_20260716T121618Z/runs/S1_DCF_SBVCHP-SBORC_R1233zdE_R365MFC_seed042_20260716T121618Z,
S1_DCF_SBVCHP-SBORC_R601_R1234zeE_seed042_20260716T121618Z,S1,DC-F,SBVCHP_SBORC,R601,R1234ze(E),42,FINISHED,0,12.272321462631226,${CBSIM_RUNS_ROOT}/S1_FORMAL/BATCH_S1_20260716T121618Z/runs/S1_DCF_SBVCHP-SBORC_R601_R1234zeE_seed042_20260716T121618Z,
S1_DCF_SBVCHP-SBORC_R601_R227EA_seed042_20260716T121618Z,S1,DC-F,SBVCHP_SBORC,R601,R227EA,42,FINISHED,0,14.455621004104614,${CBSIM_RUNS_ROOT}/S1_FORMAL/BATCH_S1_20260716T121618Z/runs/S1_DCF_SBVCHP-SBORC_R601_R227EA_seed042_20260716T121618Z,
S1_DCF_SBVCHP-SBORC_R601_R134a_seed042_20260716T121618Z,S1,DC-F,SBVCHP_SBORC,R601,R134a,42,FINISHED,0,11.632683038711548,${CBSIM_RUNS_ROOT}/S1_FORMAL/BATCH_S1_20260716T121618Z/runs/S1_DCF_SBVCHP-SBORC_R601_R134a_seed042_20260716T121618Z,
S1_DCF_SBVCHP-SBORC_R601_R152A_seed042_20260716T121618Z,S1,DC-F,SBVCHP_SBORC,R601,R152A,42,FINISHED,0,11.230032682418823,${CBSIM_RUNS_ROOT}/S1_FORMAL/BATCH_S1_20260716T121618Z/runs/S1_DCF_SBVCHP-SBORC_R601_R152A_seed042_20260716T121618Z,
S1_DCF_SRVCHP-SRORC_R601_R1234zeE_seed042_20260716T121618Z,S1,DC-F,SRVCHP_SRORC,R601,R1234ze(E),42,FINISHED,0,28.12859320640564,${CBSIM_RUNS_ROOT}/S1_FORMAL/BATCH_S1_20260716T121618Z/runs/S1_DCF_SRVCHP-SRORC_R601_R1234zeE_seed042_20260716T121618Z,
S1_DCF_SRVCHP-SRORC_R1233zdE_R236fa_seed042_20260716T121618Z,S1,DC-F,SRVCHP_SRORC,R1233zd(E),R236fa,42,FINISHED,0,45.42343258857727,${CBSIM_RUNS_ROOT}/S1_FORMAL/BATCH_S1_20260716T121618Z/runs/S1_DCF_SRVCHP-SRORC_R1233zdE_R236fa_seed042_20260716T121618Z,
S1_DCF_SRVCHP-SRORC_R1233zdE_R236ea_seed042_20260716T121618Z,S1,DC-F,SRVCHP_SRORC,R1233zd(E),R236ea,42,FINISHED,0,48.05940580368042,${CBSIM_RUNS_ROOT}/S1_FORMAL/BATCH_S1_20260716T121618Z/runs/S1_DCF_SRVCHP-SRORC_R1233zdE_R236ea_seed042_20260716T121618Z,
S1_DCF_SRVCHP-SRORC_R1233zdE_R365MFC_seed042_20260716T121618Z,S1,DC-F,SRVCHP_SRORC,R1233zd(E),R365MFC,42,FINISHED,0,35.99823498725891,${CBSIM_RUNS_ROOT}/S1_FORMAL/BATCH_S1_20260716T121618Z/runs/S1_DCF_SRVCHP-SRORC_R1233zdE_R365MFC_seed042_20260716T121618Z,
S1_DCF_SRVCHP-SRORC_R601_R134a_seed042_20260716T121618Z,S1,DC-F,SRVCHP_SRORC,R601,R134a,42,FINISHED,0,28.518489837646484,${CBSIM_RUNS_ROOT}/S1_FORMAL/BATCH_S1_20260716T121618Z/runs/S1_DCF_SRVCHP-SRORC_R601_R134a_seed042_20260716T121618Z,
S1_DCF_SRVCHP-SRORC_R601_R227EA_seed042_20260716T121618Z,S1,DC-F,SRVCHP_SRORC,R601,R227EA,42,FINISHED,0,33.560598850250244,${CBSIM_RUNS_ROOT}/S1_FORMAL/BATCH_S1_20260716T121618Z/runs/S1_DCF_SRVCHP-SRORC_R601_R227EA_seed042_20260716T121618Z,
S1_DCF_SBVCHP-SBORC_R601_R1234yf_seed042_20260716T121618Z,S1,DC-F,SBVCHP_SBORC,R601,R1234yf,42,FINISHED,0,15.295612335205078,${CBSIM_RUNS_ROOT}/S1_FORMAL/BATCH_S1_20260716T121618Z/runs/S1_DCF_SBVCHP-SBORC_R601_R1234yf_seed042_20260716T121618Z,
S1_DCF_SBVCHP-SBORC_R601_R290_seed042_20260716T121618Z,S1,DC-F,SBVCHP_SBORC,R601,R290,42,FINISHED,0,13.680046796798706,${CBSIM_RUNS_ROOT}/S1_FORMAL/BATCH_S1_20260716T121618Z/runs/S1_DCF_SBVCHP-SBORC_R601_R290_seed042_20260716T121618Z,
S1_DCF_SBVCHP-SBORC_R601_R600a_seed042_20260716T121618Z,S1,DC-F,SBVCHP_SBORC,R601,R600a,42,FINISHED,0,12.671443939208984,${CBSIM_RUNS_ROOT}/S1_FORMAL/BATCH_S1_20260716T121618Z/runs/S1_DCF_SBVCHP-SBORC_R601_R600a_seed042_20260716T121618Z,
S1_DCF_SRVCHP-SRORC_R601_R152A_seed042_20260716T121618Z,S1,DC-F,SRVCHP_SRORC,R601,R152A,42,FINISHED,0,24.355897426605225,${CBSIM_RUNS_ROOT}/S1_FORMAL/BATCH_S1_20260716T121618Z/runs/S1_DCF_SRVCHP-SRORC_R601_R152A_seed042_20260716T121618Z,
S1_DCF_SRVCHP-SRORC_R601_R1234yf_seed042_20260716T121618Z,S1,DC-F,SRVCHP_SRORC,R601,R1234yf,42,FINISHED,0,22.542007207870483,${CBSIM_RUNS_ROOT}/S1_FORMAL/BATCH_S1_20260716T121618Z/runs/S1_DCF_SRVCHP-SRORC_R601_R1234yf_seed042_20260716T121618Z,
S1_DCF_SBVCHP-SBORC_R601_R600_seed042_20260716T121618Z,S1,DC-F,SBVCHP_SBORC,R601,R600,42,FINISHED,0,12.08017349243164,${CBSIM_RUNS_ROOT}/S1_FORMAL/BATCH_S1_20260716T121618Z/runs/S1_DCF_SBVCHP-SBORC_R601_R600_seed042_20260716T121618Z,
S1_DCF_SRVCHP-SRORC_R601_R290_seed042_20260716T121618Z,S1,DC-F,SRVCHP_SRORC,R601,R290,42,FINISHED,0,22.345890522003174,${CBSIM_RUNS_ROOT}/S1_FORMAL/BATCH_S1_20260716T121618Z/runs/S1_DCF_SRVCHP-SRORC_R601_R290_seed042_20260716T121618Z,
S1_DCF_SBVCHP-SBORC_R601_R245fa_seed042_20260716T121618Z,S1,DC-F,SBVCHP_SBORC,R601,R245fa,42,FINISHED,0,11.47556757926941,${CBSIM_RUNS_ROOT}/S1_FORMAL/BATCH_S1_20260716T121618Z/runs/S1_DCF_SBVCHP-SBORC_R601_R245fa_seed042_20260716T121618Z,
S1_DCF_SBVCHP-SBORC_R601_R236ea_seed042_20260716T121618Z,S1,DC-F,SBVCHP_SBORC,R601,R236ea,42,FINISHED,0,13.464876651763916,${CBSIM_RUNS_ROOT}/S1_FORMAL/BATCH_S1_20260716T121618Z/runs/S1_DCF_SBVCHP-SBORC_R601_R236ea_seed042_20260716T121618Z,
S1_DCF_SBVCHP-SBORC_R601_R236fa_seed042_20260716T121618Z,S1,DC-F,SBVCHP_SBORC,R601,R236fa,42,FINISHED,0,14.258156299591064,${CBSIM_RUNS_ROOT}/S1_FORMAL/BATCH_S1_20260716T121618Z/runs/S1_DCF_SBVCHP-SBORC_R601_R236fa_seed042_20260716T121618Z,
S1_DCF_SRVCHP-SRORC_R601_R600_seed042_20260716T121618Z,S1,DC-F,SRVCHP_SRORC,R601,R600,42,FINISHED,0,26.147722482681274,${CBSIM_RUNS_ROOT}/S1_FORMAL/BATCH_S1_20260716T121618Z/runs/S1_DCF_SRVCHP-SRORC_R601_R600_seed042_20260716T121618Z,
S1_DCF_SRVCHP-SRORC_R601_R600a_seed042_20260716T121618Z,S1,DC-F,SRVCHP_SRORC,R601,R600a,42,FINISHED,0,30.19696807861328,${CBSIM_RUNS_ROOT}/S1_FORMAL/BATCH_S1_20260716T121618Z/runs/S1_DCF_SRVCHP-SRORC_R601_R600a_seed042_20260716T121618Z,
S1_DCF_SRVCHP-SRORC_R601_R245fa_seed042_20260716T121618Z,S1,DC-F,SRVCHP_SRORC,R601,R245fa,42,FINISHED,0,24.94814372062683,${CBSIM_RUNS_ROOT}/S1_FORMAL/BATCH_S1_20260716T121618Z/runs/S1_DCF_SRVCHP-SRORC_R601_R245fa_seed042_20260716T121618Z,
S1_DCF_SBVCHP-SBORC_R601_R365MFC_seed042_20260716T121618Z,S1,DC-F,SBVCHP_SBORC,R601,R365MFC,42,FINISHED,0,15.268187284469604,${CBSIM_RUNS_ROOT}/S1_FORMAL/BATCH_S1_20260716T121618Z/runs/S1_DCF_SBVCHP-SBORC_R601_R365MFC_seed042_20260716T121618Z,
S1_DCF_SBVCHP-SBORC_R601a_R1234zeE_seed042_20260716T121618Z,S1,DC-F,SBVCHP_SBORC,R601a,R1234ze(E),42,FINISHED,0,11.47072172164917,${CBSIM_RUNS_ROOT}/S1_FORMAL/BATCH_S1_20260716T121618Z/runs/S1_DCF_SBVCHP-SBORC_R601a_R1234zeE_seed042_20260716T121618Z,
S1_DCF_SBVCHP-SBORC_R601a_R134a_seed042_20260716T121618Z,S1,DC-F,SBVCHP_SBORC,R601a,R134a,42,FINISHED,0,12.035250902175903,${CBSIM_RUNS_ROOT}/S1_FORMAL/BATCH_S1_20260716T121618Z/runs/S1_DCF_SBVCHP-SBORC_R601a_R134a_seed042_20260716T121618Z,
S1_DCF_SBVCHP-SBORC_R601a_R227EA_seed042_20260716T121618Z,S1,DC-F,SBVCHP_SBORC,R601a,R227EA,42,FINISHED,0,14.086699485778809,${CBSIM_RUNS_ROOT}/S1_FORMAL/BATCH_S1_20260716T121618Z/runs/S1_DCF_SBVCHP-SBORC_R601a_R227EA_seed042_20260716T121618Z,
S1_DCF_SBVCHP-SBORC_R601a_R152A_seed042_20260716T121618Z,S1,DC-F,SBVCHP_SBORC,R601a,R152A,42,FINISHED,0,10.62842607498169,${CBSIM_RUNS_ROOT}/S1_FORMAL/BATCH_S1_20260716T121618Z/runs/S1_DCF_SBVCHP-SBORC_R601a_R152A_seed042_20260716T121618Z,
S1_DCF_SRVCHP-SRORC_R601a_R1234zeE_seed042_20260716T121618Z,S1,DC-F,SRVCHP_SRORC,R601a,R1234ze(E),42,FINISHED,0,26.73980689048767,${CBSIM_RUNS_ROOT}/S1_FORMAL/BATCH_S1_20260716T121618Z/runs/S1_DCF_SRVCHP-SRORC_R601a_R1234zeE_seed042_20260716T121618Z,
S1_DCF_SRVCHP-SRORC_R601_R365MFC_seed042_20260716T121618Z,S1,DC-F,SRVCHP_SRORC,R601,R365MFC,42,FINISHED,0,37.18807625770569,${CBSIM_RUNS_ROOT}/S1_FORMAL/BATCH_S1_20260716T121618Z/runs/S1_DCF_SRVCHP-SRORC_R601_R365MFC_seed042_20260716T121618Z,
S1_DCF_SRVCHP-SRORC_R601_R236fa_seed042_20260716T121618Z,S1,DC-F,SRVCHP_SRORC,R601,R236fa,42,FINISHED,0,45.842069149017334,${CBSIM_RUNS_ROOT}/S1_FORMAL/BATCH_S1_20260716T121618Z/runs/S1_DCF_SRVCHP-SRORC_R601_R236fa_seed042_20260716T121618Z,
S1_DCF_SRVCHP-SRORC_R601_R236ea_seed042_20260716T121618Z,S1,DC-F,SRVCHP_SRORC,R601,R236ea,42,FINISHED,0,49.077805042266846,${CBSIM_RUNS_ROOT}/S1_FORMAL/BATCH_S1_20260716T121618Z/runs/S1_DCF_SRVCHP-SRORC_R601_R236ea_seed042_20260716T121618Z,
S1_DCF_SRVCHP-SRORC_R601a_R227EA_seed042_20260716T121618Z,S1,DC-F,SRVCHP_SRORC,R601a,R227EA,42,FINISHED,0,30.960145235061646,${CBSIM_RUNS_ROOT}/S1_FORMAL/BATCH_S1_20260716T121618Z/runs/S1_DCF_SRVCHP-SRORC_R601a_R227EA_seed042_20260716T121618Z,
S1_DCF_SBVCHP-SBORC_R601a_R1234yf_seed042_20260716T121618Z,S1,DC-F,SBVCHP_SBORC,R601a,R1234yf,42,FINISHED,0,14.069201707839966,${CBSIM_RUNS_ROOT}/S1_FORMAL/BATCH_S1_20260716T121618Z/runs/S1_DCF_SBVCHP-SBORC_R601a_R1234yf_seed042_20260716T121618Z,
S1_DCF_SRVCHP-SRORC_R601a_R134a_seed042_20260716T121618Z,S1,DC-F,SRVCHP_SRORC,R601a,R134a,42,FINISHED,0,29.545579433441162,${CBSIM_RUNS_ROOT}/S1_FORMAL/BATCH_S1_20260716T121618Z/runs/S1_DCF_SRVCHP-SRORC_R601a_R134a_seed042_20260716T121618Z,
S1_DCF_SRVCHP-SRORC_R601a_R152A_seed042_20260716T121618Z,S1,DC-F,SRVCHP_SRORC,R601a,R152A,42,FINISHED,0,25.125062465667725,${CBSIM_RUNS_ROOT}/S1_FORMAL/BATCH_S1_20260716T121618Z/runs/S1_DCF_SRVCHP-SRORC_R601a_R152A_seed042_20260716T121618Z,
S1_DCF_SBVCHP-SBORC_R601a_R290_seed042_20260716T121618Z,S1,DC-F,SBVCHP_SBORC,R601a,R290,42,FINISHED,0,12.684036493301392,${CBSIM_RUNS_ROOT}/S1_FORMAL/BATCH_S1_20260716T121618Z/runs/S1_DCF_SBVCHP-SBORC_R601a_R290_seed042_20260716T121618Z,
S1_DCF_SBVCHP-SBORC_R601a_R600a_seed042_20260716T121618Z,S1,DC-F,SBVCHP_SBORC,R601a,R600a,42,FINISHED,0,10.67213225364685,${CBSIM_RUNS_ROOT}/S1_FORMAL/BATCH_S1_20260716T121618Z/runs/S1_DCF_SBVCHP-SBORC_R601a_R600a_seed042_20260716T121618Z,
S1_DCF_SRVCHP-SRORC_R601a_R1234yf_seed042_20260716T121618Z,S1,DC-F,SRVCHP_SRORC,R601a,R1234yf,42,FINISHED,0,21.526911973953247,${CBSIM_RUNS_ROOT}/S1_FORMAL/BATCH_S1_20260716T121618Z/runs/S1_DCF_SRVCHP-SRORC_R601a_R1234yf_seed042_20260716T121618Z,
S1_DCF_SBVCHP-SBORC_R601a_R600_seed042_20260716T121618Z,S1,DC-F,SBVCHP_SBORC,R601a,R600,42,FINISHED,0,12.076227903366089,${CBSIM_RUNS_ROOT}/S1_FORMAL/BATCH_S1_20260716T121618Z/runs/S1_DCF_SBVCHP-SBORC_R601a_R600_seed042_20260716T121618Z,
S1_DCF_SRVCHP-SRORC_R601a_R290_seed042_20260716T121618Z,S1,DC-F,SRVCHP_SRORC,R601a,R290,42,FINISHED,0,20.930707454681396,${CBSIM_RUNS_ROOT}/S1_FORMAL/BATCH_S1_20260716T121618Z/runs/S1_DCF_SRVCHP-SRORC_R601a_R290_seed042_20260716T121618Z,
S1_DCF_SBVCHP-SBORC_R601a_R245fa_seed042_20260716T121618Z,S1,DC-F,SBVCHP_SBORC,R601a,R245fa,42,FINISHED,0,12.072897672653198,${CBSIM_RUNS_ROOT}/S1_FORMAL/BATCH_S1_20260716T121618Z/runs/S1_DCF_SBVCHP-SBORC_R601a_R245fa_seed042_20260716T121618Z,
S1_DCF_SBVCHP-SBORC_R601a_R236ea_seed042_20260716T121618Z,S1,DC-F,SBVCHP_SBORC,R601a,R236ea,42,FINISHED,0,13.270276308059692,${CBSIM_RUNS_ROOT}/S1_FORMAL/BATCH_S1_20260716T121618Z/runs/S1_DCF_SBVCHP-SBORC_R601a_R236ea_seed042_20260716T121618Z,
S1_DCF_SRVCHP-SRORC_R601a_R600a_seed042_20260716T121618Z,S1,DC-F,SRVCHP_SRORC,R601a,R600a,42,FINISHED,0,27.363606214523315,${CBSIM_RUNS_ROOT}/S1_FORMAL/BATCH_S1_20260716T121618Z/runs/S1_DCF_SRVCHP-SRORC_R601a_R600a_seed042_20260716T121618Z,
S1_DCF_SBVCHP-SBORC_R601a_R236fa_seed042_20260716T121618Z,S1,DC-F,SBVCHP_SBORC,R601a,R236fa,42,FINISHED,0,14.471379518508911,${CBSIM_RUNS_ROOT}/S1_FORMAL/BATCH_S1_20260716T121618Z/runs/S1_DCF_SBVCHP-SBORC_R601a_R236fa_seed042_20260716T121618Z,
S1_DCF_SRVCHP-SRORC_R601a_R245fa_seed042_20260716T121618Z,S1,DC-F,SRVCHP_SRORC,R601a,R245fa,42,FINISHED,0,24.53749179840088,${CBSIM_RUNS_ROOT}/S1_FORMAL/BATCH_S1_20260716T121618Z/runs/S1_DCF_SRVCHP-SRORC_R601a_R245fa_seed042_20260716T121618Z,
S1_DCF_SRVCHP-SRORC_R601a_R600_seed042_20260716T121618Z,S1,DC-F,SRVCHP_SRORC,R601a,R600,42,FINISHED,0,25.967931270599365,${CBSIM_RUNS_ROOT}/S1_FORMAL/BATCH_S1_20260716T121618Z/runs/S1_DCF_SRVCHP-SRORC_R601a_R600_seed042_20260716T121618Z,
S1_DCF_SBVCHP-SBORC_R601a_R365MFC_seed042_20260716T121618Z,S1,DC-F,SBVCHP_SBORC,R601a,R365MFC,42,FINISHED,0,14.07624077796936,${CBSIM_RUNS_ROOT}/S1_FORMAL/BATCH_S1_20260716T121618Z/runs/S1_DCF_SBVCHP-SBORC_R601a_R365MFC_seed042_20260716T121618Z,
S1_DCF_SBVCHP-SBORC_R365MFC_R1234zeE_seed042_20260716T121618Z,S1,DC-F,SBVCHP_SBORC,R365MFC,R1234ze(E),42,FINISHED,0,11.664924144744873,${CBSIM_RUNS_ROOT}/S1_FORMAL/BATCH_S1_20260716T121618Z/runs/S1_DCF_SBVCHP-SBORC_R365MFC_R1234zeE_seed042_20260716T121618Z,
S1_DCF_SBVCHP-SBORC_R365MFC_R227EA_seed042_20260716T121618Z,S1,DC-F,SBVCHP_SBORC,R365MFC,R227EA,42,FINISHED,0,14.249830484390259,${CBSIM_RUNS_ROOT}/S1_FORMAL/BATCH_S1_20260716T121618Z/runs/S1_DCF_SBVCHP-SBORC_R365MFC_R227EA_seed042_20260716T121618Z,
S1_DCF_SBVCHP-SBORC_R365MFC_R134a_seed042_20260716T121618Z,S1,DC-F,SBVCHP_SBORC,R365MFC,R134a,42,FINISHED,0,13.022178649902344,${CBSIM_RUNS_ROOT}/S1_FORMAL/BATCH_S1_20260716T121618Z/runs/S1_DCF_SBVCHP-SBORC_R365MFC_R134a_seed042_20260716T121618Z,
S1_DCF_SBVCHP-SBORC_R365MFC_R152A_seed042_20260716T121618Z,S1,DC-F,SBVCHP_SBORC,R365MFC,R152A,42,FINISHED,0,11.224555969238281,${CBSIM_RUNS_ROOT}/S1_FORMAL/BATCH_S1_20260716T121618Z/runs/S1_DCF_SBVCHP-SBORC_R365MFC_R152A_seed042_20260716T121618Z,
S1_DCF_SRVCHP-SRORC_R601a_R365MFC_seed042_20260716T121618Z,S1,DC-F,SRVCHP_SRORC,R601a,R365MFC,42,FINISHED,0,36.145169258117676,${CBSIM_RUNS_ROOT}/S1_FORMAL/BATCH_S1_20260716T121618Z/runs/S1_DCF_SRVCHP-SRORC_R601a_R365MFC_seed042_20260716T121618Z,
S1_DCF_SRVCHP-SRORC_R365MFC_R1234zeE_seed042_20260716T121618Z,S1,DC-F,SRVCHP_SRORC,R365MFC,R1234ze(E),42,FINISHED,0,28.3212251663208,${CBSIM_RUNS_ROOT}/S1_FORMAL/BATCH_S1_20260716T121618Z/runs/S1_DCF_SRVCHP-SRORC_R365MFC_R1234zeE_seed042_20260716T121618Z,
S1_DCF_SRVCHP-SRORC_R601a_R236fa_seed042_20260716T121618Z,S1,DC-F,SRVCHP_SRORC,R601a,R236fa,42,FINISHED,0,42.411890506744385,${CBSIM_RUNS_ROOT}/S1_FORMAL/BATCH_S1_20260716T121618Z/runs/S1_DCF_SRVCHP-SRORC_R601a_R236fa_seed042_20260716T121618Z,
S1_DCF_SRVCHP-SRORC_R601a_R236ea_seed042_20260716T121618Z,S1,DC-F,SRVCHP_SRORC,R601a,R236ea,42,FINISHED,0,46.44655799865723,${CBSIM_RUNS_ROOT}/S1_FORMAL/BATCH_S1_20260716T121618Z/runs/S1_DCF_SRVCHP-SRORC_R601a_R236ea_seed042_20260716T121618Z,
S1_DCF_SRVCHP-SRORC_R365MFC_R227EA_seed042_20260716T121618Z,S1,DC-F,SRVCHP_SRORC,R365MFC,R227EA,42,FINISHED,0,30.137051582336426,${CBSIM_RUNS_ROOT}/S1_FORMAL/BATCH_S1_20260716T121618Z/runs/S1_DCF_SRVCHP-SRORC_R365MFC_R227EA_seed042_20260716T121618Z,
S1_DCF_SRVCHP-SRORC_R365MFC_R134a_seed042_20260716T121618Z,S1,DC-F,SRVCHP_SRORC,R365MFC,R134a,42,FINISHED,0,26.921595573425293,${CBSIM_RUNS_ROOT}/S1_FORMAL/BATCH_S1_20260716T121618Z/runs/S1_DCF_SRVCHP-SRORC_R365MFC_R134a_seed042_20260716T121618Z,
S1_DCF_SRVCHP-SRORC_R365MFC_R152A_seed042_20260716T121618Z,S1,DC-F,SRVCHP_SRORC,R365MFC,R152A,42,FINISHED,0,23.513500452041626,${CBSIM_RUNS_ROOT}/S1_FORMAL/BATCH_S1_20260716T121618Z/runs/S1_DCF_SRVCHP-SRORC_R365MFC_R152A_seed042_20260716T121618Z,
S1_DCF_SBVCHP-SBORC_R365MFC_R1234yf_seed042_20260716T121618Z,S1,DC-F,SBVCHP_SBORC,R365MFC,R1234yf,42,FINISHED,0,14.10627007484436,${CBSIM_RUNS_ROOT}/S1_FORMAL/BATCH_S1_20260716T121618Z/runs/S1_DCF_SBVCHP-SBORC_R365MFC_R1234yf_seed042_20260716T121618Z,
S1_DCF_SBVCHP-SBORC_R365MFC_R290_seed042_20260716T121618Z,S1,DC-F,SBVCHP_SBORC,R365MFC,R290,42,FINISHED,0,13.29700756072998,${CBSIM_RUNS_ROOT}/S1_FORMAL/BATCH_S1_20260716T121618Z/runs/S1_DCF_SBVCHP-SBORC_R365MFC_R290_seed042_20260716T121618Z,
S1_DCF_SBVCHP-SBORC_R365MFC_R600a_seed042_20260716T121618Z,S1,DC-F,SBVCHP_SBORC,R365MFC,R600a,42,FINISHED,0,12.494078397750854,${CBSIM_RUNS_ROOT}/S1_FORMAL/BATCH_S1_20260716T121618Z/runs/S1_DCF_SBVCHP-SBORC_R365MFC_R600a_seed042_20260716T121618Z,
S1_DCF_SBVCHP-SBORC_R365MFC_R600_seed042_20260716T121618Z,S1,DC-F,SBVCHP_SBORC,R365MFC,R600,42,FINISHED,0,10.873386859893799,${CBSIM_RUNS_ROOT}/S1_FORMAL/BATCH_S1_20260716T121618Z/runs/S1_DCF_SBVCHP-SBORC_R365MFC_R600_seed042_20260716T121618Z,
S1_DCF_SRVCHP-SRORC_R365MFC_R1234yf_seed042_20260716T121618Z,S1,DC-F,SRVCHP_SRORC,R365MFC,R1234yf,42,FINISHED,0,22.559690475463867,${CBSIM_RUNS_ROOT}/S1_FORMAL/BATCH_S1_20260716T121618Z/runs/S1_DCF_SRVCHP-SRORC_R365MFC_R1234yf_seed042_20260716T121618Z,
S1_DCF_SRVCHP-SRORC_R365MFC_R290_seed042_20260716T121618Z,S1,DC-F,SRVCHP_SRORC,R365MFC,R290,42,FINISHED,0,22.15474820137024,${CBSIM_RUNS_ROOT}/S1_FORMAL/BATCH_S1_20260716T121618Z/runs/S1_DCF_SRVCHP-SRORC_R365MFC_R290_seed042_20260716T121618Z,
S1_DCF_SBVCHP-SBORC_R365MFC_R245fa_seed042_20260716T121618Z,S1,DC-F,SBVCHP_SBORC,R365MFC,R245fa,42,FINISHED,0,12.688535690307617,${CBSIM_RUNS_ROOT}/S1_FORMAL/BATCH_S1_20260716T121618Z/runs/S1_DCF_SBVCHP-SBORC_R365MFC_R245fa_seed042_20260716T121618Z,
S1_DCF_SBVCHP-SBORC_R365MFC_R236ea_seed042_20260716T121618Z,S1,DC-F,SBVCHP_SBORC,R365MFC,R236ea,42,FINISHED,0,13.669286966323853,${CBSIM_RUNS_ROOT}/S1_FORMAL/BATCH_S1_20260716T121618Z/runs/S1_DCF_SBVCHP-SBORC_R365MFC_R236ea_seed042_20260716T121618Z,
S1_DCF_SRVCHP-SRORC_R365MFC_R600a_seed042_20260716T121618Z,S1,DC-F,SRVCHP_SRORC,R365MFC,R600a,42,FINISHED,0,28.974846839904785,${CBSIM_RUNS_ROOT}/S1_FORMAL/BATCH_S1_20260716T121618Z/runs/S1_DCF_SRVCHP-SRORC_R365MFC_R600a_seed042_20260716T121618Z,
S1_DCF_SRVCHP-SRORC_R365MFC_R600_seed042_20260716T121618Z,S1,DC-F,SRVCHP_SRORC,R365MFC,R600,42,FINISHED,0,27.348521947860718,${CBSIM_RUNS_ROOT}/S1_FORMAL/BATCH_S1_20260716T121618Z/runs/S1_DCF_SRVCHP-SRORC_R365MFC_R600_seed042_20260716T121618Z,
S1_DCF_SBVCHP-SBORC_R365MFC_R236fa_seed042_20260716T121618Z,S1,DC-F,SBVCHP_SBORC,R365MFC,R236fa,42,FINISHED,0,15.261425256729126,${CBSIM_RUNS_ROOT}/S1_FORMAL/BATCH_S1_20260716T121618Z/runs/S1_DCF_SBVCHP-SBORC_R365MFC_R236fa_seed042_20260716T121618Z,
S1_DCF_SRVCHP-SRORC_R365MFC_R245fa_seed042_20260716T121618Z,S1,DC-F,SRVCHP_SRORC,R365MFC,R245fa,42,FINISHED,0,25.94300651550293,${CBSIM_RUNS_ROOT}/S1_FORMAL/BATCH_S1_20260716T121618Z/runs/S1_DCF_SRVCHP-SRORC_R365MFC_R245fa_seed042_20260716T121618Z,
S1_DCF_SBVCHP-SBORC_R365MFC_R365MFC_seed042_20260716T121618Z,S1,DC-F,SBVCHP_SBORC,R365MFC,R365MFC,42,FINISHED,0,15.063702821731567,${CBSIM_RUNS_ROOT}/S1_FORMAL/BATCH_S1_20260716T121618Z/runs/S1_DCF_SBVCHP-SBORC_R365MFC_R365MFC_seed042_20260716T121618Z,
S1_DCF_SBVCHP-SBORC_Cyclopentane_R1234zeE_seed042_20260716T121618Z,S1,DC-F,SBVCHP_SBORC,Cyclopentane,R1234ze(E),42,FINISHED,0,15.461604356765747,${CBSIM_RUNS_ROOT}/S1_FORMAL/BATCH_S1_20260716T121618Z/runs/S1_DCF_SBVCHP-SBORC_Cyclopentane_R1234zeE_seed042_20260716T121618Z,
S1_DCF_SBVCHP-SBORC_Cyclopentane_R134a_seed042_20260716T121618Z,S1,DC-F,SBVCHP_SBORC,Cyclopentane,R134a,42,FINISHED,0,17.23582673072815,${CBSIM_RUNS_ROOT}/S1_FORMAL/BATCH_S1_20260716T121618Z/runs/S1_DCF_SBVCHP-SBORC_Cyclopentane_R134a_seed042_20260716T121618Z,
S1_DCF_SBVCHP-SBORC_Cyclopentane_R227EA_seed042_20260716T121618Z,S1,DC-F,SBVCHP_SBORC,Cyclopentane,R227EA,42,FINISHED,0,25.873417615890503,${CBSIM_RUNS_ROOT}/S1_FORMAL/BATCH_S1_20260716T121618Z/runs/S1_DCF_SBVCHP-SBORC_Cyclopentane_R227EA_seed042_20260716T121618Z,
S1_DCF_SRVCHP-SRORC_R365MFC_R236ea_seed042_20260716T121618Z,S1,DC-F,SRVCHP_SRORC,R365MFC,R236ea,42,FINISHED,0,51.199772119522095,${CBSIM_RUNS_ROOT}/S1_FORMAL/BATCH_S1_20260716T121618Z/runs/S1_DCF_SRVCHP-SRORC_R365MFC_R236ea_seed042_20260716T121618Z,
S1_DCF_SRVCHP-SRORC_R365MFC_R365MFC_seed042_20260716T121618Z,S1,DC-F,SRVCHP_SRORC,R365MFC,R365MFC,42,FINISHED,0,40.94631385803223,${CBSIM_RUNS_ROOT}/S1_FORMAL/BATCH_S1_20260716T121618Z/runs/S1_DCF_SRVCHP-SRORC_R365MFC_R365MFC_seed042_20260716T121618Z,
S1_DCF_SRVCHP-SRORC_Cyclopentane_R1234zeE_seed042_20260716T121618Z,S1,DC-F,SRVCHP_SRORC,Cyclopentane,R1234ze(E),42,FINISHED,0,32.130047082901,${CBSIM_RUNS_ROOT}/S1_FORMAL/BATCH_S1_20260716T121618Z/runs/S1_DCF_SRVCHP-SRORC_Cyclopentane_R1234zeE_seed042_20260716T121618Z,
S1_DCF_SBVCHP-SBORC_Cyclopentane_R152A_seed042_20260716T121618Z,S1,DC-F,SBVCHP_SBORC,Cyclopentane,R152A,42,FINISHED,0,13.063403129577637,${CBSIM_RUNS_ROOT}/S1_FORMAL/BATCH_S1_20260716T121618Z/runs/S1_DCF_SBVCHP-SBORC_Cyclopentane_R152A_seed042_20260716T121618Z,
S1_DCF_SRVCHP-SRORC_R365MFC_R236fa_seed042_20260716T121618Z,S1,DC-F,SRVCHP_SRORC,R365MFC,R236fa,42,FINISHED,0,49.02236843109131,${CBSIM_RUNS_ROOT}/S1_FORMAL/BATCH_S1_20260716T121618Z/runs/S1_DCF_SRVCHP-SRORC_R365MFC_R236fa_seed042_20260716T121618Z,
S1_DCF_SRVCHP-SRORC_Cyclopentane_R227EA_seed042_20260716T121618Z,S1,DC-F,SRVCHP_SRORC,Cyclopentane,R227EA,42,FINISHED,0,32.748353004455566,${CBSIM_RUNS_ROOT}/S1_FORMAL/BATCH_S1_20260716T121618Z/runs/S1_DCF_SRVCHP-SRORC_Cyclopentane_R227EA_seed042_20260716T121618Z,
S1_DCF_SRVCHP-SRORC_Cyclopentane_R134a_seed042_20260716T121618Z,S1,DC-F,SRVCHP_SRORC,Cyclopentane,R134a,42,FINISHED,0,29.133998155593872,${CBSIM_RUNS_ROOT}/S1_FORMAL/BATCH_S1_20260716T121618Z/runs/S1_DCF_SRVCHP-SRORC_Cyclopentane_R134a_seed042_20260716T121618Z,
S1_DCF_SBVCHP-SBORC_Cyclopentane_R600a_seed042_20260716T121618Z,S1,DC-F,SBVCHP_SBORC,Cyclopentane,R600a,42,FINISHED,0,11.718418598175049,${CBSIM_RUNS_ROOT}/S1_FORMAL/BATCH_S1_20260716T121618Z/runs/S1_DCF_SBVCHP-SBORC_Cyclopentane_R600a_seed042_20260716T121618Z,
S1_DCF_SRVCHP-SRORC_Cyclopentane_R152A_seed042_20260716T121618Z,S1,DC-F,SRVCHP_SRORC,Cyclopentane,R152A,42,FINISHED,0,23.607176065444946,${CBSIM_RUNS_ROOT}/S1_FORMAL/BATCH_S1_20260716T121618Z/runs/S1_DCF_SRVCHP-SRORC_Cyclopentane_R152A_seed042_20260716T121618Z,
S1_DCF_SBVCHP-SBORC_Cyclopentane_R600_seed042_20260716T121618Z,S1,DC-F,SBVCHP_SBORC,Cyclopentane,R600,42,FINISHED,0,12.438468217849731,${CBSIM_RUNS_ROOT}/S1_FORMAL/BATCH_S1_20260716T121618Z/runs/S1_DCF_SBVCHP-SBORC_Cyclopentane_R600_seed042_20260716T121618Z,
S1_DCF_SBVCHP-SBORC_Cyclopentane_R1234yf_seed042_20260716T121618Z,S1,DC-F,SBVCHP_SBORC,Cyclopentane,R1234yf,42,FINISHED,0,23.02825117111206,${CBSIM_RUNS_ROOT}/S1_FORMAL/BATCH_S1_20260716T121618Z/runs/S1_DCF_SBVCHP-SBORC_Cyclopentane_R1234yf_seed042_20260716T121618Z,
S1_DCF_SBVCHP-SBORC_Cyclopentane_R290_seed042_20260716T121618Z,S1,DC-F,SBVCHP_SBORC,Cyclopentane,R290,42,FINISHED,0,21.41403818130493,${CBSIM_RUNS_ROOT}/S1_FORMAL/BATCH_S1_20260716T121618Z/runs/S1_DCF_SBVCHP-SBORC_Cyclopentane_R290_seed042_20260716T121618Z,
S1_DCF_SRVCHP-SRORC_Cyclopentane_R1234yf_seed042_20260716T121618Z,S1,DC-F,SRVCHP_SRORC,Cyclopentane,R1234yf,42,FINISHED,0,23.24483871459961,${CBSIM_RUNS_ROOT}/S1_FORMAL/BATCH_S1_20260716T121618Z/runs/S1_DCF_SRVCHP-SRORC_Cyclopentane_R1234yf_seed042_20260716T121618Z,
S1_DCF_SRVCHP-SRORC_Cyclopentane_R290_seed042_20260716T121618Z,S1,DC-F,SRVCHP_SRORC,Cyclopentane,R290,42,FINISHED,0,22.629390716552734,${CBSIM_RUNS_ROOT}/S1_FORMAL/BATCH_S1_20260716T121618Z/runs/S1_DCF_SRVCHP-SRORC_Cyclopentane_R290_seed042_20260716T121618Z,
S1_DCF_SBVCHP-SBORC_Cyclopentane_R245fa_seed042_20260716T121618Z,S1,DC-F,SBVCHP_SBORC,Cyclopentane,R245fa,42,FINISHED,0,12.885468006134033,${CBSIM_RUNS_ROOT}/S1_FORMAL/BATCH_S1_20260716T121618Z/runs/S1_DCF_SBVCHP-SBORC_Cyclopentane_R245fa_seed042_20260716T121618Z,
S1_DCF_SRVCHP-SRORC_Cyclopentane_R600a_seed042_20260716T121618Z,S1,DC-F,SRVCHP_SRORC,Cyclopentane,R600a,42,FINISHED,0,29.02892541885376,${CBSIM_RUNS_ROOT}/S1_FORMAL/BATCH_S1_20260716T121618Z/runs/S1_DCF_SRVCHP-SRORC_Cyclopentane_R600a_seed042_20260716T121618Z,
S1_DCF_SBVCHP-SBORC_Cyclopentane_R236ea_seed042_20260716T121618Z,S1,DC-F,SBVCHP_SBORC,Cyclopentane,R236ea,42,FINISHED,0,16.67636728286743,${CBSIM_RUNS_ROOT}/S1_FORMAL/BATCH_S1_20260716T121618Z/runs/S1_DCF_SBVCHP-SBORC_Cyclopentane_R236ea_seed042_20260716T121618Z,
S1_DCF_SRVCHP-SRORC_Cyclopentane_R600_seed042_20260716T121618Z,S1,DC-F,SRVCHP_SRORC,Cyclopentane,R600,42,FINISHED,0,25.948901414871216,${CBSIM_RUNS_ROOT}/S1_FORMAL/BATCH_S1_20260716T121618Z/runs/S1_DCF_SRVCHP-SRORC_Cyclopentane_R600_seed042_20260716T121618Z,
S1_DCF_SBVCHP-SBORC_Cyclopentane_R236fa_seed042_20260716T121618Z,S1,DC-F,SBVCHP_SBORC,Cyclopentane,R236fa,42,FINISHED,0,17.06088161468506,${CBSIM_RUNS_ROOT}/S1_FORMAL/BATCH_S1_20260716T121618Z/runs/S1_DCF_SBVCHP-SBORC_Cyclopentane_R236fa_seed042_20260716T121618Z,
S1_DCF_SRVCHP-SRORC_Cyclopentane_R245fa_seed042_20260716T121618Z,S1,DC-F,SRVCHP_SRORC,Cyclopentane,R245fa,42,FINISHED,0,24.13058614730835,${CBSIM_RUNS_ROOT}/S1_FORMAL/BATCH_S1_20260716T121618Z/runs/S1_DCF_SRVCHP-SRORC_Cyclopentane_R245fa_seed042_20260716T121618Z,
S1_DCF_SBVCHP-SBORC_Cyclopentane_R365MFC_seed042_20260716T121618Z,S1,DC-F,SBVCHP_SBORC,Cyclopentane,R365MFC,42,FINISHED,0,16.264745235443115,${CBSIM_RUNS_ROOT}/S1_FORMAL/BATCH_S1_20260716T121618Z/runs/S1_DCF_SBVCHP-SBORC_Cyclopentane_R365MFC_seed042_20260716T121618Z,
S1_DCF_SBVCHP-SBORC_CycloHexane_R1234zeE_seed042_20260716T121618Z,S1,DC-F,SBVCHP_SBORC,CycloHexane,R1234ze(E),42,FINISHED,0,14.459288597106934,${CBSIM_RUNS_ROOT}/S1_FORMAL/BATCH_S1_20260716T121618Z/runs/S1_DCF_SBVCHP-SBORC_CycloHexane_R1234zeE_seed042_20260716T121618Z,
S1_DCF_SBVCHP-SBORC_CycloHexane_R227EA_seed042_20260716T121618Z,S1,DC-F,SBVCHP_SBORC,CycloHexane,R227EA,42,FINISHED,0,20.258986949920654,${CBSIM_RUNS_ROOT}/S1_FORMAL/BATCH_S1_20260716T121618Z/runs/S1_DCF_SBVCHP-SBORC_CycloHexane_R227EA_seed042_20260716T121618Z,
S1_DCF_SBVCHP-SBORC_CycloHexane_R134a_seed042_20260716T121618Z,S1,DC-F,SBVCHP_SBORC,CycloHexane,R134a,42,FINISHED,0,14.838469743728638,${CBSIM_RUNS_ROOT}/S1_FORMAL/BATCH_S1_20260716T121618Z/runs/S1_DCF_SBVCHP-SBORC_CycloHexane_R134a_seed042_20260716T121618Z,
S1_DCF_SRVCHP-SRORC_CycloHexane_R1234zeE_seed042_20260716T121618Z,S1,DC-F,SRVCHP_SRORC,CycloHexane,R1234ze(E),42,FINISHED,0,27.90485453605652,${CBSIM_RUNS_ROOT}/S1_FORMAL/BATCH_S1_20260716T121618Z/runs/S1_DCF_SRVCHP-SRORC_CycloHexane_R1234zeE_seed042_20260716T121618Z,
S1_DCF_SRVCHP-SRORC_Cyclopentane_R236ea_seed042_20260716T121618Z,S1,DC-F,SRVCHP_SRORC,Cyclopentane,R236ea,42,FINISHED,0,48.009905099868774,${CBSIM_RUNS_ROOT}/S1_FORMAL/BATCH_S1_20260716T121618Z/runs/S1_DCF_SRVCHP-SRORC_Cyclopentane_R236ea_seed042_20260716T121618Z,
S1_DCF_SRVCHP-SRORC_Cyclopentane_R236fa_seed042_20260716T121618Z,S1,DC-F,SRVCHP_SRORC,Cyclopentane,R236fa,42,FINISHED,0,46.381622552871704,${CBSIM_RUNS_ROOT}/S1_FORMAL/BATCH_S1_20260716T121618Z/runs/S1_DCF_SRVCHP-SRORC_Cyclopentane_R236fa_seed042_20260716T121618Z,
S1_DCF_SRVCHP-SRORC_Cyclopentane_R365MFC_seed042_20260716T121618Z,S1,DC-F,SRVCHP_SRORC,Cyclopentane,R365MFC,42,FINISHED,0,38.3787100315094,${CBSIM_RUNS_ROOT}/S1_FORMAL/BATCH_S1_20260716T121618Z/runs/S1_DCF_SRVCHP-SRORC_Cyclopentane_R365MFC_seed042_20260716T121618Z,
S1_DCF_SBVCHP-SBORC_CycloHexane_R152A_seed042_20260716T121618Z,S1,DC-F,SBVCHP_SBORC,CycloHexane,R152A,42,FINISHED,0,11.081770181655884,${CBSIM_RUNS_ROOT}/S1_FORMAL/BATCH_S1_20260716T121618Z/runs/S1_DCF_SBVCHP-SBORC_CycloHexane_R152A_seed042_20260716T121618Z,
S1_DCF_SRVCHP-SRORC_CycloHexane_R227EA_seed042_20260716T121618Z,S1,DC-F,SRVCHP_SRORC,CycloHexane,R227EA,42,FINISHED,0,30.953804969787598,${CBSIM_RUNS_ROOT}/S1_FORMAL/BATCH_S1_20260716T121618Z/runs/S1_DCF_SRVCHP-SRORC_CycloHexane_R227EA_seed042_20260716T121618Z,
S1_DCF_SRVCHP-SRORC_CycloHexane_R134a_seed042_20260716T121618Z,S1,DC-F,SRVCHP_SRORC,CycloHexane,R134a,42,FINISHED,0,28.340008974075317,${CBSIM_RUNS_ROOT}/S1_FORMAL/BATCH_S1_20260716T121618Z/runs/S1_DCF_SRVCHP-SRORC_CycloHexane_R134a_seed042_20260716T121618Z,
S1_DCF_SBVCHP-SBORC_CycloHexane_R600a_seed042_20260716T121618Z,S1,DC-F,SBVCHP_SBORC,CycloHexane,R600a,42,FINISHED,0,12.041396379470825,${CBSIM_RUNS_ROOT}/S1_FORMAL/BATCH_S1_20260716T121618Z/runs/S1_DCF_SBVCHP-SBORC_CycloHexane_R600a_seed042_20260716T121618Z,
S1_DCF_SRVCHP-SRORC_CycloHexane_R152A_seed042_20260716T121618Z,S1,DC-F,SRVCHP_SRORC,CycloHexane,R152A,42,FINISHED,0,24.935626745224,${CBSIM_RUNS_ROOT}/S1_FORMAL/BATCH_S1_20260716T121618Z/runs/S1_DCF_SRVCHP-SRORC_CycloHexane_R152A_seed042_20260716T121618Z,
S1_DCF_SBVCHP-SBORC_CycloHexane_R1234yf_seed042_20260716T121618Z,S1,DC-F,SBVCHP_SBORC,CycloHexane,R1234yf,42,FINISHED,0,18.92246389389038,${CBSIM_RUNS_ROOT}/S1_FORMAL/BATCH_S1_20260716T121618Z/runs/S1_DCF_SBVCHP-SBORC_CycloHexane_R1234yf_seed042_20260716T121618Z,
S1_DCF_SBVCHP-SBORC_CycloHexane_R290_seed042_20260716T121618Z,S1,DC-F,SBVCHP_SBORC,CycloHexane,R290,42,FINISHED,0,17.295942306518555,${CBSIM_RUNS_ROOT}/S1_FORMAL/BATCH_S1_20260716T121618Z/runs/S1_DCF_SBVCHP-SBORC_CycloHexane_R290_seed042_20260716T121618Z,
S1_DCF_SRVCHP-SRORC_CycloHexane_R1234yf_seed042_20260716T121618Z,S1,DC-F,SRVCHP_SRORC,CycloHexane,R1234yf,42,FINISHED,0,22.734408855438232,${CBSIM_RUNS_ROOT}/S1_FORMAL/BATCH_S1_20260716T121618Z/runs/S1_DCF_SRVCHP-SRORC_CycloHexane_R1234yf_seed042_20260716T121618Z,
S1_DCF_SRVCHP-SRORC_CycloHexane_R290_seed042_20260716T121618Z,S1,DC-F,SRVCHP_SRORC,CycloHexane,R290,42,FINISHED,0,22.522417068481445,${CBSIM_RUNS_ROOT}/S1_FORMAL/BATCH_S1_20260716T121618Z/runs/S1_DCF_SRVCHP-SRORC_CycloHexane_R290_seed042_20260716T121618Z,
S1_DCF_SBVCHP-SBORC_CycloHexane_R600_seed042_20260716T121618Z,S1,DC-F,SBVCHP_SBORC,CycloHexane,R600,42,FINISHED,0,12.282851696014404,${CBSIM_RUNS_ROOT}/S1_FORMAL/BATCH_S1_20260716T121618Z/runs/S1_DCF_SBVCHP-SBORC_CycloHexane_R600_seed042_20260716T121618Z,
S1_DCF_SBVCHP-SBORC_CycloHexane_R245fa_seed042_20260716T121618Z,S1,DC-F,SBVCHP_SBORC,CycloHexane,R245fa,42,FINISHED,0,12.269205331802368,${CBSIM_RUNS_ROOT}/S1_FORMAL/BATCH_S1_20260716T121618Z/runs/S1_DCF_SBVCHP-SBORC_CycloHexane_R245fa_seed042_20260716T121618Z,
S1_DCF_SBVCHP-SBORC_CycloHexane_R236ea_seed042_20260716T121618Z,S1,DC-F,SBVCHP_SBORC,CycloHexane,R236ea,42,FINISHED,0,17.264415740966797,${CBSIM_RUNS_ROOT}/S1_FORMAL/BATCH_S1_20260716T121618Z/runs/S1_DCF_SBVCHP-SBORC_CycloHexane_R236ea_seed042_20260716T121618Z,
S1_DCF_SRVCHP-SRORC_CycloHexane_R600a_seed042_20260716T121618Z,S1,DC-F,SRVCHP_SRORC,CycloHexane,R600a,42,FINISHED,0,30.14668846130371,${CBSIM_RUNS_ROOT}/S1_FORMAL/BATCH_S1_20260716T121618Z/runs/S1_DCF_SRVCHP-SRORC_CycloHexane_R600a_seed042_20260716T121618Z,
S1_DCF_SBVCHP-SBORC_CycloHexane_R236fa_seed042_20260716T121618Z,S1,DC-F,SBVCHP_SBORC,CycloHexane,R236fa,42,FINISHED,0,17.462558031082153,${CBSIM_RUNS_ROOT}/S1_FORMAL/BATCH_S1_20260716T121618Z/runs/S1_DCF_SBVCHP-SBORC_CycloHexane_R236fa_seed042_20260716T121618Z,
S1_DCF_SRVCHP-SRORC_CycloHexane_R600_seed042_20260716T121618Z,S1,DC-F,SRVCHP_SRORC,CycloHexane,R600,42,FINISHED,0,27.337732553482056,${CBSIM_RUNS_ROOT}/S1_FORMAL/BATCH_S1_20260716T121618Z/runs/S1_DCF_SRVCHP-SRORC_CycloHexane_R600_seed042_20260716T121618Z,
S1_DCF_SRVCHP-SRORC_CycloHexane_R245fa_seed042_20260716T121618Z,S1,DC-F,SRVCHP_SRORC,CycloHexane,R245fa,42,FINISHED,0,25.330521821975708,${CBSIM_RUNS_ROOT}/S1_FORMAL/BATCH_S1_20260716T121618Z/runs/S1_DCF_SRVCHP-SRORC_CycloHexane_R245fa_seed042_20260716T121618Z,
S1_DCF_SBVCHP-SBORC_CycloHexane_R365MFC_seed042_20260716T121618Z,S1,DC-F,SBVCHP_SBORC,CycloHexane,R365MFC,42,FINISHED,0,15.873454332351685,${CBSIM_RUNS_ROOT}/S1_FORMAL/BATCH_S1_20260716T121618Z/runs/S1_DCF_SBVCHP-SBORC_CycloHexane_R365MFC_seed042_20260716T121618Z,
S1_DCF_SBVCHP-SBORC_Acetone_R1234zeE_seed042_20260716T121618Z,S1,DC-F,SBVCHP_SBORC,Acetone,R1234ze(E),42,FINISHED,0,15.07161283493042,${CBSIM_RUNS_ROOT}/S1_FORMAL/BATCH_S1_20260716T121618Z/runs/S1_DCF_SBVCHP-SBORC_Acetone_R1234zeE_seed042_20260716T121618Z,
S1_DCF_SBVCHP-SBORC_Acetone_R134a_seed042_20260716T121618Z,S1,DC-F,SBVCHP_SBORC,Acetone,R134a,42,FINISHED,0,17.03721833229065,${CBSIM_RUNS_ROOT}/S1_FORMAL/BATCH_S1_20260716T121618Z/runs/S1_DCF_SBVCHP-SBORC_Acetone_R134a_seed042_20260716T121618Z,
S1_DCF_SBVCHP-SBORC_Acetone_R227EA_seed042_20260716T121618Z,S1,DC-F,SBVCHP_SBORC,Acetone,R227EA,42,FINISHED,0,26.08350419998169,${CBSIM_RUNS_ROOT}/S1_FORMAL/BATCH_S1_20260716T121618Z/runs/S1_DCF_SBVCHP-SBORC_Acetone_R227EA_seed042_20260716T121618Z,
S1_DCF_SRVCHP-SRORC_Acetone_R1234zeE_seed042_20260716T121618Z,S1,DC-F,SRVCHP_SRORC,Acetone,R1234ze(E),42,FINISHED,0,26.908835411071777,${CBSIM_RUNS_ROOT}/S1_FORMAL/BATCH_S1_20260716T121618Z/runs/S1_DCF_SRVCHP-SRORC_Acetone_R1234zeE_seed042_20260716T121618Z,
S1_DCF_SRVCHP-SRORC_CycloHexane_R236fa_seed042_20260716T121618Z,S1,DC-F,SRVCHP_SRORC,CycloHexane,R236fa,42,FINISHED,0,48.184436559677124,${CBSIM_RUNS_ROOT}/S1_FORMAL/BATCH_S1_20260716T121618Z/runs/S1_DCF_SRVCHP-SRORC_CycloHexane_R236fa_seed042_20260716T121618Z,
S1_DCF_SRVCHP-SRORC_Acetone_R227EA_seed042_20260716T121618Z,S1,DC-F,SRVCHP_SRORC,Acetone,R227EA,42,FINISHED,0,29.310885667800903,${CBSIM_RUNS_ROOT}/S1_FORMAL/BATCH_S1_20260716T121618Z/runs/S1_DCF_SRVCHP-SRORC_Acetone_R227EA_seed042_20260716T121618Z,
S1_DCF_SRVCHP-SRORC_CycloHexane_R236ea_seed042_20260716T121618Z,S1,DC-F,SRVCHP_SRORC,CycloHexane,R236ea,42,FINISHED,0,51.037909746170044,${CBSIM_RUNS_ROOT}/S1_FORMAL/BATCH_S1_20260716T121618Z/runs/S1_DCF_SRVCHP-SRORC_CycloHexane_R236ea_seed042_20260716T121618Z,
S1_DCF_SRVCHP-SRORC_CycloHexane_R365MFC_seed042_20260716T121618Z,S1,DC-F,SRVCHP_SRORC,CycloHexane,R365MFC,42,FINISHED,0,39.79965782165527,${CBSIM_RUNS_ROOT}/S1_FORMAL/BATCH_S1_20260716T121618Z/runs/S1_DCF_SRVCHP-SRORC_CycloHexane_R365MFC_seed042_20260716T121618Z,
S1_DCF_SBVCHP-SBORC_Acetone_R152A_seed042_20260716T121618Z,S1,DC-F,SBVCHP_SBORC,Acetone,R152A,42,FINISHED,0,12.686211347579956,${CBSIM_RUNS_ROOT}/S1_FORMAL/BATCH_S1_20260716T121618Z/runs/S1_DCF_SBVCHP-SBORC_Acetone_R152A_seed042_20260716T121618Z,
S1_DCF_SRVCHP-SRORC_Acetone_R134a_seed042_20260716T121618Z,S1,DC-F,SRVCHP_SRORC,Acetone,R134a,42,FINISHED,0,25.334574699401855,${CBSIM_RUNS_ROOT}/S1_FORMAL/BATCH_S1_20260716T121618Z/runs/S1_DCF_SRVCHP-SRORC_Acetone_R134a_seed042_20260716T121618Z,
S1_DCF_SBVCHP-SBORC_Acetone_R600a_seed042_20260716T121618Z,S1,DC-F,SBVCHP_SBORC,Acetone,R600a,42,FINISHED,0,12.24894118309021,${CBSIM_RUNS_ROOT}/S1_FORMAL/BATCH_S1_20260716T121618Z/runs/S1_DCF_SBVCHP-SBORC_Acetone_R600a_seed042_20260716T121618Z,
S1_DCF_SBVCHP-SBORC_Acetone_R600_seed042_20260716T121618Z,S1,DC-F,SBVCHP_SBORC,Acetone,R600,42,FINISHED,0,12.428378820419312,${CBSIM_RUNS_ROOT}/S1_FORMAL/BATCH_S1_20260716T121618Z/runs/S1_DCF_SBVCHP-SBORC_Acetone_R600_seed042_20260716T121618Z,
S1_DCF_SBVCHP-SBORC_Acetone_R1234yf_seed042_20260716T121618Z,S1,DC-F,SBVCHP_SBORC,Acetone,R1234yf,42,FINISHED,0,21.93839383125305,${CBSIM_RUNS_ROOT}/S1_FORMAL/BATCH_S1_20260716T121618Z/runs/S1_DCF_SBVCHP-SBORC_Acetone_R1234yf_seed042_20260716T121618Z,
S1_DCF_SRVCHP-SRORC_Acetone_R152A_seed042_20260716T121618Z,S1,DC-F,SRVCHP_SRORC,Acetone,R152A,42,FINISHED,0,22.761961221694946,${CBSIM_RUNS_ROOT}/S1_FORMAL/BATCH_S1_20260716T121618Z/runs/S1_DCF_SRVCHP-SRORC_Acetone_R152A_seed042_20260716T121618Z,
S1_DCF_SBVCHP-SBORC_Acetone_R290_seed042_20260716T121618Z,S1,DC-F,SBVCHP_SBORC,Acetone,R290,42,FINISHED,0,20.53247594833374,${CBSIM_RUNS_ROOT}/S1_FORMAL/BATCH_S1_20260716T121618Z/runs/S1_DCF_SBVCHP-SBORC_Acetone_R290_seed042_20260716T121618Z,
S1_DCF_SRVCHP-SRORC_Acetone_R1234yf_seed042_20260716T121618Z,S1,DC-F,SRVCHP_SRORC,Acetone,R1234yf,42,FINISHED,0,21.362798929214478,${CBSIM_RUNS_ROOT}/S1_FORMAL/BATCH_S1_20260716T121618Z/runs/S1_DCF_SRVCHP-SRORC_Acetone_R1234yf_seed042_20260716T121618Z,
S1_DCF_SRVCHP-SRORC_Acetone_R290_seed042_20260716T121618Z,S1,DC-F,SRVCHP_SRORC,Acetone,R290,42,FINISHED,0,19.941175937652588,${CBSIM_RUNS_ROOT}/S1_FORMAL/BATCH_S1_20260716T121618Z/runs/S1_DCF_SRVCHP-SRORC_Acetone_R290_seed042_20260716T121618Z,
S1_DCF_SBVCHP-SBORC_Acetone_R245fa_seed042_20260716T121618Z,S1,DC-F,SBVCHP_SBORC,Acetone,R245fa,42,FINISHED,0,12.473670482635498,${CBSIM_RUNS_ROOT}/S1_FORMAL/BATCH_S1_20260716T121618Z/runs/S1_DCF_SBVCHP-SBORC_Acetone_R245fa_seed042_20260716T121618Z,
S1_DCF_SRVCHP-SRORC_Acetone_R600a_seed042_20260716T121618Z,S1,DC-F,SRVCHP_SRORC,Acetone,R600a,42,FINISHED,0,25.735865116119385,${CBSIM_RUNS_ROOT}/S1_FORMAL/BATCH_S1_20260716T121618Z/runs/S1_DCF_SRVCHP-SRORC_Acetone_R600a_seed042_20260716T121618Z,
S1_DCF_SBVCHP-SBORC_Acetone_R236ea_seed042_20260716T121618Z,S1,DC-F,SBVCHP_SBORC,Acetone,R236ea,42,FINISHED,0,14.875311374664307,${CBSIM_RUNS_ROOT}/S1_FORMAL/BATCH_S1_20260716T121618Z/runs/S1_DCF_SBVCHP-SBORC_Acetone_R236ea_seed042_20260716T121618Z,
S1_DCF_SBVCHP-SBORC_Acetone_R236fa_seed042_20260716T121618Z,S1,DC-F,SBVCHP_SBORC,Acetone,R236fa,42,FINISHED,0,15.449446678161621,${CBSIM_RUNS_ROOT}/S1_FORMAL/BATCH_S1_20260716T121618Z/runs/S1_DCF_SBVCHP-SBORC_Acetone_R236fa_seed042_20260716T121618Z,
S1_DCF_SRVCHP-SRORC_Acetone_R600_seed042_20260716T121618Z,S1,DC-F,SRVCHP_SRORC,Acetone,R600,42,FINISHED,0,23.316736936569214,${CBSIM_RUNS_ROOT}/S1_FORMAL/BATCH_S1_20260716T121618Z/runs/S1_DCF_SRVCHP-SRORC_Acetone_R600_seed042_20260716T121618Z,
S1_DCF_SRVCHP-SRORC_Acetone_R245fa_seed042_20260716T121618Z,S1,DC-F,SRVCHP_SRORC,Acetone,R245fa,42,FINISHED,0,21.89282464981079,${CBSIM_RUNS_ROOT}/S1_FORMAL/BATCH_S1_20260716T121618Z/runs/S1_DCF_SRVCHP-SRORC_Acetone_R245fa_seed042_20260716T121618Z,
S1_DCF_SBVCHP-SBORC_Acetone_R365MFC_seed042_20260716T121618Z,S1,DC-F,SBVCHP_SBORC,Acetone,R365MFC,42,FINISHED,0,13.627363920211792,${CBSIM_RUNS_ROOT}/S1_FORMAL/BATCH_S1_20260716T121618Z/runs/S1_DCF_SBVCHP-SBORC_Acetone_R365MFC_seed042_20260716T121618Z,
S1_DCF_SRVCHP-SRORC_Acetone_R236fa_seed042_20260716T121618Z,S1,DC-F,SRVCHP_SRORC,Acetone,R236fa,42,FINISHED,0,34.66050863265991,${CBSIM_RUNS_ROOT}/S1_FORMAL/BATCH_S1_20260716T121618Z/runs/S1_DCF_SRVCHP-SRORC_Acetone_R236fa_seed042_20260716T121618Z,
S1_DCF_SRVCHP-SRORC_Acetone_R365MFC_seed042_20260716T121618Z,S1,DC-F,SRVCHP_SRORC,Acetone,R365MFC,42,FINISHED,0,29.429999351501465,${CBSIM_RUNS_ROOT}/S1_FORMAL/BATCH_S1_20260716T121618Z/runs/S1_DCF_SRVCHP-SRORC_Acetone_R365MFC_seed042_20260716T121618Z,
S1_DCF_SRVCHP-SRORC_Acetone_R236ea_seed042_20260716T121618Z,S1,DC-F,SRVCHP_SRORC,Acetone,R236ea,42,FINISHED,0,37.88341450691223,${CBSIM_RUNS_ROOT}/S1_FORMAL/BATCH_S1_20260716T121618Z/runs/S1_DCF_SRVCHP-SRORC_Acetone_R236ea_seed042_20260716T121618Z,
